split	project_dir	case_id	sample_id	slide_key	sample_type_code	h5_path
test	TCGA-ACC	TCGA-OR-A5J7	TCGA-OR-A5J7-01	TCGA-OR-A5J7-01Z-00-DX1		/research/projects/mllab/WSI/extracted_features/TCGA-ACC/TCGA-OR-A5J7-01Z-00-DX1.D8D52E9A-12F2-4FF7-9203-314E7AA7608F.h5
test	TCGA-ACC	TCGA-OR-A5JJ	TCGA-OR-A5JJ-01	TCGA-OR-A5JJ-01Z-00-DX1		/research/projects/mllab/WSI/extracted_features/TCGA-ACC/TCGA-OR-A5JJ-01Z-00-DX1.459B5DFE-47B1-426F-B009-7664C1B6FEEC.h5
test	TCGA-ACC	TCGA-OR-A5JZ	TCGA-OR-A5JZ-01	TCGA-OR-A5JZ-01Z-00-DX1		/research/projects/mllab/WSI/extracted_features/TCGA-ACC/TCGA-OR-A5JZ-01Z-00-DX1.267E5BBD-8D5E-4934-9912-318A5B045914.h5
test	TCGA-ACC	TCGA-OR-A5K5	TCGA-OR-A5K5-01	TCGA-OR-A5K5-01Z-00-DX1		/research/projects/mllab/WSI/extracted_features/TCGA-ACC/TCGA-OR-A5K5-01Z-00-DX1.E9940778-3ACB-4020-A97E-0C820A86727D.h5
test	TCGA-BLCA	TCGA-FD-A5BT	TCGA-FD-A5BT-01	TCGA-FD-A5BT-01Z-00-DX1		/research/projects/mllab/WSI/extracted_features/TCGA-BLCA/TCGA-FD-A5BT-01Z-00-DX1.2A4716E6-A5C0-4C69-82FD-E771ABB3B28D.h5
test	TCGA-BLCA	TCGA-K4-A54R	TCGA-K4-A54R-01	TCGA-K4-A54R-01Z-00-DX1		/research/projects/mllab/WSI/extracted_features/TCGA-BLCA/TCGA-K4-A54R-01Z-00-DX1.66AAF596-8C68-4857-9944-226F39E82CA8.h5
test	TCGA-BLCA	TCGA-XF-A9SY	TCGA-XF-A9SY-01	TCGA-XF-A9SY-01Z-00-DX1		/research/projects/mllab/WSI/extracted_features/TCGA-BLCA/TCGA-XF-A9SY-01Z-00-DX1.758C5D9F-274B-4D4A-92D3-78728CB35139.h5
test	TCGA-BLCA	TCGA-XF-AAME	TCGA-XF-AAME-01	TCGA-XF-AAME-01Z-00-DX1		/research/projects/mllab/WSI/extracted_features/TCGA-BLCA/TCGA-XF-AAME-01Z-00-DX1.90E1555F-CBAF-434C-9C7E-5BAC38069AC7.h5
test	TCGA-BRCA_IDC	TCGA-A2-A1G6	TCGA-A2-A1G6-01	TCGA-A2-A1G6-01Z-00-DX1		/research/projects/mllab/WSI/extracted_features/TCGA-BRCA_IDC/TCGA-A2-A1G6-01Z-00-DX1.BCC3EC46-CEBF-4B37-BCF0-266D18170B54.h5
test	TCGA-BRCA_IDC	TCGA-A8-A08H	TCGA-A8-A08H-01	TCGA-A8-A08H-01Z-00-DX1		/research/projects/mllab/WSI/extracted_features/TCGA-BRCA_IDC/TCGA-A8-A08H-01Z-00-DX1.6AA6A530-3BD3-4582-9D6B-8AE3B4A73948.h5
test	TCGA-BRCA_IDC	TCGA-AO-A03R	TCGA-AO-A03R-01	TCGA-AO-A03R-01Z-00-DX1		/research/projects/mllab/WSI/extracted_features/TCGA-BRCA_IDC/TCGA-AO-A03R-01Z-00-DX1.DC317201-7F22-4C4A-86A5-ED82C37757C8.h5
test	TCGA-BRCA_IDC	TCGA-D8-A1XW	TCGA-D8-A1XW-01	TCGA-D8-A1XW-01Z-00-DX1		/research/projects/mllab/WSI/extracted_features/TCGA-BRCA_IDC/TCGA-D8-A1XW-01Z-00-DX1.10187A1F-086B-4CD9-AC01-ADA2E435CD34.h5
test	TCGA-BRCA_OTHERS	TCGA-A2-A0CR	TCGA-A2-A0CR-01	TCGA-A2-A0CR-01Z-00-DX1		/research/projects/mllab/WSI/extracted_features/TCGA-BRCA_OTHERS/TCGA-A2-A0CR-01Z-00-DX1.F7D36CA5-A4C6-443A-AEED-5B23CD924FA3.h5
test	TCGA-BRCA_OTHERS	TCGA-AC-A2FK	TCGA-AC-A2FK-01	TCGA-AC-A2FK-01Z-00-DX1		/research/projects/mllab/WSI/extracted_features/TCGA-BRCA_OTHERS/TCGA-AC-A2FK-01Z-00-DX1.033F3C27-9860-4EF3-9330-37DE5EC45724.h5
test	TCGA-BRCA_OTHERS	TCGA-AO-A03U	TCGA-AO-A03U-01	TCGA-AO-A03U-01Z-00-DX1		/research/projects/mllab/WSI/extracted_features/TCGA-BRCA_OTHERS/TCGA-AO-A03U-01Z-00-DX1.AE2B55F3-8BA1-4546-82B7-4D2292BE1C78.h5
test	TCGA-BRCA_OTHERS	TCGA-LL-A5YM	TCGA-LL-A5YM-01	TCGA-LL-A5YM-01Z-00-DX1		/research/projects/mllab/WSI/extracted_features/TCGA-BRCA_OTHERS/TCGA-LL-A5YM-01Z-00-DX1.2B8904A9-6A45-4FFD-AF15-EB81773E5B79.h5
test	TCGA-CESC	TCGA-Q1-A6DT	TCGA-Q1-A6DT-01	TCGA-Q1-A6DT-01Z-00-DX1		/research/projects/mllab/WSI/extracted_features/TCGA-CESC/TCGA-Q1-A6DT-01Z-00-DX1.4790D582-87FA-4684-AA0B-81C294FBF522.h5
test	TCGA-CESC	TCGA-Q1-A73R	TCGA-Q1-A73R-01	TCGA-Q1-A73R-01Z-00-DX1		/research/projects/mllab/WSI/extracted_features/TCGA-CESC/TCGA-Q1-A73R-01Z-00-DX1.1BF1893C-AC21-4FB2-A568-F71B75350374.h5
test	TCGA-CESC	TCGA-VS-A9UV	TCGA-VS-A9UV-01	TCGA-VS-A9UV-01Z-00-DX1		/research/projects/mllab/WSI/extracted_features/TCGA-CESC/TCGA-VS-A9UV-01Z-00-DX1.D54DF95F-F73D-45F4-A291-6F001004119F.h5
test	TCGA-CESC	TCGA-ZJ-A8QQ	TCGA-ZJ-A8QQ-01	TCGA-ZJ-A8QQ-01Z-00-DX1		/research/projects/mllab/WSI/extracted_features/TCGA-CESC/TCGA-ZJ-A8QQ-01Z-00-DX1.E0D248C2-EDE1-4CDD-AF31-79A596B7CFC0.h5
test	TCGA-CHOL	TCGA-3X-AAVE	TCGA-3X-AAVE-01	TCGA-3X-AAVE-01Z-00-DX1		/research/projects/mllab/WSI/extracted_features/TCGA-CHOL/TCGA-3X-AAVE-01Z-00-DX1.26FC1984-B066-4BE4-9A5A-DFEC74D4C582.h5
test	TCGA-CHOL	TCGA-W5-AA2I	TCGA-W5-AA2I-01	TCGA-W5-AA2I-01Z-00-DX1		/research/projects/mllab/WSI/extracted_features/TCGA-CHOL/TCGA-W5-AA2I-01Z-00-DX1.7A0ED531-4BC7-4CF8-AD01-C57D9070B2EB.h5
test	TCGA-CHOL	TCGA-W5-AA34	TCGA-W5-AA34-01	TCGA-W5-AA34-01Z-00-DX1		/research/projects/mllab/WSI/extracted_features/TCGA-CHOL/TCGA-W5-AA34-01Z-00-DX1.FC4DD81F-FF94-4110-9A2C-9C885E8CACAE.h5
test	TCGA-CHOL	TCGA-ZH-A8Y1	TCGA-ZH-A8Y1-01	TCGA-ZH-A8Y1-01Z-00-DX1		/research/projects/mllab/WSI/extracted_features/TCGA-CHOL/TCGA-ZH-A8Y1-01Z-00-DX1.2FE51BA7-9B4D-48B3-AB81-9C744DBA13A4.h5
test	TCGA-COAD	TCGA-A6-5666	TCGA-A6-5666-01	TCGA-A6-5666-01Z-00-DX1		/research/projects/mllab/WSI/extracted_features/TCGA-COAD/TCGA-A6-5666-01Z-00-DX1.6f2cf971-edcb-415d-9709-feb7422cddc4.h5
test	TCGA-COAD	TCGA-AA-A01R	TCGA-AA-A01R-01	TCGA-AA-A01R-01Z-00-DX1		/research/projects/mllab/WSI/extracted_features/TCGA-COAD/TCGA-AA-A01R-01Z-00-DX1.5D2BEC13-8F61-49D4-A96E-4C6C44BD5A38.h5
test	TCGA-COAD	TCGA-AZ-4615	TCGA-AZ-4615-01	TCGA-AZ-4615-01Z-00-DX1		/research/projects/mllab/WSI/extracted_features/TCGA-COAD/TCGA-AZ-4615-01Z-00-DX1.ecabbbb1-c1ed-4f60-b44f-b07eaa177208.h5
test	TCGA-COAD	TCGA-G4-6302	TCGA-G4-6302-01	TCGA-G4-6302-01Z-00-DX1		/research/projects/mllab/WSI/extracted_features/TCGA-COAD/TCGA-G4-6302-01Z-00-DX1.78bd777d-4b82-44de-9ef1-c4c641364015.h5
test	TCGA-DLBC	TCGA-FA-8693	TCGA-FA-8693-01	TCGA-FA-8693-01Z-00-DX1		/research/projects/mllab/WSI/extracted_features/TCGA-DLBC/TCGA-FA-8693-01Z-00-DX1.7bef9346-e85d-44c2-aa85-1f5faca9f97e.h5
test	TCGA-DLBC	TCGA-FA-A7Q1	TCGA-FA-A7Q1-01	TCGA-FA-A7Q1-01Z-00-DX1		/research/projects/mllab/WSI/extracted_features/TCGA-DLBC/TCGA-FA-A7Q1-01Z-00-DX1.99220CAA-6160-48FA-AA65-94705EA46773.h5
test	TCGA-DLBC	TCGA-G8-6906	TCGA-G8-6906-01	TCGA-G8-6906-01Z-00-DX1		/research/projects/mllab/WSI/extracted_features/TCGA-DLBC/TCGA-G8-6906-01Z-00-DX1.61bfad6c-4e24-414f-9bcf-18ce30d6a75e.h5
test	TCGA-DLBC	TCGA-GR-A4D4	TCGA-GR-A4D4-01	TCGA-GR-A4D4-01Z-00-DX1		/research/projects/mllab/WSI/extracted_features/TCGA-DLBC/TCGA-GR-A4D4-01Z-00-DX1.CE57E44B-E1BB-4269-9B81-5BFA55248883.h5
test	TCGA-ESCA	TCGA-L5-A43H	TCGA-L5-A43H-01	TCGA-L5-A43H-01Z-00-DX1		/research/projects/mllab/WSI/extracted_features/TCGA-ESCA/TCGA-L5-A43H-01Z-00-DX1.05652837-4FDF-4A30-80FF-C942FB9C62D9.h5
test	TCGA-ESCA	TCGA-L5-A43M	TCGA-L5-A43M-01	TCGA-L5-A43M-01Z-00-DX1		/research/projects/mllab/WSI/extracted_features/TCGA-ESCA/TCGA-L5-A43M-01Z-00-DX1.05B47483-0D66-45A3-9EEC-244D454C0B94.h5
test	TCGA-ESCA	TCGA-XP-A8T8	TCGA-XP-A8T8-01	TCGA-XP-A8T8-01Z-00-DX1		/research/projects/mllab/WSI/extracted_features/TCGA-ESCA/TCGA-XP-A8T8-01Z-00-DX1.90E0B853-A751-4D13-B1D0-676754177C28.h5
test	TCGA-ESCA	TCGA-ZR-A9CJ	TCGA-ZR-A9CJ-01	TCGA-ZR-A9CJ-01Z-00-DX1		/research/projects/mllab/WSI/extracted_features/TCGA-ESCA/TCGA-ZR-A9CJ-01Z-00-DX1.4A1AE826-FB78-4DD3-8814-570CE0E186AE.h5
test	TCGA-GBM	TCGA-06-5858	TCGA-06-5858-01	TCGA-06-5858-01Z-00-DX1		/research/projects/mllab/WSI/extracted_features/TCGA-GBM/TCGA-06-5858-01Z-00-DX1.d964971f-f75f-478a-bc85-10a510bd2835.h5
test	TCGA-GBM	TCGA-12-0619	TCGA-12-0619-01	TCGA-12-0619-01Z-00-DX1		/research/projects/mllab/WSI/extracted_features/TCGA-GBM/TCGA-12-0619-01Z-00-DX1.5dbe8a66-9996-4f86-881e-025614e0bd9f.h5
test	TCGA-GBM	TCGA-14-0871	TCGA-14-0871-01	TCGA-14-0871-01Z-00-DX1		/research/projects/mllab/WSI/extracted_features/TCGA-GBM/TCGA-14-0871-01Z-00-DX1.2832fa80-2d82-4304-9a04-cac90ce6487c.h5
test	TCGA-GBM	TCGA-26-5134	TCGA-26-5134-01	TCGA-26-5134-01Z-00-DX1		/research/projects/mllab/WSI/extracted_features/TCGA-GBM/TCGA-26-5134-01Z-00-DX1.0498BB2B-7FA9-4DA8-8308-0AE4CBE3F8CB.h5
test	TCGA-HNSC	TCGA-BB-4228	TCGA-BB-4228-01	TCGA-BB-4228-01Z-00-DX1		/research/projects/mllab/WSI/extracted_features/TCGA-HNSC/TCGA-BB-4228-01Z-00-DX1.170b1b9a-05ac-4115-965e-56c2af944f1f.h5
test	TCGA-HNSC	TCGA-D6-6515	TCGA-D6-6515-01	TCGA-D6-6515-01Z-00-DX1		/research/projects/mllab/WSI/extracted_features/TCGA-HNSC/TCGA-D6-6515-01Z-00-DX1.5827e8bc-823d-4a7b-98c5-ddf7a8aa7f1a.h5
test	TCGA-HNSC	TCGA-HD-8635	TCGA-HD-8635-01	TCGA-HD-8635-01Z-00-DX1		/research/projects/mllab/WSI/extracted_features/TCGA-HNSC/TCGA-HD-8635-01Z-00-DX1.3A830969-5E7F-422C-8753-E4AEFEAED6B8.h5
test	TCGA-HNSC	TCGA-QK-A6IH	TCGA-QK-A6IH-01	TCGA-QK-A6IH-01Z-00-DX1		/research/projects/mllab/WSI/extracted_features/TCGA-HNSC/TCGA-QK-A6IH-01Z-00-DX1.64FBAC70-4F12-4CB4-AA19-DC00AAC18F44.h5
test	TCGA-KICH	TCGA-KL-8324	TCGA-KL-8324-01	TCGA-KL-8324-01Z-00-DX1		/research/projects/mllab/WSI/extracted_features/TCGA-KICH/TCGA-KL-8324-01Z-00-DX1.d99a7299-8f9b-4881-8324-50ed2d63358c.h5
test	TCGA-KICH	TCGA-KL-8325	TCGA-KL-8325-01	TCGA-KL-8325-01Z-00-DX1		/research/projects/mllab/WSI/extracted_features/TCGA-KICH/TCGA-KL-8325-01Z-00-DX1.330bdb6c-86ee-4577-9846-298080b4c2ad.h5
test	TCGA-KICH	TCGA-KM-8440	TCGA-KM-8440-01	TCGA-KM-8440-01Z-00-DX1		/research/projects/mllab/WSI/extracted_features/TCGA-KICH/TCGA-KM-8440-01Z-00-DX1.528E053C-E8A4-464F-BE47-412836B1C31B.h5
test	TCGA-KICH	TCGA-KN-8428	TCGA-KN-8428-01	TCGA-KN-8428-01Z-00-DX1		/research/projects/mllab/WSI/extracted_features/TCGA-KICH/TCGA-KN-8428-01Z-00-DX1.CA71B178-286E-4EDF-9B37-1D2CEE07F9F4.h5
test	TCGA-KIRC	TCGA-B0-5088	TCGA-B0-5088-01	TCGA-B0-5088-01Z-00-DX1		/research/projects/mllab/WSI/extracted_features/TCGA-KIRC/TCGA-B0-5088-01Z-00-DX1.69bb79f8-33cc-4c9c-be63-323e5470fdde.h5
test	TCGA-KIRC	TCGA-B0-5109	TCGA-B0-5109-01	TCGA-B0-5109-01Z-00-DX1		/research/projects/mllab/WSI/extracted_features/TCGA-KIRC/TCGA-B0-5109-01Z-00-DX1.7d4f557d-d4f5-4c89-886c-49ff27fd063a.h5
test	TCGA-KIRC	TCGA-BP-4974	TCGA-BP-4974-01	TCGA-BP-4974-01Z-00-DX1		/research/projects/mllab/WSI/extracted_features/TCGA-KIRC/TCGA-BP-4974-01Z-00-DX1.97991078-9139-4bca-a5c7-0c6c66459df9.h5
test	TCGA-KIRC	TCGA-CZ-5461	TCGA-CZ-5461-01	TCGA-CZ-5461-01Z-00-DX1		/research/projects/mllab/WSI/extracted_features/TCGA-KIRC/TCGA-CZ-5461-01Z-00-DX1.0a5231b0-7d37-470f-8497-5f1fb5e42d86.h5
test	TCGA-KIRP	TCGA-BQ-5891	TCGA-BQ-5891-01	TCGA-BQ-5891-01Z-00-DX1		/research/projects/mllab/WSI/extracted_features/TCGA-KIRP/TCGA-BQ-5891-01Z-00-DX1.8e19c5b6-693e-4f65-b1ce-ab1e9ca960ec.h5
test	TCGA-KIRP	TCGA-G7-A8LD	TCGA-G7-A8LD-01	TCGA-G7-A8LD-01Z-00-DX1		/research/projects/mllab/WSI/extracted_features/TCGA-KIRP/TCGA-G7-A8LD-01Z-00-DX1.1CC1D9FD-11D7-4E38-8AB7-34BF23C95D65.h5
test	TCGA-KIRP	TCGA-J7-8537	TCGA-J7-8537-01	TCGA-J7-8537-01Z-00-DX1		/research/projects/mllab/WSI/extracted_features/TCGA-KIRP/TCGA-J7-8537-01Z-00-DX1.B12AEE27-040A-477F-86D2-58F0CEA38456.h5
test	TCGA-KIRP	TCGA-P4-AAVL	TCGA-P4-AAVL-01	TCGA-P4-AAVL-01Z-00-DX1		/research/projects/mllab/WSI/extracted_features/TCGA-KIRP/TCGA-P4-AAVL-01Z-00-DX1.6A86A318-057A-468D-826E-3B5C8B224266.h5
test	TCGA-LGG	TCGA-FG-A711	TCGA-FG-A711-01	TCGA-FG-A711-01Z-00-DX1		/research/projects/mllab/WSI/extracted_features/TCGA-LGG/TCGA-FG-A711-01Z-00-DX1.69203ECF-0672-428B-81EA-97B94D90E14F.h5
test	TCGA-LGG	TCGA-HT-7467	TCGA-HT-7467-01	TCGA-HT-7467-01Z-00-DX1		/research/projects/mllab/WSI/extracted_features/TCGA-LGG/TCGA-HT-7467-01Z-00-DX1.F65868BC-8DD4-4ECF-873B-03C8868345B1.h5
test	TCGA-LGG	TCGA-HT-7882	TCGA-HT-7882-01	TCGA-HT-7882-01Z-00-DX1		/research/projects/mllab/WSI/extracted_features/TCGA-LGG/TCGA-HT-7882-01Z-00-DX1.B5224DF8-94F3-47F3-99F0-9D05DEB3B4BC.h5
test	TCGA-LGG	TCGA-VM-A8C8	TCGA-VM-A8C8-01	TCGA-VM-A8C8-01Z-00-DX1		/research/projects/mllab/WSI/extracted_features/TCGA-LGG/TCGA-VM-A8C8-01Z-00-DX1.119D6F8E-6A1D-4FCA-9C2F-75DB418B880B.h5
test	TCGA-LIHC	TCGA-DD-A1EK	TCGA-DD-A1EK-01	TCGA-DD-A1EK-01Z-00-DX1		/research/projects/mllab/WSI/extracted_features/TCGA-LIHC/TCGA-DD-A1EK-01Z-00-DX1.676881B7-C16A-4097-9859-97B0340A64D1.h5
test	TCGA-LIHC	TCGA-DD-A3A5	TCGA-DD-A3A5-01	TCGA-DD-A3A5-01Z-00-DX1		/research/projects/mllab/WSI/extracted_features/TCGA-LIHC/TCGA-DD-A3A5-01Z-00-DX1.F0D4C0AA-30C3-4954-9367-A63D9E68D2C9.h5
test	TCGA-LIHC	TCGA-DD-AADB	TCGA-DD-AADB-01	TCGA-DD-AADB-01Z-00-DX1		/research/projects/mllab/WSI/extracted_features/TCGA-LIHC/TCGA-DD-AADB-01Z-00-DX1.F708320D-E595-4196-B133-E097E9C8FC80.h5
test	TCGA-LIHC	TCGA-ZS-A9CE	TCGA-ZS-A9CE-01	TCGA-ZS-A9CE-01Z-00-DX1		/research/projects/mllab/WSI/extracted_features/TCGA-LIHC/TCGA-ZS-A9CE-01Z-00-DX1.EA6A0A1F-ACFD-4A6C-A7C4-7CB19EA4BAFB.h5
test	TCGA-LUAD	TCGA-05-4382	TCGA-05-4382-01	TCGA-05-4382-01Z-00-DX1		/research/projects/mllab/WSI/extracted_features/TCGA-LUAD/TCGA-05-4382-01Z-00-DX1.76b49a4c-dbbb-48b0-b677-6d3037e5ce88.h5
test	TCGA-LUAD	TCGA-55-8096	TCGA-55-8096-01	TCGA-55-8096-01Z-00-DX1		/research/projects/mllab/WSI/extracted_features/TCGA-LUAD/TCGA-55-8096-01Z-00-DX1.c833417d-10c1-4430-a241-d6f5496e1cd9.h5
test	TCGA-LUAD	TCGA-69-7761	TCGA-69-7761-01	TCGA-69-7761-01Z-00-DX1		/research/projects/mllab/WSI/extracted_features/TCGA-LUAD/TCGA-69-7761-01Z-00-DX1.aa7ef5ef-8162-4961-a923-3a29646efba3.h5
test	TCGA-LUAD	TCGA-L4-A4E5	TCGA-L4-A4E5-01	TCGA-L4-A4E5-01Z-00-DX1		/research/projects/mllab/WSI/extracted_features/TCGA-LUAD/TCGA-L4-A4E5-01Z-00-DX1.C2A5EF71-1F40-4E34-AC30-58D7121C1338.h5
test	TCGA-LUSC	TCGA-34-8455	TCGA-34-8455-01	TCGA-34-8455-01Z-00-DX1		/research/projects/mllab/WSI/extracted_features/TCGA-LUSC/TCGA-34-8455-01Z-00-DX1.9B7A1CBA-0B53-4F2A-9AEC-D72FDB6553F7.h5
test	TCGA-LUSC	TCGA-46-3766	TCGA-46-3766-01	TCGA-46-3766-01Z-00-DX1		/research/projects/mllab/WSI/extracted_features/TCGA-LUSC/TCGA-46-3766-01Z-00-DX1.5870b2ed-78f0-4f68-b01e-2ef6d5353b57.h5
test	TCGA-LUSC	TCGA-NC-A5HJ	TCGA-NC-A5HJ-01	TCGA-NC-A5HJ-01Z-00-DX1		/research/projects/mllab/WSI/extracted_features/TCGA-LUSC/TCGA-NC-A5HJ-01Z-00-DX1.0BC0D0C7-F3D3-463E-BA94-C4289D97F1D9.h5
test	TCGA-LUSC	TCGA-O2-A52S	TCGA-O2-A52S-01	TCGA-O2-A52S-01Z-00-DX1		/research/projects/mllab/WSI/extracted_features/TCGA-LUSC/TCGA-O2-A52S-01Z-00-DX1.65C217A1-6757-433D-AF35-7F0923023095.h5
test	TCGA-MESO	TCGA-LK-A4O2	TCGA-LK-A4O2-01	TCGA-LK-A4O2-01Z-00-DX1		/research/projects/mllab/WSI/extracted_features/TCGA-MESO/TCGA-LK-A4O2-01Z-00-DX1.3CE365F3-3A3C-44A6-AEB9-ED8027459770.h5
test	TCGA-MESO	TCGA-LK-A4O6	TCGA-LK-A4O6-01	TCGA-LK-A4O6-01Z-00-DX1		/research/projects/mllab/WSI/extracted_features/TCGA-MESO/TCGA-LK-A4O6-01Z-00-DX1.A6158ECE-9C14-43DD-BF04-EA36CD68C57B.h5
test	TCGA-MESO	TCGA-UD-AAC6	TCGA-UD-AAC6-01	TCGA-UD-AAC6-01Z-00-DX1		/research/projects/mllab/WSI/extracted_features/TCGA-MESO/TCGA-UD-AAC6-01Z-00-DX1.56D04FBC-2F26-4679-A597-C036E9CEDB37.h5
test	TCGA-MESO	TCGA-XT-AASU	TCGA-XT-AASU-01	TCGA-XT-AASU-01Z-00-DX1		/research/projects/mllab/WSI/extracted_features/TCGA-MESO/TCGA-XT-AASU-01Z-00-DX1.FC2B9466-98D6-4AF8-89AB-F7409BEF789B.h5
test	TCGA-OV	TCGA-23-1109	TCGA-23-1109-01	TCGA-23-1109-01Z-00-DX1		/research/projects/mllab/WSI/extracted_features/TCGA-OV/TCGA-23-1109-01Z-00-DX1.FB0886B9-8108-4A74-8A29-FEA4381AD69C.h5
test	TCGA-OV	TCGA-23-2081	TCGA-23-2081-01	TCGA-23-2081-01Z-00-DX1		/research/projects/mllab/WSI/extracted_features/TCGA-OV/TCGA-23-2081-01Z-00-DX1.4105A382-4C2B-4C62-AC93-CB21CC360254.h5
test	TCGA-OV	TCGA-25-1623	TCGA-25-1623-01	TCGA-25-1623-01Z-00-DX1		/research/projects/mllab/WSI/extracted_features/TCGA-OV/TCGA-25-1623-01Z-00-DX1.28D89405-5F27-47CF-ABC7-01AB494C28D2.h5
test	TCGA-OV	TCGA-OY-A56P	TCGA-OY-A56P-01	TCGA-OY-A56P-01Z-00-DX1		/research/projects/mllab/WSI/extracted_features/TCGA-OV/TCGA-OY-A56P-01Z-00-DX1.59CA76B0-5613-48CB-ACE7-6F808B8A9423.h5
test	TCGA-PAAD	TCGA-2J-AABT	TCGA-2J-AABT-01	TCGA-2J-AABT-01Z-00-DX1		/research/projects/mllab/WSI/extracted_features/TCGA-PAAD/TCGA-2J-AABT-01Z-00-DX1.656FAA7A-48B3-4602-950D-11DCDEF885F6.h5
test	TCGA-PAAD	TCGA-HZ-7920	TCGA-HZ-7920-01	TCGA-HZ-7920-01Z-00-DX1		/research/projects/mllab/WSI/extracted_features/TCGA-PAAD/TCGA-HZ-7920-01Z-00-DX1.1f7198f7-048d-4552-af8e-99dd76b8ba7b.h5
test	TCGA-PAAD	TCGA-IB-7891	TCGA-IB-7891-01	TCGA-IB-7891-01Z-00-DX1		/research/projects/mllab/WSI/extracted_features/TCGA-PAAD/TCGA-IB-7891-01Z-00-DX1.724FCDBA-6FD1-4259-BB55-A65B95A74CCF.h5
test	TCGA-PAAD	TCGA-IB-A5SP	TCGA-IB-A5SP-01	TCGA-IB-A5SP-01Z-00-DX1		/research/projects/mllab/WSI/extracted_features/TCGA-PAAD/TCGA-IB-A5SP-01Z-00-DX1.0D3C9A7E-F73C-4F03-98CC-26BBF9CDE2DC.h5
test	TCGA-PCPG	TCGA-QR-A700	TCGA-QR-A700-01	TCGA-QR-A700-01Z-00-DX1		/research/projects/mllab/WSI/extracted_features/TCGA-PCPG/TCGA-QR-A700-01Z-00-DX1.A6F99A58-6EBC-44FA-9292-BE3DB7DB051B.h5
test	TCGA-PCPG	TCGA-QR-A70V	TCGA-QR-A70V-01	TCGA-QR-A70V-01Z-00-DX1		/research/projects/mllab/WSI/extracted_features/TCGA-PCPG/TCGA-QR-A70V-01Z-00-DX1.DFE69CED-F7FC-4316-AB10-C7A73B6C15D8.h5
test	TCGA-PCPG	TCGA-RW-A681	TCGA-RW-A681-01	TCGA-RW-A681-01Z-00-DX1		/research/projects/mllab/WSI/extracted_features/TCGA-PCPG/TCGA-RW-A681-01Z-00-DX1.7B594A69-B08D-4979-AFDE-B8A714EF1AD9.h5
test	TCGA-PCPG	TCGA-RW-A68F	TCGA-RW-A68F-01	TCGA-RW-A68F-01Z-00-DX1		/research/projects/mllab/WSI/extracted_features/TCGA-PCPG/TCGA-RW-A68F-01Z-00-DX1.82C29F9C-8E3D-4510-8473-9B05CCD22614.h5
test	TCGA-PRAD	TCGA-HC-8256	TCGA-HC-8256-01	TCGA-HC-8256-01Z-00-DX1		/research/projects/mllab/WSI/extracted_features/TCGA-PRAD/TCGA-HC-8256-01Z-00-DX1.24CBDB5B-F10C-4C5D-9AC3-6AB19A374C43.h5
test	TCGA-PRAD	TCGA-V1-A8MJ	TCGA-V1-A8MJ-01	TCGA-V1-A8MJ-01Z-00-DX1		/research/projects/mllab/WSI/extracted_features/TCGA-PRAD/TCGA-V1-A8MJ-01Z-00-DX1.D93AA527-A186-4A95-AE06-463C819EC894.h5
test	TCGA-PRAD	TCGA-VP-A875	TCGA-VP-A875-01	TCGA-VP-A875-01Z-00-DX1		/research/projects/mllab/WSI/extracted_features/TCGA-PRAD/TCGA-VP-A875-01Z-00-DX1.96476DFA-7CFE-4100-A791-E7415B1DC719.h5
test	TCGA-PRAD	TCGA-YL-A9WY	TCGA-YL-A9WY-01	TCGA-YL-A9WY-01Z-00-DX1		/research/projects/mllab/WSI/extracted_features/TCGA-PRAD/TCGA-YL-A9WY-01Z-00-DX1.16415C29-1D79-4560-8F49-633F37F2804E.h5
test	TCGA-READ	TCGA-AG-3901	TCGA-AG-3901-01	TCGA-AG-3901-01Z-00-DX1		/research/projects/mllab/WSI/extracted_features/TCGA-READ/TCGA-AG-3901-01Z-00-DX1.3deb3ae7-a068-4d4b-868d-5507582c5e82.h5
test	TCGA-READ	TCGA-DC-6156	TCGA-DC-6156-01	TCGA-DC-6156-01Z-00-DX1		/research/projects/mllab/WSI/extracted_features/TCGA-READ/TCGA-DC-6156-01Z-00-DX1.102feb5c-0dff-4d7b-9b3b-d66383e8a4ff.h5
test	TCGA-READ	TCGA-DC-6681	TCGA-DC-6681-01	TCGA-DC-6681-01Z-00-DX1		/research/projects/mllab/WSI/extracted_features/TCGA-READ/TCGA-DC-6681-01Z-00-DX1.1c27d44f-fc1e-4010-9110-82713f277e0d.h5
test	TCGA-READ	TCGA-F5-6863	TCGA-F5-6863-01	TCGA-F5-6863-01Z-00-DX1		/research/projects/mllab/WSI/extracted_features/TCGA-READ/TCGA-F5-6863-01Z-00-DX1.67a42867-9ef3-4422-a20b-f9091d3517ed.h5
test	TCGA-SARC	TCGA-DX-A3LT	TCGA-DX-A3LT-01	TCGA-DX-A3LT-01Z-00-DX1		/research/projects/mllab/WSI/extracted_features/TCGA-SARC/TCGA-DX-A3LT-01Z-00-DX1.D4A948E5-6BDC-458B-BB69-ABE5742F148D.h5
test	TCGA-SARC	TCGA-DX-AB2T	TCGA-DX-AB2T-01	TCGA-DX-AB2T-01Z-00-DX1		/research/projects/mllab/WSI/extracted_features/TCGA-SARC/TCGA-DX-AB2T-01Z-00-DX1.19DCF7AE-C84B-41FD-9345-4BC522D6022B.h5
test	TCGA-SARC	TCGA-DX-AB2Z	TCGA-DX-AB2Z-01	TCGA-DX-AB2Z-01Z-00-DX1		/research/projects/mllab/WSI/extracted_features/TCGA-SARC/TCGA-DX-AB2Z-01Z-00-DX1.733ED0F9-D892-4C26-8DE0-5209C8121F11.h5
test	TCGA-SARC	TCGA-X9-A971	TCGA-X9-A971-01	TCGA-X9-A971-01Z-00-DX1		/research/projects/mllab/WSI/extracted_features/TCGA-SARC/TCGA-X9-A971-01Z-00-DX1.7B775EAC-42E9-4304-8500-C701ABCA96A2.h5
test	TCGA-SKCM	TCGA-D3-A1Q5	TCGA-D3-A1Q5-06	TCGA-D3-A1Q5-06Z-00-DX1		/research/projects/mllab/WSI/extracted_features/TCGA-SKCM/TCGA-D3-A1Q5-06Z-00-DX1.A94CEB2F-27BA-4D90-B52F-3C8F86BD6F14.h5
test	TCGA-SKCM	TCGA-D9-A4Z5	TCGA-D9-A4Z5-01	TCGA-D9-A4Z5-01Z-00-DX1		/research/projects/mllab/WSI/extracted_features/TCGA-SKCM/TCGA-D9-A4Z5-01Z-00-DX1.88AC8735-B520-4FCE-BC0B-AA6A611CE2D7.h5
test	TCGA-SKCM	TCGA-EB-A41A	TCGA-EB-A41A-01	TCGA-EB-A41A-01Z-00-DX1		/research/projects/mllab/WSI/extracted_features/TCGA-SKCM/TCGA-EB-A41A-01Z-00-DX1.76C495EA-698C-465C-B2FA-5AF9269CED6C.h5
test	TCGA-SKCM	TCGA-FR-A2OS	TCGA-FR-A2OS-01	TCGA-FR-A2OS-01Z-00-DX1		/research/projects/mllab/WSI/extracted_features/TCGA-SKCM/TCGA-FR-A2OS-01Z-00-DX1.9F35411B-FFCE-4BD7-8161-68DE08C67AB8.h5
test	TCGA-STAD	TCGA-D7-A6EY	TCGA-D7-A6EY-01	TCGA-D7-A6EY-01Z-00-DX1		/research/projects/mllab/WSI/extracted_features/TCGA-STAD/TCGA-D7-A6EY-01Z-00-DX1.7E101F3B-8923-4554-AA48-C2493D0F46C0.h5
test	TCGA-STAD	TCGA-HU-A4GQ	TCGA-HU-A4GQ-01	TCGA-HU-A4GQ-01Z-00-DX1		/research/projects/mllab/WSI/extracted_features/TCGA-STAD/TCGA-HU-A4GQ-01Z-00-DX1.699A0E57-FE02-4329-9826-3EFC2DECD408.h5
test	TCGA-STAD	TCGA-VQ-A8PD	TCGA-VQ-A8PD-01	TCGA-VQ-A8PD-01Z-00-DX1		/research/projects/mllab/WSI/extracted_features/TCGA-STAD/TCGA-VQ-A8PD-01Z-00-DX1.A9B601CB-83AA-4F0C-BB6D-DD88455FDEE9.h5
test	TCGA-STAD	TCGA-VQ-A8PP	TCGA-VQ-A8PP-01	TCGA-VQ-A8PP-01Z-00-DX1		/research/projects/mllab/WSI/extracted_features/TCGA-STAD/TCGA-VQ-A8PP-01Z-00-DX1.46FE6CC6-A47C-47D3-B21B-A17CF1DDAC76.h5
test	TCGA-TGCT	TCGA-2G-AAGZ	TCGA-2G-AAGZ-01	TCGA-2G-AAGZ-01Z-00-DX1		/research/projects/mllab/WSI/extracted_features/TCGA-TGCT/TCGA-2G-AAGZ-01Z-00-DX1.E65482A2-5079-4988-B709-7F2736281072.h5
test	TCGA-TGCT	TCGA-2G-AAH0	TCGA-2G-AAH0-01	TCGA-2G-AAH0-01Z-00-DX1		/research/projects/mllab/WSI/extracted_features/TCGA-TGCT/TCGA-2G-AAH0-01Z-00-DX1.4A2DD02E-F3C5-453D-9935-49BCF23FB6D5.h5
test	TCGA-TGCT	TCGA-2G-AAHC	TCGA-2G-AAHC-01	TCGA-2G-AAHC-01Z-00-DX1		/research/projects/mllab/WSI/extracted_features/TCGA-TGCT/TCGA-2G-AAHC-01Z-00-DX1.0E129B6B-D761-4665-931E-5DF2317498E3.h5
test	TCGA-TGCT	TCGA-XE-AAOB	TCGA-XE-AAOB-01	TCGA-XE-AAOB-01Z-00-DX1		/research/projects/mllab/WSI/extracted_features/TCGA-TGCT/TCGA-XE-AAOB-01Z-00-DX1.28368FE5-BD13-4225-AA5C-910C3829753A.h5
test	TCGA-THCA	TCGA-DJ-A2Q5	TCGA-DJ-A2Q5-01	TCGA-DJ-A2Q5-01Z-00-DX1		/research/projects/mllab/WSI/extracted_features/TCGA-THCA/TCGA-DJ-A2Q5-01Z-00-DX1.EB4657EF-E3DF-42FC-AEBF-3358E4B142C2.h5
test	TCGA-THCA	TCGA-DJ-A3V9	TCGA-DJ-A3V9-01	TCGA-DJ-A3V9-01Z-00-DX1		/research/projects/mllab/WSI/extracted_features/TCGA-THCA/TCGA-DJ-A3V9-01Z-00-DX1.B7C59985-DC2A-4FDA-923B-AAAFEEC8DB77.h5
test	TCGA-THCA	TCGA-EL-A3CT	TCGA-EL-A3CT-01	TCGA-EL-A3CT-01Z-00-DX1		/research/projects/mllab/WSI/extracted_features/TCGA-THCA/TCGA-EL-A3CT-01Z-00-DX1.B72AA981-135A-48D0-8E43-01720BC2E1DB.h5
test	TCGA-THCA	TCGA-EL-A3T9	TCGA-EL-A3T9-01	TCGA-EL-A3T9-01Z-00-DX1		/research/projects/mllab/WSI/extracted_features/TCGA-THCA/TCGA-EL-A3T9-01Z-00-DX1.E2795595-E82F-4DFC-A6AC-A4AA45753A00.h5
test	TCGA-THYM	TCGA-4V-A9QS	TCGA-4V-A9QS-01	TCGA-4V-A9QS-01Z-00-DX1		/research/projects/mllab/WSI/extracted_features/TCGA-THYM/TCGA-4V-A9QS-01Z-00-DX1.2E2AFA63-D5DD-44D0-801A-D2F5738A4F1B.h5
test	TCGA-THYM	TCGA-4V-A9QW	TCGA-4V-A9QW-01	TCGA-4V-A9QW-01Z-00-DX1		/research/projects/mllab/WSI/extracted_features/TCGA-THYM/TCGA-4V-A9QW-01Z-00-DX1.AE4B6F79-56F4-4E48-B5B5-0709ACC991B1.h5
test	TCGA-THYM	TCGA-X7-A8DC	TCGA-X7-A8DC-01	TCGA-X7-A8DC-01Z-00-DX1		/research/projects/mllab/WSI/extracted_features/TCGA-THYM/TCGA-X7-A8DC-01Z-00-DX1.4D2F61A6-05EA-4B87-9BA4-754F99B48852.h5
test	TCGA-THYM	TCGA-XM-AAZ2	TCGA-XM-AAZ2-01	TCGA-XM-AAZ2-01Z-00-DX1		/research/projects/mllab/WSI/extracted_features/TCGA-THYM/TCGA-XM-AAZ2-01Z-00-DX1.60EF7E36-5C48-4980-A23E-240398882F5B.h5
test	TCGA-UCEC	TCGA-BG-A0M8	TCGA-BG-A0M8-01	TCGA-BG-A0M8-01Z-00-DX1		/research/projects/mllab/WSI/extracted_features/TCGA-UCEC/TCGA-BG-A0M8-01Z-00-DX1.3D5FD485-43A9-429E-BAFD-0EA028BF4819.h5
test	TCGA-UCEC	TCGA-D1-A16O	TCGA-D1-A16O-01	TCGA-D1-A16O-01Z-00-DX1		/research/projects/mllab/WSI/extracted_features/TCGA-UCEC/TCGA-D1-A16O-01Z-00-DX1.6A440B46-4189-45B0-9DB6-1886C59EB198.h5
test	TCGA-UCEC	TCGA-D1-A1NS	TCGA-D1-A1NS-01	TCGA-D1-A1NS-01Z-00-DX1		/research/projects/mllab/WSI/extracted_features/TCGA-UCEC/TCGA-D1-A1NS-01Z-00-DX1.9050E639-6F28-417C-9C42-6413962F6E3C.h5
test	TCGA-UCEC	TCGA-EY-A1GD	TCGA-EY-A1GD-01	TCGA-EY-A1GD-01Z-00-DX1		/research/projects/mllab/WSI/extracted_features/TCGA-UCEC/TCGA-EY-A1GD-01Z-00-DX1.21309AC8-599D-42A2-B855-ECB858E87E36.h5
test	TCGA-UCS	TCGA-N5-A4RM	TCGA-N5-A4RM-01	TCGA-N5-A4RM-01Z-00-DX1		/research/projects/mllab/WSI/extracted_features/TCGA-UCS/TCGA-N5-A4RM-01Z-00-DX1.8FB1D437-C61C-46A3-8EF8-247B4261B718.h5
test	TCGA-UCS	TCGA-N5-A4RV	TCGA-N5-A4RV-01	TCGA-N5-A4RV-01Z-00-DX1		/research/projects/mllab/WSI/extracted_features/TCGA-UCS/TCGA-N5-A4RV-01Z-00-DX1.96D6BADC-B0A0-473C-9D7A-8458789C16B8.h5
test	TCGA-UCS	TCGA-NA-A4R0	TCGA-NA-A4R0-01	TCGA-NA-A4R0-01Z-00-DX1		/research/projects/mllab/WSI/extracted_features/TCGA-UCS/TCGA-NA-A4R0-01Z-00-DX1.76E2E632-B869-4F1B-A03B-BE00E303B6FE.h5
test	TCGA-UCS	TCGA-ND-A4W6	TCGA-ND-A4W6-01	TCGA-ND-A4W6-01Z-00-DX1		/research/projects/mllab/WSI/extracted_features/TCGA-UCS/TCGA-ND-A4W6-01Z-00-DX1.05AE2CC4-CCB7-4C26-8031-23018FC4919E.h5
test	TCGA-UVM	TCGA-V4-A9ET	TCGA-V4-A9ET-01	TCGA-V4-A9ET-01Z-00-DX1		/research/projects/mllab/WSI/extracted_features/TCGA-UVM/TCGA-V4-A9ET-01Z-00-DX1.D9386E86-5C0A-4C0B-BF30-CA87A2BE9AB3.h5
test	TCGA-UVM	TCGA-V4-A9EU	TCGA-V4-A9EU-01	TCGA-V4-A9EU-01Z-00-DX1		/research/projects/mllab/WSI/extracted_features/TCGA-UVM/TCGA-V4-A9EU-01Z-00-DX1.4BFDB2BE-471D-4151-8854-03462D335F94.h5
test	TCGA-UVM	TCGA-VD-AA8R	TCGA-VD-AA8R-01	TCGA-VD-AA8R-01Z-00-DX1		/research/projects/mllab/WSI/extracted_features/TCGA-UVM/TCGA-VD-AA8R-01Z-00-DX1.B2072EA5-0AF2-433C-B5F2-81125ACE37C2.h5
test	TCGA-UVM	TCGA-WC-A884	TCGA-WC-A884-01	TCGA-WC-A884-01Z-00-DX1		/research/projects/mllab/WSI/extracted_features/TCGA-UVM/TCGA-WC-A884-01Z-00-DX1.D7134947-7DA5-4921-AD57-65C5E7B613A4.h5
train	TCGA-ACC	TCGA-OR-A5J1	TCGA-OR-A5J1-01	TCGA-OR-A5J1-01Z-00-DX1		/research/projects/mllab/WSI/extracted_features/TCGA-ACC/TCGA-OR-A5J1-01Z-00-DX1.600C7D8C-F04C-4125-AF14-B1E76DC01A1E.h5
train	TCGA-ACC	TCGA-OR-A5J2	TCGA-OR-A5J2-01	TCGA-OR-A5J2-01Z-00-DX1		/research/projects/mllab/WSI/extracted_features/TCGA-ACC/TCGA-OR-A5J2-01Z-00-DX1.02350C2F-1B2D-4195-8105-56E0AD3A3A66.h5
train	TCGA-ACC	TCGA-OR-A5J3	TCGA-OR-A5J3-01	TCGA-OR-A5J3-01Z-00-DX1		/research/projects/mllab/WSI/extracted_features/TCGA-ACC/TCGA-OR-A5J3-01Z-00-DX1.4C551BE0-E8AF-46C4-8A44-173AD1BB18B5.h5
train	TCGA-ACC	TCGA-OR-A5J5	TCGA-OR-A5J5-01	TCGA-OR-A5J5-01Z-00-DX1		/research/projects/mllab/WSI/extracted_features/TCGA-ACC/TCGA-OR-A5J5-01Z-00-DX1.4ED45C49-BD89-4DF0-BF92-37E79A3D244C.h5
train	TCGA-ACC	TCGA-OR-A5J6	TCGA-OR-A5J6-01	TCGA-OR-A5J6-01Z-00-DX1		/research/projects/mllab/WSI/extracted_features/TCGA-ACC/TCGA-OR-A5J6-01Z-00-DX1.C3F415F4-B679-433F-B8C2-33ED940272FB.h5
train	TCGA-ACC	TCGA-OR-A5J8	TCGA-OR-A5J8-01	TCGA-OR-A5J8-01Z-00-DX1		/research/projects/mllab/WSI/extracted_features/TCGA-ACC/TCGA-OR-A5J8-01Z-00-DX1.B95FA93F-A0E1-4148-BF52-A96547F5CC2A.h5
train	TCGA-ACC	TCGA-OR-A5J9	TCGA-OR-A5J9-01	TCGA-OR-A5J9-01Z-00-DX1		/research/projects/mllab/WSI/extracted_features/TCGA-ACC/TCGA-OR-A5J9-01Z-00-DX1.178CB96D-045A-459A-9E41-0580F4E3EF42.h5
train	TCGA-ACC	TCGA-OR-A5JA	TCGA-OR-A5JA-01	TCGA-OR-A5JA-01Z-00-DX1		/research/projects/mllab/WSI/extracted_features/TCGA-ACC/TCGA-OR-A5JA-01Z-00-DX1.368A5252-AD03-48EE-B356-FC1BF2E8FE6D.h5
train	TCGA-ACC	TCGA-OR-A5JB	TCGA-OR-A5JB-01	TCGA-OR-A5JB-01Z-00-DX1		/research/projects/mllab/WSI/extracted_features/TCGA-ACC/TCGA-OR-A5JB-01Z-00-DX1.D3E46BD3-48DA-4758-9C70-85F42DB1C61A.h5
train	TCGA-ACC	TCGA-OR-A5JD	TCGA-OR-A5JD-01	TCGA-OR-A5JD-01Z-00-DX1		/research/projects/mllab/WSI/extracted_features/TCGA-ACC/TCGA-OR-A5JD-01Z-00-DX1.83A2D0A6-70F2-49C8-BAAF-795AC206ED04.h5
train	TCGA-ACC	TCGA-OR-A5JF	TCGA-OR-A5JF-01	TCGA-OR-A5JF-01Z-00-DX1		/research/projects/mllab/WSI/extracted_features/TCGA-ACC/TCGA-OR-A5JF-01Z-00-DX1.54347E29-F3B6-40EC-BB1B-6136C46E0455.h5
train	TCGA-ACC	TCGA-OR-A5JG	TCGA-OR-A5JG-01	TCGA-OR-A5JG-01Z-00-DX1		/research/projects/mllab/WSI/extracted_features/TCGA-ACC/TCGA-OR-A5JG-01Z-00-DX1.8798846B-E00D-4BEF-9CE6-F3FDB2DB642C.h5
train	TCGA-ACC	TCGA-OR-A5JI	TCGA-OR-A5JI-01	TCGA-OR-A5JI-01Z-00-DX1		/research/projects/mllab/WSI/extracted_features/TCGA-ACC/TCGA-OR-A5JI-01Z-00-DX1.E133042C-62B2-4015-853B-436830988A53.h5
train	TCGA-ACC	TCGA-OR-A5JK	TCGA-OR-A5JK-01	TCGA-OR-A5JK-01Z-00-DX1		/research/projects/mllab/WSI/extracted_features/TCGA-ACC/TCGA-OR-A5JK-01Z-00-DX1.175C14F3-8CB4-40A0-8E61-A1E77F4CA538.h5
train	TCGA-ACC	TCGA-OR-A5JM	TCGA-OR-A5JM-01	TCGA-OR-A5JM-01Z-00-DX1		/research/projects/mllab/WSI/extracted_features/TCGA-ACC/TCGA-OR-A5JM-01Z-00-DX1.94A515FD-5AA8-410C-8F52-170A3BA94AB3.h5
train	TCGA-ACC	TCGA-OR-A5JP	TCGA-OR-A5JP-01	TCGA-OR-A5JP-01Z-00-DX1		/research/projects/mllab/WSI/extracted_features/TCGA-ACC/TCGA-OR-A5JP-01Z-00-DX1.15ED1958-011D-4247-91A3-99893466935D.h5
train	TCGA-ACC	TCGA-OR-A5JS	TCGA-OR-A5JS-01	TCGA-OR-A5JS-01Z-00-DX1		/research/projects/mllab/WSI/extracted_features/TCGA-ACC/TCGA-OR-A5JS-01Z-00-DX1.AE76284D-A640-4716-A96A-93CF02DC7D5D.h5
train	TCGA-ACC	TCGA-OR-A5JT	TCGA-OR-A5JT-01	TCGA-OR-A5JT-01Z-00-DX1		/research/projects/mllab/WSI/extracted_features/TCGA-ACC/TCGA-OR-A5JT-01Z-00-DX1.BC91B5B4-AE3B-4492-91CB-D6401BB64734.h5
train	TCGA-ACC	TCGA-OR-A5JV	TCGA-OR-A5JV-01	TCGA-OR-A5JV-01Z-00-DX1		/research/projects/mllab/WSI/extracted_features/TCGA-ACC/TCGA-OR-A5JV-01Z-00-DX1.3CFCEE78-A603-4FD9-9146-71C1CD44E019.h5
train	TCGA-ACC	TCGA-OR-A5JW	TCGA-OR-A5JW-01	TCGA-OR-A5JW-01Z-00-DX1		/research/projects/mllab/WSI/extracted_features/TCGA-ACC/TCGA-OR-A5JW-01Z-00-DX1.ACA94CEE-DBEC-4785-A451-C0BDEF13FC46.h5
train	TCGA-ACC	TCGA-OR-A5JY	TCGA-OR-A5JY-01	TCGA-OR-A5JY-01Z-00-DX1		/research/projects/mllab/WSI/extracted_features/TCGA-ACC/TCGA-OR-A5JY-01Z-00-DX1.23AEFC00-3720-48F1-A2C4-6914BBEB5E09.h5
train	TCGA-ACC	TCGA-OR-A5K0	TCGA-OR-A5K0-01	TCGA-OR-A5K0-01Z-00-DX1		/research/projects/mllab/WSI/extracted_features/TCGA-ACC/TCGA-OR-A5K0-01Z-00-DX1.D73A3597-A2C4-48C1-88B1-3FCCE90ACB6C.h5
train	TCGA-ACC	TCGA-OR-A5K2	TCGA-OR-A5K2-01	TCGA-OR-A5K2-01Z-00-DX1		/research/projects/mllab/WSI/extracted_features/TCGA-ACC/TCGA-OR-A5K2-01Z-00-DX1.6FF744F9-142F-4B76-997A-9898416723DC.h5
train	TCGA-ACC	TCGA-OR-A5K3	TCGA-OR-A5K3-01	TCGA-OR-A5K3-01Z-00-DX1		/research/projects/mllab/WSI/extracted_features/TCGA-ACC/TCGA-OR-A5K3-01Z-00-DX1.C9F18D31-87E3-4FDE-9CBB-7A2C13B809A5.h5
train	TCGA-ACC	TCGA-OR-A5K4	TCGA-OR-A5K4-01	TCGA-OR-A5K4-01Z-00-DX1		/research/projects/mllab/WSI/extracted_features/TCGA-ACC/TCGA-OR-A5K4-01Z-00-DX1.57E02BED-3F3E-4CFC-A4D5-8FFD347B9533.h5
train	TCGA-ACC	TCGA-OR-A5K6	TCGA-OR-A5K6-01	TCGA-OR-A5K6-01Z-00-DX1		/research/projects/mllab/WSI/extracted_features/TCGA-ACC/TCGA-OR-A5K6-01Z-00-DX1.BA1BA159-1A51-4CB6-992B-5D6BF6D332E7.h5
train	TCGA-ACC	TCGA-OR-A5K8	TCGA-OR-A5K8-01	TCGA-OR-A5K8-01Z-00-DX1		/research/projects/mllab/WSI/extracted_features/TCGA-ACC/TCGA-OR-A5K8-01Z-00-DX1.1CD55695-FAF3-42FF-B79D-3A86FDDABE54.h5
train	TCGA-ACC	TCGA-OR-A5K9	TCGA-OR-A5K9-01	TCGA-OR-A5K9-01Z-00-DX1		/research/projects/mllab/WSI/extracted_features/TCGA-ACC/TCGA-OR-A5K9-01Z-00-DX1.A136472B-C35C-493C-8175-73CA4BF00520.h5
train	TCGA-ACC	TCGA-OR-A5LK	TCGA-OR-A5LK-01	TCGA-OR-A5LK-01Z-00-DX1		/research/projects/mllab/WSI/extracted_features/TCGA-ACC/TCGA-OR-A5LK-01Z-00-DX1.62834E27-B409-4C9C-B6A4-EDD83CF75FF0.h5
train	TCGA-ACC	TCGA-OR-A5LL	TCGA-OR-A5LL-01	TCGA-OR-A5LL-01Z-00-DX1		/research/projects/mllab/WSI/extracted_features/TCGA-ACC/TCGA-OR-A5LL-01Z-00-DX1.08588029-C532-4CDD-B945-251315EFF5C0.h5
train	TCGA-ACC	TCGA-OR-A5LM	TCGA-OR-A5LM-01	TCGA-OR-A5LM-01Z-00-DX1		/research/projects/mllab/WSI/extracted_features/TCGA-ACC/TCGA-OR-A5LM-01Z-00-DX1.06EE6AFD-12EA-4613-9DFE-234ECF7C209B.h5
train	TCGA-ACC	TCGA-OR-A5LO	TCGA-OR-A5LO-01	TCGA-OR-A5LO-01Z-00-DX1		/research/projects/mllab/WSI/extracted_features/TCGA-ACC/TCGA-OR-A5LO-01Z-00-DX1.05378BBB-AE4E-47D8-A1D3-0CEB0418A124.h5
train	TCGA-ACC	TCGA-OR-A5LS	TCGA-OR-A5LS-01	TCGA-OR-A5LS-01Z-00-DX1		/research/projects/mllab/WSI/extracted_features/TCGA-ACC/TCGA-OR-A5LS-01Z-00-DX1.E88B46CA-1104-46F1-998C-A9819AB3E517.h5
train	TCGA-ACC	TCGA-OR-A5LT	TCGA-OR-A5LT-01	TCGA-OR-A5LT-01Z-00-DX1		/research/projects/mllab/WSI/extracted_features/TCGA-ACC/TCGA-OR-A5LT-01Z-00-DX1.030142AE-23DC-4082-87B4-D4D6E4CB9335.h5
train	TCGA-ACC	TCGA-OU-A5PI	TCGA-OU-A5PI-01	TCGA-OU-A5PI-01Z-00-DX1		/research/projects/mllab/WSI/extracted_features/TCGA-ACC/TCGA-OU-A5PI-01Z-00-DX1.CB5770C6-FBD5-42DE-82D7-FE949BF7D76C.h5
train	TCGA-ACC	TCGA-P6-A5OG	TCGA-P6-A5OG-01	TCGA-P6-A5OG-01Z-00-DX1		/research/projects/mllab/WSI/extracted_features/TCGA-ACC/TCGA-P6-A5OG-01Z-00-DX1.DDCFCB98-79F2-46A9-9273-5AB734E02A99.h5
train	TCGA-BLCA	TCGA-BT-A20O	TCGA-BT-A20O-01	TCGA-BT-A20O-01Z-00-DX1		/research/projects/mllab/WSI/extracted_features/TCGA-BLCA/TCGA-BT-A20O-01Z-00-DX1.BD64154E-5CB0-4088-94CC-C48C036E3715.h5
train	TCGA-BLCA	TCGA-BT-A3PJ	TCGA-BT-A3PJ-01	TCGA-BT-A3PJ-01Z-00-DX1		/research/projects/mllab/WSI/extracted_features/TCGA-BLCA/TCGA-BT-A3PJ-01Z-00-DX1.C730AD35-81DF-4758-97B5-1E9F58E67A2B.h5
train	TCGA-BLCA	TCGA-CF-A3MF	TCGA-CF-A3MF-01	TCGA-CF-A3MF-01Z-00-DX1		/research/projects/mllab/WSI/extracted_features/TCGA-BLCA/TCGA-CF-A3MF-01Z-00-DX1.91768C26-5BB1-4DE6-9737-AA26BD687A75.h5
train	TCGA-BLCA	TCGA-CF-A3MG	TCGA-CF-A3MG-01	TCGA-CF-A3MG-01Z-00-DX1		/research/projects/mllab/WSI/extracted_features/TCGA-BLCA/TCGA-CF-A3MG-01Z-00-DX1.49D55C73-735B-496E-82DA-1F6BFE88D607.h5
train	TCGA-BLCA	TCGA-CF-A3MH	TCGA-CF-A3MH-01	TCGA-CF-A3MH-01Z-00-DX1		/research/projects/mllab/WSI/extracted_features/TCGA-BLCA/TCGA-CF-A3MH-01Z-00-DX1.4A6F7BDC-B7D2-4203-AA8E-7BA5DB8BF3AC.h5
train	TCGA-BLCA	TCGA-CF-A3MI	TCGA-CF-A3MI-01	TCGA-CF-A3MI-01Z-00-DX1		/research/projects/mllab/WSI/extracted_features/TCGA-BLCA/TCGA-CF-A3MI-01Z-00-DX1.5619CA1A-F772-44CC-BBE2-F2C365E2699D.h5
train	TCGA-BLCA	TCGA-CF-A47S	TCGA-CF-A47S-01	TCGA-CF-A47S-01Z-00-DX1		/research/projects/mllab/WSI/extracted_features/TCGA-BLCA/TCGA-CF-A47S-01Z-00-DX1.1397F7C0-1098-4C42-B158-28A37723F5F6.h5
train	TCGA-BLCA	TCGA-CF-A47T	TCGA-CF-A47T-01	TCGA-CF-A47T-01Z-00-DX1		/research/projects/mllab/WSI/extracted_features/TCGA-BLCA/TCGA-CF-A47T-01Z-00-DX1.2AFA4BB3-B97C-4C0D-86F4-53A5F3317129.h5
train	TCGA-BLCA	TCGA-CF-A47W	TCGA-CF-A47W-01	TCGA-CF-A47W-01Z-00-DX1		/research/projects/mllab/WSI/extracted_features/TCGA-BLCA/TCGA-CF-A47W-01Z-00-DX1.D14F1F9A-E684-4140-9714-3197A4325568.h5
train	TCGA-BLCA	TCGA-CF-A47X	TCGA-CF-A47X-01	TCGA-CF-A47X-01Z-00-DX1		/research/projects/mllab/WSI/extracted_features/TCGA-BLCA/TCGA-CF-A47X-01Z-00-DX1.1FA2C95C-CFB9-47AA-9BA8-2C2D391BA5D7.h5
train	TCGA-BLCA	TCGA-CF-A47Y	TCGA-CF-A47Y-01	TCGA-CF-A47Y-01Z-00-DX1		/research/projects/mllab/WSI/extracted_features/TCGA-BLCA/TCGA-CF-A47Y-01Z-00-DX1.1D4B8964-E7AB-4C6F-80AC-AF84B80B80C2.h5
train	TCGA-BLCA	TCGA-CF-A5U8	TCGA-CF-A5U8-01	TCGA-CF-A5U8-01Z-00-DX1		/research/projects/mllab/WSI/extracted_features/TCGA-BLCA/TCGA-CF-A5U8-01Z-00-DX1.D0385BD3-3128-41C6-889D-4EC916B2B228.h5
train	TCGA-BLCA	TCGA-CF-A5UA	TCGA-CF-A5UA-01	TCGA-CF-A5UA-01Z-00-DX1		/research/projects/mllab/WSI/extracted_features/TCGA-BLCA/TCGA-CF-A5UA-01Z-00-DX1.7352D4EB-46F5-4EAA-95B9-1D869E8291C3.h5
train	TCGA-BLCA	TCGA-CF-A7I0	TCGA-CF-A7I0-01	TCGA-CF-A7I0-01Z-00-DX1		/research/projects/mllab/WSI/extracted_features/TCGA-BLCA/TCGA-CF-A7I0-01Z-00-DX1.9920A024-B523-4CB6-992F-0BD80D9E11C9.h5
train	TCGA-BLCA	TCGA-CF-A9FH	TCGA-CF-A9FH-01	TCGA-CF-A9FH-01Z-00-DX1		/research/projects/mllab/WSI/extracted_features/TCGA-BLCA/TCGA-CF-A9FH-01Z-00-DX1.26AACDC9-1C0B-4AD4-A484-E093515F42B1.h5
train	TCGA-BLCA	TCGA-DK-A1AF	TCGA-DK-A1AF-01	TCGA-DK-A1AF-01Z-00-DX1		/research/projects/mllab/WSI/extracted_features/TCGA-BLCA/TCGA-DK-A1AF-01Z-00-DX1.E18DE029-27A6-43A6-9E9D-D0225C7D5324.h5
train	TCGA-BLCA	TCGA-E7-A3X6	TCGA-E7-A3X6-01	TCGA-E7-A3X6-01Z-00-DX1		/research/projects/mllab/WSI/extracted_features/TCGA-BLCA/TCGA-E7-A3X6-01Z-00-DX1.5566A0E9-E1C3-4F97-8C82-D2FF3FE3FD8D.h5
train	TCGA-BLCA	TCGA-E7-A3Y1	TCGA-E7-A3Y1-01	TCGA-E7-A3Y1-01Z-00-DX1		/research/projects/mllab/WSI/extracted_features/TCGA-BLCA/TCGA-E7-A3Y1-01Z-00-DX1.D3E81A0B-1D20-4916-8872-81D469A1E276.h5
train	TCGA-BLCA	TCGA-E7-A5KF	TCGA-E7-A5KF-01	TCGA-E7-A5KF-01Z-00-DX1		/research/projects/mllab/WSI/extracted_features/TCGA-BLCA/TCGA-E7-A5KF-01Z-00-DX1.61663245-91CA-423F-9639-30B9F7E216C4.h5
train	TCGA-BLCA	TCGA-E7-A677	TCGA-E7-A677-01	TCGA-E7-A677-01Z-00-DX1		/research/projects/mllab/WSI/extracted_features/TCGA-BLCA/TCGA-E7-A677-01Z-00-DX1.D66285D0-F67B-4423-929B-DF34BBC55C80.h5
train	TCGA-BLCA	TCGA-E7-A678	TCGA-E7-A678-01	TCGA-E7-A678-01Z-00-DX1		/research/projects/mllab/WSI/extracted_features/TCGA-BLCA/TCGA-E7-A678-01Z-00-DX1.C589E72B-7214-4EE9-A796-869C2372DD67.h5
train	TCGA-BLCA	TCGA-E7-A6MF	TCGA-E7-A6MF-01	TCGA-E7-A6MF-01Z-00-DX1		/research/projects/mllab/WSI/extracted_features/TCGA-BLCA/TCGA-E7-A6MF-01Z-00-DX1.2B0C8CBF-3244-4D17-B9CA-3CBE000BEC29.h5
train	TCGA-BLCA	TCGA-E7-A7DU	TCGA-E7-A7DU-01	TCGA-E7-A7DU-01Z-00-DX1		/research/projects/mllab/WSI/extracted_features/TCGA-BLCA/TCGA-E7-A7DU-01Z-00-DX1.25C7F59E-1F03-47EF-9F17-DB9ADB16276E.h5
train	TCGA-BLCA	TCGA-E7-A7DV	TCGA-E7-A7DV-01	TCGA-E7-A7DV-01Z-00-DX1		/research/projects/mllab/WSI/extracted_features/TCGA-BLCA/TCGA-E7-A7DV-01Z-00-DX1.FCE4752B-30BC-4747-A9F4-38141E09F005.h5
train	TCGA-BLCA	TCGA-E7-A8O7	TCGA-E7-A8O7-01	TCGA-E7-A8O7-01Z-00-DX1		/research/projects/mllab/WSI/extracted_features/TCGA-BLCA/TCGA-E7-A8O7-01Z-00-DX1.E3D79C43-608D-40A1-9F65-0414FDF27741.h5
train	TCGA-BLCA	TCGA-FD-A5BX	TCGA-FD-A5BX-01	TCGA-FD-A5BX-01Z-00-DX1		/research/projects/mllab/WSI/extracted_features/TCGA-BLCA/TCGA-FD-A5BX-01Z-00-DX1.172B23F4-4651-4C93-93E1-D0E81331DCA7.h5
train	TCGA-BLCA	TCGA-FD-A62P	TCGA-FD-A62P-01	TCGA-FD-A62P-01Z-00-DX1		/research/projects/mllab/WSI/extracted_features/TCGA-BLCA/TCGA-FD-A62P-01Z-00-DX1.56B14555-896E-420A-AE8B-4E2D35D87871.h5
train	TCGA-BLCA	TCGA-FJ-A3ZF	TCGA-FJ-A3ZF-01	TCGA-FJ-A3ZF-01Z-00-DX1		/research/projects/mllab/WSI/extracted_features/TCGA-BLCA/TCGA-FJ-A3ZF-01Z-00-DX1.1B5E03AA-51A0-4E2B-A2B3-9652B1FA1D55.h5
train	TCGA-BLCA	TCGA-G2-AA3C	TCGA-G2-AA3C-01	TCGA-G2-AA3C-01Z-00-DX1		/research/projects/mllab/WSI/extracted_features/TCGA-BLCA/TCGA-G2-AA3C-01Z-00-DX1.D2CA01A1-A2F3-4624-A022-BAEA71AA67AC.h5
train	TCGA-BLCA	TCGA-HQ-A2OE	TCGA-HQ-A2OE-01	TCGA-HQ-A2OE-01Z-00-DX1		/research/projects/mllab/WSI/extracted_features/TCGA-BLCA/TCGA-HQ-A2OE-01Z-00-DX1.6F764592-DFDC-4636-BE91-3F1F92EE5A65.h5
train	TCGA-BLCA	TCGA-K4-A83P	TCGA-K4-A83P-01	TCGA-K4-A83P-01Z-00-DX1		/research/projects/mllab/WSI/extracted_features/TCGA-BLCA/TCGA-K4-A83P-01Z-00-DX1.6B9251BD-650E-4F69-BE8F-AB0BE5DC90FB.h5
train	TCGA-BLCA	TCGA-SY-A9G0	TCGA-SY-A9G0-01	TCGA-SY-A9G0-01Z-00-DX1		/research/projects/mllab/WSI/extracted_features/TCGA-BLCA/TCGA-SY-A9G0-01Z-00-DX1.6F019857-03C8-4B2B-8892-32CBF3EB303F.h5
train	TCGA-BLCA	TCGA-UY-A9PA	TCGA-UY-A9PA-01	TCGA-UY-A9PA-01Z-00-DX1		/research/projects/mllab/WSI/extracted_features/TCGA-BLCA/TCGA-UY-A9PA-01Z-00-DX1.A83A79FB-810C-42A4-8EC7-A3328D79542D.h5
train	TCGA-BLCA	TCGA-XF-A8HB	TCGA-XF-A8HB-01	TCGA-XF-A8HB-01Z-00-DX1		/research/projects/mllab/WSI/extracted_features/TCGA-BLCA/TCGA-XF-A8HB-01Z-00-DX1.D6874152-D20A-4CA4-8E8B-8CBAB5F7D7B5.h5
train	TCGA-BLCA	TCGA-XF-A9SU	TCGA-XF-A9SU-01	TCGA-XF-A9SU-01Z-00-DX1		/research/projects/mllab/WSI/extracted_features/TCGA-BLCA/TCGA-XF-A9SU-01Z-00-DX1.35E2DDBE-5BB9-443B-A3D5-20F77D1C6B92.h5
train	TCGA-BLCA	TCGA-XF-AAN8	TCGA-XF-AAN8-01	TCGA-XF-AAN8-01Z-00-DX1		/research/projects/mllab/WSI/extracted_features/TCGA-BLCA/TCGA-XF-AAN8-01Z-00-DX1.2962EEBB-A4F1-4958-85C9-480B7CA769A8.h5
train	TCGA-BRCA_IDC	TCGA-A2-A0CL	TCGA-A2-A0CL-01	TCGA-A2-A0CL-01Z-00-DX1		/research/projects/mllab/WSI/extracted_features/TCGA-BRCA_IDC/TCGA-A2-A0CL-01Z-00-DX1.5342E971-DCD2-42C4-B4FF-E6942A95829E.h5
train	TCGA-BRCA_IDC	TCGA-A2-A0T1	TCGA-A2-A0T1-01	TCGA-A2-A0T1-01Z-00-DX1		/research/projects/mllab/WSI/extracted_features/TCGA-BRCA_IDC/TCGA-A2-A0T1-01Z-00-DX1.CD1E9C46-18A3-466B-AA0B-24F3055FA851.h5
train	TCGA-BRCA_IDC	TCGA-A2-A0T3	TCGA-A2-A0T3-01	TCGA-A2-A0T3-01Z-00-DX1		/research/projects/mllab/WSI/extracted_features/TCGA-BRCA_IDC/TCGA-A2-A0T3-01Z-00-DX1.5E96BC87-F4FB-4ABA-8D81-FAB7F4A80661.h5
train	TCGA-BRCA_IDC	TCGA-A2-A3XW	TCGA-A2-A3XW-01	TCGA-A2-A3XW-01Z-00-DX1		/research/projects/mllab/WSI/extracted_features/TCGA-BRCA_IDC/TCGA-A2-A3XW-01Z-00-DX1.45F5F36F-5503-4A38-AF37-E526915A8DBE.h5
train	TCGA-BRCA_IDC	TCGA-A8-A06N	TCGA-A8-A06N-01	TCGA-A8-A06N-01Z-00-DX1		/research/projects/mllab/WSI/extracted_features/TCGA-BRCA_IDC/TCGA-A8-A06N-01Z-00-DX1.E25E65F8-DFE0-47CF-9FAB-B82EE8E321F7.h5
train	TCGA-BRCA_IDC	TCGA-A8-A07E	TCGA-A8-A07E-01	TCGA-A8-A07E-01Z-00-DX1		/research/projects/mllab/WSI/extracted_features/TCGA-BRCA_IDC/TCGA-A8-A07E-01Z-00-DX1.AC684481-979A-46F9-91D7-C56CE85992F2.h5
train	TCGA-BRCA_IDC	TCGA-A8-A099	TCGA-A8-A099-01	TCGA-A8-A099-01Z-00-DX1		/research/projects/mllab/WSI/extracted_features/TCGA-BRCA_IDC/TCGA-A8-A099-01Z-00-DX1.B19C28B5-FEBC-49B4-A60E-E6B85BB00DD7.h5
train	TCGA-BRCA_IDC	TCGA-A8-A09A	TCGA-A8-A09A-01	TCGA-A8-A09A-01Z-00-DX1		/research/projects/mllab/WSI/extracted_features/TCGA-BRCA_IDC/TCGA-A8-A09A-01Z-00-DX1.78773A6C-BA8A-46BE-AC2A-9C6FDAB45622.h5
train	TCGA-BRCA_IDC	TCGA-A8-A09C	TCGA-A8-A09C-01	TCGA-A8-A09C-01Z-00-DX1		/research/projects/mllab/WSI/extracted_features/TCGA-BRCA_IDC/TCGA-A8-A09C-01Z-00-DX1.19E0C0E9-0ED6-4E3A-95FE-A5778F5DDBCD.h5
train	TCGA-BRCA_IDC	TCGA-AO-A03T	TCGA-AO-A03T-01	TCGA-AO-A03T-01Z-00-DX1		/research/projects/mllab/WSI/extracted_features/TCGA-BRCA_IDC/TCGA-AO-A03T-01Z-00-DX1.8B75E203-6DC8-4AC9-A256-6FCB818DA0DD.h5
train	TCGA-BRCA_IDC	TCGA-AO-A0JB	TCGA-AO-A0JB-01	TCGA-AO-A0JB-01Z-00-DX1		/research/projects/mllab/WSI/extracted_features/TCGA-BRCA_IDC/TCGA-AO-A0JB-01Z-00-DX1.250FE098-345B-4981-9236-0519E1C9058E.h5
train	TCGA-BRCA_IDC	TCGA-AR-A1AO	TCGA-AR-A1AO-01	TCGA-AR-A1AO-01Z-00-DX1		/research/projects/mllab/WSI/extracted_features/TCGA-BRCA_IDC/TCGA-AR-A1AO-01Z-00-DX1.244DEE5B-0896-452F-A14D-E290260A9D8F.h5
train	TCGA-BRCA_IDC	TCGA-AR-A1AS	TCGA-AR-A1AS-01	TCGA-AR-A1AS-01Z-00-DX1		/research/projects/mllab/WSI/extracted_features/TCGA-BRCA_IDC/TCGA-AR-A1AS-01Z-00-DX1.72979519-0A90-42AD-9F23-1991F75C8CE7.h5
train	TCGA-BRCA_IDC	TCGA-AR-A252	TCGA-AR-A252-01	TCGA-AR-A252-01Z-00-DX1		/research/projects/mllab/WSI/extracted_features/TCGA-BRCA_IDC/TCGA-AR-A252-01Z-00-DX1.2E7EE069-A0B8-489B-A2F0-3175FB58F468.h5
train	TCGA-BRCA_IDC	TCGA-AR-A254	TCGA-AR-A254-01	TCGA-AR-A254-01Z-00-DX1		/research/projects/mllab/WSI/extracted_features/TCGA-BRCA_IDC/TCGA-AR-A254-01Z-00-DX1.EA5CD008-1106-41EC-998A-04EF08EEEC9D.h5
train	TCGA-BRCA_IDC	TCGA-B6-A0IC	TCGA-B6-A0IC-01	TCGA-B6-A0IC-01Z-00-DX1		/research/projects/mllab/WSI/extracted_features/TCGA-BRCA_IDC/TCGA-B6-A0IC-01Z-00-DX1.60ED7BBF-A448-4E4E-80F9-91527A697588.h5
train	TCGA-BRCA_IDC	TCGA-B6-A0IN	TCGA-B6-A0IN-01	TCGA-B6-A0IN-01Z-00-DX1		/research/projects/mllab/WSI/extracted_features/TCGA-BRCA_IDC/TCGA-B6-A0IN-01Z-00-DX1.5C1CBEF7-0C4A-4B22-A85B-6F6FD9435573.h5
train	TCGA-BRCA_IDC	TCGA-B6-A0RE	TCGA-B6-A0RE-01	TCGA-B6-A0RE-01Z-00-DX1		/research/projects/mllab/WSI/extracted_features/TCGA-BRCA_IDC/TCGA-B6-A0RE-01Z-00-DX1.8933BDB4-EF8D-41FA-9A50-05BB3AB976E5.h5
train	TCGA-BRCA_IDC	TCGA-B6-A0RM	TCGA-B6-A0RM-01	TCGA-B6-A0RM-01Z-00-DX1		/research/projects/mllab/WSI/extracted_features/TCGA-BRCA_IDC/TCGA-B6-A0RM-01Z-00-DX1.31DE3E32-7996-4D30-BB5F-72C94409C940.h5
train	TCGA-BRCA_IDC	TCGA-B6-A0WS	TCGA-B6-A0WS-01	TCGA-B6-A0WS-01Z-00-DX1		/research/projects/mllab/WSI/extracted_features/TCGA-BRCA_IDC/TCGA-B6-A0WS-01Z-00-DX1.020ED7BF-9497-4F13-AA07-FE0E839F9A06.h5
train	TCGA-BRCA_IDC	TCGA-B6-A0WW	TCGA-B6-A0WW-01	TCGA-B6-A0WW-01Z-00-DX1		/research/projects/mllab/WSI/extracted_features/TCGA-BRCA_IDC/TCGA-B6-A0WW-01Z-00-DX1.64048633-1D1A-4074-8C50-7641159355DB.h5
train	TCGA-BRCA_IDC	TCGA-B6-A0X7	TCGA-B6-A0X7-01	TCGA-B6-A0X7-01Z-00-DX1		/research/projects/mllab/WSI/extracted_features/TCGA-BRCA_IDC/TCGA-B6-A0X7-01Z-00-DX1.A2AA8FE9-CF43-434A-AE72-7277D124BD0A.h5
train	TCGA-BRCA_IDC	TCGA-BH-A1F0	TCGA-BH-A1F0-01	TCGA-BH-A1F0-01Z-00-DX1		/research/projects/mllab/WSI/extracted_features/TCGA-BRCA_IDC/TCGA-BH-A1F0-01Z-00-DX1.E1557A67-230A-4337-AEC8-158258A917FF.h5
train	TCGA-BRCA_IDC	TCGA-BH-A1FU	TCGA-BH-A1FU-01	TCGA-BH-A1FU-01Z-00-DX1		/research/projects/mllab/WSI/extracted_features/TCGA-BRCA_IDC/TCGA-BH-A1FU-01Z-00-DX1.3D195750-8C9E-48C6-92EC-44AC6AB56267.h5
train	TCGA-BRCA_IDC	TCGA-BH-A208	TCGA-BH-A208-01	TCGA-BH-A208-01Z-00-DX1		/research/projects/mllab/WSI/extracted_features/TCGA-BRCA_IDC/TCGA-BH-A208-01Z-00-DX1.C7A2885D-0535-4506-B06E-82BC62D6DFE9.h5
train	TCGA-BRCA_IDC	TCGA-D8-A1X5	TCGA-D8-A1X5-01	TCGA-D8-A1X5-01Z-00-DX1		/research/projects/mllab/WSI/extracted_features/TCGA-BRCA_IDC/TCGA-D8-A1X5-01Z-00-DX1.81B10B43-0D99-44D0-A245-D652041B8FEE.h5
train	TCGA-BRCA_IDC	TCGA-E2-A108	TCGA-E2-A108-01	TCGA-E2-A108-01Z-00-DX1		/research/projects/mllab/WSI/extracted_features/TCGA-BRCA_IDC/TCGA-E2-A108-01Z-00-DX1.B110ED43-08A4-476A-A658-1CA75F7C0DDE.h5
train	TCGA-BRCA_IDC	TCGA-EW-A1P1	TCGA-EW-A1P1-01	TCGA-EW-A1P1-01Z-00-DX1		/research/projects/mllab/WSI/extracted_features/TCGA-BRCA_IDC/TCGA-EW-A1P1-01Z-00-DX1.4B670029-4B3B-4D76-8EA4-F4F29EEF9E37.h5
train	TCGA-BRCA_IDC	TCGA-EW-A1P7	TCGA-EW-A1P7-01	TCGA-EW-A1P7-01Z-00-DX1		/research/projects/mllab/WSI/extracted_features/TCGA-BRCA_IDC/TCGA-EW-A1P7-01Z-00-DX1.97575C9F-C318-45A5-A4B7-1A902B93FA3F.h5
train	TCGA-BRCA_IDC	TCGA-EW-A6SB	TCGA-EW-A6SB-01	TCGA-EW-A6SB-01Z-00-DX1		/research/projects/mllab/WSI/extracted_features/TCGA-BRCA_IDC/TCGA-EW-A6SB-01Z-00-DX1.D56E1922-01A9-4AEE-AB95-D69447DD13EE.h5
train	TCGA-BRCA_IDC	TCGA-GM-A2DD	TCGA-GM-A2DD-01	TCGA-GM-A2DD-01Z-00-DX1		/research/projects/mllab/WSI/extracted_features/TCGA-BRCA_IDC/TCGA-GM-A2DD-01Z-00-DX1.01332FF3-7488-41B7-A515-7841715DE92B.h5
train	TCGA-BRCA_IDC	TCGA-LD-A9QF	TCGA-LD-A9QF-01	TCGA-LD-A9QF-01Z-00-DX1		/research/projects/mllab/WSI/extracted_features/TCGA-BRCA_IDC/TCGA-LD-A9QF-01Z-00-DX1.092108DF-1A60-459E-ACE6-5A71826A98D1.h5
train	TCGA-BRCA_IDC	TCGA-LL-A73Z	TCGA-LL-A73Z-01	TCGA-LL-A73Z-01Z-00-DX1		/research/projects/mllab/WSI/extracted_features/TCGA-BRCA_IDC/TCGA-LL-A73Z-01Z-00-DX1.C010142E-29C0-411D-9E0E-4B7D8A4C09BF.h5
train	TCGA-BRCA_IDC	TCGA-OL-A5D6	TCGA-OL-A5D6-01	TCGA-OL-A5D6-01Z-00-DX1		/research/projects/mllab/WSI/extracted_features/TCGA-BRCA_IDC/TCGA-OL-A5D6-01Z-00-DX1.6B11331B-4A0D-4E13-B054-A5C7A6FC3AAC.h5
train	TCGA-BRCA_IDC	TCGA-PL-A8LY	TCGA-PL-A8LY-01	TCGA-PL-A8LY-01A-01-DX1		/research/projects/mllab/WSI/extracted_features/TCGA-BRCA_IDC/TCGA-PL-A8LY-01A-01-DX1.32047D5E-8A42-480A-B2B8-A56B47B949FD.h5
train	TCGA-BRCA_IDC	TCGA-S3-AA17	TCGA-S3-AA17-01	TCGA-S3-AA17-01Z-00-DX1		/research/projects/mllab/WSI/extracted_features/TCGA-BRCA_IDC/TCGA-S3-AA17-01Z-00-DX1.9B7DC02E-ECB2-4403-A894-F418AD452E49.h5
train	TCGA-BRCA_OTHERS	TCGA-A1-A0SB	TCGA-A1-A0SB-01	TCGA-A1-A0SB-01Z-00-DX1		/research/projects/mllab/WSI/extracted_features/TCGA-BRCA_OTHERS/TCGA-A1-A0SB-01Z-00-DX1.B34C267B-CAAA-4AB6-AD5C-276C26F997A1.h5
train	TCGA-BRCA_OTHERS	TCGA-A2-A0YK	TCGA-A2-A0YK-01	TCGA-A2-A0YK-01Z-00-DX1		/research/projects/mllab/WSI/extracted_features/TCGA-BRCA_OTHERS/TCGA-A2-A0YK-01Z-00-DX1.FB23FC30-B3B2-452A-A6B0-94129B333207.h5
train	TCGA-BRCA_OTHERS	TCGA-A2-A25A	TCGA-A2-A25A-01	TCGA-A2-A25A-01Z-00-DX1		/research/projects/mllab/WSI/extracted_features/TCGA-BRCA_OTHERS/TCGA-A2-A25A-01Z-00-DX1.6D311E39-9F96-4775-B9DA-8D034D1AD1DC.h5
train	TCGA-BRCA_OTHERS	TCGA-A2-A4S1	TCGA-A2-A4S1-01	TCGA-A2-A4S1-01Z-00-DX1		/research/projects/mllab/WSI/extracted_features/TCGA-BRCA_OTHERS/TCGA-A2-A4S1-01Z-00-DX1.C69B14F6-5021-4FD8-8F2D-70227A5DA2B1.h5
train	TCGA-BRCA_OTHERS	TCGA-A8-A08J	TCGA-A8-A08J-01	TCGA-A8-A08J-01Z-00-DX1		/research/projects/mllab/WSI/extracted_features/TCGA-BRCA_OTHERS/TCGA-A8-A08J-01Z-00-DX1.4607286A-033B-4C44-8306-50DB9C596166.h5
train	TCGA-BRCA_OTHERS	TCGA-A8-A09T	TCGA-A8-A09T-01	TCGA-A8-A09T-01Z-00-DX1		/research/projects/mllab/WSI/extracted_features/TCGA-BRCA_OTHERS/TCGA-A8-A09T-01Z-00-DX1.4183BBA4-AF11-4602-9EC2-35083C34A393.h5
train	TCGA-BRCA_OTHERS	TCGA-A8-A09X	TCGA-A8-A09X-01	TCGA-A8-A09X-01Z-00-DX1		/research/projects/mllab/WSI/extracted_features/TCGA-BRCA_OTHERS/TCGA-A8-A09X-01Z-00-DX1.17B5BE28-944F-427B-8F90-44885C3EDD36.h5
train	TCGA-BRCA_OTHERS	TCGA-A8-A09Z	TCGA-A8-A09Z-01	TCGA-A8-A09Z-01Z-00-DX1		/research/projects/mllab/WSI/extracted_features/TCGA-BRCA_OTHERS/TCGA-A8-A09Z-01Z-00-DX1.D56497BE-5099-4537-9600-60F3213F7BF5.h5
train	TCGA-BRCA_OTHERS	TCGA-A8-A0A7	TCGA-A8-A0A7-01	TCGA-A8-A0A7-01Z-00-DX1		/research/projects/mllab/WSI/extracted_features/TCGA-BRCA_OTHERS/TCGA-A8-A0A7-01Z-00-DX1.A0FD4EEF-B536-47C1-BDA1-7AC71BA3E978.h5
train	TCGA-BRCA_OTHERS	TCGA-AC-A2FE	TCGA-AC-A2FE-01	TCGA-AC-A2FE-01Z-00-DX1		/research/projects/mllab/WSI/extracted_features/TCGA-BRCA_OTHERS/TCGA-AC-A2FE-01Z-00-DX1.C036AE58-3C0D-4DBF-B658-296D03FD6701.h5
train	TCGA-BRCA_OTHERS	TCGA-AC-A3W5	TCGA-AC-A3W5-01	TCGA-AC-A3W5-01Z-00-DX1		/research/projects/mllab/WSI/extracted_features/TCGA-BRCA_OTHERS/TCGA-AC-A3W5-01Z-00-DX1.522F702C-776E-45F1-84D3-1648DF04137C.h5
train	TCGA-BRCA_OTHERS	TCGA-AC-A3YI	TCGA-AC-A3YI-01	TCGA-AC-A3YI-01Z-00-DX1		/research/projects/mllab/WSI/extracted_features/TCGA-BRCA_OTHERS/TCGA-AC-A3YI-01Z-00-DX1.321C0A32-ABF9-48ED-8071-C6B1774E9F7B.h5
train	TCGA-BRCA_OTHERS	TCGA-AO-A1KO	TCGA-AO-A1KO-01	TCGA-AO-A1KO-01Z-00-DX1		/research/projects/mllab/WSI/extracted_features/TCGA-BRCA_OTHERS/TCGA-AO-A1KO-01Z-00-DX1.EEB5E0A0-92B2-42CD-9F7A-00E9250B561F.h5
train	TCGA-BRCA_OTHERS	TCGA-AR-A1AL	TCGA-AR-A1AL-01	TCGA-AR-A1AL-01Z-00-DX1		/research/projects/mllab/WSI/extracted_features/TCGA-BRCA_OTHERS/TCGA-AR-A1AL-01Z-00-DX1.0970370F-6D4B-449A-AF33-76355DD99F91.h5
train	TCGA-BRCA_OTHERS	TCGA-AR-A24T	TCGA-AR-A24T-01	TCGA-AR-A24T-01Z-00-DX1		/research/projects/mllab/WSI/extracted_features/TCGA-BRCA_OTHERS/TCGA-AR-A24T-01Z-00-DX1.3B325D54-38EC-4E16-BDE1-628894CC15AA.h5
train	TCGA-BRCA_OTHERS	TCGA-AR-A2LH	TCGA-AR-A2LH-01	TCGA-AR-A2LH-01Z-00-DX1		/research/projects/mllab/WSI/extracted_features/TCGA-BRCA_OTHERS/TCGA-AR-A2LH-01Z-00-DX1.40D4FD67-FB13-46D9-A202-56A5791EA11C.h5
train	TCGA-BRCA_OTHERS	TCGA-AR-A2LQ	TCGA-AR-A2LQ-01	TCGA-AR-A2LQ-01Z-00-DX1		/research/projects/mllab/WSI/extracted_features/TCGA-BRCA_OTHERS/TCGA-AR-A2LQ-01Z-00-DX1.2F579E62-69A8-40F4-A516-542C7C808628.h5
train	TCGA-BRCA_OTHERS	TCGA-AR-A5QQ	TCGA-AR-A5QQ-01	TCGA-AR-A5QQ-01Z-00-DX1		/research/projects/mllab/WSI/extracted_features/TCGA-BRCA_OTHERS/TCGA-AR-A5QQ-01Z-00-DX1.4185D6D2-498E-4E71-8CB3-EDB4739C6229.h5
train	TCGA-BRCA_OTHERS	TCGA-B6-A0RQ	TCGA-B6-A0RQ-01	TCGA-B6-A0RQ-01Z-00-DX1		/research/projects/mllab/WSI/extracted_features/TCGA-BRCA_OTHERS/TCGA-B6-A0RQ-01Z-00-DX1.68B4F49D-9F81-4501-BC66-0349012077C8.h5
train	TCGA-BRCA_OTHERS	TCGA-BH-A1F2	TCGA-BH-A1F2-01	TCGA-BH-A1F2-01Z-00-DX1		/research/projects/mllab/WSI/extracted_features/TCGA-BRCA_OTHERS/TCGA-BH-A1F2-01Z-00-DX1.17E2FD6F-0DCF-425B-864B-21ADCDAE734B.h5
train	TCGA-BRCA_OTHERS	TCGA-BH-A42U	TCGA-BH-A42U-01	TCGA-BH-A42U-01Z-00-DX1		/research/projects/mllab/WSI/extracted_features/TCGA-BRCA_OTHERS/TCGA-BH-A42U-01Z-00-DX1.130D060A-3DD8-407E-B8B0-EBBF743491AE.h5
train	TCGA-BRCA_OTHERS	TCGA-C8-A8HP	TCGA-C8-A8HP-01	TCGA-C8-A8HP-01Z-00-DX1		/research/projects/mllab/WSI/extracted_features/TCGA-BRCA_OTHERS/TCGA-C8-A8HP-01Z-00-DX1.B6EE8271-2E51-4184-9B0C-2ADA69B4A714.h5
train	TCGA-BRCA_OTHERS	TCGA-C8-A8HR	TCGA-C8-A8HR-01	TCGA-C8-A8HR-01Z-00-DX1		/research/projects/mllab/WSI/extracted_features/TCGA-BRCA_OTHERS/TCGA-C8-A8HR-01Z-00-DX1.8E841CA8-1CE2-4242-AC5A-3247075CF8F4.h5
train	TCGA-BRCA_OTHERS	TCGA-D8-A4Z1	TCGA-D8-A4Z1-01	TCGA-D8-A4Z1-01Z-00-DX1		/research/projects/mllab/WSI/extracted_features/TCGA-BRCA_OTHERS/TCGA-D8-A4Z1-01Z-00-DX1.D39D38B5-FC9F-4298-8720-016407DC6591.h5
train	TCGA-BRCA_OTHERS	TCGA-E2-A1B5	TCGA-E2-A1B5-01	TCGA-E2-A1B5-01Z-00-DX1		/research/projects/mllab/WSI/extracted_features/TCGA-BRCA_OTHERS/TCGA-E2-A1B5-01Z-00-DX1.AB19FF3D-5C42-4D49-ABEA-D2315709B6EA.h5
train	TCGA-BRCA_OTHERS	TCGA-E9-A1N4	TCGA-E9-A1N4-01	TCGA-E9-A1N4-01Z-00-DX1		/research/projects/mllab/WSI/extracted_features/TCGA-BRCA_OTHERS/TCGA-E9-A1N4-01Z-00-DX1.71c8d4a5-ec99-4012-9fe2-ddb3349ad5bc.h5
train	TCGA-BRCA_OTHERS	TCGA-E9-A2JT	TCGA-E9-A2JT-01	TCGA-E9-A2JT-01Z-00-DX1		/research/projects/mllab/WSI/extracted_features/TCGA-BRCA_OTHERS/TCGA-E9-A2JT-01Z-00-DX1.49C2B936-3B1A-4014-8B43-26D483DEF53A.h5
train	TCGA-BRCA_OTHERS	TCGA-EW-A1PG	TCGA-EW-A1PG-01	TCGA-EW-A1PG-01Z-00-DX1		/research/projects/mllab/WSI/extracted_features/TCGA-BRCA_OTHERS/TCGA-EW-A1PG-01Z-00-DX1.A31B2048-D04D-467C-A9E4-6A63942A58C6.h5
train	TCGA-BRCA_OTHERS	TCGA-GM-A2DO	TCGA-GM-A2DO-01	TCGA-GM-A2DO-01Z-00-DX1		/research/projects/mllab/WSI/extracted_features/TCGA-BRCA_OTHERS/TCGA-GM-A2DO-01Z-00-DX1.60817A51-93B7-483D-ABC9-8ED6341C6660.h5
train	TCGA-BRCA_OTHERS	TCGA-LD-A74U	TCGA-LD-A74U-01	TCGA-LD-A74U-01Z-00-DX1		/research/projects/mllab/WSI/extracted_features/TCGA-BRCA_OTHERS/TCGA-LD-A74U-01Z-00-DX1.F3C1EBBB-4AED-49A9-A8D2-B6145E162BE4.h5
train	TCGA-BRCA_OTHERS	TCGA-LL-A440	TCGA-LL-A440-01	TCGA-LL-A440-01Z-00-DX1		/research/projects/mllab/WSI/extracted_features/TCGA-BRCA_OTHERS/TCGA-LL-A440-01Z-00-DX1.6E031FD6-236C-49FA-B920-4CB120C59037.h5
train	TCGA-BRCA_OTHERS	TCGA-LL-A9Q3	TCGA-LL-A9Q3-01	TCGA-LL-A9Q3-01Z-00-DX1		/research/projects/mllab/WSI/extracted_features/TCGA-BRCA_OTHERS/TCGA-LL-A9Q3-01Z-00-DX1.94FA76F5-008A-401B-BFDC-817804BAE5F6.h5
train	TCGA-BRCA_OTHERS	TCGA-OK-A5Q2	TCGA-OK-A5Q2-01	TCGA-OK-A5Q2-01Z-00-DX1		/research/projects/mllab/WSI/extracted_features/TCGA-BRCA_OTHERS/TCGA-OK-A5Q2-01Z-00-DX1.0D169898-37C6-44CA-AC87-27887123AA6F.h5
train	TCGA-BRCA_OTHERS	TCGA-OL-A66H	TCGA-OL-A66H-01	TCGA-OL-A66H-01Z-00-DX1		/research/projects/mllab/WSI/extracted_features/TCGA-BRCA_OTHERS/TCGA-OL-A66H-01Z-00-DX1.E54AF3FA-E59E-404C-BB83-A6FC6FC9B312.h5
train	TCGA-BRCA_OTHERS	TCGA-OL-A97C	TCGA-OL-A97C-01	TCGA-OL-A97C-01Z-00-DX1		/research/projects/mllab/WSI/extracted_features/TCGA-BRCA_OTHERS/TCGA-OL-A97C-01Z-00-DX1.BDEEDEE2-6D07-4046-A8A9-D6FF8F337393.h5
train	TCGA-BRCA_OTHERS	TCGA-Z7-A8R5	TCGA-Z7-A8R5-01	TCGA-Z7-A8R5-01Z-00-DX1		/research/projects/mllab/WSI/extracted_features/TCGA-BRCA_OTHERS/TCGA-Z7-A8R5-01Z-00-DX1.3BDB407F-514C-4131-B058-FA1E69154276.h5
train	TCGA-CESC	TCGA-BI-A20A	TCGA-BI-A20A-01	TCGA-BI-A20A-01Z-00-DX1		/research/projects/mllab/WSI/extracted_features/TCGA-CESC/TCGA-BI-A20A-01Z-00-DX1.308DB77E-2A99-4E4F-B231-F88A0E1AA145.h5
train	TCGA-CESC	TCGA-C5-A1BF	TCGA-C5-A1BF-01	TCGA-C5-A1BF-01Z-00-DX1		/research/projects/mllab/WSI/extracted_features/TCGA-CESC/TCGA-C5-A1BF-01Z-00-DX1.293186DB-FB68-4C45-91FC-5C0A789B1D2D.h5
train	TCGA-CESC	TCGA-C5-A1ME	TCGA-C5-A1ME-01	TCGA-C5-A1ME-01Z-00-DX1		/research/projects/mllab/WSI/extracted_features/TCGA-CESC/TCGA-C5-A1ME-01Z-00-DX1.44645529-F452-49AD-8044-0C43DDBAE774.h5
train	TCGA-CESC	TCGA-C5-A2LS	TCGA-C5-A2LS-01	TCGA-C5-A2LS-01Z-00-DX1		/research/projects/mllab/WSI/extracted_features/TCGA-CESC/TCGA-C5-A2LS-01Z-00-DX1.9856EC9C-04C8-4784-B294-0D515F20A6AF.h5
train	TCGA-CESC	TCGA-C5-A2M2	TCGA-C5-A2M2-01	TCGA-C5-A2M2-01Z-00-DX1		/research/projects/mllab/WSI/extracted_features/TCGA-CESC/TCGA-C5-A2M2-01Z-00-DX1.145589C8-870A-49BD-BC54-A8951E2DEDE3.h5
train	TCGA-CESC	TCGA-DG-A2KH	TCGA-DG-A2KH-01	TCGA-DG-A2KH-01Z-00-DX1		/research/projects/mllab/WSI/extracted_features/TCGA-CESC/TCGA-DG-A2KH-01Z-00-DX1.A223508A-D3EE-4EB0-9578-C8926FF625E3.h5
train	TCGA-CESC	TCGA-DG-A2KL	TCGA-DG-A2KL-01	TCGA-DG-A2KL-01Z-00-DX1		/research/projects/mllab/WSI/extracted_features/TCGA-CESC/TCGA-DG-A2KL-01Z-00-DX1.BB898567-DB9E-45B3-BFF2-EE4EC2B4B5BC.h5
train	TCGA-CESC	TCGA-DG-A2KM	TCGA-DG-A2KM-01	TCGA-DG-A2KM-01Z-00-DX1		/research/projects/mllab/WSI/extracted_features/TCGA-CESC/TCGA-DG-A2KM-01Z-00-DX1.58F88374-0268-4314-B75D-BF04DA186995.h5
train	TCGA-CESC	TCGA-EA-A3HT	TCGA-EA-A3HT-01	TCGA-EA-A3HT-01Z-00-DX1		/research/projects/mllab/WSI/extracted_features/TCGA-CESC/TCGA-EA-A3HT-01Z-00-DX1.6B374081-2ECB-4973-8AE7-BF8FA9F00BBC.h5
train	TCGA-CESC	TCGA-EX-A1H6	TCGA-EX-A1H6-01	TCGA-EX-A1H6-01Z-00-DX1		/research/projects/mllab/WSI/extracted_features/TCGA-CESC/TCGA-EX-A1H6-01Z-00-DX1.C7BFF24E-B6DD-41D9-BACF-CE64989FC10A.h5
train	TCGA-CESC	TCGA-EX-A449	TCGA-EX-A449-01	TCGA-EX-A449-01Z-00-DX1		/research/projects/mllab/WSI/extracted_features/TCGA-CESC/TCGA-EX-A449-01Z-00-DX1.5B2B2644-D7DB-4309-BF64-F40EADFA21ED.h5
train	TCGA-CESC	TCGA-FU-A3YQ	TCGA-FU-A3YQ-01	TCGA-FU-A3YQ-01Z-00-DX1		/research/projects/mllab/WSI/extracted_features/TCGA-CESC/TCGA-FU-A3YQ-01Z-00-DX1.6ABB4FDF-5335-48DF-8B0B-B167E673D52B.h5
train	TCGA-CESC	TCGA-IR-A3LH	TCGA-IR-A3LH-01	TCGA-IR-A3LH-01Z-00-DX1		/research/projects/mllab/WSI/extracted_features/TCGA-CESC/TCGA-IR-A3LH-01Z-00-DX1.38CF2E11-DE1E-4E24-964C-34861E76F9CC.h5
train	TCGA-CESC	TCGA-JW-A5VH	TCGA-JW-A5VH-01	TCGA-JW-A5VH-01Z-00-DX1		/research/projects/mllab/WSI/extracted_features/TCGA-CESC/TCGA-JW-A5VH-01Z-00-DX1.1A81423C-5E6B-4766-947B-E7E32A7CDBA6.h5
train	TCGA-CESC	TCGA-JW-A69B	TCGA-JW-A69B-01	TCGA-JW-A69B-01Z-00-DX1		/research/projects/mllab/WSI/extracted_features/TCGA-CESC/TCGA-JW-A69B-01Z-00-DX1.1C01BC3B-4DC2-4589-8940-10DFCCB2CF22.h5
train	TCGA-CESC	TCGA-LP-A4AW	TCGA-LP-A4AW-01	TCGA-LP-A4AW-01Z-00-DX1		/research/projects/mllab/WSI/extracted_features/TCGA-CESC/TCGA-LP-A4AW-01Z-00-DX1.EBEB0F74-3F52-4A55-8633-08B3DBA3D731.h5
train	TCGA-CESC	TCGA-MA-AA3Z	TCGA-MA-AA3Z-01	TCGA-MA-AA3Z-01Z-00-DX1		/research/projects/mllab/WSI/extracted_features/TCGA-CESC/TCGA-MA-AA3Z-01Z-00-DX1.5A2321A9-7174-4B3E-9A2D-C4790E5EECBC.h5
train	TCGA-CESC	TCGA-MY-A5BD	TCGA-MY-A5BD-01	TCGA-MY-A5BD-01Z-00-DX1		/research/projects/mllab/WSI/extracted_features/TCGA-CESC/TCGA-MY-A5BD-01Z-00-DX1.E7DFAEEE-649B-47F5-A9E0-F0EE85680E45.h5
train	TCGA-CESC	TCGA-MY-A5BF	TCGA-MY-A5BF-01	TCGA-MY-A5BF-01Z-00-DX1		/research/projects/mllab/WSI/extracted_features/TCGA-CESC/TCGA-MY-A5BF-01Z-00-DX1.EBA36CA2-14D7-45C5-BE6D-FF35B69079FF.h5
train	TCGA-CESC	TCGA-Q1-A6DW	TCGA-Q1-A6DW-01	TCGA-Q1-A6DW-01Z-00-DX1		/research/projects/mllab/WSI/extracted_features/TCGA-CESC/TCGA-Q1-A6DW-01Z-00-DX1.5F92312A-1AAF-419F-9D1A-196A6C0D5337.h5
train	TCGA-CESC	TCGA-Q1-A73O	TCGA-Q1-A73O-01	TCGA-Q1-A73O-01Z-00-DX1		/research/projects/mllab/WSI/extracted_features/TCGA-CESC/TCGA-Q1-A73O-01Z-00-DX1.305629EA-C987-4464-A4AD-730DFEB6CD0C.h5
train	TCGA-CESC	TCGA-Q1-A73Q	TCGA-Q1-A73Q-01	TCGA-Q1-A73Q-01Z-00-DX1		/research/projects/mllab/WSI/extracted_features/TCGA-CESC/TCGA-Q1-A73Q-01Z-00-DX1.E39029C5-48EE-466B-A11B-B884A83250F5.h5
train	TCGA-CESC	TCGA-RA-A741	TCGA-RA-A741-01	TCGA-RA-A741-01Z-00-DX1		/research/projects/mllab/WSI/extracted_features/TCGA-CESC/TCGA-RA-A741-01Z-00-DX1.E14092BA-D4CE-4AD6-ACD7-D463D7C4DE71.h5
train	TCGA-CESC	TCGA-VS-A8EB	TCGA-VS-A8EB-01	TCGA-VS-A8EB-01Z-00-DX1		/research/projects/mllab/WSI/extracted_features/TCGA-CESC/TCGA-VS-A8EB-01Z-00-DX1.1272EB5E-4A07-4F3B-B8DA-2574DEC130C5.h5
train	TCGA-CESC	TCGA-VS-A8EG	TCGA-VS-A8EG-01	TCGA-VS-A8EG-01Z-00-DX1		/research/projects/mllab/WSI/extracted_features/TCGA-CESC/TCGA-VS-A8EG-01Z-00-DX1.B7697DF5-A36B-43A3-B043-A0CC174AFA78.h5
train	TCGA-CESC	TCGA-VS-A8EI	TCGA-VS-A8EI-01	TCGA-VS-A8EI-01Z-00-DX1		/research/projects/mllab/WSI/extracted_features/TCGA-CESC/TCGA-VS-A8EI-01Z-00-DX1.8DD9CBFB-C3B2-48D0-ADEE-046197F481A7.h5
train	TCGA-CESC	TCGA-VS-A8QA	TCGA-VS-A8QA-01	TCGA-VS-A8QA-01Z-00-DX1		/research/projects/mllab/WSI/extracted_features/TCGA-CESC/TCGA-VS-A8QA-01Z-00-DX1.9102E5FD-BD2E-403F-8C36-BB9D7110FE18.h5
train	TCGA-CESC	TCGA-VS-A8QM	TCGA-VS-A8QM-01	TCGA-VS-A8QM-01Z-00-DX1		/research/projects/mllab/WSI/extracted_features/TCGA-CESC/TCGA-VS-A8QM-01Z-00-DX1.F226D97A-0262-406E-BA4C-722A0732B22F.h5
train	TCGA-CESC	TCGA-VS-A94Y	TCGA-VS-A94Y-01	TCGA-VS-A94Y-01Z-00-DX1		/research/projects/mllab/WSI/extracted_features/TCGA-CESC/TCGA-VS-A94Y-01Z-00-DX1.0A4D4E4D-DD01-4692-BE70-1D08CC648361.h5
train	TCGA-CESC	TCGA-VS-A953	TCGA-VS-A953-01	TCGA-VS-A953-01Z-00-DX1		/research/projects/mllab/WSI/extracted_features/TCGA-CESC/TCGA-VS-A953-01Z-00-DX1.95BEC6B5-866C-4F17-B8C6-9BB53730F73E.h5
train	TCGA-CESC	TCGA-VS-A9U6	TCGA-VS-A9U6-01	TCGA-VS-A9U6-01Z-00-DX1		/research/projects/mllab/WSI/extracted_features/TCGA-CESC/TCGA-VS-A9U6-01Z-00-DX1.8F1DA05E-6EDD-4B5E-B4A0-2A307A89E66F.h5
train	TCGA-CESC	TCGA-VS-A9UH	TCGA-VS-A9UH-01	TCGA-VS-A9UH-01Z-00-DX1		/research/projects/mllab/WSI/extracted_features/TCGA-CESC/TCGA-VS-A9UH-01Z-00-DX1.CB6C2531-2041-477C-9524-3DB427BB3B23.h5
train	TCGA-CESC	TCGA-VS-A9UI	TCGA-VS-A9UI-01	TCGA-VS-A9UI-01Z-00-DX1		/research/projects/mllab/WSI/extracted_features/TCGA-CESC/TCGA-VS-A9UI-01Z-00-DX1.271BEF13-444B-42F5-86C3-FF30D7BFD9E0.h5
train	TCGA-CESC	TCGA-VS-A9UJ	TCGA-VS-A9UJ-01	TCGA-VS-A9UJ-01Z-00-DX1		/research/projects/mllab/WSI/extracted_features/TCGA-CESC/TCGA-VS-A9UJ-01Z-00-DX1.6B3D2EB0-9B0B-4B38-ADFB-AB88E69273D6.h5
train	TCGA-CESC	TCGA-VS-A9UR	TCGA-VS-A9UR-01	TCGA-VS-A9UR-01Z-00-DX1		/research/projects/mllab/WSI/extracted_features/TCGA-CESC/TCGA-VS-A9UR-01Z-00-DX1.8475AB5B-6699-4F92-B5F8-7B8A7DF61942.h5
train	TCGA-CESC	TCGA-ZJ-A8QR	TCGA-ZJ-A8QR-01	TCGA-ZJ-A8QR-01Z-00-DX1		/research/projects/mllab/WSI/extracted_features/TCGA-CESC/TCGA-ZJ-A8QR-01Z-00-DX1.93187552-A4A9-4A48-BDED-C7B8EE8197DC.h5
train	TCGA-CHOL	TCGA-3X-AAV9	TCGA-3X-AAV9-01	TCGA-3X-AAV9-01Z-00-DX1		/research/projects/mllab/WSI/extracted_features/TCGA-CHOL/TCGA-3X-AAV9-01Z-00-DX1.308BB261-7A52-434F-94E6-F07379F43A1B.h5
train	TCGA-CHOL	TCGA-3X-AAVA	TCGA-3X-AAVA-01	TCGA-3X-AAVA-01Z-00-DX1		/research/projects/mllab/WSI/extracted_features/TCGA-CHOL/TCGA-3X-AAVA-01Z-00-DX1.A04F5D5B-5D2B-478E-90BE-572DC5E3FAE6.h5
train	TCGA-CHOL	TCGA-3X-AAVB	TCGA-3X-AAVB-01	TCGA-3X-AAVB-01Z-00-DX1		/research/projects/mllab/WSI/extracted_features/TCGA-CHOL/TCGA-3X-AAVB-01Z-00-DX1.E3ACE310-E861-488D-A1BC-8BF59AE1778E.h5
train	TCGA-CHOL	TCGA-3X-AAVC	TCGA-3X-AAVC-01	TCGA-3X-AAVC-01Z-00-DX1		/research/projects/mllab/WSI/extracted_features/TCGA-CHOL/TCGA-3X-AAVC-01Z-00-DX1.4E5A22D6-108E-48E1-B7F3-A99B52A0DB18.h5
train	TCGA-CHOL	TCGA-4G-AAZO	TCGA-4G-AAZO-01	TCGA-4G-AAZO-01Z-00-DX1		/research/projects/mllab/WSI/extracted_features/TCGA-CHOL/TCGA-4G-AAZO-01Z-00-DX1.B3E01FF4-2D88-49D5-8D09-582B68B2EA12.h5
train	TCGA-CHOL	TCGA-4G-AAZT	TCGA-4G-AAZT-01	TCGA-4G-AAZT-01Z-00-DX1		/research/projects/mllab/WSI/extracted_features/TCGA-CHOL/TCGA-4G-AAZT-01Z-00-DX1.2E91D9BC-6C6A-4357-83F8-E27E28C958D0.h5
train	TCGA-CHOL	TCGA-W5-AA2G	TCGA-W5-AA2G-01	TCGA-W5-AA2G-01Z-00-DX1		/research/projects/mllab/WSI/extracted_features/TCGA-CHOL/TCGA-W5-AA2G-01Z-00-DX1.DA30CC19-6DDF-4A23-8FC6-D800155FAAC5.h5
train	TCGA-CHOL	TCGA-W5-AA2H	TCGA-W5-AA2H-01	TCGA-W5-AA2H-01Z-00-DX1		/research/projects/mllab/WSI/extracted_features/TCGA-CHOL/TCGA-W5-AA2H-01Z-00-DX1.55FD7D7E-F9AE-4102-A85A-9D45202DFA1C.h5
train	TCGA-CHOL	TCGA-W5-AA2O	TCGA-W5-AA2O-01	TCGA-W5-AA2O-01Z-00-DX1		/research/projects/mllab/WSI/extracted_features/TCGA-CHOL/TCGA-W5-AA2O-01Z-00-DX1.2A089837-4C85-492B-8EB3-F7C51B8ADF55.h5
train	TCGA-CHOL	TCGA-W5-AA2Q	TCGA-W5-AA2Q-01	TCGA-W5-AA2Q-01Z-00-DX1		/research/projects/mllab/WSI/extracted_features/TCGA-CHOL/TCGA-W5-AA2Q-01Z-00-DX1.6548C6C8-A24B-426B-A01C-F6E067CC8381.h5
train	TCGA-CHOL	TCGA-W5-AA2R	TCGA-W5-AA2R-01	TCGA-W5-AA2R-01Z-00-DX1		/research/projects/mllab/WSI/extracted_features/TCGA-CHOL/TCGA-W5-AA2R-01Z-00-DX1.B24FCBB2-795C-4545-9B6F-AF5D2AC3FB4C.h5
train	TCGA-CHOL	TCGA-W5-AA2T	TCGA-W5-AA2T-01	TCGA-W5-AA2T-01Z-00-DX1		/research/projects/mllab/WSI/extracted_features/TCGA-CHOL/TCGA-W5-AA2T-01Z-00-DX1.0DC8411E-9AAA-4DA0-AF3D-E1E2A59AF229.h5
train	TCGA-CHOL	TCGA-W5-AA2U	TCGA-W5-AA2U-01	TCGA-W5-AA2U-01Z-00-DX1		/research/projects/mllab/WSI/extracted_features/TCGA-CHOL/TCGA-W5-AA2U-01Z-00-DX1.156F2419-5D8B-410C-B1CA-20F60602A5BA.h5
train	TCGA-CHOL	TCGA-W5-AA2W	TCGA-W5-AA2W-01	TCGA-W5-AA2W-01Z-00-DX1		/research/projects/mllab/WSI/extracted_features/TCGA-CHOL/TCGA-W5-AA2W-01Z-00-DX1.8EF8CC01-E6E2-4197-BDE7-6184D327A161.h5
train	TCGA-CHOL	TCGA-W5-AA2X	TCGA-W5-AA2X-01	TCGA-W5-AA2X-01Z-00-DX1		/research/projects/mllab/WSI/extracted_features/TCGA-CHOL/TCGA-W5-AA2X-01Z-00-DX1.B584C604-4CB3-43E4-9845-C94B199B64B3.h5
train	TCGA-CHOL	TCGA-W5-AA2Z	TCGA-W5-AA2Z-01	TCGA-W5-AA2Z-01Z-00-DX1		/research/projects/mllab/WSI/extracted_features/TCGA-CHOL/TCGA-W5-AA2Z-01Z-00-DX1.49AB7E33-EE0C-42DE-9EDE-91E01290BE45.h5
train	TCGA-CHOL	TCGA-W5-AA30	TCGA-W5-AA30-01	TCGA-W5-AA30-01Z-00-DX1		/research/projects/mllab/WSI/extracted_features/TCGA-CHOL/TCGA-W5-AA30-01Z-00-DX1.1B63C128-3C86-4ED2-9A26-15BB5E47D66A.h5
train	TCGA-CHOL	TCGA-W5-AA31	TCGA-W5-AA31-01	TCGA-W5-AA31-01Z-00-DX1		/research/projects/mllab/WSI/extracted_features/TCGA-CHOL/TCGA-W5-AA31-01Z-00-DX1.59C6CCA7-943F-4058-81C0-2123C6F96B0A.h5
train	TCGA-CHOL	TCGA-W5-AA33	TCGA-W5-AA33-01	TCGA-W5-AA33-01Z-00-DX1		/research/projects/mllab/WSI/extracted_features/TCGA-CHOL/TCGA-W5-AA33-01Z-00-DX1.4A6B21B2-0EE4-4433-B67C-3C97E29A335F.h5
train	TCGA-CHOL	TCGA-W5-AA36	TCGA-W5-AA36-01	TCGA-W5-AA36-01Z-00-DX1		/research/projects/mllab/WSI/extracted_features/TCGA-CHOL/TCGA-W5-AA36-01Z-00-DX1.3BA86FC3-7B7F-462B-A220-D23F295A2E95.h5
train	TCGA-CHOL	TCGA-W5-AA38	TCGA-W5-AA38-01	TCGA-W5-AA38-01Z-00-DX1		/research/projects/mllab/WSI/extracted_features/TCGA-CHOL/TCGA-W5-AA38-01Z-00-DX1.84893B97-DE21-449D-83C4-9233D461A11F.h5
train	TCGA-CHOL	TCGA-W5-AA39	TCGA-W5-AA39-01	TCGA-W5-AA39-01Z-00-DX1		/research/projects/mllab/WSI/extracted_features/TCGA-CHOL/TCGA-W5-AA39-01Z-00-DX1.319835AC-855E-4D24-8DDF-DDE5A72DAE63.h5
train	TCGA-CHOL	TCGA-W6-AA0S	TCGA-W6-AA0S-01	TCGA-W6-AA0S-01Z-00-DX1		/research/projects/mllab/WSI/extracted_features/TCGA-CHOL/TCGA-W6-AA0S-01Z-00-DX1.B8B9641D-CF45-42D1-A08C-898DCE0BEE09.h5
train	TCGA-CHOL	TCGA-W6-AA0T	TCGA-W6-AA0T-01	TCGA-W6-AA0T-01Z-00-DX1		/research/projects/mllab/WSI/extracted_features/TCGA-CHOL/TCGA-W6-AA0T-01Z-00-DX1.7B6C4BED-EFFE-46A3-9C37-1267E05C4DE8.h5
train	TCGA-CHOL	TCGA-WD-A7RX	TCGA-WD-A7RX-01	TCGA-WD-A7RX-01Z-00-DX1		/research/projects/mllab/WSI/extracted_features/TCGA-CHOL/TCGA-WD-A7RX-01Z-00-DX1.9489CBFD-8D05-46C9-B6A3-55684E29862A.h5
train	TCGA-CHOL	TCGA-YR-A95A	TCGA-YR-A95A-01	TCGA-YR-A95A-01Z-00-DX1		/research/projects/mllab/WSI/extracted_features/TCGA-CHOL/TCGA-YR-A95A-01Z-00-DX1.7197CB70-9FF4-4C82-9FF4-548F1969E40E.h5
train	TCGA-CHOL	TCGA-ZD-A8I3	TCGA-ZD-A8I3-01	TCGA-ZD-A8I3-01Z-00-DX1		/research/projects/mllab/WSI/extracted_features/TCGA-CHOL/TCGA-ZD-A8I3-01Z-00-DX1.ECD6891B-38C1-4A52-97C1-ABAD5BB43D6A.h5
train	TCGA-CHOL	TCGA-ZH-A8Y2	TCGA-ZH-A8Y2-01	TCGA-ZH-A8Y2-01Z-00-DX1		/research/projects/mllab/WSI/extracted_features/TCGA-CHOL/TCGA-ZH-A8Y2-01Z-00-DX1.AF4DA602-F161-4461-9371-B2A3D9E745D0.h5
train	TCGA-CHOL	TCGA-ZH-A8Y3	TCGA-ZH-A8Y3-01	TCGA-ZH-A8Y3-01Z-00-DX1		/research/projects/mllab/WSI/extracted_features/TCGA-CHOL/TCGA-ZH-A8Y3-01Z-00-DX1.D4110867-EC54-4455-A335-3CB51AF67908.h5
train	TCGA-CHOL	TCGA-ZH-A8Y4	TCGA-ZH-A8Y4-01	TCGA-ZH-A8Y4-01Z-00-DX1		/research/projects/mllab/WSI/extracted_features/TCGA-CHOL/TCGA-ZH-A8Y4-01Z-00-DX1.80DEF07F-1DDD-4998-82FC-C5CC68904D32.h5
train	TCGA-CHOL	TCGA-ZH-A8Y5	TCGA-ZH-A8Y5-01	TCGA-ZH-A8Y5-01Z-00-DX1		/research/projects/mllab/WSI/extracted_features/TCGA-CHOL/TCGA-ZH-A8Y5-01Z-00-DX1.A7172CB3-474B-455E-8F62-DDE31CAA6783.h5
train	TCGA-CHOL	TCGA-ZH-A8Y6	TCGA-ZH-A8Y6-01	TCGA-ZH-A8Y6-01Z-00-DX1		/research/projects/mllab/WSI/extracted_features/TCGA-CHOL/TCGA-ZH-A8Y6-01Z-00-DX1.9FDB5467-91A4-43D4-BB49-AA2017E9DBA1.h5
train	TCGA-CHOL	TCGA-ZH-A8Y7	TCGA-ZH-A8Y7-01	TCGA-ZH-A8Y7-01Z-00-DX1		/research/projects/mllab/WSI/extracted_features/TCGA-CHOL/TCGA-ZH-A8Y7-01Z-00-DX1.781FF59A-8A68-4A27-AB42-560F4BBAA1CF.h5
train	TCGA-CHOL	TCGA-ZH-A8Y8	TCGA-ZH-A8Y8-01	TCGA-ZH-A8Y8-01Z-00-DX1		/research/projects/mllab/WSI/extracted_features/TCGA-CHOL/TCGA-ZH-A8Y8-01Z-00-DX1.174309BD-9629-4567-9646-A18CD9D54FDE.h5
train	TCGA-CHOL	TCGA-ZU-A8S4	TCGA-ZU-A8S4-01	TCGA-ZU-A8S4-01Z-00-DX1		/research/projects/mllab/WSI/extracted_features/TCGA-CHOL/TCGA-ZU-A8S4-01Z-00-DX1.90E3AC43-66E2-41E6-8253-487B95B4D7C9.h5
train	TCGA-COAD	TCGA-5M-AAT6	TCGA-5M-AAT6-01	TCGA-5M-AAT6-01Z-00-DX1		/research/projects/mllab/WSI/extracted_features/TCGA-COAD/TCGA-5M-AAT6-01Z-00-DX1.8834C952-14E3-4491-8156-52FC917BB014.h5
train	TCGA-COAD	TCGA-A6-2686	TCGA-A6-2686-01	TCGA-A6-2686-01Z-00-DX1		/research/projects/mllab/WSI/extracted_features/TCGA-COAD/TCGA-A6-2686-01Z-00-DX1.0540a027-2a0c-46c7-9af0-7b8672631de7.h5
train	TCGA-COAD	TCGA-A6-5662	TCGA-A6-5662-01	TCGA-A6-5662-01Z-00-DX1		/research/projects/mllab/WSI/extracted_features/TCGA-COAD/TCGA-A6-5662-01Z-00-DX1.82569684-1c31-4346-af9b-c296a020f624.h5
train	TCGA-COAD	TCGA-A6-6653	TCGA-A6-6653-01	TCGA-A6-6653-01Z-00-DX1		/research/projects/mllab/WSI/extracted_features/TCGA-COAD/TCGA-A6-6653-01Z-00-DX1.e130666d-2681-4382-9e7a-4a4d27cb77a4.h5
train	TCGA-COAD	TCGA-A6-A565	TCGA-A6-A565-01	TCGA-A6-A565-01Z-00-DX1		/research/projects/mllab/WSI/extracted_features/TCGA-COAD/TCGA-A6-A565-01Z-00-DX1.42172A22-6F86-4661-BF2A-78815B721503.h5
train	TCGA-COAD	TCGA-AA-3715	TCGA-AA-3715-01	TCGA-AA-3715-01Z-00-DX1		/research/projects/mllab/WSI/extracted_features/TCGA-COAD/TCGA-AA-3715-01Z-00-DX1.24d6e746-ad61-4587-a2b9-8903331b279c.h5
train	TCGA-COAD	TCGA-AA-3842	TCGA-AA-3842-01	TCGA-AA-3842-01Z-00-DX1		/research/projects/mllab/WSI/extracted_features/TCGA-COAD/TCGA-AA-3842-01Z-00-DX1.8bbbd702-2b17-4c3e-a8bd-55c3ae8aaba3.h5
train	TCGA-COAD	TCGA-AA-3845	TCGA-AA-3845-01	TCGA-AA-3845-01Z-00-DX1		/research/projects/mllab/WSI/extracted_features/TCGA-COAD/TCGA-AA-3845-01Z-00-DX1.20682536-a009-4184-a40b-cb889f37ad32.h5
train	TCGA-COAD	TCGA-AA-3864	TCGA-AA-3864-01	TCGA-AA-3864-01Z-00-DX1		/research/projects/mllab/WSI/extracted_features/TCGA-COAD/TCGA-AA-3864-01Z-00-DX1.f6992bc7-ba05-4c30-9500-8f7b07b30f9a.h5
train	TCGA-COAD	TCGA-AA-3947	TCGA-AA-3947-01	TCGA-AA-3947-01Z-00-DX1		/research/projects/mllab/WSI/extracted_features/TCGA-COAD/TCGA-AA-3947-01Z-00-DX1.77005e19-8a8e-4b82-89e9-c81af9b41193.h5
train	TCGA-COAD	TCGA-AA-3949	TCGA-AA-3949-01	TCGA-AA-3949-01Z-00-DX1		/research/projects/mllab/WSI/extracted_features/TCGA-COAD/TCGA-AA-3949-01Z-00-DX1.23748e80-0d7e-4238-8b29-f74cddae8596.h5
train	TCGA-COAD	TCGA-AA-A01P	TCGA-AA-A01P-01	TCGA-AA-A01P-01Z-00-DX1		/research/projects/mllab/WSI/extracted_features/TCGA-COAD/TCGA-AA-A01P-01Z-00-DX1.D7AAA4F0-C956-4346-8948-DADACDFB3B69.h5
train	TCGA-COAD	TCGA-AD-6889	TCGA-AD-6889-01	TCGA-AD-6889-01Z-00-DX1		/research/projects/mllab/WSI/extracted_features/TCGA-COAD/TCGA-AD-6889-01Z-00-DX1.5269A81E-5391-4875-8F2A-6505BC5BBFD9.h5
train	TCGA-COAD	TCGA-AD-6895	TCGA-AD-6895-01	TCGA-AD-6895-01Z-00-DX1		/research/projects/mllab/WSI/extracted_features/TCGA-COAD/TCGA-AD-6895-01Z-00-DX1.7FB1FBC6-683B-4285-89D1-A7A20F07A9D4.h5
train	TCGA-COAD	TCGA-AD-6964	TCGA-AD-6964-01	TCGA-AD-6964-01Z-00-DX1		/research/projects/mllab/WSI/extracted_features/TCGA-COAD/TCGA-AD-6964-01Z-00-DX1.83AF88B9-C59B-48C6-A739-85ACB8F8ECA9.h5
train	TCGA-COAD	TCGA-AZ-6598	TCGA-AZ-6598-01	TCGA-AZ-6598-01Z-00-DX1		/research/projects/mllab/WSI/extracted_features/TCGA-COAD/TCGA-AZ-6598-01Z-00-DX1.1fc4cd61-4524-413b-b36d-ad438785bc06.h5
train	TCGA-COAD	TCGA-CK-4951	TCGA-CK-4951-01	TCGA-CK-4951-01Z-00-DX1		/research/projects/mllab/WSI/extracted_features/TCGA-COAD/TCGA-CK-4951-01Z-00-DX1.abdbb15c-fd40-4a55-bf54-5668b3d4ea13.h5
train	TCGA-COAD	TCGA-CK-6746	TCGA-CK-6746-01	TCGA-CK-6746-01Z-00-DX1		/research/projects/mllab/WSI/extracted_features/TCGA-COAD/TCGA-CK-6746-01Z-00-DX1.0aae8eec-1e82-494b-8779-d79fea8bec0c.h5
train	TCGA-COAD	TCGA-CM-4746	TCGA-CM-4746-01	TCGA-CM-4746-01Z-00-DX1		/research/projects/mllab/WSI/extracted_features/TCGA-COAD/TCGA-CM-4746-01Z-00-DX1.c83b9795-bf45-4100-9052-a7e485e0f770.h5
train	TCGA-COAD	TCGA-CM-5348	TCGA-CM-5348-01	TCGA-CM-5348-01Z-00-DX1		/research/projects/mllab/WSI/extracted_features/TCGA-COAD/TCGA-CM-5348-01Z-00-DX1.2ad0b8f6-684a-41a7-b568-26e97675cce9.h5
train	TCGA-COAD	TCGA-CM-6162	TCGA-CM-6162-01	TCGA-CM-6162-01Z-00-DX1		/research/projects/mllab/WSI/extracted_features/TCGA-COAD/TCGA-CM-6162-01Z-00-DX1.806a99a3-cda2-4dde-8d13-d22912b44d49.h5
train	TCGA-COAD	TCGA-CM-6674	TCGA-CM-6674-01	TCGA-CM-6674-01Z-00-DX1		/research/projects/mllab/WSI/extracted_features/TCGA-COAD/TCGA-CM-6674-01Z-00-DX1.4a08b16a-788e-43dc-85d2-baff6e911de2.h5
train	TCGA-COAD	TCGA-CM-6675	TCGA-CM-6675-01	TCGA-CM-6675-01Z-00-DX1		/research/projects/mllab/WSI/extracted_features/TCGA-COAD/TCGA-CM-6675-01Z-00-DX1.4f2301e2-2894-484d-8a52-7be902a9861b.h5
train	TCGA-COAD	TCGA-D5-6927	TCGA-D5-6927-01	TCGA-D5-6927-01Z-00-DX1		/research/projects/mllab/WSI/extracted_features/TCGA-COAD/TCGA-D5-6927-01Z-00-DX1.ff21d627-dbb8-4200-937b-f8be8b86b6d4.h5
train	TCGA-COAD	TCGA-D5-6928	TCGA-D5-6928-01	TCGA-D5-6928-01Z-00-DX1		/research/projects/mllab/WSI/extracted_features/TCGA-COAD/TCGA-D5-6928-01Z-00-DX1.f8a8fb91-c23e-418e-b9a3-500af1402ce1.h5
train	TCGA-COAD	TCGA-F4-6570	TCGA-F4-6570-01	TCGA-F4-6570-01Z-00-DX1		/research/projects/mllab/WSI/extracted_features/TCGA-COAD/TCGA-F4-6570-01Z-00-DX1.57a15bf3-d9a1-4da7-b71a-7b992a275bdf.h5
train	TCGA-COAD	TCGA-F4-6703	TCGA-F4-6703-01	TCGA-F4-6703-01Z-00-DX1		/research/projects/mllab/WSI/extracted_features/TCGA-COAD/TCGA-F4-6703-01Z-00-DX1.28225f5d-d880-4605-831f-f22ec0272cde.h5
train	TCGA-COAD	TCGA-F4-6856	TCGA-F4-6856-01	TCGA-F4-6856-01Z-00-DX1		/research/projects/mllab/WSI/extracted_features/TCGA-COAD/TCGA-F4-6856-01Z-00-DX1.2872c7b5-b94d-4147-ad90-69f88668135a.h5
train	TCGA-COAD	TCGA-G4-6304	TCGA-G4-6304-01	TCGA-G4-6304-01Z-00-DX1		/research/projects/mllab/WSI/extracted_features/TCGA-COAD/TCGA-G4-6304-01Z-00-DX1.cf678a4f-5448-4d6a-a36f-cd1aec4d48a7.h5
train	TCGA-COAD	TCGA-G4-6309	TCGA-G4-6309-01	TCGA-G4-6309-01Z-00-DX1		/research/projects/mllab/WSI/extracted_features/TCGA-COAD/TCGA-G4-6309-01Z-00-DX1.3eb20fdc-eb86-4bd5-8194-76b02d4fa472.h5
train	TCGA-COAD	TCGA-G4-6320	TCGA-G4-6320-01	TCGA-G4-6320-01Z-00-DX1		/research/projects/mllab/WSI/extracted_features/TCGA-COAD/TCGA-G4-6320-01Z-00-DX1.09f11d38-4d47-44c9-b8d6-4d4910c6280e.h5
train	TCGA-COAD	TCGA-G4-6323	TCGA-G4-6323-01	TCGA-G4-6323-01Z-00-DX1		/research/projects/mllab/WSI/extracted_features/TCGA-COAD/TCGA-G4-6323-01Z-00-DX1.f97c27a6-9fbe-4a81-b4aa-020c25279449.h5
train	TCGA-COAD	TCGA-NH-A5IV	TCGA-NH-A5IV-01	TCGA-NH-A5IV-01Z-00-DX1		/research/projects/mllab/WSI/extracted_features/TCGA-COAD/TCGA-NH-A5IV-01Z-00-DX1.1A6F9F12-C00E-47F2-9400-541BA230EFBE.h5
train	TCGA-COAD	TCGA-NH-A6GC	TCGA-NH-A6GC-01	TCGA-NH-A6GC-01Z-00-DX1		/research/projects/mllab/WSI/extracted_features/TCGA-COAD/TCGA-NH-A6GC-01Z-00-DX1.29073D7E-5EEF-4BBA-96BE-DC8C69924C42.h5
train	TCGA-COAD	TCGA-NH-A8F7	TCGA-NH-A8F7-01	TCGA-NH-A8F7-01Z-00-DX1		/research/projects/mllab/WSI/extracted_features/TCGA-COAD/TCGA-NH-A8F7-01Z-00-DX1.5CB8911D-07C3-4EF2-A97D-A62B441CF79E.h5
train	TCGA-COAD	TCGA-WS-AB45	TCGA-WS-AB45-01	TCGA-WS-AB45-01Z-00-DX1		/research/projects/mllab/WSI/extracted_features/TCGA-COAD/TCGA-WS-AB45-01Z-00-DX1.1FD99E7A-830F-40DC-98CD-53C62C678AC6.h5
train	TCGA-DLBC	TCGA-FA-A4BB	TCGA-FA-A4BB-01	TCGA-FA-A4BB-01Z-00-DX1		/research/projects/mllab/WSI/extracted_features/TCGA-DLBC/TCGA-FA-A4BB-01Z-00-DX1.2BF28C5E-B2BE-4C0A-A369-BDE825EF32AD.h5
train	TCGA-DLBC	TCGA-FA-A4XK	TCGA-FA-A4XK-01	TCGA-FA-A4XK-01Z-00-DX1		/research/projects/mllab/WSI/extracted_features/TCGA-DLBC/TCGA-FA-A4XK-01Z-00-DX1.650FD75C-6486-4593-812A-B3CB2B5316C0.h5
train	TCGA-DLBC	TCGA-FA-A6HN	TCGA-FA-A6HN-01	TCGA-FA-A6HN-01Z-00-DX1		/research/projects/mllab/WSI/extracted_features/TCGA-DLBC/TCGA-FA-A6HN-01Z-00-DX1.2406492D-4D38-436A-8896-A2A7F44F87AD.h5
train	TCGA-DLBC	TCGA-FA-A6HO	TCGA-FA-A6HO-01	TCGA-FA-A6HO-01Z-00-DX1		/research/projects/mllab/WSI/extracted_features/TCGA-DLBC/TCGA-FA-A6HO-01Z-00-DX1.9E6256E7-5C4A-4D57-9810-8F52D3826BC7.h5
train	TCGA-DLBC	TCGA-FA-A7DS	TCGA-FA-A7DS-01	TCGA-FA-A7DS-01Z-00-DX1		/research/projects/mllab/WSI/extracted_features/TCGA-DLBC/TCGA-FA-A7DS-01Z-00-DX1.62649098-BD0B-40F6-9629-3A53C507811A.h5
train	TCGA-DLBC	TCGA-FA-A82F	TCGA-FA-A82F-01	TCGA-FA-A82F-01Z-00-DX1		/research/projects/mllab/WSI/extracted_features/TCGA-DLBC/TCGA-FA-A82F-01Z-00-DX1.6D1B9A0A-FAA1-4E4D-9280-3D87F9929972.h5
train	TCGA-DLBC	TCGA-FA-A86F	TCGA-FA-A86F-01	TCGA-FA-A86F-01Z-00-DX1		/research/projects/mllab/WSI/extracted_features/TCGA-DLBC/TCGA-FA-A86F-01Z-00-DX1.EE36DC3F-7539-41E8-ADF6-6BA0FB0F47C4.h5
train	TCGA-DLBC	TCGA-FF-8041	TCGA-FF-8041-01	TCGA-FF-8041-01Z-00-DX1		/research/projects/mllab/WSI/extracted_features/TCGA-DLBC/TCGA-FF-8041-01Z-00-DX1.b9ba3fca-9adc-43d2-8439-7231a5be67a9.h5
train	TCGA-DLBC	TCGA-FF-8042	TCGA-FF-8042-01	TCGA-FF-8042-01Z-00-DX1		/research/projects/mllab/WSI/extracted_features/TCGA-DLBC/TCGA-FF-8042-01Z-00-DX1.bf80d981-9209-4933-8f80-e9e689971999.h5
train	TCGA-DLBC	TCGA-FF-8043	TCGA-FF-8043-01	TCGA-FF-8043-01Z-00-DX1		/research/projects/mllab/WSI/extracted_features/TCGA-DLBC/TCGA-FF-8043-01Z-00-DX1.f3a8c298-f59e-469a-93f0-3221101771ce.h5
train	TCGA-DLBC	TCGA-FF-8046	TCGA-FF-8046-01	TCGA-FF-8046-01Z-00-DX1		/research/projects/mllab/WSI/extracted_features/TCGA-DLBC/TCGA-FF-8046-01Z-00-DX1.074ee1a6-9809-450d-bf4e-42230ce9ef70.h5
train	TCGA-DLBC	TCGA-FF-8047	TCGA-FF-8047-01	TCGA-FF-8047-01Z-00-DX1		/research/projects/mllab/WSI/extracted_features/TCGA-DLBC/TCGA-FF-8047-01Z-00-DX1.75aa745c-bbe3-4869-a37b-c18ee50c14d5.h5
train	TCGA-DLBC	TCGA-FF-8061	TCGA-FF-8061-01	TCGA-FF-8061-01Z-00-DX1		/research/projects/mllab/WSI/extracted_features/TCGA-DLBC/TCGA-FF-8061-01Z-00-DX1.c48e8418-275d-403d-b645-71eac3fb5c2d.h5
train	TCGA-DLBC	TCGA-FF-8062	TCGA-FF-8062-01	TCGA-FF-8062-01Z-00-DX1		/research/projects/mllab/WSI/extracted_features/TCGA-DLBC/TCGA-FF-8062-01Z-00-DX1.834a90d5-cf7b-471a-95f1-9a02477bed7e.h5
train	TCGA-DLBC	TCGA-G8-6325	TCGA-G8-6325-01	TCGA-G8-6325-01Z-00-DX1		/research/projects/mllab/WSI/extracted_features/TCGA-DLBC/TCGA-G8-6325-01Z-00-DX1.973b0dd6-d701-4224-9395-eab9603488ce.h5
train	TCGA-DLBC	TCGA-G8-6326	TCGA-G8-6326-01	TCGA-G8-6326-01Z-00-DX1		/research/projects/mllab/WSI/extracted_features/TCGA-DLBC/TCGA-G8-6326-01Z-00-DX1.0cbf64a5-7322-4ce4-b8e6-545e5ef1e3cc.h5
train	TCGA-DLBC	TCGA-G8-6907	TCGA-G8-6907-01	TCGA-G8-6907-01Z-00-DX1		/research/projects/mllab/WSI/extracted_features/TCGA-DLBC/TCGA-G8-6907-01Z-00-DX1.71ada905-9b5b-4757-8dfd-584a79d56ccc.h5
train	TCGA-DLBC	TCGA-G8-6909	TCGA-G8-6909-01	TCGA-G8-6909-01Z-00-DX1		/research/projects/mllab/WSI/extracted_features/TCGA-DLBC/TCGA-G8-6909-01Z-00-DX1.f38a05fd-179e-40ae-9fa2-337e09235691.h5
train	TCGA-DLBC	TCGA-G8-6914	TCGA-G8-6914-01	TCGA-G8-6914-01Z-00-DX1		/research/projects/mllab/WSI/extracted_features/TCGA-DLBC/TCGA-G8-6914-01Z-00-DX1.910a33a3-3c27-4368-a223-d15a5e024c5a.h5
train	TCGA-DLBC	TCGA-GR-A4D5	TCGA-GR-A4D5-01	TCGA-GR-A4D5-01Z-00-DX1		/research/projects/mllab/WSI/extracted_features/TCGA-DLBC/TCGA-GR-A4D5-01Z-00-DX1.D80C72B3-C80D-47E4-AF4B-44AB5F1AD8C5.h5
train	TCGA-DLBC	TCGA-GR-A4D6	TCGA-GR-A4D6-01	TCGA-GR-A4D6-01Z-00-DX1		/research/projects/mllab/WSI/extracted_features/TCGA-DLBC/TCGA-GR-A4D6-01Z-00-DX1.5C79ED21-5689-45C5-8E08-2EF67056F7CA.h5
train	TCGA-DLBC	TCGA-GR-A4D9	TCGA-GR-A4D9-01	TCGA-GR-A4D9-01Z-00-DX1		/research/projects/mllab/WSI/extracted_features/TCGA-DLBC/TCGA-GR-A4D9-01Z-00-DX1.443D848D-2F3A-461D-8990-2C823D783B0A.h5
train	TCGA-DLBC	TCGA-GS-A9TQ	TCGA-GS-A9TQ-01	TCGA-GS-A9TQ-01Z-00-DX1		/research/projects/mllab/WSI/extracted_features/TCGA-DLBC/TCGA-GS-A9TQ-01Z-00-DX1.AC86A0E2-8FBA-4A3D-A1C8-BB403D9C93E8.h5
train	TCGA-DLBC	TCGA-GS-A9TT	TCGA-GS-A9TT-01	TCGA-GS-A9TT-01Z-00-DX1		/research/projects/mllab/WSI/extracted_features/TCGA-DLBC/TCGA-GS-A9TT-01Z-00-DX1.630224CC-8145-496E-8F9B-C6805C774FCB.h5
train	TCGA-DLBC	TCGA-GS-A9TU	TCGA-GS-A9TU-01	TCGA-GS-A9TU-01Z-00-DX1		/research/projects/mllab/WSI/extracted_features/TCGA-DLBC/TCGA-GS-A9TU-01Z-00-DX1.F10984B9-F06A-4729-B668-A5C184EE6D28.h5
train	TCGA-DLBC	TCGA-GS-A9TV	TCGA-GS-A9TV-01	TCGA-GS-A9TV-01Z-00-DX1		/research/projects/mllab/WSI/extracted_features/TCGA-DLBC/TCGA-GS-A9TV-01Z-00-DX1.FD6E85B5-1F95-47DA-84CE-C7B888D29D26.h5
train	TCGA-DLBC	TCGA-GS-A9TW	TCGA-GS-A9TW-01	TCGA-GS-A9TW-01Z-00-DX1		/research/projects/mllab/WSI/extracted_features/TCGA-DLBC/TCGA-GS-A9TW-01Z-00-DX1.D38BD003-8DF1-4740-B83D-3426B00EF686.h5
train	TCGA-DLBC	TCGA-GS-A9TX	TCGA-GS-A9TX-01	TCGA-GS-A9TX-01Z-00-DX1		/research/projects/mllab/WSI/extracted_features/TCGA-DLBC/TCGA-GS-A9TX-01Z-00-DX1.5A1B7A1F-76EE-4E63-92C1-44AD0523F37B.h5
train	TCGA-DLBC	TCGA-GS-A9TY	TCGA-GS-A9TY-01	TCGA-GS-A9TY-01Z-00-DX1		/research/projects/mllab/WSI/extracted_features/TCGA-DLBC/TCGA-GS-A9TY-01Z-00-DX1.A04FA83C-736C-4C55-91F2-B1CD892178A6.h5
train	TCGA-DLBC	TCGA-GS-A9TZ	TCGA-GS-A9TZ-01	TCGA-GS-A9TZ-01Z-00-DX1		/research/projects/mllab/WSI/extracted_features/TCGA-DLBC/TCGA-GS-A9TZ-01Z-00-DX1.75FFC0BE-5C16-4AFC-BC7D-42D047636DBC.h5
train	TCGA-DLBC	TCGA-GS-A9U3	TCGA-GS-A9U3-01	TCGA-GS-A9U3-01Z-00-DX1		/research/projects/mllab/WSI/extracted_features/TCGA-DLBC/TCGA-GS-A9U3-01Z-00-DX1.2A338F39-0486-45EF-B829-19360F2E2FC9.h5
train	TCGA-DLBC	TCGA-GS-A9U4	TCGA-GS-A9U4-01	TCGA-GS-A9U4-01Z-00-DX1		/research/projects/mllab/WSI/extracted_features/TCGA-DLBC/TCGA-GS-A9U4-01Z-00-DX1.E8F03678-760A-4956-A829-708C6F6B968B.h5
train	TCGA-DLBC	TCGA-RQ-A68N	TCGA-RQ-A68N-01	TCGA-RQ-A68N-01Z-00-DX1		/research/projects/mllab/WSI/extracted_features/TCGA-DLBC/TCGA-RQ-A68N-01Z-00-DX1.5F93A566-8CDF-44E1-B402-45350674992B.h5
train	TCGA-DLBC	TCGA-RQ-A6JB	TCGA-RQ-A6JB-01	TCGA-RQ-A6JB-01Z-00-DX1		/research/projects/mllab/WSI/extracted_features/TCGA-DLBC/TCGA-RQ-A6JB-01Z-00-DX1.13EB389B-B463-4722-A074-5E9002B327C1.h5
train	TCGA-DLBC	TCGA-RQ-AAAT	TCGA-RQ-AAAT-01	TCGA-RQ-AAAT-01Z-00-DX1		/research/projects/mllab/WSI/extracted_features/TCGA-DLBC/TCGA-RQ-AAAT-01Z-00-DX1.E6B3D983-E4A3-4E5F-B571-376C18A36F45.h5
train	TCGA-DLBC	TCGA-VB-A8QN	TCGA-VB-A8QN-01	TCGA-VB-A8QN-01Z-00-DX1		/research/projects/mllab/WSI/extracted_features/TCGA-DLBC/TCGA-VB-A8QN-01Z-00-DX1.7A114AF2-E4D0-4761-A22A-64D62F5C89CB.h5
train	TCGA-ESCA	TCGA-IG-A3YB	TCGA-IG-A3YB-01	TCGA-IG-A3YB-01Z-00-DX1		/research/projects/mllab/WSI/extracted_features/TCGA-ESCA/TCGA-IG-A3YB-01Z-00-DX1.0A532E4E-E84D-4787-8218-AC38B30B2A96.h5
train	TCGA-ESCA	TCGA-IG-A5B8	TCGA-IG-A5B8-01	TCGA-IG-A5B8-01Z-00-DX1		/research/projects/mllab/WSI/extracted_features/TCGA-ESCA/TCGA-IG-A5B8-01Z-00-DX1.3FC85163-3C6F-4D39-A0EC-BB5C59CE2AC3.h5
train	TCGA-ESCA	TCGA-IG-A6QS	TCGA-IG-A6QS-01	TCGA-IG-A6QS-01Z-00-DX1		/research/projects/mllab/WSI/extracted_features/TCGA-ESCA/TCGA-IG-A6QS-01Z-00-DX1.F8F804CA-97FA-4941-BB0A-1E651424E009.h5
train	TCGA-ESCA	TCGA-JY-A6FD	TCGA-JY-A6FD-01	TCGA-JY-A6FD-01Z-00-DX1		/research/projects/mllab/WSI/extracted_features/TCGA-ESCA/TCGA-JY-A6FD-01Z-00-DX1.9AD5430C-5B26-44F0-82FB-005436F5ABE6.h5
train	TCGA-ESCA	TCGA-JY-A6FG	TCGA-JY-A6FG-01	TCGA-JY-A6FG-01Z-00-DX1		/research/projects/mllab/WSI/extracted_features/TCGA-ESCA/TCGA-JY-A6FG-01Z-00-DX1.955E1D71-77E6-41A1-9283-949290A82DB4.h5
train	TCGA-ESCA	TCGA-JY-A6FH	TCGA-JY-A6FH-01	TCGA-JY-A6FH-01Z-00-DX1		/research/projects/mllab/WSI/extracted_features/TCGA-ESCA/TCGA-JY-A6FH-01Z-00-DX1.4065B89C-528B-4D3A-BBE1-81DFE5BD1F4C.h5
train	TCGA-ESCA	TCGA-JY-A93D	TCGA-JY-A93D-01	TCGA-JY-A93D-01Z-00-DX1		/research/projects/mllab/WSI/extracted_features/TCGA-ESCA/TCGA-JY-A93D-01Z-00-DX1.14D17584-237D-4197-AC50-F8293D576445.h5
train	TCGA-ESCA	TCGA-JY-A93F	TCGA-JY-A93F-01	TCGA-JY-A93F-01Z-00-DX1		/research/projects/mllab/WSI/extracted_features/TCGA-ESCA/TCGA-JY-A93F-01Z-00-DX1.8DCF766B-0B3F-4B4C-8FD3-8378BECD2C9C.h5
train	TCGA-ESCA	TCGA-KH-A6WC	TCGA-KH-A6WC-01	TCGA-KH-A6WC-01Z-00-DX1		/research/projects/mllab/WSI/extracted_features/TCGA-ESCA/TCGA-KH-A6WC-01Z-00-DX1.3F29FCD8-7176-41F0-93D2-66A1628389AA.h5
train	TCGA-ESCA	TCGA-L5-A43E	TCGA-L5-A43E-01	TCGA-L5-A43E-01Z-00-DX1		/research/projects/mllab/WSI/extracted_features/TCGA-ESCA/TCGA-L5-A43E-01Z-00-DX1.03B10F6C-C211-4357-941C-6414D0DA5335.h5
train	TCGA-ESCA	TCGA-L5-A4OE	TCGA-L5-A4OE-01	TCGA-L5-A4OE-01Z-00-DX1		/research/projects/mllab/WSI/extracted_features/TCGA-ESCA/TCGA-L5-A4OE-01Z-00-DX1.D9EA9F53-7455-4EE2-B721-54F0086950F0.h5
train	TCGA-ESCA	TCGA-L5-A4OH	TCGA-L5-A4OH-01	TCGA-L5-A4OH-01Z-00-DX1		/research/projects/mllab/WSI/extracted_features/TCGA-ESCA/TCGA-L5-A4OH-01Z-00-DX1.B9DC5CD0-7ACD-4D73-BEF6-98191228FB78.h5
train	TCGA-ESCA	TCGA-L5-A4OI	TCGA-L5-A4OI-01	TCGA-L5-A4OI-01Z-00-DX1		/research/projects/mllab/WSI/extracted_features/TCGA-ESCA/TCGA-L5-A4OI-01Z-00-DX1.1F7F53B3-17E7-48D2-AF41-51694EEB14F7.h5
train	TCGA-ESCA	TCGA-L5-A4OM	TCGA-L5-A4OM-01	TCGA-L5-A4OM-01Z-00-DX1		/research/projects/mllab/WSI/extracted_features/TCGA-ESCA/TCGA-L5-A4OM-01Z-00-DX1.09D4AD58-654C-495D-BD03-4973977E50EE.h5
train	TCGA-ESCA	TCGA-L5-A4ON	TCGA-L5-A4ON-01	TCGA-L5-A4ON-01Z-00-DX1		/research/projects/mllab/WSI/extracted_features/TCGA-ESCA/TCGA-L5-A4ON-01Z-00-DX1.0C8EF68C-AA46-42E3-9F14-01AF78077DB3.h5
train	TCGA-ESCA	TCGA-L5-A4OO	TCGA-L5-A4OO-01	TCGA-L5-A4OO-01Z-00-DX1		/research/projects/mllab/WSI/extracted_features/TCGA-ESCA/TCGA-L5-A4OO-01Z-00-DX1.5F07DBD8-E809-4442-BE86-A30FB7D811AF.h5
train	TCGA-ESCA	TCGA-L5-A4OQ	TCGA-L5-A4OQ-01	TCGA-L5-A4OQ-01Z-00-DX1		/research/projects/mllab/WSI/extracted_features/TCGA-ESCA/TCGA-L5-A4OQ-01Z-00-DX1.644B5159-E8B8-4BC4-94FB-20F449FBBB01.h5
train	TCGA-ESCA	TCGA-L5-A4OR	TCGA-L5-A4OR-01	TCGA-L5-A4OR-01Z-00-DX1		/research/projects/mllab/WSI/extracted_features/TCGA-ESCA/TCGA-L5-A4OR-01Z-00-DX1.28601695-B5D5-4F93-8336-F378B1E4377C.h5
train	TCGA-ESCA	TCGA-L5-A4OT	TCGA-L5-A4OT-01	TCGA-L5-A4OT-01Z-00-DX1		/research/projects/mllab/WSI/extracted_features/TCGA-ESCA/TCGA-L5-A4OT-01Z-00-DX1.23F2765D-7674-49EB-A932-5D63A0A2E551.h5
train	TCGA-ESCA	TCGA-L5-A4OU	TCGA-L5-A4OU-01	TCGA-L5-A4OU-01Z-00-DX1		/research/projects/mllab/WSI/extracted_features/TCGA-ESCA/TCGA-L5-A4OU-01Z-00-DX1.104C7782-2C80-41ED-9E22-1628AA649A03.h5
train	TCGA-ESCA	TCGA-L5-A4OW	TCGA-L5-A4OW-01	TCGA-L5-A4OW-01Z-00-DX1		/research/projects/mllab/WSI/extracted_features/TCGA-ESCA/TCGA-L5-A4OW-01Z-00-DX1.BA40D477-007A-40BE-B37B-5228C65EED42.h5
train	TCGA-ESCA	TCGA-L5-A4OX	TCGA-L5-A4OX-01	TCGA-L5-A4OX-01Z-00-DX1		/research/projects/mllab/WSI/extracted_features/TCGA-ESCA/TCGA-L5-A4OX-01Z-00-DX1.44575F16-A28B-4865-BAF2-165DA3A1D4FA.h5
train	TCGA-ESCA	TCGA-LN-A49Y	TCGA-LN-A49Y-01	TCGA-LN-A49Y-01Z-00-DX1		/research/projects/mllab/WSI/extracted_features/TCGA-ESCA/TCGA-LN-A49Y-01Z-00-DX1.AD2B54DA-A898-4B0F-AD03-6DE728D29465.h5
train	TCGA-ESCA	TCGA-LN-A4A4	TCGA-LN-A4A4-01	TCGA-LN-A4A4-01Z-00-DX1		/research/projects/mllab/WSI/extracted_features/TCGA-ESCA/TCGA-LN-A4A4-01Z-00-DX1.2E1ED2F1-0B15-4034-9FD5-5CA85F72313A.h5
train	TCGA-ESCA	TCGA-LN-A4A6	TCGA-LN-A4A6-01	TCGA-LN-A4A6-01Z-00-DX1		/research/projects/mllab/WSI/extracted_features/TCGA-ESCA/TCGA-LN-A4A6-01Z-00-DX1.643DDC8E-17D7-4939-ACE7-438CC2A1BD22.h5
train	TCGA-ESCA	TCGA-LN-A4A9	TCGA-LN-A4A9-01	TCGA-LN-A4A9-01Z-00-DX1		/research/projects/mllab/WSI/extracted_features/TCGA-ESCA/TCGA-LN-A4A9-01Z-00-DX1.CBDA561C-875D-4F3B-A62F-3B4C4E550261.h5
train	TCGA-ESCA	TCGA-LN-A5U7	TCGA-LN-A5U7-01	TCGA-LN-A5U7-01Z-00-DX1		/research/projects/mllab/WSI/extracted_features/TCGA-ESCA/TCGA-LN-A5U7-01Z-00-DX1.9397E01B-C88B-4A79-A09A-DBCF65BBADBB.h5
train	TCGA-ESCA	TCGA-S8-A6BW	TCGA-S8-A6BW-01	TCGA-S8-A6BW-01Z-00-DX1		/research/projects/mllab/WSI/extracted_features/TCGA-ESCA/TCGA-S8-A6BW-01Z-00-DX1.3DD9D2C3-73C9-4B9C-9491-5A438A9DE2C0.h5
train	TCGA-ESCA	TCGA-V5-A7RB	TCGA-V5-A7RB-01	TCGA-V5-A7RB-01Z-00-DX1		/research/projects/mllab/WSI/extracted_features/TCGA-ESCA/TCGA-V5-A7RB-01Z-00-DX1.44386D51-0042-43AB-A5F6-C2674B6A01D0.h5
train	TCGA-ESCA	TCGA-V5-A7RC	TCGA-V5-A7RC-01	TCGA-V5-A7RC-01Z-00-DX1		/research/projects/mllab/WSI/extracted_features/TCGA-ESCA/TCGA-V5-A7RC-01Z-00-DX1.044C13B6-A5D9-4DBB-BD0C-B392BB8A46D5.h5
train	TCGA-ESCA	TCGA-VR-A8ER	TCGA-VR-A8ER-01	TCGA-VR-A8ER-01Z-00-DX1		/research/projects/mllab/WSI/extracted_features/TCGA-ESCA/TCGA-VR-A8ER-01Z-00-DX1.E0C2826D-B269-4F75-B6CF-CAEA9D1D8F38.h5
train	TCGA-ESCA	TCGA-VR-A8EW	TCGA-VR-A8EW-01	TCGA-VR-A8EW-01Z-00-DX1		/research/projects/mllab/WSI/extracted_features/TCGA-ESCA/TCGA-VR-A8EW-01Z-00-DX1.1422DA1B-9867-4A6F-A0D6-0692230B7734.h5
train	TCGA-ESCA	TCGA-VR-A8EX	TCGA-VR-A8EX-01	TCGA-VR-A8EX-01Z-00-DX1		/research/projects/mllab/WSI/extracted_features/TCGA-ESCA/TCGA-VR-A8EX-01Z-00-DX1.66139610-382F-4E5E-8B27-4532DC866BA8.h5
train	TCGA-ESCA	TCGA-VR-A8EZ	TCGA-VR-A8EZ-01	TCGA-VR-A8EZ-01Z-00-DX1		/research/projects/mllab/WSI/extracted_features/TCGA-ESCA/TCGA-VR-A8EZ-01Z-00-DX1.A76DB954-BA0F-48BB-868F-6A40327C85C1.h5
train	TCGA-ESCA	TCGA-VR-AA7D	TCGA-VR-AA7D-01	TCGA-VR-AA7D-01Z-00-DX1		/research/projects/mllab/WSI/extracted_features/TCGA-ESCA/TCGA-VR-AA7D-01Z-00-DX1.AD494B8B-A938-4C8A-8795-5505B9261F82.h5
train	TCGA-ESCA	TCGA-Z6-AAPN	TCGA-Z6-AAPN-01	TCGA-Z6-AAPN-01Z-00-DX1		/research/projects/mllab/WSI/extracted_features/TCGA-ESCA/TCGA-Z6-AAPN-01Z-00-DX1.345F7431-CD48-40DB-89D6-A419E5BA1679.h5
train	TCGA-GBM	TCGA-06-0125	TCGA-06-0125-01	TCGA-06-0125-01Z-00-DX1		/research/projects/mllab/WSI/extracted_features/TCGA-GBM/TCGA-06-0125-01Z-00-DX1.8e0915b2-8dc3-4753-8062-05643835672b.h5
train	TCGA-GBM	TCGA-06-0130	TCGA-06-0130-01	TCGA-06-0130-01Z-00-DX1		/research/projects/mllab/WSI/extracted_features/TCGA-GBM/TCGA-06-0130-01Z-00-DX1.0391b65f-4e1d-4444-abb0-e5804606d461.h5
train	TCGA-GBM	TCGA-06-0141	TCGA-06-0141-01	TCGA-06-0141-01Z-00-DX1		/research/projects/mllab/WSI/extracted_features/TCGA-GBM/TCGA-06-0141-01Z-00-DX1.ec301079-2d58-4079-b2ab-d8fdbca2fbf7.h5
train	TCGA-GBM	TCGA-06-0174	TCGA-06-0174-01	TCGA-06-0174-01Z-00-DX1		/research/projects/mllab/WSI/extracted_features/TCGA-GBM/TCGA-06-0174-01Z-00-DX1.85e41742-7e59-49d8-aaae-20feccaa2f68.h5
train	TCGA-GBM	TCGA-06-0184	TCGA-06-0184-01	TCGA-06-0184-01Z-00-DX1		/research/projects/mllab/WSI/extracted_features/TCGA-GBM/TCGA-06-0184-01Z-00-DX1.aa1c8dbf-ae23-4f98-8b44-86bcbb24e839.h5
train	TCGA-GBM	TCGA-06-0190	TCGA-06-0190-01	TCGA-06-0190-01Z-00-DX1		/research/projects/mllab/WSI/extracted_features/TCGA-GBM/TCGA-06-0190-01Z-00-DX1.84da294a-81f2-4820-b72e-f084769f771a.h5
train	TCGA-GBM	TCGA-06-0210	TCGA-06-0210-01	TCGA-06-0210-01Z-00-DX1		/research/projects/mllab/WSI/extracted_features/TCGA-GBM/TCGA-06-0210-01Z-00-DX1.14cee57f-1239-4e5a-8bab-f70fa36dd367.h5
train	TCGA-GBM	TCGA-06-0644	TCGA-06-0644-01	TCGA-06-0644-01Z-00-DX1		/research/projects/mllab/WSI/extracted_features/TCGA-GBM/TCGA-06-0644-01Z-00-DX1.bbce7e5c-6df3-4963-ac75-9f566a2fde12.h5
train	TCGA-GBM	TCGA-06-0743	TCGA-06-0743-01	TCGA-06-0743-01Z-00-DX1		/research/projects/mllab/WSI/extracted_features/TCGA-GBM/TCGA-06-0743-01Z-00-DX1.efc295e1-bb7b-4706-99e9-01901c3869d2.h5
train	TCGA-GBM	TCGA-06-0744	TCGA-06-0744-01	TCGA-06-0744-01Z-00-DX1		/research/projects/mllab/WSI/extracted_features/TCGA-GBM/TCGA-06-0744-01Z-00-DX1.948cea15-dbea-483c-becb-78166086ec0a.h5
train	TCGA-GBM	TCGA-06-0747	TCGA-06-0747-01	TCGA-06-0747-01Z-00-DX1		/research/projects/mllab/WSI/extracted_features/TCGA-GBM/TCGA-06-0747-01Z-00-DX1.d00990ff-e213-4c7b-9643-6eb4b47d4613.h5
train	TCGA-GBM	TCGA-06-5408	TCGA-06-5408-01	TCGA-06-5408-01Z-00-DX1		/research/projects/mllab/WSI/extracted_features/TCGA-GBM/TCGA-06-5408-01Z-00-DX1.4c572122-e7f8-488b-aad1-089301ba2a84.h5
train	TCGA-GBM	TCGA-06-5412	TCGA-06-5412-01	TCGA-06-5412-01Z-00-DX1		/research/projects/mllab/WSI/extracted_features/TCGA-GBM/TCGA-06-5412-01Z-00-DX1.039632bd-2493-4a78-839c-3734eae662f8.h5
train	TCGA-GBM	TCGA-06-5856	TCGA-06-5856-01	TCGA-06-5856-01Z-00-DX1		/research/projects/mllab/WSI/extracted_features/TCGA-GBM/TCGA-06-5856-01Z-00-DX1.9ba8a585-af7f-48b6-8724-ad0f439f4e17.h5
train	TCGA-GBM	TCGA-08-0386	TCGA-08-0386-01	TCGA-08-0386-01Z-00-DX1		/research/projects/mllab/WSI/extracted_features/TCGA-GBM/TCGA-08-0386-01Z-00-DX1.F3BE4054-6C0D-4E04-B9F7-8662AADDC8DF.h5
train	TCGA-GBM	TCGA-12-0618	TCGA-12-0618-01	TCGA-12-0618-01Z-00-DX1		/research/projects/mllab/WSI/extracted_features/TCGA-GBM/TCGA-12-0618-01Z-00-DX1.e174afd8-0708-4e92-8c4b-9578062e56ea.h5
train	TCGA-GBM	TCGA-12-0821	TCGA-12-0821-01	TCGA-12-0821-01Z-00-DX1		/research/projects/mllab/WSI/extracted_features/TCGA-GBM/TCGA-12-0821-01Z-00-DX1.EDD83394-E7FE-4D05-9BBB-8D971DE305F4.h5
train	TCGA-GBM	TCGA-12-3652	TCGA-12-3652-01	TCGA-12-3652-01Z-00-DX1		/research/projects/mllab/WSI/extracted_features/TCGA-GBM/TCGA-12-3652-01Z-00-DX1.BC31A966-8D64-4447-ACFE-1ED4BB95FEE6.h5
train	TCGA-GBM	TCGA-12-3653	TCGA-12-3653-01	TCGA-12-3653-01Z-00-DX1		/research/projects/mllab/WSI/extracted_features/TCGA-GBM/TCGA-12-3653-01Z-00-DX1.B8E0B7A4-84B1-4200-8B82-9A4A6F51F8B5.h5
train	TCGA-GBM	TCGA-14-1034	TCGA-14-1034-01	TCGA-14-1034-01Z-00-DX1		/research/projects/mllab/WSI/extracted_features/TCGA-GBM/TCGA-14-1034-01Z-00-DX1.3f594769-d805-4ecf-ab88-458c7d712299.h5
train	TCGA-GBM	TCGA-14-1825	TCGA-14-1825-01	TCGA-14-1825-01Z-00-DX1		/research/projects/mllab/WSI/extracted_features/TCGA-GBM/TCGA-14-1825-01Z-00-DX1.f09203b7-73b2-4600-a92e-b097508b86ba.h5
train	TCGA-GBM	TCGA-15-0742	TCGA-15-0742-01	TCGA-15-0742-01Z-00-DX1		/research/projects/mllab/WSI/extracted_features/TCGA-GBM/TCGA-15-0742-01Z-00-DX1.5a21713f-a918-46ad-b09d-5cfd010384f8.h5
train	TCGA-GBM	TCGA-19-1787	TCGA-19-1787-01	TCGA-19-1787-01Z-00-DX1		/research/projects/mllab/WSI/extracted_features/TCGA-GBM/TCGA-19-1787-01Z-00-DX1.3eb5b463-8b2f-458f-b1e1-df6ecf20ef26.h5
train	TCGA-GBM	TCGA-19-2619	TCGA-19-2619-01	TCGA-19-2619-01Z-00-DX1		/research/projects/mllab/WSI/extracted_features/TCGA-GBM/TCGA-19-2619-01Z-00-DX1.ed7e1a51-2352-4162-81f2-4a3b3bdab22c.h5
train	TCGA-GBM	TCGA-19-2624	TCGA-19-2624-01	TCGA-19-2624-01Z-00-DX1		/research/projects/mllab/WSI/extracted_features/TCGA-GBM/TCGA-19-2624-01Z-00-DX1.c01c3780-3e33-4068-8ce4-c67db1cccacb.h5
train	TCGA-GBM	TCGA-19-2629	TCGA-19-2629-01	TCGA-19-2629-01Z-00-DX1		/research/projects/mllab/WSI/extracted_features/TCGA-GBM/TCGA-19-2629-01Z-00-DX1.90082b7f-f716-402f-9213-bbf3d7b74298.h5
train	TCGA-GBM	TCGA-19-4065	TCGA-19-4065-01	TCGA-19-4065-01Z-00-DX1		/research/projects/mllab/WSI/extracted_features/TCGA-GBM/TCGA-19-4065-01Z-00-DX1.ae849f85-f1b0-4979-82c0-eb22c61d2acb.h5
train	TCGA-GBM	TCGA-19-5960	TCGA-19-5960-01	TCGA-19-5960-01Z-00-DX1		/research/projects/mllab/WSI/extracted_features/TCGA-GBM/TCGA-19-5960-01Z-00-DX1.3376dcf2-9873-445e-83a9-95c5b208efc7.h5
train	TCGA-GBM	TCGA-19-A6J4	TCGA-19-A6J4-01	TCGA-19-A6J4-01Z-00-DX1		/research/projects/mllab/WSI/extracted_features/TCGA-GBM/TCGA-19-A6J4-01Z-00-DX1.515A82A7-8BCE-4BAE-B052-9D5B114EF51A.h5
train	TCGA-GBM	TCGA-26-1442	TCGA-26-1442-01	TCGA-26-1442-01Z-00-DX1		/research/projects/mllab/WSI/extracted_features/TCGA-GBM/TCGA-26-1442-01Z-00-DX1.FD8D4EB7-AD5E-49E8-BD0B-6CDDEA8DDB35.h5
train	TCGA-GBM	TCGA-26-5136	TCGA-26-5136-01	TCGA-26-5136-01Z-00-DX1		/research/projects/mllab/WSI/extracted_features/TCGA-GBM/TCGA-26-5136-01Z-00-DX1.ECD48B1B-C2BF-4DFE-8ED4-87353E00ED84.h5
train	TCGA-GBM	TCGA-27-1830	TCGA-27-1830-01	TCGA-27-1830-01Z-00-DX1		/research/projects/mllab/WSI/extracted_features/TCGA-GBM/TCGA-27-1830-01Z-00-DX1.4d3a6a94-8e40-497b-99e5-85b8aad0fefb.h5
train	TCGA-GBM	TCGA-27-1835	TCGA-27-1835-01	TCGA-27-1835-01Z-00-DX1		/research/projects/mllab/WSI/extracted_features/TCGA-GBM/TCGA-27-1835-01Z-00-DX1.e391c3a2-eb2a-4c3d-94be-16951be30dab.h5
train	TCGA-GBM	TCGA-27-2521	TCGA-27-2521-01	TCGA-27-2521-01Z-00-DX1		/research/projects/mllab/WSI/extracted_features/TCGA-GBM/TCGA-27-2521-01Z-00-DX1.31BCEBD8-3A69-4560-8077-40AF5BA0B955.h5
train	TCGA-GBM	TCGA-27-2523	TCGA-27-2523-01	TCGA-27-2523-01Z-00-DX1		/research/projects/mllab/WSI/extracted_features/TCGA-GBM/TCGA-27-2523-01Z-00-DX1.5DD91AEC-7050-4DDC-8B59-57006E7B9006.h5
train	TCGA-GBM	TCGA-41-5651	TCGA-41-5651-01	TCGA-41-5651-01Z-00-DX1		/research/projects/mllab/WSI/extracted_features/TCGA-GBM/TCGA-41-5651-01Z-00-DX1.84aa5ff7-d54c-43d7-8f03-c9012d303926.h5
train	TCGA-HNSC	TCGA-BA-A8YP	TCGA-BA-A8YP-01	TCGA-BA-A8YP-01Z-00-DX1		/research/projects/mllab/WSI/extracted_features/TCGA-HNSC/TCGA-BA-A8YP-01Z-00-DX1.03B95E63-2639-49F6-B8DD-AC2C2FA872B1.h5
train	TCGA-HNSC	TCGA-BB-4217	TCGA-BB-4217-01	TCGA-BB-4217-01Z-00-DX1		/research/projects/mllab/WSI/extracted_features/TCGA-HNSC/TCGA-BB-4217-01Z-00-DX1.E351C8DB-F6CB-4327-9FEC-B9001E70C913.h5
train	TCGA-HNSC	TCGA-BB-7866	TCGA-BB-7866-01	TCGA-BB-7866-01Z-00-DX1		/research/projects/mllab/WSI/extracted_features/TCGA-HNSC/TCGA-BB-7866-01Z-00-DX1.144872E0-8C08-42CC-ACDD-45D28F35517D.h5
train	TCGA-HNSC	TCGA-BB-A6UM	TCGA-BB-A6UM-01	TCGA-BB-A6UM-01Z-00-DX1		/research/projects/mllab/WSI/extracted_features/TCGA-HNSC/TCGA-BB-A6UM-01Z-00-DX1.403D4D0A-83F4-4D2F-9CBB-C7A1470AC565.h5
train	TCGA-HNSC	TCGA-CN-4733	TCGA-CN-4733-01	TCGA-CN-4733-01Z-00-DX1		/research/projects/mllab/WSI/extracted_features/TCGA-HNSC/TCGA-CN-4733-01Z-00-DX1.03cccb3f-c551-450f-b00a-f808a237db0b.h5
train	TCGA-HNSC	TCGA-CN-5359	TCGA-CN-5359-01	TCGA-CN-5359-01Z-00-DX1		/research/projects/mllab/WSI/extracted_features/TCGA-HNSC/TCGA-CN-5359-01Z-00-DX1.30a19cad-c2b0-4c5f-bd5d-89aa8ac2bb91.h5
train	TCGA-HNSC	TCGA-CN-5363	TCGA-CN-5363-01	TCGA-CN-5363-01Z-00-DX1		/research/projects/mllab/WSI/extracted_features/TCGA-HNSC/TCGA-CN-5363-01Z-00-DX1.bd9c87d4-de64-4932-a90f-95888150d780.h5
train	TCGA-HNSC	TCGA-CN-5365	TCGA-CN-5365-01	TCGA-CN-5365-01Z-00-DX1		/research/projects/mllab/WSI/extracted_features/TCGA-HNSC/TCGA-CN-5365-01Z-00-DX1.26a33bd0-1eb3-4774-8be6-bf8501f4a9f9.h5
train	TCGA-HNSC	TCGA-CN-5369	TCGA-CN-5369-01	TCGA-CN-5369-01Z-00-DX1		/research/projects/mllab/WSI/extracted_features/TCGA-HNSC/TCGA-CN-5369-01Z-00-DX1.be289b39-c6c2-43a6-8feb-75ad5829ec81.h5
train	TCGA-HNSC	TCGA-CN-6019	TCGA-CN-6019-01	TCGA-CN-6019-01Z-00-DX1		/research/projects/mllab/WSI/extracted_features/TCGA-HNSC/TCGA-CN-6019-01Z-00-DX1.0a01c44a-b7f4-427e-9854-fe2f0db631ab.h5
train	TCGA-HNSC	TCGA-CN-6023	TCGA-CN-6023-01	TCGA-CN-6023-01Z-00-DX1		/research/projects/mllab/WSI/extracted_features/TCGA-HNSC/TCGA-CN-6023-01Z-00-DX1.abfbc2c7-109b-4b72-8645-8e4135d00306.h5
train	TCGA-HNSC	TCGA-CN-A642	TCGA-CN-A642-01	TCGA-CN-A642-01Z-00-DX1		/research/projects/mllab/WSI/extracted_features/TCGA-HNSC/TCGA-CN-A642-01Z-00-DX1.74FF21F1-93CA-41A9-A652-3435B0EFDAD5.h5
train	TCGA-HNSC	TCGA-CQ-5323	TCGA-CQ-5323-01	TCGA-CQ-5323-01Z-00-DX1		/research/projects/mllab/WSI/extracted_features/TCGA-HNSC/TCGA-CQ-5323-01Z-00-DX1.d1e62a32-5f0c-41bf-adf8-ff4e1534808c.h5
train	TCGA-HNSC	TCGA-CV-5978	TCGA-CV-5978-01	TCGA-CV-5978-01Z-00-DX1		/research/projects/mllab/WSI/extracted_features/TCGA-HNSC/TCGA-CV-5978-01Z-00-DX1.E2AD0A66-3A25-467F-8768-C0FC34844C79.h5
train	TCGA-HNSC	TCGA-CV-6938	TCGA-CV-6938-01	TCGA-CV-6938-01Z-00-DX1		/research/projects/mllab/WSI/extracted_features/TCGA-HNSC/TCGA-CV-6938-01Z-00-DX1.8D0880C1-2E01-4954-95C0-6F15FF0F0B0A.h5
train	TCGA-HNSC	TCGA-CV-6948	TCGA-CV-6948-01	TCGA-CV-6948-01Z-00-DX1		/research/projects/mllab/WSI/extracted_features/TCGA-HNSC/TCGA-CV-6948-01Z-00-DX1.5FBC4FBA-681D-45AB-BE39-3976CED6A550.h5
train	TCGA-HNSC	TCGA-CV-7406	TCGA-CV-7406-01	TCGA-CV-7406-01Z-00-DX1		/research/projects/mllab/WSI/extracted_features/TCGA-HNSC/TCGA-CV-7406-01Z-00-DX1.DD01FA19-8CBD-4BCF-9BC7-F23AE48FA667.h5
train	TCGA-HNSC	TCGA-CV-7409	TCGA-CV-7409-01	TCGA-CV-7409-01Z-00-DX1		/research/projects/mllab/WSI/extracted_features/TCGA-HNSC/TCGA-CV-7409-01Z-00-DX1.2E8BD053-6552-4B41-BEA4-74CBAE11901B.h5
train	TCGA-HNSC	TCGA-CV-7410	TCGA-CV-7410-01	TCGA-CV-7410-01Z-00-DX1		/research/projects/mllab/WSI/extracted_features/TCGA-HNSC/TCGA-CV-7410-01Z-00-DX1.9C3B496C-0785-4A7D-A0AF-6264AF187CEA.h5
train	TCGA-HNSC	TCGA-CV-7416	TCGA-CV-7416-01	TCGA-CV-7416-01Z-00-DX1		/research/projects/mllab/WSI/extracted_features/TCGA-HNSC/TCGA-CV-7416-01Z-00-DX1.6084AAA1-CBB4-448D-A902-6ADCE3D4936F.h5
train	TCGA-HNSC	TCGA-CV-7437	TCGA-CV-7437-01	TCGA-CV-7437-01Z-00-DX1		/research/projects/mllab/WSI/extracted_features/TCGA-HNSC/TCGA-CV-7437-01Z-00-DX1.3A0E4FC8-40D0-4D4A-9FAE-1B6BC9F00620.h5
train	TCGA-HNSC	TCGA-CV-7440	TCGA-CV-7440-01	TCGA-CV-7440-01Z-00-DX1		/research/projects/mllab/WSI/extracted_features/TCGA-HNSC/TCGA-CV-7440-01Z-00-DX1.ABC0027C-EBB2-4BDF-9AE7-116D4F38DD70.h5
train	TCGA-HNSC	TCGA-CV-7568	TCGA-CV-7568-01	TCGA-CV-7568-01Z-00-DX1		/research/projects/mllab/WSI/extracted_features/TCGA-HNSC/TCGA-CV-7568-01Z-00-DX1.A5A68B1C-3195-44E7-B988-14C51F20353E.h5
train	TCGA-HNSC	TCGA-CV-A6JU	TCGA-CV-A6JU-01	TCGA-CV-A6JU-01Z-00-DX1		/research/projects/mllab/WSI/extracted_features/TCGA-HNSC/TCGA-CV-A6JU-01Z-00-DX1.35A3A1F0-9D6C-4794-B501-E56E48C51DF9.h5
train	TCGA-HNSC	TCGA-CX-7085	TCGA-CX-7085-01	TCGA-CX-7085-01Z-00-DX1		/research/projects/mllab/WSI/extracted_features/TCGA-HNSC/TCGA-CX-7085-01Z-00-DX1.253749E8-5D44-4E77-B7EB-26F780D83B5A.h5
train	TCGA-HNSC	TCGA-D6-A6ES	TCGA-D6-A6ES-01	TCGA-D6-A6ES-01Z-00-DX1		/research/projects/mllab/WSI/extracted_features/TCGA-HNSC/TCGA-D6-A6ES-01Z-00-DX1.A6B7B930-DAEC-40C5-B020-2AFB45CEBC8B.h5
train	TCGA-HNSC	TCGA-DQ-7591	TCGA-DQ-7591-01	TCGA-DQ-7591-01Z-00-DX1		/research/projects/mllab/WSI/extracted_features/TCGA-HNSC/TCGA-DQ-7591-01Z-00-DX1.8304B939-542C-4D30-8C77-F705DE1311FF.h5
train	TCGA-HNSC	TCGA-DQ-7593	TCGA-DQ-7593-01	TCGA-DQ-7593-01Z-00-DX1		/research/projects/mllab/WSI/extracted_features/TCGA-HNSC/TCGA-DQ-7593-01Z-00-DX1.973A0BE2-053D-487A-90CF-C6ADB8384E8B.h5
train	TCGA-HNSC	TCGA-DQ-7596	TCGA-DQ-7596-01	TCGA-DQ-7596-01Z-00-DX1		/research/projects/mllab/WSI/extracted_features/TCGA-HNSC/TCGA-DQ-7596-01Z-00-DX1.83133BB5-B039-4D11-A9BC-20B6C70D0BD2.h5
train	TCGA-HNSC	TCGA-HD-8224	TCGA-HD-8224-01	TCGA-HD-8224-01Z-00-DX1		/research/projects/mllab/WSI/extracted_features/TCGA-HNSC/TCGA-HD-8224-01Z-00-DX1.2b08e329-bb26-4605-bb3b-b257cef561b2.h5
train	TCGA-HNSC	TCGA-HD-8314	TCGA-HD-8314-01	TCGA-HD-8314-01Z-00-DX1		/research/projects/mllab/WSI/extracted_features/TCGA-HNSC/TCGA-HD-8314-01Z-00-DX1.2BB5E2CD-5F68-416F-BB93-5C35B26B44CD.h5
train	TCGA-HNSC	TCGA-IQ-A61O	TCGA-IQ-A61O-01	TCGA-IQ-A61O-01Z-00-DX1		/research/projects/mllab/WSI/extracted_features/TCGA-HNSC/TCGA-IQ-A61O-01Z-00-DX1.9ECA5801-3913-45B1-845D-13674F15439E.h5
train	TCGA-HNSC	TCGA-P3-A6SW	TCGA-P3-A6SW-01	TCGA-P3-A6SW-01Z-00-DX1		/research/projects/mllab/WSI/extracted_features/TCGA-HNSC/TCGA-P3-A6SW-01Z-00-DX1.254AB8E0-F6CE-4C66-959C-0619459FB5E9.h5
train	TCGA-HNSC	TCGA-QK-A6IF	TCGA-QK-A6IF-01	TCGA-QK-A6IF-01Z-00-DX1		/research/projects/mllab/WSI/extracted_features/TCGA-HNSC/TCGA-QK-A6IF-01Z-00-DX1.7B689FEA-436B-4406-8107-0160732661B0.h5
train	TCGA-HNSC	TCGA-QK-A8Z8	TCGA-QK-A8Z8-01	TCGA-QK-A8Z8-01Z-00-DX1		/research/projects/mllab/WSI/extracted_features/TCGA-HNSC/TCGA-QK-A8Z8-01Z-00-DX1.7C01D3B3-A21A-43BF-B09A-0FC31B63CC71.h5
train	TCGA-HNSC	TCGA-WA-A7H4	TCGA-WA-A7H4-01	TCGA-WA-A7H4-01Z-00-DX1		/research/projects/mllab/WSI/extracted_features/TCGA-HNSC/TCGA-WA-A7H4-01Z-00-DX1.7D3E529C-F062-41CB-A0D0-455BCDE63C31.h5
train	TCGA-KICH	TCGA-KL-8323	TCGA-KL-8323-01	TCGA-KL-8323-01Z-00-DX1		/research/projects/mllab/WSI/extracted_features/TCGA-KICH/TCGA-KL-8323-01Z-00-DX1.01d72f6a-cc87-4082-8af4-738250ec4d9c.h5
train	TCGA-KICH	TCGA-KL-8328	TCGA-KL-8328-01	TCGA-KL-8328-01Z-00-DX1		/research/projects/mllab/WSI/extracted_features/TCGA-KICH/TCGA-KL-8328-01Z-00-DX1.497ddcb5-0436-4c76-a633-4744e24e6efe.h5
train	TCGA-KICH	TCGA-KL-8330	TCGA-KL-8330-01	TCGA-KL-8330-01Z-00-DX1		/research/projects/mllab/WSI/extracted_features/TCGA-KICH/TCGA-KL-8330-01Z-00-DX1.30a61e5b-9379-498a-9aa4-60fd7a3a2f32.h5
train	TCGA-KICH	TCGA-KL-8331	TCGA-KL-8331-01	TCGA-KL-8331-01Z-00-DX1		/research/projects/mllab/WSI/extracted_features/TCGA-KICH/TCGA-KL-8331-01Z-00-DX1.3c39f9b9-b639-4bca-a415-bf7427ea2ba5.h5
train	TCGA-KICH	TCGA-KL-8333	TCGA-KL-8333-01	TCGA-KL-8333-01Z-00-DX1		/research/projects/mllab/WSI/extracted_features/TCGA-KICH/TCGA-KL-8333-01Z-00-DX1.830e3f78-ba43-4b42-b2b5-f3be10d2b781.h5
train	TCGA-KICH	TCGA-KL-8336	TCGA-KL-8336-01	TCGA-KL-8336-01Z-00-DX1		/research/projects/mllab/WSI/extracted_features/TCGA-KICH/TCGA-KL-8336-01Z-00-DX1.bfba9373-efa8-4573-8ee6-8ac961f0b65a.h5
train	TCGA-KICH	TCGA-KL-8337	TCGA-KL-8337-01	TCGA-KL-8337-01Z-00-DX1		/research/projects/mllab/WSI/extracted_features/TCGA-KICH/TCGA-KL-8337-01Z-00-DX1.78306056-304b-44c3-87cd-46d3785b7204.h5
train	TCGA-KICH	TCGA-KL-8339	TCGA-KL-8339-01	TCGA-KL-8339-01Z-00-DX1		/research/projects/mllab/WSI/extracted_features/TCGA-KICH/TCGA-KL-8339-01Z-00-DX1.5826ea77-f0a1-4b47-acd7-62a6ba878dec.h5
train	TCGA-KICH	TCGA-KL-8341	TCGA-KL-8341-01	TCGA-KL-8341-01Z-00-DX1		/research/projects/mllab/WSI/extracted_features/TCGA-KICH/TCGA-KL-8341-01Z-00-DX1.eb0da21c-75f5-4de5-a753-12666eff0030.h5
train	TCGA-KICH	TCGA-KL-8343	TCGA-KL-8343-01	TCGA-KL-8343-01Z-00-DX1		/research/projects/mllab/WSI/extracted_features/TCGA-KICH/TCGA-KL-8343-01Z-00-DX1.e5aeff79-6d98-4c53-923e-a8fe204fbb43.h5
train	TCGA-KICH	TCGA-KL-8345	TCGA-KL-8345-01	TCGA-KL-8345-01Z-00-DX1		/research/projects/mllab/WSI/extracted_features/TCGA-KICH/TCGA-KL-8345-01Z-00-DX1.e6265e77-7c45-4e54-a703-6d2013aba525.h5
train	TCGA-KICH	TCGA-KL-8346	TCGA-KL-8346-01	TCGA-KL-8346-01Z-00-DX1		/research/projects/mllab/WSI/extracted_features/TCGA-KICH/TCGA-KL-8346-01Z-00-DX1.af2fc9c2-98b7-471f-9777-08c7cc8c734e.h5
train	TCGA-KICH	TCGA-KM-8438	TCGA-KM-8438-01	TCGA-KM-8438-01Z-00-DX1		/research/projects/mllab/WSI/extracted_features/TCGA-KICH/TCGA-KM-8438-01Z-00-DX1.1106521B-3563-43AA-8971-18560BAC51C4.h5
train	TCGA-KICH	TCGA-KM-8439	TCGA-KM-8439-01	TCGA-KM-8439-01Z-00-DX1		/research/projects/mllab/WSI/extracted_features/TCGA-KICH/TCGA-KM-8439-01Z-00-DX1.F99904A8-21AB-476A-BFE5-B8FAB44FEB4D.h5
train	TCGA-KICH	TCGA-KM-8443	TCGA-KM-8443-01	TCGA-KM-8443-01Z-00-DX1		/research/projects/mllab/WSI/extracted_features/TCGA-KICH/TCGA-KM-8443-01Z-00-DX1.A97D876A-6453-4335-B805-C54529D3915F.h5
train	TCGA-KICH	TCGA-KN-8418	TCGA-KN-8418-01	TCGA-KN-8418-01Z-00-DX1		/research/projects/mllab/WSI/extracted_features/TCGA-KICH/TCGA-KN-8418-01Z-00-DX1.376DD52D-EF98-4564-B8E3-FE4D219A5C88.h5
train	TCGA-KICH	TCGA-KN-8419	TCGA-KN-8419-01	TCGA-KN-8419-01Z-00-DX1		/research/projects/mllab/WSI/extracted_features/TCGA-KICH/TCGA-KN-8419-01Z-00-DX1.15311E57-CCC5-4D15-88DC-0ED9FD2CF2D0.h5
train	TCGA-KICH	TCGA-KN-8421	TCGA-KN-8421-01	TCGA-KN-8421-01Z-00-DX1		/research/projects/mllab/WSI/extracted_features/TCGA-KICH/TCGA-KN-8421-01Z-00-DX1.A90EB3F7-DE68-4078-BB5B-B35561F96071.h5
train	TCGA-KICH	TCGA-KN-8422	TCGA-KN-8422-01	TCGA-KN-8422-01Z-00-DX1		/research/projects/mllab/WSI/extracted_features/TCGA-KICH/TCGA-KN-8422-01Z-00-DX1.26F9BF86-6D2C-4C99-BFEB-A3708AD48734.h5
train	TCGA-KICH	TCGA-KN-8426	TCGA-KN-8426-01	TCGA-KN-8426-01Z-00-DX1		/research/projects/mllab/WSI/extracted_features/TCGA-KICH/TCGA-KN-8426-01Z-00-DX1.FA31AC9B-A378-467E-97CB-7EFA06B804A1.h5
train	TCGA-KICH	TCGA-KN-8427	TCGA-KN-8427-01	TCGA-KN-8427-01Z-00-DX1		/research/projects/mllab/WSI/extracted_features/TCGA-KICH/TCGA-KN-8427-01Z-00-DX1.8B2A5B0B-977E-4ED9-A9D2-23FFFBA43B7C.h5
train	TCGA-KICH	TCGA-KN-8431	TCGA-KN-8431-01	TCGA-KN-8431-01Z-00-DX1		/research/projects/mllab/WSI/extracted_features/TCGA-KICH/TCGA-KN-8431-01Z-00-DX1.BAEA4392-5CD8-4B28-8A47-E9DCE88F5820.h5
train	TCGA-KICH	TCGA-KN-8432	TCGA-KN-8432-01	TCGA-KN-8432-01Z-00-DX1		/research/projects/mllab/WSI/extracted_features/TCGA-KICH/TCGA-KN-8432-01Z-00-DX1.D4136A31-C2DC-432C-96FB-FD5EE47ECC0D.h5
train	TCGA-KICH	TCGA-KN-8434	TCGA-KN-8434-01	TCGA-KN-8434-01Z-00-DX1		/research/projects/mllab/WSI/extracted_features/TCGA-KICH/TCGA-KN-8434-01Z-00-DX1.EC2C42B5-DB0D-44A3-8224-E982201AE337.h5
train	TCGA-KICH	TCGA-KN-8435	TCGA-KN-8435-01	TCGA-KN-8435-01Z-00-DX1		/research/projects/mllab/WSI/extracted_features/TCGA-KICH/TCGA-KN-8435-01Z-00-DX1.99219621-93BA-448B-8AFE-AEECA888BDA4.h5
train	TCGA-KICH	TCGA-KN-8436	TCGA-KN-8436-01	TCGA-KN-8436-01Z-00-DX1		/research/projects/mllab/WSI/extracted_features/TCGA-KICH/TCGA-KN-8436-01Z-00-DX1.0CCCF11D-ED0E-4575-8F25-813415391524.h5
train	TCGA-KICH	TCGA-KN-8437	TCGA-KN-8437-01	TCGA-KN-8437-01Z-00-DX1		/research/projects/mllab/WSI/extracted_features/TCGA-KICH/TCGA-KN-8437-01Z-00-DX1.573F2559-097F-4A87-9AB6-55BF2FEB724F.h5
train	TCGA-KICH	TCGA-KO-8404	TCGA-KO-8404-01	TCGA-KO-8404-01Z-00-DX1		/research/projects/mllab/WSI/extracted_features/TCGA-KICH/TCGA-KO-8404-01Z-00-DX1.0285FDDF-1C75-4DF3-BD59-285870B73B88.h5
train	TCGA-KICH	TCGA-KO-8405	TCGA-KO-8405-01	TCGA-KO-8405-01Z-00-DX1		/research/projects/mllab/WSI/extracted_features/TCGA-KICH/TCGA-KO-8405-01Z-00-DX1.DB2F9FFE-B562-4D52-A4DF-E939DE99B5F7.h5
train	TCGA-KICH	TCGA-KO-8406	TCGA-KO-8406-01	TCGA-KO-8406-01Z-00-DX1		/research/projects/mllab/WSI/extracted_features/TCGA-KICH/TCGA-KO-8406-01Z-00-DX1.F9FDAB2C-9EEC-41D0-A29C-530107B96AC2.h5
train	TCGA-KICH	TCGA-KO-8408	TCGA-KO-8408-01	TCGA-KO-8408-01Z-00-DX1		/research/projects/mllab/WSI/extracted_features/TCGA-KICH/TCGA-KO-8408-01Z-00-DX1.4D45F809-E93A-4221-832A-97C3A4B4E30C.h5
train	TCGA-KICH	TCGA-KO-8409	TCGA-KO-8409-01	TCGA-KO-8409-01Z-00-DX1		/research/projects/mllab/WSI/extracted_features/TCGA-KICH/TCGA-KO-8409-01Z-00-DX1.C73F6879-81C2-4D2D-9673-4989AADB568D.h5
train	TCGA-KICH	TCGA-KO-8411	TCGA-KO-8411-01	TCGA-KO-8411-01Z-00-DX1		/research/projects/mllab/WSI/extracted_features/TCGA-KICH/TCGA-KO-8411-01Z-00-DX1.57A47A81-003C-4F34-B8FA-D1313114892F.h5
train	TCGA-KICH	TCGA-KO-8414	TCGA-KO-8414-01	TCGA-KO-8414-01Z-00-DX1		/research/projects/mllab/WSI/extracted_features/TCGA-KICH/TCGA-KO-8414-01Z-00-DX1.F827AA8C-3A50-4697-9788-98A3D87BCE52.h5
train	TCGA-KICH	TCGA-KO-8416	TCGA-KO-8416-01	TCGA-KO-8416-01Z-00-DX1		/research/projects/mllab/WSI/extracted_features/TCGA-KICH/TCGA-KO-8416-01Z-00-DX1.AA58FA3E-02A6-4696-A4F6-2B11C5B0C0E8.h5
train	TCGA-KICH	TCGA-KO-8417	TCGA-KO-8417-01	TCGA-KO-8417-01Z-00-DX1		/research/projects/mllab/WSI/extracted_features/TCGA-KICH/TCGA-KO-8417-01Z-00-DX1.E145D87F-24DC-4336-98BD-2D142079D73D.h5
train	TCGA-KIRC	TCGA-AK-3427	TCGA-AK-3427-01	TCGA-AK-3427-01Z-00-DX1		/research/projects/mllab/WSI/extracted_features/TCGA-KIRC/TCGA-AK-3427-01Z-00-DX1.bddd6316-1f27-40d7-8cdc-e19e58ef420d.h5
train	TCGA-KIRC	TCGA-AK-3433	TCGA-AK-3433-01	TCGA-AK-3433-01Z-00-DX1		/research/projects/mllab/WSI/extracted_features/TCGA-KIRC/TCGA-AK-3433-01Z-00-DX1.53f1ec0a-bb16-4899-bdc7-99c6e61f729e.h5
train	TCGA-KIRC	TCGA-AK-3440	TCGA-AK-3440-01	TCGA-AK-3440-01Z-00-DX1		/research/projects/mllab/WSI/extracted_features/TCGA-KIRC/TCGA-AK-3440-01Z-00-DX1.ea0763b1-4262-4c75-9f76-080af1ffeab7.h5
train	TCGA-KIRC	TCGA-AK-3443	TCGA-AK-3443-01	TCGA-AK-3443-01Z-00-DX1		/research/projects/mllab/WSI/extracted_features/TCGA-KIRC/TCGA-AK-3443-01Z-00-DX1.bf067de8-9ca9-4be2-b064-2257ee323a09.h5
train	TCGA-KIRC	TCGA-AK-3450	TCGA-AK-3450-01	TCGA-AK-3450-01Z-00-DX1		/research/projects/mllab/WSI/extracted_features/TCGA-KIRC/TCGA-AK-3450-01Z-00-DX1.84C9CCDE-F1FD-4BDC-B819-25078EF350A5.h5
train	TCGA-KIRC	TCGA-AK-3465	TCGA-AK-3465-01	TCGA-AK-3465-01Z-00-DX1		/research/projects/mllab/WSI/extracted_features/TCGA-KIRC/TCGA-AK-3465-01Z-00-DX1.17a6b1da-f8b4-4bfb-98f0-6cf6a71f27d7.h5
train	TCGA-KIRC	TCGA-B0-4688	TCGA-B0-4688-01	TCGA-B0-4688-01Z-00-DX1		/research/projects/mllab/WSI/extracted_features/TCGA-KIRC/TCGA-B0-4688-01Z-00-DX1.cb882331-49f1-4662-b142-0e9836993eb4.h5
train	TCGA-KIRC	TCGA-B0-4698	TCGA-B0-4698-01	TCGA-B0-4698-01Z-00-DX1		/research/projects/mllab/WSI/extracted_features/TCGA-KIRC/TCGA-B0-4698-01Z-00-DX1.e50fd25d-db5f-419f-b400-911fce1333d0.h5
train	TCGA-KIRC	TCGA-B0-4700	TCGA-B0-4700-01	TCGA-B0-4700-01Z-00-DX1		/research/projects/mllab/WSI/extracted_features/TCGA-KIRC/TCGA-B0-4700-01Z-00-DX1.1a56e8e5-e1c7-48c7-b17a-5adc9d780613.h5
train	TCGA-KIRC	TCGA-B0-4703	TCGA-B0-4703-01	TCGA-B0-4703-01Z-00-DX1		/research/projects/mllab/WSI/extracted_features/TCGA-KIRC/TCGA-B0-4703-01Z-00-DX1.05400469-03bd-4f1b-ac33-580a8b582c39.h5
train	TCGA-KIRC	TCGA-B0-4707	TCGA-B0-4707-01	TCGA-B0-4707-01Z-00-DX1		/research/projects/mllab/WSI/extracted_features/TCGA-KIRC/TCGA-B0-4707-01Z-00-DX1.861325d7-cd42-4564-87f7-53deccc410d8.h5
train	TCGA-KIRC	TCGA-B0-5096	TCGA-B0-5096-01	TCGA-B0-5096-01Z-00-DX1		/research/projects/mllab/WSI/extracted_features/TCGA-KIRC/TCGA-B0-5096-01Z-00-DX1.badbc354-928e-4f7c-9b3f-341154bafbac.h5
train	TCGA-KIRC	TCGA-B0-5400	TCGA-B0-5400-01	TCGA-B0-5400-01Z-00-DX1		/research/projects/mllab/WSI/extracted_features/TCGA-KIRC/TCGA-B0-5400-01Z-00-DX1.2f9e8c7f-9e35-493d-ae23-f13782a2c5c2.h5
train	TCGA-KIRC	TCGA-B0-5402	TCGA-B0-5402-01	TCGA-B0-5402-01Z-00-DX1		/research/projects/mllab/WSI/extracted_features/TCGA-KIRC/TCGA-B0-5402-01Z-00-DX1.dc8a5519-2b6f-473e-9420-b26e59f7c4c9.h5
train	TCGA-KIRC	TCGA-B0-5698	TCGA-B0-5698-01	TCGA-B0-5698-01Z-00-DX1		/research/projects/mllab/WSI/extracted_features/TCGA-KIRC/TCGA-B0-5698-01Z-00-DX1.e7739945-c890-46f9-ba2b-f2cd2ae39567.h5
train	TCGA-KIRC	TCGA-B4-5832	TCGA-B4-5832-01	TCGA-B4-5832-01Z-00-DX1		/research/projects/mllab/WSI/extracted_features/TCGA-KIRC/TCGA-B4-5832-01Z-00-DX1.0ED42E9A-83D1-4008-B775-A934E06D2629.h5
train	TCGA-KIRC	TCGA-B4-5844	TCGA-B4-5844-01	TCGA-B4-5844-01Z-00-DX1		/research/projects/mllab/WSI/extracted_features/TCGA-KIRC/TCGA-B4-5844-01Z-00-DX1.64CF8817-E960-45EC-8073-8228DE0486C0.h5
train	TCGA-KIRC	TCGA-BP-4354	TCGA-BP-4354-01	TCGA-BP-4354-01Z-00-DX1		/research/projects/mllab/WSI/extracted_features/TCGA-KIRC/TCGA-BP-4354-01Z-00-DX1.9f53f9e2-ea72-4be4-9848-1a3f5634dac0.h5
train	TCGA-KIRC	TCGA-BP-4770	TCGA-BP-4770-01	TCGA-BP-4770-01Z-00-DX1		/research/projects/mllab/WSI/extracted_features/TCGA-KIRC/TCGA-BP-4770-01Z-00-DX1.d8a5f4f9-c07d-4465-823f-6c4b3759b4ad.h5
train	TCGA-KIRC	TCGA-BP-4787	TCGA-BP-4787-01	TCGA-BP-4787-01Z-00-DX1		/research/projects/mllab/WSI/extracted_features/TCGA-KIRC/TCGA-BP-4787-01Z-00-DX1.8bac7e59-04be-43a6-8656-501bf157452c.h5
train	TCGA-KIRC	TCGA-BP-4798	TCGA-BP-4798-01	TCGA-BP-4798-01Z-00-DX1		/research/projects/mllab/WSI/extracted_features/TCGA-KIRC/TCGA-BP-4798-01Z-00-DX1.5f6fa5de-bdbc-4048-9948-c89a25a92fd5.h5
train	TCGA-KIRC	TCGA-BP-5178	TCGA-BP-5178-01	TCGA-BP-5178-01Z-00-DX1		/research/projects/mllab/WSI/extracted_features/TCGA-KIRC/TCGA-BP-5178-01Z-00-DX1.4d59b151-8cc6-451a-b009-a4f3a46ae653.h5
train	TCGA-KIRC	TCGA-CJ-4637	TCGA-CJ-4637-01	TCGA-CJ-4637-01Z-00-DX1		/research/projects/mllab/WSI/extracted_features/TCGA-KIRC/TCGA-CJ-4637-01Z-00-DX1.5632396E-A880-4686-9E94-89E3F01AFBFB.h5
train	TCGA-KIRC	TCGA-CJ-4891	TCGA-CJ-4891-01	TCGA-CJ-4891-01Z-00-DX1		/research/projects/mllab/WSI/extracted_features/TCGA-KIRC/TCGA-CJ-4891-01Z-00-DX1.5E9F7E8F-110A-4A9F-BCD0-9CFBA14E1419.h5
train	TCGA-KIRC	TCGA-CJ-4895	TCGA-CJ-4895-01	TCGA-CJ-4895-01Z-00-DX1		/research/projects/mllab/WSI/extracted_features/TCGA-KIRC/TCGA-CJ-4895-01Z-00-DX1.C4089710-6CCB-4591-ACF6-B0AAC187690F.h5
train	TCGA-KIRC	TCGA-CJ-4900	TCGA-CJ-4900-01	TCGA-CJ-4900-01Z-00-DX1		/research/projects/mllab/WSI/extracted_features/TCGA-KIRC/TCGA-CJ-4900-01Z-00-DX1.75AA0FB8-54AF-492F-867F-A7A4DA11FCAF.h5
train	TCGA-KIRC	TCGA-CJ-4918	TCGA-CJ-4918-01	TCGA-CJ-4918-01Z-00-DX1		/research/projects/mllab/WSI/extracted_features/TCGA-KIRC/TCGA-CJ-4918-01Z-00-DX1.FC5811FB-D6B4-479C-8A47-9023D0873319.h5
train	TCGA-KIRC	TCGA-CJ-4923	TCGA-CJ-4923-01	TCGA-CJ-4923-01Z-00-DX1		/research/projects/mllab/WSI/extracted_features/TCGA-KIRC/TCGA-CJ-4923-01Z-00-DX1.ADD3D7FE-46D1-49AF-B6D4-1FD07B761EF1.h5
train	TCGA-KIRC	TCGA-CJ-5677	TCGA-CJ-5677-01	TCGA-CJ-5677-01Z-00-DX1		/research/projects/mllab/WSI/extracted_features/TCGA-KIRC/TCGA-CJ-5677-01Z-00-DX1.46FEF9C4-445C-4046-9ACC-54402E3702A9.h5
train	TCGA-KIRC	TCGA-CJ-6028	TCGA-CJ-6028-01	TCGA-CJ-6028-01Z-00-DX1		/research/projects/mllab/WSI/extracted_features/TCGA-KIRC/TCGA-CJ-6028-01Z-00-DX1.7D61411B-8B96-4D9A-9CAF-46D22ED72F93.h5
train	TCGA-KIRC	TCGA-CJ-6033	TCGA-CJ-6033-01	TCGA-CJ-6033-01Z-00-DX1		/research/projects/mllab/WSI/extracted_features/TCGA-KIRC/TCGA-CJ-6033-01Z-00-DX1.5DD2C8F4-50E1-47C3-B5D4-058AE04095DD.h5
train	TCGA-KIRC	TCGA-CZ-4860	TCGA-CZ-4860-01	TCGA-CZ-4860-01Z-00-DX1		/research/projects/mllab/WSI/extracted_features/TCGA-KIRC/TCGA-CZ-4860-01Z-00-DX1.4e1e4ab7-d82d-437e-a403-5e4cc2647751.h5
train	TCGA-KIRC	TCGA-CZ-5455	TCGA-CZ-5455-01	TCGA-CZ-5455-01Z-00-DX1		/research/projects/mllab/WSI/extracted_features/TCGA-KIRC/TCGA-CZ-5455-01Z-00-DX1.f62e1d32-8a1e-4708-a0ba-93516a0b3dab.h5
train	TCGA-KIRC	TCGA-CZ-5468	TCGA-CZ-5468-01	TCGA-CZ-5468-01Z-00-DX1		/research/projects/mllab/WSI/extracted_features/TCGA-KIRC/TCGA-CZ-5468-01Z-00-DX1.e2bbe417-a24c-4511-934e-674221855695.h5
train	TCGA-KIRC	TCGA-DV-A4VX	TCGA-DV-A4VX-01	TCGA-DV-A4VX-01Z-00-DX1		/research/projects/mllab/WSI/extracted_features/TCGA-KIRC/TCGA-DV-A4VX-01Z-00-DX1.9E7036DB-6DD7-4D25-93BD-298206C85EDA.h5
train	TCGA-KIRC	TCGA-G6-A5PC	TCGA-G6-A5PC-01	TCGA-G6-A5PC-01Z-00-DX1		/research/projects/mllab/WSI/extracted_features/TCGA-KIRC/TCGA-G6-A5PC-01Z-00-DX1.1E7A6945-7AC1-438D-B1EC-C45BEFC6851E.h5
train	TCGA-KIRP	TCGA-2K-A9WE	TCGA-2K-A9WE-01	TCGA-2K-A9WE-01Z-00-DX1		/research/projects/mllab/WSI/extracted_features/TCGA-KIRP/TCGA-2K-A9WE-01Z-00-DX1.ED8ADE3B-D49B-403B-B4EB-BD11D91DD676.h5
train	TCGA-KIRP	TCGA-2Z-A9J3	TCGA-2Z-A9J3-01	TCGA-2Z-A9J3-01Z-00-DX1		/research/projects/mllab/WSI/extracted_features/TCGA-KIRP/TCGA-2Z-A9J3-01Z-00-DX1.6B0E7DF6-733D-4007-84A3-E67BBC4966A6.h5
train	TCGA-KIRP	TCGA-2Z-A9J7	TCGA-2Z-A9J7-01	TCGA-2Z-A9J7-01Z-00-DX1		/research/projects/mllab/WSI/extracted_features/TCGA-KIRP/TCGA-2Z-A9J7-01Z-00-DX1.9DB458BA-8AB0-4ECF-A3F9-5851A7A59759.h5
train	TCGA-KIRP	TCGA-2Z-A9JJ	TCGA-2Z-A9JJ-01	TCGA-2Z-A9JJ-01Z-00-DX1		/research/projects/mllab/WSI/extracted_features/TCGA-KIRP/TCGA-2Z-A9JJ-01Z-00-DX1.70CE98C1-3591-42E8-997A-95BE00413565.h5
train	TCGA-KIRP	TCGA-2Z-A9JQ	TCGA-2Z-A9JQ-01	TCGA-2Z-A9JQ-01Z-00-DX1		/research/projects/mllab/WSI/extracted_features/TCGA-KIRP/TCGA-2Z-A9JQ-01Z-00-DX1.2B60CD27-C443-46D3-80E2-EAAE2EF81C90.h5
train	TCGA-KIRP	TCGA-4A-A93X	TCGA-4A-A93X-01	TCGA-4A-A93X-01Z-00-DX1		/research/projects/mllab/WSI/extracted_features/TCGA-KIRP/TCGA-4A-A93X-01Z-00-DX1.A80225A4-9C74-4920-ADFC-7163719FB0BA.h5
train	TCGA-KIRP	TCGA-5P-A9K8	TCGA-5P-A9K8-01	TCGA-5P-A9K8-01Z-00-DX1		/research/projects/mllab/WSI/extracted_features/TCGA-KIRP/TCGA-5P-A9K8-01Z-00-DX1.3226667C-B631-4BA5-ACFB-29968ECBFE8C.h5
train	TCGA-KIRP	TCGA-A4-7585	TCGA-A4-7585-01	TCGA-A4-7585-01Z-00-DX1		/research/projects/mllab/WSI/extracted_features/TCGA-KIRP/TCGA-A4-7585-01Z-00-DX1.47f27533-7c8d-4df3-bd7c-586d5fbdf1fc.h5
train	TCGA-KIRP	TCGA-A4-8312	TCGA-A4-8312-01	TCGA-A4-8312-01Z-00-DX1		/research/projects/mllab/WSI/extracted_features/TCGA-KIRP/TCGA-A4-8312-01Z-00-DX1.B59C24F4-205D-40C1-8DB3-4D78AE8D5826.h5
train	TCGA-KIRP	TCGA-A4-A57E	TCGA-A4-A57E-01	TCGA-A4-A57E-01Z-00-DX1		/research/projects/mllab/WSI/extracted_features/TCGA-KIRP/TCGA-A4-A57E-01Z-00-DX1.364D4762-64D9-4F71-8E33-1F6B058054F2.h5
train	TCGA-KIRP	TCGA-A4-A5XZ	TCGA-A4-A5XZ-01	TCGA-A4-A5XZ-01Z-00-DX1		/research/projects/mllab/WSI/extracted_features/TCGA-KIRP/TCGA-A4-A5XZ-01Z-00-DX1.91B936FA-1697-4571-800D-F45B68596A58.h5
train	TCGA-KIRP	TCGA-AL-3466	TCGA-AL-3466-01	TCGA-AL-3466-01Z-00-DX1		/research/projects/mllab/WSI/extracted_features/TCGA-KIRP/TCGA-AL-3466-01Z-00-DX1.938976FB-8A0A-426B-B673-7C485D28ADF6.h5
train	TCGA-KIRP	TCGA-AL-3473	TCGA-AL-3473-01	TCGA-AL-3473-01Z-00-DX1		/research/projects/mllab/WSI/extracted_features/TCGA-KIRP/TCGA-AL-3473-01Z-00-DX1.F3F992D2-D920-4791-A396-978D6E5529DE.h5
train	TCGA-KIRP	TCGA-AL-7173	TCGA-AL-7173-01	TCGA-AL-7173-01Z-00-DX1		/research/projects/mllab/WSI/extracted_features/TCGA-KIRP/TCGA-AL-7173-01Z-00-DX1.91ba65ea-9eca-4ee0-b31b-95a3a27cfb81.h5
train	TCGA-KIRP	TCGA-BQ-5877	TCGA-BQ-5877-01	TCGA-BQ-5877-01Z-00-DX1		/research/projects/mllab/WSI/extracted_features/TCGA-KIRP/TCGA-BQ-5877-01Z-00-DX1.3060d47f-0bc6-4a81-82ba-bf596d790f0f.h5
train	TCGA-KIRP	TCGA-BQ-5880	TCGA-BQ-5880-01	TCGA-BQ-5880-01Z-00-DX1		/research/projects/mllab/WSI/extracted_features/TCGA-KIRP/TCGA-BQ-5880-01Z-00-DX1.c1d047b5-0fce-4f4f-b888-5ecbb6762cc8.h5
train	TCGA-KIRP	TCGA-BQ-5881	TCGA-BQ-5881-01	TCGA-BQ-5881-01Z-00-DX1		/research/projects/mllab/WSI/extracted_features/TCGA-KIRP/TCGA-BQ-5881-01Z-00-DX1.5eff6d78-773a-49d6-be59-de63172d543c.h5
train	TCGA-KIRP	TCGA-BQ-5889	TCGA-BQ-5889-01	TCGA-BQ-5889-01Z-00-DX1		/research/projects/mllab/WSI/extracted_features/TCGA-KIRP/TCGA-BQ-5889-01Z-00-DX1.006cf530-5534-4183-bef6-17e038dc98d8.h5
train	TCGA-KIRP	TCGA-BQ-5893	TCGA-BQ-5893-01	TCGA-BQ-5893-01Z-00-DX1		/research/projects/mllab/WSI/extracted_features/TCGA-KIRP/TCGA-BQ-5893-01Z-00-DX1.d68bdc5e-06ef-4e9c-bfe0-0fab07c36a58.h5
train	TCGA-KIRP	TCGA-BQ-5894	TCGA-BQ-5894-01	TCGA-BQ-5894-01Z-00-DX1		/research/projects/mllab/WSI/extracted_features/TCGA-KIRP/TCGA-BQ-5894-01Z-00-DX1.8fa5886a-0e66-4fe1-9c96-14b9d8d13db7.h5
train	TCGA-KIRP	TCGA-DW-7838	TCGA-DW-7838-01	TCGA-DW-7838-01Z-00-DX1		/research/projects/mllab/WSI/extracted_features/TCGA-KIRP/TCGA-DW-7838-01Z-00-DX1.08AE47C1-7A7C-4D7A-A485-13F37341D1AC.h5
train	TCGA-KIRP	TCGA-F9-A8NY	TCGA-F9-A8NY-01	TCGA-F9-A8NY-01Z-00-DX1		/research/projects/mllab/WSI/extracted_features/TCGA-KIRP/TCGA-F9-A8NY-01Z-00-DX1.37B2C4DC-A40B-4751-9A86-679045AA07B1.h5
train	TCGA-KIRP	TCGA-G7-6789	TCGA-G7-6789-01	TCGA-G7-6789-01Z-00-DX1		/research/projects/mllab/WSI/extracted_features/TCGA-KIRP/TCGA-G7-6789-01Z-00-DX1.17c821de-0db5-48e8-b2a3-67654dbae7c2.h5
train	TCGA-KIRP	TCGA-G7-6793	TCGA-G7-6793-01	TCGA-G7-6793-01Z-00-DX1		/research/projects/mllab/WSI/extracted_features/TCGA-KIRP/TCGA-G7-6793-01Z-00-DX1.d5180ed3-4fbe-4254-9d5b-530aac5f3bca.h5
train	TCGA-KIRP	TCGA-G7-7501	TCGA-G7-7501-01	TCGA-G7-7501-01Z-00-DX1		/research/projects/mllab/WSI/extracted_features/TCGA-KIRP/TCGA-G7-7501-01Z-00-DX1.9d079751-475f-4e04-9c64-e626d543439d.h5
train	TCGA-KIRP	TCGA-G7-A8LB	TCGA-G7-A8LB-01	TCGA-G7-A8LB-01Z-00-DX1		/research/projects/mllab/WSI/extracted_features/TCGA-KIRP/TCGA-G7-A8LB-01Z-00-DX1.1D3AC235-837A-4E39-9FAA-D7F4E9F5939D.h5
train	TCGA-KIRP	TCGA-GL-A59R	TCGA-GL-A59R-01	TCGA-GL-A59R-01Z-00-DX1		/research/projects/mllab/WSI/extracted_features/TCGA-KIRP/TCGA-GL-A59R-01Z-00-DX1.7B0AC43C-F74B-485E-8A6C-2DDFB017BDBF.h5
train	TCGA-KIRP	TCGA-HE-7129	TCGA-HE-7129-01	TCGA-HE-7129-01Z-00-DX1		/research/projects/mllab/WSI/extracted_features/TCGA-KIRP/TCGA-HE-7129-01Z-00-DX1.9E4D3873-8E71-4602-8698-D7CBE75E7FA6.h5
train	TCGA-KIRP	TCGA-IA-A83S	TCGA-IA-A83S-01	TCGA-IA-A83S-01Z-00-DX1		/research/projects/mllab/WSI/extracted_features/TCGA-KIRP/TCGA-IA-A83S-01Z-00-DX1.806D1CFE-07E1-4CC2-AE73-08D8C2DCA008.h5
train	TCGA-KIRP	TCGA-MH-A854	TCGA-MH-A854-01	TCGA-MH-A854-01Z-00-DX1		/research/projects/mllab/WSI/extracted_features/TCGA-KIRP/TCGA-MH-A854-01Z-00-DX1.DB5B7519-1C0F-4328-A128-FA17C2F29064.h5
train	TCGA-KIRP	TCGA-Q2-A5QZ	TCGA-Q2-A5QZ-01	TCGA-Q2-A5QZ-01Z-00-DX1		/research/projects/mllab/WSI/extracted_features/TCGA-KIRP/TCGA-Q2-A5QZ-01Z-00-DX1.66131B27-D89A-4BCC-A25A-1A4B9682199C.h5
train	TCGA-KIRP	TCGA-SX-A71W	TCGA-SX-A71W-01	TCGA-SX-A71W-01Z-00-DX1		/research/projects/mllab/WSI/extracted_features/TCGA-KIRP/TCGA-SX-A71W-01Z-00-DX1.293A2F6A-AEAE-4A0D-96BF-2220FAFFE191.h5
train	TCGA-KIRP	TCGA-SX-A7SM	TCGA-SX-A7SM-01	TCGA-SX-A7SM-01Z-00-DX1		/research/projects/mllab/WSI/extracted_features/TCGA-KIRP/TCGA-SX-A7SM-01Z-00-DX1.567A7D93-3511-4AB5-AF26-019994048AF5.h5
train	TCGA-KIRP	TCGA-SX-A7SO	TCGA-SX-A7SO-01	TCGA-SX-A7SO-01Z-00-DX1		/research/projects/mllab/WSI/extracted_features/TCGA-KIRP/TCGA-SX-A7SO-01Z-00-DX1.02A748A8-B4FB-4EA3-827B-8C743B858983.h5
train	TCGA-KIRP	TCGA-V9-A7HT	TCGA-V9-A7HT-01	TCGA-V9-A7HT-01Z-00-DX1		/research/projects/mllab/WSI/extracted_features/TCGA-KIRP/TCGA-V9-A7HT-01Z-00-DX1.128997AA-B00E-48BA-8936-4F3A65C6A6E3.h5
train	TCGA-KIRP	TCGA-Y8-A8S1	TCGA-Y8-A8S1-01	TCGA-Y8-A8S1-01Z-00-DX1		/research/projects/mllab/WSI/extracted_features/TCGA-KIRP/TCGA-Y8-A8S1-01Z-00-DX1.070EF07D-6A9B-4E32-9851-3B08A628D879.h5
train	TCGA-LGG	TCGA-CS-5396	TCGA-CS-5396-01	TCGA-CS-5396-01Z-00-DX1		/research/projects/mllab/WSI/extracted_features/TCGA-LGG/TCGA-CS-5396-01Z-00-DX1.63f3413b-a950-417a-a49e-9d01efe45c88.h5
train	TCGA-LGG	TCGA-CS-6666	TCGA-CS-6666-01	TCGA-CS-6666-01Z-00-DX1		/research/projects/mllab/WSI/extracted_features/TCGA-LGG/TCGA-CS-6666-01Z-00-DX1.6F91FE79-CCA6-401C-9C3C-74B2F9C9DF4A.h5
train	TCGA-LGG	TCGA-CS-6669	TCGA-CS-6669-01	TCGA-CS-6669-01Z-00-DX1		/research/projects/mllab/WSI/extracted_features/TCGA-LGG/TCGA-CS-6669-01Z-00-DX1.B1D9D967-ED63-48F7-9E9F-12B3E74EB0E8.h5
train	TCGA-LGG	TCGA-DB-5276	TCGA-DB-5276-01	TCGA-DB-5276-01Z-00-DX1		/research/projects/mllab/WSI/extracted_features/TCGA-LGG/TCGA-DB-5276-01Z-00-DX1.3921BD4C-CC46-43A4-BECF-AAB9A35E6682.h5
train	TCGA-LGG	TCGA-DB-5281	TCGA-DB-5281-01	TCGA-DB-5281-01Z-00-DX1		/research/projects/mllab/WSI/extracted_features/TCGA-LGG/TCGA-DB-5281-01Z-00-DX1.1C19F78D-2E61-41E8-976D-0EC0A2A45031.h5
train	TCGA-LGG	TCGA-DH-5143	TCGA-DH-5143-01	TCGA-DH-5143-01Z-00-DX1		/research/projects/mllab/WSI/extracted_features/TCGA-LGG/TCGA-DH-5143-01Z-00-DX1.DD05DCF6-FF16-47A3-B3EF-FCB89F6C8566.h5
train	TCGA-LGG	TCGA-DH-A66G	TCGA-DH-A66G-01	TCGA-DH-A66G-01Z-00-DX1		/research/projects/mllab/WSI/extracted_features/TCGA-LGG/TCGA-DH-A66G-01Z-00-DX1.82A4242B-EAB4-4474-B5C9-27FD5C322201.h5
train	TCGA-LGG	TCGA-DU-6393	TCGA-DU-6393-01	TCGA-DU-6393-01Z-00-DX1		/research/projects/mllab/WSI/extracted_features/TCGA-LGG/TCGA-DU-6393-01Z-00-DX1.a91ec35c-6b09-4ea7-8c15-e13119177f74.h5
train	TCGA-LGG	TCGA-DU-6400	TCGA-DU-6400-01	TCGA-DU-6400-01Z-00-DX1		/research/projects/mllab/WSI/extracted_features/TCGA-LGG/TCGA-DU-6400-01Z-00-DX1.46dd4fdb-66b4-445e-b9b7-c0eb8c114ed7.h5
train	TCGA-LGG	TCGA-DU-6401	TCGA-DU-6401-01	TCGA-DU-6401-01Z-00-DX1		/research/projects/mllab/WSI/extracted_features/TCGA-LGG/TCGA-DU-6401-01Z-00-DX1.117ba558-9f05-416d-b621-20c5c83895c8.h5
train	TCGA-LGG	TCGA-DU-7011	TCGA-DU-7011-01	TCGA-DU-7011-01Z-00-DX1		/research/projects/mllab/WSI/extracted_features/TCGA-LGG/TCGA-DU-7011-01Z-00-DX1.839D54AF-A0C7-4DE4-A7D0-D19C760FFB3D.h5
train	TCGA-LGG	TCGA-DU-7015	TCGA-DU-7015-01	TCGA-DU-7015-01Z-00-DX1		/research/projects/mllab/WSI/extracted_features/TCGA-LGG/TCGA-DU-7015-01Z-00-DX1.E604489D-E82C-4129-9CDC-16AD1D33B3F2.h5
train	TCGA-LGG	TCGA-DU-8162	TCGA-DU-8162-01	TCGA-DU-8162-01Z-00-DX1		/research/projects/mllab/WSI/extracted_features/TCGA-LGG/TCGA-DU-8162-01Z-00-DX1.bf95b059-f79c-4a49-b70b-295cca8e4cf0.h5
train	TCGA-LGG	TCGA-E1-A7YK	TCGA-E1-A7YK-01	TCGA-E1-A7YK-01Z-00-DX1		/research/projects/mllab/WSI/extracted_features/TCGA-LGG/TCGA-E1-A7YK-01Z-00-DX1.C2402DDF-A57D-4548-9607-5826928453EF.h5
train	TCGA-LGG	TCGA-E1-A7YS	TCGA-E1-A7YS-01	TCGA-E1-A7YS-01Z-00-DX1		/research/projects/mllab/WSI/extracted_features/TCGA-LGG/TCGA-E1-A7YS-01Z-00-DX1.91926274-81BC-4E06-B13D-5A6966BCD918.h5
train	TCGA-LGG	TCGA-E1-A7YY	TCGA-E1-A7YY-01	TCGA-E1-A7YY-01Z-00-DX1		/research/projects/mllab/WSI/extracted_features/TCGA-LGG/TCGA-E1-A7YY-01Z-00-DX1.B652C843-4122-453A-B67B-68DD0ADE4476.h5
train	TCGA-LGG	TCGA-FG-7643	TCGA-FG-7643-01	TCGA-FG-7643-01Z-00-DX1		/research/projects/mllab/WSI/extracted_features/TCGA-LGG/TCGA-FG-7643-01Z-00-DX1.2F1D1287-FC69-4A7A-B401-9F48C0A2A7B9.h5
train	TCGA-LGG	TCGA-FG-8182	TCGA-FG-8182-01	TCGA-FG-8182-01Z-00-DX1		/research/projects/mllab/WSI/extracted_features/TCGA-LGG/TCGA-FG-8182-01Z-00-DX1.287825ff-7486-455b-b3d7-90200806ae87.h5
train	TCGA-LGG	TCGA-FG-8188	TCGA-FG-8188-01	TCGA-FG-8188-01Z-00-DX1		/research/projects/mllab/WSI/extracted_features/TCGA-LGG/TCGA-FG-8188-01Z-00-DX1.2a587a5c-9985-4d83-868d-4801fb239a61.h5
train	TCGA-LGG	TCGA-HT-7607	TCGA-HT-7607-01	TCGA-HT-7607-01Z-00-DX1		/research/projects/mllab/WSI/extracted_features/TCGA-LGG/TCGA-HT-7607-01Z-00-DX1.7FD5F49C-1CF7-499A-BA47-10812135FAC5.h5
train	TCGA-LGG	TCGA-HT-7609	TCGA-HT-7609-01	TCGA-HT-7609-01Z-00-DX1		/research/projects/mllab/WSI/extracted_features/TCGA-LGG/TCGA-HT-7609-01Z-00-DX1.8989643C-6505-468E-BEE4-8F105D4CE4A0.h5
train	TCGA-LGG	TCGA-HT-7680	TCGA-HT-7680-01	TCGA-HT-7680-01Z-00-DX1		/research/projects/mllab/WSI/extracted_features/TCGA-LGG/TCGA-HT-7680-01Z-00-DX1.112866BF-8B2F-4007-8F61-FACFC66CDA6C.h5
train	TCGA-LGG	TCGA-HT-A5R5	TCGA-HT-A5R5-01	TCGA-HT-A5R5-01Z-00-DX1		/research/projects/mllab/WSI/extracted_features/TCGA-LGG/TCGA-HT-A5R5-01Z-00-DX1.4C1365AB-C04C-4E31-B759-031060F2473A.h5
train	TCGA-LGG	TCGA-HW-7489	TCGA-HW-7489-01	TCGA-HW-7489-01Z-00-DX1		/research/projects/mllab/WSI/extracted_features/TCGA-LGG/TCGA-HW-7489-01Z-00-DX1.4586f9f6-ff9b-4966-a487-769d135024dd.h5
train	TCGA-LGG	TCGA-HW-8320	TCGA-HW-8320-01	TCGA-HW-8320-01Z-00-DX1		/research/projects/mllab/WSI/extracted_features/TCGA-LGG/TCGA-HW-8320-01Z-00-DX1.71FC4C29-1D2A-4227-82B9-9D59A9AF38A0.h5
train	TCGA-LGG	TCGA-HW-A5KK	TCGA-HW-A5KK-01	TCGA-HW-A5KK-01Z-00-DX1		/research/projects/mllab/WSI/extracted_features/TCGA-LGG/TCGA-HW-A5KK-01Z-00-DX1.DBE8A4F7-456E-4094-93D8-10D3238E86DD.h5
train	TCGA-LGG	TCGA-IK-7675	TCGA-IK-7675-01	TCGA-IK-7675-01Z-00-DX1		/research/projects/mllab/WSI/extracted_features/TCGA-LGG/TCGA-IK-7675-01Z-00-DX1.1afabdc4-ee6b-4a8a-8f9f-2bdead91ee76.h5
train	TCGA-LGG	TCGA-QH-A6XA	TCGA-QH-A6XA-01	TCGA-QH-A6XA-01Z-00-DX1		/research/projects/mllab/WSI/extracted_features/TCGA-LGG/TCGA-QH-A6XA-01Z-00-DX1.7B4C2D32-6621-4109-8B13-7620D1E07A0D.h5
train	TCGA-LGG	TCGA-RY-A843	TCGA-RY-A843-01	TCGA-RY-A843-01Z-00-DX1		/research/projects/mllab/WSI/extracted_features/TCGA-LGG/TCGA-RY-A843-01Z-00-DX1.CB0CAD7E-B970-419A-902D-2F97660D2372.h5
train	TCGA-LGG	TCGA-S9-A6U1	TCGA-S9-A6U1-01	TCGA-S9-A6U1-01Z-00-DX1		/research/projects/mllab/WSI/extracted_features/TCGA-LGG/TCGA-S9-A6U1-01Z-00-DX1.1F328064-7637-4194-836B-6D6F2221AB8B.h5
train	TCGA-LGG	TCGA-S9-A6UA	TCGA-S9-A6UA-01	TCGA-S9-A6UA-01Z-00-DX1		/research/projects/mllab/WSI/extracted_features/TCGA-LGG/TCGA-S9-A6UA-01Z-00-DX1.99AB8786-858B-46A0-94BA-C5AA1CD5351B.h5
train	TCGA-LGG	TCGA-S9-A6WI	TCGA-S9-A6WI-01	TCGA-S9-A6WI-01Z-00-DX1		/research/projects/mllab/WSI/extracted_features/TCGA-LGG/TCGA-S9-A6WI-01Z-00-DX1.D3D90B50-C15D-4EB0-B721-AD655EA6F97A.h5
train	TCGA-LGG	TCGA-S9-A7QW	TCGA-S9-A7QW-01	TCGA-S9-A7QW-01Z-00-DX1		/research/projects/mllab/WSI/extracted_features/TCGA-LGG/TCGA-S9-A7QW-01Z-00-DX1.C07FEA9E-6FED-46C9-9133-11A18A877832.h5
train	TCGA-LGG	TCGA-S9-A89V	TCGA-S9-A89V-01	TCGA-S9-A89V-01Z-00-DX1		/research/projects/mllab/WSI/extracted_features/TCGA-LGG/TCGA-S9-A89V-01Z-00-DX1.63E6101E-4FBC-4843-BFFD-343C3F111844.h5
train	TCGA-LGG	TCGA-TQ-A8XE	TCGA-TQ-A8XE-01	TCGA-TQ-A8XE-01Z-00-DX1		/research/projects/mllab/WSI/extracted_features/TCGA-LGG/TCGA-TQ-A8XE-01Z-00-DX1.106C2DAA-99F8-475A-B383-31824AC4C506.h5
train	TCGA-LGG	TCGA-WY-A85E	TCGA-WY-A85E-01	TCGA-WY-A85E-01Z-00-DX1		/research/projects/mllab/WSI/extracted_features/TCGA-LGG/TCGA-WY-A85E-01Z-00-DX1.AA7A4C1F-99AA-490D-B6D4-280EAB1EFF56.h5
train	TCGA-LIHC	TCGA-2Y-A9GT	TCGA-2Y-A9GT-01	TCGA-2Y-A9GT-01Z-00-DX1		/research/projects/mllab/WSI/extracted_features/TCGA-LIHC/TCGA-2Y-A9GT-01Z-00-DX1.30666775-3556-4DFE-A5EC-8CCF8EEB1803.h5
train	TCGA-LIHC	TCGA-2Y-A9GV	TCGA-2Y-A9GV-01	TCGA-2Y-A9GV-01Z-00-DX1		/research/projects/mllab/WSI/extracted_features/TCGA-LIHC/TCGA-2Y-A9GV-01Z-00-DX1.524FA6DD-7C84-425C-A2B5-17690DF50A28.h5
train	TCGA-LIHC	TCGA-2Y-A9H3	TCGA-2Y-A9H3-01	TCGA-2Y-A9H3-01Z-00-DX1		/research/projects/mllab/WSI/extracted_features/TCGA-LIHC/TCGA-2Y-A9H3-01Z-00-DX1.813C14D8-DBBC-43AF-9E3A-9EFC1D1AFC98.h5
train	TCGA-LIHC	TCGA-BC-A5W4	TCGA-BC-A5W4-01	TCGA-BC-A5W4-01Z-00-DX1		/research/projects/mllab/WSI/extracted_features/TCGA-LIHC/TCGA-BC-A5W4-01Z-00-DX1.57017E96-B611-420D-BEED-021B928A1BA8.h5
train	TCGA-LIHC	TCGA-BC-A8YO	TCGA-BC-A8YO-01	TCGA-BC-A8YO-01Z-00-DX1		/research/projects/mllab/WSI/extracted_features/TCGA-LIHC/TCGA-BC-A8YO-01Z-00-DX1.F5E0326A-43A6-4DCC-A331-335740E30D19.h5
train	TCGA-LIHC	TCGA-CC-5260	TCGA-CC-5260-01	TCGA-CC-5260-01Z-00-DX1		/research/projects/mllab/WSI/extracted_features/TCGA-LIHC/TCGA-CC-5260-01Z-00-DX1.48FDF3FB-5ABA-4456-84D7-564C94ACDD85.h5
train	TCGA-LIHC	TCGA-CC-5262	TCGA-CC-5262-01	TCGA-CC-5262-01Z-00-DX1		/research/projects/mllab/WSI/extracted_features/TCGA-LIHC/TCGA-CC-5262-01Z-00-DX1.B750BE18-3C41-4355-A8CE-20FCEB1CB2C9.h5
train	TCGA-LIHC	TCGA-CC-5263	TCGA-CC-5263-01	TCGA-CC-5263-01Z-00-DX1		/research/projects/mllab/WSI/extracted_features/TCGA-LIHC/TCGA-CC-5263-01Z-00-DX1.9CB478BC-3470-4930-976B-0419B180D57F.h5
train	TCGA-LIHC	TCGA-CC-A3MB	TCGA-CC-A3MB-01	TCGA-CC-A3MB-01Z-00-DX1		/research/projects/mllab/WSI/extracted_features/TCGA-LIHC/TCGA-CC-A3MB-01Z-00-DX1.5EF235F5-A3B1-4DBB-9D6E-03A9F7CB203F.h5
train	TCGA-LIHC	TCGA-CC-A5UE	TCGA-CC-A5UE-01	TCGA-CC-A5UE-01Z-00-DX1		/research/projects/mllab/WSI/extracted_features/TCGA-LIHC/TCGA-CC-A5UE-01Z-00-DX1.11245DF8-BDD4-435F-9329-A4F63C24EC88.h5
train	TCGA-LIHC	TCGA-CC-A7IF	TCGA-CC-A7IF-01	TCGA-CC-A7IF-01Z-00-DX1		/research/projects/mllab/WSI/extracted_features/TCGA-LIHC/TCGA-CC-A7IF-01Z-00-DX1.F5D74385-ABD3-466D-9DCD-2A762140F633.h5
train	TCGA-LIHC	TCGA-CC-A7IL	TCGA-CC-A7IL-01	TCGA-CC-A7IL-01Z-00-DX1		/research/projects/mllab/WSI/extracted_features/TCGA-LIHC/TCGA-CC-A7IL-01Z-00-DX1.73B59FCC-40C9-40F4-AC8A-EBBEB5884757.h5
train	TCGA-LIHC	TCGA-CC-A8HS	TCGA-CC-A8HS-01	TCGA-CC-A8HS-01Z-00-DX1		/research/projects/mllab/WSI/extracted_features/TCGA-LIHC/TCGA-CC-A8HS-01Z-00-DX1.267BA6C7-41E1-4E93-AB80-ECB6D082F49E.h5
train	TCGA-LIHC	TCGA-DD-A1EJ	TCGA-DD-A1EJ-01	TCGA-DD-A1EJ-01Z-00-DX1		/research/projects/mllab/WSI/extracted_features/TCGA-LIHC/TCGA-DD-A1EJ-01Z-00-DX1.1324C4D5-669E-4168-9F93-01480E2367F3.h5
train	TCGA-LIHC	TCGA-DD-A3A4	TCGA-DD-A3A4-01	TCGA-DD-A3A4-01Z-00-DX1		/research/projects/mllab/WSI/extracted_features/TCGA-LIHC/TCGA-DD-A3A4-01Z-00-DX1.A79D22BF-3D01-47F8-BFDC-E761FED7A663.h5
train	TCGA-LIHC	TCGA-DD-A3A9	TCGA-DD-A3A9-01	TCGA-DD-A3A9-01Z-00-DX1		/research/projects/mllab/WSI/extracted_features/TCGA-LIHC/TCGA-DD-A3A9-01Z-00-DX1.BC4A83DE-516A-4C64-9E86-834E8CFD6135.h5
train	TCGA-LIHC	TCGA-DD-A4NV	TCGA-DD-A4NV-01	TCGA-DD-A4NV-01Z-00-DX1		/research/projects/mllab/WSI/extracted_features/TCGA-LIHC/TCGA-DD-A4NV-01Z-00-DX1.E8306B87-3CBA-4FF8-90B2-9404CBF8941B.h5
train	TCGA-LIHC	TCGA-DD-A73C	TCGA-DD-A73C-01	TCGA-DD-A73C-01Z-00-DX2		/research/projects/mllab/WSI/extracted_features/TCGA-LIHC/TCGA-DD-A73C-01Z-00-DX2.616264EE-93CE-4E2F-A4DA-1CD3663A4F3C.h5
train	TCGA-LIHC	TCGA-DD-A73D	TCGA-DD-A73D-01	TCGA-DD-A73D-01Z-00-DX2		/research/projects/mllab/WSI/extracted_features/TCGA-LIHC/TCGA-DD-A73D-01Z-00-DX2.2492EB08-62D6-41F7-A612-4982F5360C64.h5
train	TCGA-LIHC	TCGA-DD-AA3A	TCGA-DD-AA3A-01	TCGA-DD-AA3A-01Z-00-DX1		/research/projects/mllab/WSI/extracted_features/TCGA-LIHC/TCGA-DD-AA3A-01Z-00-DX1.5824BEE6-2E87-42F7-929B-AFD9C4CA2284.h5
train	TCGA-LIHC	TCGA-DD-AACD	TCGA-DD-AACD-01	TCGA-DD-AACD-01Z-00-DX1		/research/projects/mllab/WSI/extracted_features/TCGA-LIHC/TCGA-DD-AACD-01Z-00-DX1.1EA42A70-D453-4F92-AD7A-E2462696C985.h5
train	TCGA-LIHC	TCGA-DD-AACG	TCGA-DD-AACG-01	TCGA-DD-AACG-01Z-00-DX1		/research/projects/mllab/WSI/extracted_features/TCGA-LIHC/TCGA-DD-AACG-01Z-00-DX1.7B625854-0DEF-4CD1-9D01-EE685671DE84.h5
train	TCGA-LIHC	TCGA-DD-AACZ	TCGA-DD-AACZ-01	TCGA-DD-AACZ-01Z-00-DX1		/research/projects/mllab/WSI/extracted_features/TCGA-LIHC/TCGA-DD-AACZ-01Z-00-DX1.A4694008-C87C-458A-A680-AEF131BFB44A.h5
train	TCGA-LIHC	TCGA-DD-AAD1	TCGA-DD-AAD1-01	TCGA-DD-AAD1-01Z-00-DX1		/research/projects/mllab/WSI/extracted_features/TCGA-LIHC/TCGA-DD-AAD1-01Z-00-DX1.819657B9-773A-4E85-9D8B-C9EB580FAD87.h5
train	TCGA-LIHC	TCGA-DD-AADD	TCGA-DD-AADD-01	TCGA-DD-AADD-01Z-00-DX1		/research/projects/mllab/WSI/extracted_features/TCGA-LIHC/TCGA-DD-AADD-01Z-00-DX1.CE7194E0-40B5-4377-A682-A7060E4D41F3.h5
train	TCGA-LIHC	TCGA-DD-AADE	TCGA-DD-AADE-01	TCGA-DD-AADE-01Z-00-DX1		/research/projects/mllab/WSI/extracted_features/TCGA-LIHC/TCGA-DD-AADE-01Z-00-DX1.14841AC8-8CB5-49CE-8E6D-CCFB921C1EBA.h5
train	TCGA-LIHC	TCGA-DD-AADF	TCGA-DD-AADF-01	TCGA-DD-AADF-01Z-00-DX1		/research/projects/mllab/WSI/extracted_features/TCGA-LIHC/TCGA-DD-AADF-01Z-00-DX1.953F6603-2A57-4BB0-B402-46CCB7940751.h5
train	TCGA-LIHC	TCGA-DD-AADL	TCGA-DD-AADL-01	TCGA-DD-AADL-01Z-00-DX1		/research/projects/mllab/WSI/extracted_features/TCGA-LIHC/TCGA-DD-AADL-01Z-00-DX1.D688D1A6-418A-41A4-83A8-FDA0CAC26F7E.h5
train	TCGA-LIHC	TCGA-DD-AADN	TCGA-DD-AADN-01	TCGA-DD-AADN-01Z-00-DX1		/research/projects/mllab/WSI/extracted_features/TCGA-LIHC/TCGA-DD-AADN-01Z-00-DX1.0C031278-22F9-40DE-9CFC-48A93EF8B8D8.h5
train	TCGA-LIHC	TCGA-DD-AAE0	TCGA-DD-AAE0-01	TCGA-DD-AAE0-01Z-00-DX1		/research/projects/mllab/WSI/extracted_features/TCGA-LIHC/TCGA-DD-AAE0-01Z-00-DX1.0F30D65A-A9B0-4098-940E-B9DA702B692F.h5
train	TCGA-LIHC	TCGA-DD-AAEE	TCGA-DD-AAEE-01	TCGA-DD-AAEE-01Z-00-DX1		/research/projects/mllab/WSI/extracted_features/TCGA-LIHC/TCGA-DD-AAEE-01Z-00-DX1.7DB85E16-D3BE-4519-9B84-AA6C18172F96.h5
train	TCGA-LIHC	TCGA-G3-AAV1	TCGA-G3-AAV1-01	TCGA-G3-AAV1-01Z-00-DX1		/research/projects/mllab/WSI/extracted_features/TCGA-LIHC/TCGA-G3-AAV1-01Z-00-DX1.BDCF7880-B1B3-4235-8B2E-755EF16A43D5.h5
train	TCGA-LIHC	TCGA-NI-A4U2	TCGA-NI-A4U2-01	TCGA-NI-A4U2-01Z-00-DX1		/research/projects/mllab/WSI/extracted_features/TCGA-LIHC/TCGA-NI-A4U2-01Z-00-DX1.5D27F214-BD72-42E6-A177-D8F47479B9D2.h5
train	TCGA-LIHC	TCGA-RC-A6M5	TCGA-RC-A6M5-01	TCGA-RC-A6M5-01Z-00-DX1		/research/projects/mllab/WSI/extracted_features/TCGA-LIHC/TCGA-RC-A6M5-01Z-00-DX1.6CBFAFF7-54F5-4577-B7C3-93A72A24C0EA.h5
train	TCGA-LIHC	TCGA-RC-A6M6	TCGA-RC-A6M6-01	TCGA-RC-A6M6-01Z-00-DX1		/research/projects/mllab/WSI/extracted_features/TCGA-LIHC/TCGA-RC-A6M6-01Z-00-DX1.02120025-8890-45C8-AD77-5E8C4711BC70.h5
train	TCGA-LIHC	TCGA-XR-A8TE	TCGA-XR-A8TE-01	TCGA-XR-A8TE-01Z-00-DX1		/research/projects/mllab/WSI/extracted_features/TCGA-LIHC/TCGA-XR-A8TE-01Z-00-DX1.BAA09A5C-74E3-4BF2-B08F-743886222E1B.h5
train	TCGA-LUAD	TCGA-05-4403	TCGA-05-4403-01	TCGA-05-4403-01Z-00-DX1		/research/projects/mllab/WSI/extracted_features/TCGA-LUAD/TCGA-05-4403-01Z-00-DX1.fee8e988-956c-42a2-a6c5-06b6d6736295.h5
train	TCGA-LUAD	TCGA-05-4426	TCGA-05-4426-01	TCGA-05-4426-01Z-00-DX1		/research/projects/mllab/WSI/extracted_features/TCGA-LUAD/TCGA-05-4426-01Z-00-DX1.4c9da782-f4aa-4c4f-b3aa-fae2259f236f.h5
train	TCGA-LUAD	TCGA-38-7271	TCGA-38-7271-01	TCGA-38-7271-01Z-00-DX1		/research/projects/mllab/WSI/extracted_features/TCGA-LUAD/TCGA-38-7271-01Z-00-DX1.EF258BEB-8DEA-483E-823A-1E0B90AAA392.h5
train	TCGA-LUAD	TCGA-44-3398	TCGA-44-3398-01	TCGA-44-3398-01Z-00-DX1		/research/projects/mllab/WSI/extracted_features/TCGA-LUAD/TCGA-44-3398-01Z-00-DX1.74757c91-a0c6-4e7f-b2db-8748c68ffa44.h5
train	TCGA-LUAD	TCGA-44-6775	TCGA-44-6775-01	TCGA-44-6775-01Z-00-DX1		/research/projects/mllab/WSI/extracted_features/TCGA-LUAD/TCGA-44-6775-01Z-00-DX1.38d3bc6d-8bb5-4126-8d61-d39e6a1d7bcf.h5
train	TCGA-LUAD	TCGA-44-6779	TCGA-44-6779-01	TCGA-44-6779-01Z-00-DX1		/research/projects/mllab/WSI/extracted_features/TCGA-LUAD/TCGA-44-6779-01Z-00-DX1.40f10ad8-55f3-4043-a89b-37d33a26dd8c.h5
train	TCGA-LUAD	TCGA-49-4487	TCGA-49-4487-01	TCGA-49-4487-01Z-00-DX1		/research/projects/mllab/WSI/extracted_features/TCGA-LUAD/TCGA-49-4487-01Z-00-DX1.3a3a0720-463c-430e-849b-e2f8991bdfa5.h5
train	TCGA-LUAD	TCGA-49-4512	TCGA-49-4512-01	TCGA-49-4512-01Z-00-DX1		/research/projects/mllab/WSI/extracted_features/TCGA-LUAD/TCGA-49-4512-01Z-00-DX1.ced0bda8-f2d6-4bcb-b2d6-b122846a3079.h5
train	TCGA-LUAD	TCGA-49-AAQV	TCGA-49-AAQV-01	TCGA-49-AAQV-01Z-00-DX1		/research/projects/mllab/WSI/extracted_features/TCGA-LUAD/TCGA-49-AAQV-01Z-00-DX1.4CC37621-C952-4684-96E3-9B97CDAD8056.h5
train	TCGA-LUAD	TCGA-49-AARO	TCGA-49-AARO-01	TCGA-49-AARO-01Z-00-DX1		/research/projects/mllab/WSI/extracted_features/TCGA-LUAD/TCGA-49-AARO-01Z-00-DX1.FB8C82DC-F823-43CF-A8EA-1208C767AF54.h5
train	TCGA-LUAD	TCGA-50-5044	TCGA-50-5044-01	TCGA-50-5044-01Z-00-DX1		/research/projects/mllab/WSI/extracted_features/TCGA-LUAD/TCGA-50-5044-01Z-00-DX1.7E0E651F-411B-4784-B0FA-6EB612527430.h5
train	TCGA-LUAD	TCGA-50-5055	TCGA-50-5055-01	TCGA-50-5055-01Z-00-DX1		/research/projects/mllab/WSI/extracted_features/TCGA-LUAD/TCGA-50-5055-01Z-00-DX1.0c9d846b-89b4-4b18-a2eb-0f8d8e0a33c7.h5
train	TCGA-LUAD	TCGA-50-6591	TCGA-50-6591-01	TCGA-50-6591-01Z-00-DX1		/research/projects/mllab/WSI/extracted_features/TCGA-LUAD/TCGA-50-6591-01Z-00-DX1.12e1050b-75e9-4059-b945-291995b3e93c.h5
train	TCGA-LUAD	TCGA-55-1592	TCGA-55-1592-01	TCGA-55-1592-01Z-00-DX1		/research/projects/mllab/WSI/extracted_features/TCGA-LUAD/TCGA-55-1592-01Z-00-DX1.ee15e261-2f9c-4a93-a19f-27cb1c3bae15.h5
train	TCGA-LUAD	TCGA-55-6980	TCGA-55-6980-01	TCGA-55-6980-01Z-00-DX1		/research/projects/mllab/WSI/extracted_features/TCGA-LUAD/TCGA-55-6980-01Z-00-DX1.2f1d1858-42b9-4e3b-966d-2f3f429570a6.h5
train	TCGA-LUAD	TCGA-55-6985	TCGA-55-6985-01	TCGA-55-6985-01Z-00-DX1		/research/projects/mllab/WSI/extracted_features/TCGA-LUAD/TCGA-55-6985-01Z-00-DX1.428ad69e-c0ea-445e-8d38-fa2dab6eb81f.h5
train	TCGA-LUAD	TCGA-55-6987	TCGA-55-6987-01	TCGA-55-6987-01Z-00-DX1		/research/projects/mllab/WSI/extracted_features/TCGA-LUAD/TCGA-55-6987-01Z-00-DX1.0c52b721-2209-4818-af8f-b22d37e6e81e.h5
train	TCGA-LUAD	TCGA-55-7281	TCGA-55-7281-01	TCGA-55-7281-01Z-00-DX1		/research/projects/mllab/WSI/extracted_features/TCGA-LUAD/TCGA-55-7281-01Z-00-DX1.a92dafa4-3a65-4f5c-97f0-83aff231274a.h5
train	TCGA-LUAD	TCGA-55-7574	TCGA-55-7574-01	TCGA-55-7574-01Z-00-DX1		/research/projects/mllab/WSI/extracted_features/TCGA-LUAD/TCGA-55-7574-01Z-00-DX1.09639e6a-d85f-4d84-abbc-0f5a6d679683.h5
train	TCGA-LUAD	TCGA-55-8090	TCGA-55-8090-01	TCGA-55-8090-01Z-00-DX1		/research/projects/mllab/WSI/extracted_features/TCGA-LUAD/TCGA-55-8090-01Z-00-DX1.83f86d5f-7cb9-443a-a812-b19ba4aea836.h5
train	TCGA-LUAD	TCGA-55-8299	TCGA-55-8299-01	TCGA-55-8299-01Z-00-DX1		/research/projects/mllab/WSI/extracted_features/TCGA-LUAD/TCGA-55-8299-01Z-00-DX1.6F652EC5-EBB8-499C-A66D-E0951FBFCAA2.h5
train	TCGA-LUAD	TCGA-55-8506	TCGA-55-8506-01	TCGA-55-8506-01Z-00-DX1		/research/projects/mllab/WSI/extracted_features/TCGA-LUAD/TCGA-55-8506-01Z-00-DX1.A908E3D2-91F7-4DE2-98C9-95D1038B9F49.h5
train	TCGA-LUAD	TCGA-55-8511	TCGA-55-8511-01	TCGA-55-8511-01Z-00-DX1		/research/projects/mllab/WSI/extracted_features/TCGA-LUAD/TCGA-55-8511-01Z-00-DX1.8EDFB05B-5B59-46EA-973C-1048B1E284D2.h5
train	TCGA-LUAD	TCGA-55-A494	TCGA-55-A494-01	TCGA-55-A494-01Z-00-DX1		/research/projects/mllab/WSI/extracted_features/TCGA-LUAD/TCGA-55-A494-01Z-00-DX1.8C7C4BE0-791A-47CA-B0A8-1935366350E0.h5
train	TCGA-LUAD	TCGA-55-A57B	TCGA-55-A57B-01	TCGA-55-A57B-01Z-00-DX1		/research/projects/mllab/WSI/extracted_features/TCGA-LUAD/TCGA-55-A57B-01Z-00-DX1.8D3C7063-3AF6-4839-A656-F844EC0AF9DB.h5
train	TCGA-LUAD	TCGA-73-4658	TCGA-73-4658-01	TCGA-73-4658-01Z-00-DX1		/research/projects/mllab/WSI/extracted_features/TCGA-LUAD/TCGA-73-4658-01Z-00-DX1.d5beb44f-9d76-485a-8af4-407b0f1a610e.h5
train	TCGA-LUAD	TCGA-73-4659	TCGA-73-4659-01	TCGA-73-4659-01Z-00-DX1		/research/projects/mllab/WSI/extracted_features/TCGA-LUAD/TCGA-73-4659-01Z-00-DX1.578400cd-d284-451b-8fdf-9f82c1458276.h5
train	TCGA-LUAD	TCGA-75-7030	TCGA-75-7030-01	TCGA-75-7030-01Z-00-DX1		/research/projects/mllab/WSI/extracted_features/TCGA-LUAD/TCGA-75-7030-01Z-00-DX1.5DDF24B5-00D1-4418-A067-A9B609E15314.h5
train	TCGA-LUAD	TCGA-86-6562	TCGA-86-6562-01	TCGA-86-6562-01Z-00-DX1		/research/projects/mllab/WSI/extracted_features/TCGA-LUAD/TCGA-86-6562-01Z-00-DX1.5dea3015-e606-4837-9f99-ac14f0aa091b.h5
train	TCGA-LUAD	TCGA-86-8278	TCGA-86-8278-01	TCGA-86-8278-01Z-00-DX1		/research/projects/mllab/WSI/extracted_features/TCGA-LUAD/TCGA-86-8278-01Z-00-DX1.6500afef-f0f0-4e7c-a6c0-60da81993641.h5
train	TCGA-LUAD	TCGA-86-A4P7	TCGA-86-A4P7-01	TCGA-86-A4P7-01Z-00-DX1		/research/projects/mllab/WSI/extracted_features/TCGA-LUAD/TCGA-86-A4P7-01Z-00-DX1.37026DCF-5A81-4098-B444-C8A40CA168D0.h5
train	TCGA-LUAD	TCGA-95-A4VN	TCGA-95-A4VN-01	TCGA-95-A4VN-01Z-00-DX1		/research/projects/mllab/WSI/extracted_features/TCGA-LUAD/TCGA-95-A4VN-01Z-00-DX1.B997A80F-C396-40AB-808A-B70EB83A2B74.h5
train	TCGA-LUAD	TCGA-97-7552	TCGA-97-7552-01	TCGA-97-7552-01Z-00-DX1		/research/projects/mllab/WSI/extracted_features/TCGA-LUAD/TCGA-97-7552-01Z-00-DX1.a5ab8959-ff7a-4287-b014-87439957fb67.h5
train	TCGA-LUAD	TCGA-99-8028	TCGA-99-8028-01	TCGA-99-8028-01Z-00-DX1		/research/projects/mllab/WSI/extracted_features/TCGA-LUAD/TCGA-99-8028-01Z-00-DX1.23de89b1-67f8-41fb-980a-010ea190d687.h5
train	TCGA-LUAD	TCGA-L9-A743	TCGA-L9-A743-01	TCGA-L9-A743-01Z-00-DX1		/research/projects/mllab/WSI/extracted_features/TCGA-LUAD/TCGA-L9-A743-01Z-00-DX1.27ED2955-E8B5-4A3C-ADAA-82568ECCFB83.h5
train	TCGA-LUAD	TCGA-MP-A4T9	TCGA-MP-A4T9-01	TCGA-MP-A4T9-01Z-00-DX1		/research/projects/mllab/WSI/extracted_features/TCGA-LUAD/TCGA-MP-A4T9-01Z-00-DX1.F7B341C4-EBCD-455F-BE90-3B77AC6B76EC.h5
train	TCGA-LUSC	TCGA-21-1076	TCGA-21-1076-01	TCGA-21-1076-01Z-00-DX1		/research/projects/mllab/WSI/extracted_features/TCGA-LUSC/TCGA-21-1076-01Z-00-DX1.533ca070-93e0-4d49-8770-8f42f341ca38.h5
train	TCGA-LUSC	TCGA-21-5783	TCGA-21-5783-01	TCGA-21-5783-01Z-00-DX1		/research/projects/mllab/WSI/extracted_features/TCGA-LUSC/TCGA-21-5783-01Z-00-DX1.3FAB28DF-5748-42D5-8257-3D440C4FB5FB.h5
train	TCGA-LUSC	TCGA-21-5784	TCGA-21-5784-01	TCGA-21-5784-01Z-00-DX1		/research/projects/mllab/WSI/extracted_features/TCGA-LUSC/TCGA-21-5784-01Z-00-DX1.E50E7F4B-BE37-4171-94A7-E824CFF4B3BB.h5
train	TCGA-LUSC	TCGA-22-1000	TCGA-22-1000-01	TCGA-22-1000-01Z-00-DX1		/research/projects/mllab/WSI/extracted_features/TCGA-LUSC/TCGA-22-1000-01Z-00-DX1.D2ACF3D3-6187-49A1-ABBC-8D8E611EEE55.h5
train	TCGA-LUSC	TCGA-22-1005	TCGA-22-1005-01	TCGA-22-1005-01Z-00-DX1		/research/projects/mllab/WSI/extracted_features/TCGA-LUSC/TCGA-22-1005-01Z-00-DX1.4A151CC3-E57F-4345-817A-2B9DBAF98477.h5
train	TCGA-LUSC	TCGA-22-4596	TCGA-22-4596-01	TCGA-22-4596-01Z-00-DX1		/research/projects/mllab/WSI/extracted_features/TCGA-LUSC/TCGA-22-4596-01Z-00-DX1.0B754257-5EBB-4ABF-A847-7EFA71C7D9E7.h5
train	TCGA-LUSC	TCGA-22-5472	TCGA-22-5472-01	TCGA-22-5472-01Z-00-DX1		/research/projects/mllab/WSI/extracted_features/TCGA-LUSC/TCGA-22-5472-01Z-00-DX1.1E2A1D5E-C7D3-449E-910F-1199A396804C.h5
train	TCGA-LUSC	TCGA-34-7107	TCGA-34-7107-01	TCGA-34-7107-01Z-00-DX1		/research/projects/mllab/WSI/extracted_features/TCGA-LUSC/TCGA-34-7107-01Z-00-DX1.c72202e6-740d-4891-945c-f360f7c56bc9.h5
train	TCGA-LUSC	TCGA-39-5022	TCGA-39-5022-01	TCGA-39-5022-01Z-00-DX1		/research/projects/mllab/WSI/extracted_features/TCGA-LUSC/TCGA-39-5022-01Z-00-DX1.1bf6a4da-0b59-4478-bcf1-b004f0356342.h5
train	TCGA-LUSC	TCGA-39-5028	TCGA-39-5028-01	TCGA-39-5028-01Z-00-DX1		/research/projects/mllab/WSI/extracted_features/TCGA-LUSC/TCGA-39-5028-01Z-00-DX1.7994ec22-746d-4c30-8138-e6c9bc67c71f.h5
train	TCGA-LUSC	TCGA-43-2581	TCGA-43-2581-01	TCGA-43-2581-01Z-00-DX1		/research/projects/mllab/WSI/extracted_features/TCGA-LUSC/TCGA-43-2581-01Z-00-DX1.0d1203cf-9ac9-49a2-8bd0-063ceae7b1d3.h5
train	TCGA-LUSC	TCGA-43-A56U	TCGA-43-A56U-01	TCGA-43-A56U-01Z-00-DX1		/research/projects/mllab/WSI/extracted_features/TCGA-LUSC/TCGA-43-A56U-01Z-00-DX1.B60C921A-4EE4-4CAE-9E55-311C7D2DA9E4.h5
train	TCGA-LUSC	TCGA-51-4080	TCGA-51-4080-01	TCGA-51-4080-01Z-00-DX1		/research/projects/mllab/WSI/extracted_features/TCGA-LUSC/TCGA-51-4080-01Z-00-DX1.fd660ce3-3e30-4907-b54a-81002ec071f2.h5
train	TCGA-LUSC	TCGA-56-7579	TCGA-56-7579-01	TCGA-56-7579-01Z-00-DX1		/research/projects/mllab/WSI/extracted_features/TCGA-LUSC/TCGA-56-7579-01Z-00-DX1.627f65b9-ac66-4f71-a6f4-394338b647f0.h5
train	TCGA-LUSC	TCGA-56-7731	TCGA-56-7731-01	TCGA-56-7731-01Z-00-DX1		/research/projects/mllab/WSI/extracted_features/TCGA-LUSC/TCGA-56-7731-01Z-00-DX1.e205943f-cb2e-4006-b3be-b07d95fea663.h5
train	TCGA-LUSC	TCGA-56-8309	TCGA-56-8309-01	TCGA-56-8309-01Z-00-DX1		/research/projects/mllab/WSI/extracted_features/TCGA-LUSC/TCGA-56-8309-01Z-00-DX1.5FC5FA81-405A-48AB-AA7D-2D38003A8942.h5
train	TCGA-LUSC	TCGA-56-8628	TCGA-56-8628-01	TCGA-56-8628-01Z-00-DX1		/research/projects/mllab/WSI/extracted_features/TCGA-LUSC/TCGA-56-8628-01Z-00-DX1.AAC57164-E0F9-4DF0-87EA-5C50FB201895.h5
train	TCGA-LUSC	TCGA-56-A4ZJ	TCGA-56-A4ZJ-01	TCGA-56-A4ZJ-01Z-00-DX1		/research/projects/mllab/WSI/extracted_features/TCGA-LUSC/TCGA-56-A4ZJ-01Z-00-DX1.6BB25D9D-75E7-4B44-8560-8A3C3EC9F118.h5
train	TCGA-LUSC	TCGA-60-2697	TCGA-60-2697-01	TCGA-60-2697-01Z-00-DX1		/research/projects/mllab/WSI/extracted_features/TCGA-LUSC/TCGA-60-2697-01Z-00-DX1.e11a5b5b-c4be-4fe1-b7db-08879e55d552.h5
train	TCGA-LUSC	TCGA-60-2704	TCGA-60-2704-01	TCGA-60-2704-01Z-00-DX1		/research/projects/mllab/WSI/extracted_features/TCGA-LUSC/TCGA-60-2704-01Z-00-DX1.e904afb3-7935-4df5-90dc-f7151e15b31b.h5
train	TCGA-LUSC	TCGA-60-2709	TCGA-60-2709-01	TCGA-60-2709-01Z-00-DX1		/research/projects/mllab/WSI/extracted_features/TCGA-LUSC/TCGA-60-2709-01Z-00-DX1.ded10e7c-c1ca-4402-be0e-f3978994d4af.h5
train	TCGA-LUSC	TCGA-60-2715	TCGA-60-2715-01	TCGA-60-2715-01Z-00-DX1		/research/projects/mllab/WSI/extracted_features/TCGA-LUSC/TCGA-60-2715-01Z-00-DX1.22710dc4-eaf5-44c2-8438-c6dcfae1d452.h5
train	TCGA-LUSC	TCGA-63-A5MN	TCGA-63-A5MN-01	TCGA-63-A5MN-01Z-00-DX1		/research/projects/mllab/WSI/extracted_features/TCGA-LUSC/TCGA-63-A5MN-01Z-00-DX1.34F9BFA5-847A-456B-8159-7993A0F78543.h5
train	TCGA-LUSC	TCGA-63-A5MS	TCGA-63-A5MS-01	TCGA-63-A5MS-01Z-00-DX1		/research/projects/mllab/WSI/extracted_features/TCGA-LUSC/TCGA-63-A5MS-01Z-00-DX1.F58D7779-B8E0-4086-AF14-256B812F83CE.h5
train	TCGA-LUSC	TCGA-66-2767	TCGA-66-2767-01	TCGA-66-2767-01Z-00-DX1		/research/projects/mllab/WSI/extracted_features/TCGA-LUSC/TCGA-66-2767-01Z-00-DX1.7bcc7633-3e70-46e3-8689-542c23577ed1.h5
train	TCGA-LUSC	TCGA-66-2769	TCGA-66-2769-01	TCGA-66-2769-01Z-00-DX1		/research/projects/mllab/WSI/extracted_features/TCGA-LUSC/TCGA-66-2769-01Z-00-DX1.101b6493-a7b3-42cf-ae2f-a90948f3fb8f.h5
train	TCGA-LUSC	TCGA-66-2778	TCGA-66-2778-01	TCGA-66-2778-01Z-00-DX1		/research/projects/mllab/WSI/extracted_features/TCGA-LUSC/TCGA-66-2778-01Z-00-DX1.5806ab4d-fdde-45b6-a131-fd5f71bcde0b.h5
train	TCGA-LUSC	TCGA-66-2793	TCGA-66-2793-01	TCGA-66-2793-01Z-00-DX1		/research/projects/mllab/WSI/extracted_features/TCGA-LUSC/TCGA-66-2793-01Z-00-DX1.133bc2be-1407-422c-a356-2477f1020c50.h5
train	TCGA-LUSC	TCGA-77-8145	TCGA-77-8145-01	TCGA-77-8145-01Z-00-DX1		/research/projects/mllab/WSI/extracted_features/TCGA-LUSC/TCGA-77-8145-01Z-00-DX1.9d76de05-3cb7-4cd8-879b-11ea7f88d583.h5
train	TCGA-LUSC	TCGA-77-A5GB	TCGA-77-A5GB-01	TCGA-77-A5GB-01Z-00-DX1		/research/projects/mllab/WSI/extracted_features/TCGA-LUSC/TCGA-77-A5GB-01Z-00-DX1.5EB72C3D-40BE-4ABD-9CD6-ADF5769BC295.h5
train	TCGA-LUSC	TCGA-85-8048	TCGA-85-8048-01	TCGA-85-8048-01Z-00-DX1		/research/projects/mllab/WSI/extracted_features/TCGA-LUSC/TCGA-85-8048-01Z-00-DX1.1a663caa-dff1-4f03-b06b-c8b8b5ce08c6.h5
train	TCGA-LUSC	TCGA-85-8049	TCGA-85-8049-01	TCGA-85-8049-01Z-00-DX1		/research/projects/mllab/WSI/extracted_features/TCGA-LUSC/TCGA-85-8049-01Z-00-DX1.59554c0f-d04a-41f2-b152-654a848b0443.h5
train	TCGA-LUSC	TCGA-85-A50M	TCGA-85-A50M-01	TCGA-85-A50M-01Z-00-DX1		/research/projects/mllab/WSI/extracted_features/TCGA-LUSC/TCGA-85-A50M-01Z-00-DX1.CFB67271-FC1B-4BA0-95DB-51D859D68D18.h5
train	TCGA-LUSC	TCGA-96-7545	TCGA-96-7545-01	TCGA-96-7545-01Z-00-DX1		/research/projects/mllab/WSI/extracted_features/TCGA-LUSC/TCGA-96-7545-01Z-00-DX1.AAEDB4A3-4E12-40E7-BE9F-A8F4ADA61C23.h5
train	TCGA-LUSC	TCGA-98-A53D	TCGA-98-A53D-01	TCGA-98-A53D-01Z-00-DX1		/research/projects/mllab/WSI/extracted_features/TCGA-LUSC/TCGA-98-A53D-01Z-00-DX1.C83DC622-2C62-40D6-AC07-E8275D414B22.h5
train	TCGA-LUSC	TCGA-O2-A52W	TCGA-O2-A52W-01	TCGA-O2-A52W-01Z-00-DX1		/research/projects/mllab/WSI/extracted_features/TCGA-LUSC/TCGA-O2-A52W-01Z-00-DX1.3D388EB0-8402-4540-9E50-7C3757FA5D83.h5
train	TCGA-MESO	TCGA-3H-AB3M	TCGA-3H-AB3M-01	TCGA-3H-AB3M-01Z-00-DX1		/research/projects/mllab/WSI/extracted_features/TCGA-MESO/TCGA-3H-AB3M-01Z-00-DX1.9CD8A3B1-0F0F-418C-B54F-CBA22BB19469.h5
train	TCGA-MESO	TCGA-3H-AB3S	TCGA-3H-AB3S-01	TCGA-3H-AB3S-01Z-00-DX1		/research/projects/mllab/WSI/extracted_features/TCGA-MESO/TCGA-3H-AB3S-01Z-00-DX1.B3743D6A-2DCC-46D5-9058-619F85B84138.h5
train	TCGA-MESO	TCGA-3U-A98E	TCGA-3U-A98E-01	TCGA-3U-A98E-01Z-00-DX1		/research/projects/mllab/WSI/extracted_features/TCGA-MESO/TCGA-3U-A98E-01Z-00-DX1.9A2C6D9A-9753-411E-8E05-22D381312CED.h5
train	TCGA-MESO	TCGA-3U-A98F	TCGA-3U-A98F-01	TCGA-3U-A98F-01Z-00-DX1		/research/projects/mllab/WSI/extracted_features/TCGA-MESO/TCGA-3U-A98F-01Z-00-DX1.4D2C4E75-7D1A-40C3-AD67-BB5789EC9FB2.h5
train	TCGA-MESO	TCGA-3U-A98G	TCGA-3U-A98G-01	TCGA-3U-A98G-01Z-00-DX1		/research/projects/mllab/WSI/extracted_features/TCGA-MESO/TCGA-3U-A98G-01Z-00-DX1.5315FC96-F850-44EA-8480-04EDD64B1BAF.h5
train	TCGA-MESO	TCGA-3U-A98H	TCGA-3U-A98H-01	TCGA-3U-A98H-01Z-00-DX1		/research/projects/mllab/WSI/extracted_features/TCGA-MESO/TCGA-3U-A98H-01Z-00-DX1.CE8066E4-A543-445D-84D9-819C8C0922CB.h5
train	TCGA-MESO	TCGA-3U-A98I	TCGA-3U-A98I-01	TCGA-3U-A98I-01Z-00-DX1		/research/projects/mllab/WSI/extracted_features/TCGA-MESO/TCGA-3U-A98I-01Z-00-DX1.982F29A4-ED58-44EE-8438-323BBDF2A788.h5
train	TCGA-MESO	TCGA-LK-A4NW	TCGA-LK-A4NW-01	TCGA-LK-A4NW-01Z-00-DX1		/research/projects/mllab/WSI/extracted_features/TCGA-MESO/TCGA-LK-A4NW-01Z-00-DX1.0A16E20B-1CFA-43B4-9C95-43BCFA6EC6A4.h5
train	TCGA-MESO	TCGA-LK-A4NZ	TCGA-LK-A4NZ-01	TCGA-LK-A4NZ-01Z-00-DX1		/research/projects/mllab/WSI/extracted_features/TCGA-MESO/TCGA-LK-A4NZ-01Z-00-DX1.8A842571-2333-4957-A88F-EFBBA763830C.h5
train	TCGA-MESO	TCGA-LK-A4O0	TCGA-LK-A4O0-01	TCGA-LK-A4O0-01Z-00-DX1		/research/projects/mllab/WSI/extracted_features/TCGA-MESO/TCGA-LK-A4O0-01Z-00-DX1.C174E1A1-0EB8-418A-91E3-A5282D6358D6.h5
train	TCGA-MESO	TCGA-LK-A4O5	TCGA-LK-A4O5-01	TCGA-LK-A4O5-01Z-00-DX1		/research/projects/mllab/WSI/extracted_features/TCGA-MESO/TCGA-LK-A4O5-01Z-00-DX1.826C5B0C-5F02-494E-8CB3-02E5DEAACCBC.h5
train	TCGA-MESO	TCGA-MQ-A6BL	TCGA-MQ-A6BL-01	TCGA-MQ-A6BL-01Z-00-DX1		/research/projects/mllab/WSI/extracted_features/TCGA-MESO/TCGA-MQ-A6BL-01Z-00-DX1.739C3B7A-6A6F-4EDA-9DC4-47ABD8634EAA.h5
train	TCGA-MESO	TCGA-MQ-A6BQ	TCGA-MQ-A6BQ-01	TCGA-MQ-A6BQ-01Z-00-DX1		/research/projects/mllab/WSI/extracted_features/TCGA-MESO/TCGA-MQ-A6BQ-01Z-00-DX1.72BF21E4-17D6-436B-AAD9-7960342894F4.h5
train	TCGA-MESO	TCGA-NQ-A57I	TCGA-NQ-A57I-01	TCGA-NQ-A57I-01Z-00-DX1		/research/projects/mllab/WSI/extracted_features/TCGA-MESO/TCGA-NQ-A57I-01Z-00-DX1.274B053D-5E9D-4D31-8C1E-C036EB56BBC7.h5
train	TCGA-MESO	TCGA-SC-A6LM	TCGA-SC-A6LM-01	TCGA-SC-A6LM-01Z-00-DX1		/research/projects/mllab/WSI/extracted_features/TCGA-MESO/TCGA-SC-A6LM-01Z-00-DX1.FE4FD258-4B18-4A9C-84DC-A9940CBCF0B9.h5
train	TCGA-MESO	TCGA-SC-A6LP	TCGA-SC-A6LP-01	TCGA-SC-A6LP-01Z-00-DX1		/research/projects/mllab/WSI/extracted_features/TCGA-MESO/TCGA-SC-A6LP-01Z-00-DX1.F0FFC261-1A10-4B09-84BD-6C056C9B9262.h5
train	TCGA-MESO	TCGA-SC-A6LQ	TCGA-SC-A6LQ-01	TCGA-SC-A6LQ-01Z-00-DX1		/research/projects/mllab/WSI/extracted_features/TCGA-MESO/TCGA-SC-A6LQ-01Z-00-DX1.7DDA24D0-B0C9-4CAB-9991-092DBD33DC5B.h5
train	TCGA-MESO	TCGA-SC-AA5Z	TCGA-SC-AA5Z-01	TCGA-SC-AA5Z-01Z-00-DX1		/research/projects/mllab/WSI/extracted_features/TCGA-MESO/TCGA-SC-AA5Z-01Z-00-DX1.78B57359-29FE-418E-B5AB-750CF6687579.h5
train	TCGA-MESO	TCGA-SH-A7BC	TCGA-SH-A7BC-01	TCGA-SH-A7BC-01Z-00-DX1		/research/projects/mllab/WSI/extracted_features/TCGA-MESO/TCGA-SH-A7BC-01Z-00-DX1.FFC2EAE3-6C71-4702-9CC1-1C2471149E9A.h5
train	TCGA-MESO	TCGA-SH-A7BD	TCGA-SH-A7BD-01	TCGA-SH-A7BD-01Z-00-DX1		/research/projects/mllab/WSI/extracted_features/TCGA-MESO/TCGA-SH-A7BD-01Z-00-DX1.9411F2E8-F569-46B2-86AC-EE4FCC459738.h5
train	TCGA-MESO	TCGA-SH-A9CU	TCGA-SH-A9CU-01	TCGA-SH-A9CU-01Z-00-DX1		/research/projects/mllab/WSI/extracted_features/TCGA-MESO/TCGA-SH-A9CU-01Z-00-DX1.CFB41962-652B-424B-83F9-5430F2BCE895.h5
train	TCGA-MESO	TCGA-TS-A7OU	TCGA-TS-A7OU-01	TCGA-TS-A7OU-01Z-00-DX1		/research/projects/mllab/WSI/extracted_features/TCGA-MESO/TCGA-TS-A7OU-01Z-00-DX1.5761F431-1E4C-4093-8FBA-EF79925D1B4C.h5
train	TCGA-MESO	TCGA-TS-A7OY	TCGA-TS-A7OY-01	TCGA-TS-A7OY-01Z-00-DX1		/research/projects/mllab/WSI/extracted_features/TCGA-MESO/TCGA-TS-A7OY-01Z-00-DX1.55585B4A-A419-42EF-80CF-ADD1A51854F1.h5
train	TCGA-MESO	TCGA-TS-A7P1	TCGA-TS-A7P1-01	TCGA-TS-A7P1-01Z-00-DX1		/research/projects/mllab/WSI/extracted_features/TCGA-MESO/TCGA-TS-A7P1-01Z-00-DX1.7820F2FA-E75B-47D5-A2FF-1246A234FB1D.h5
train	TCGA-MESO	TCGA-TS-A8AI	TCGA-TS-A8AI-01	TCGA-TS-A8AI-01Z-00-DX1		/research/projects/mllab/WSI/extracted_features/TCGA-MESO/TCGA-TS-A8AI-01Z-00-DX1.68C1CAA9-FCF0-42C5-8C6A-A382CD2252BF.h5
train	TCGA-MESO	TCGA-TS-A8AS	TCGA-TS-A8AS-01	TCGA-TS-A8AS-01Z-00-DX1		/research/projects/mllab/WSI/extracted_features/TCGA-MESO/TCGA-TS-A8AS-01Z-00-DX1.4278D910-79C3-44AB-A2A0-5B7CE54D64CB.h5
train	TCGA-MESO	TCGA-UD-AABY	TCGA-UD-AABY-01	TCGA-UD-AABY-01Z-00-DX1		/research/projects/mllab/WSI/extracted_features/TCGA-MESO/TCGA-UD-AABY-01Z-00-DX1.17CE3A58-EF84-424F-8BD0-7E0C2B93B901.h5
train	TCGA-MESO	TCGA-UD-AAC7	TCGA-UD-AAC7-01	TCGA-UD-AAC7-01Z-00-DX1		/research/projects/mllab/WSI/extracted_features/TCGA-MESO/TCGA-UD-AAC7-01Z-00-DX1.A72102D3-0FEC-4F9B-AE49-5D6A5262A35F.h5
train	TCGA-MESO	TCGA-UT-A88C	TCGA-UT-A88C-01	TCGA-UT-A88C-01Z-00-DX1		/research/projects/mllab/WSI/extracted_features/TCGA-MESO/TCGA-UT-A88C-01Z-00-DX1.A3206848-4B03-49CB-AF3C-720272E97AEE.h5
train	TCGA-MESO	TCGA-UT-A88D	TCGA-UT-A88D-01	TCGA-UT-A88D-01Z-00-DX1		/research/projects/mllab/WSI/extracted_features/TCGA-MESO/TCGA-UT-A88D-01Z-00-DX1.45ED3296-2618-4CC3-BE69-78B0B097162C.h5
train	TCGA-MESO	TCGA-UT-A88G	TCGA-UT-A88G-01	TCGA-UT-A88G-01Z-00-DX1		/research/projects/mllab/WSI/extracted_features/TCGA-MESO/TCGA-UT-A88G-01Z-00-DX1.AF4DD793-5603-4E9E-94D3-D8E30FAE4281.h5
train	TCGA-MESO	TCGA-UT-A97Y	TCGA-UT-A97Y-01	TCGA-UT-A97Y-01Z-00-DX1		/research/projects/mllab/WSI/extracted_features/TCGA-MESO/TCGA-UT-A97Y-01Z-00-DX1.19376AE8-F20F-49A8-BD6C-3998FD71628E.h5
train	TCGA-MESO	TCGA-YS-A95B	TCGA-YS-A95B-01	TCGA-YS-A95B-01Z-00-DX1		/research/projects/mllab/WSI/extracted_features/TCGA-MESO/TCGA-YS-A95B-01Z-00-DX1.95D754B0-A70F-478E-AE2B-5663A4DD0CF2.h5
train	TCGA-MESO	TCGA-YS-AA4M	TCGA-YS-AA4M-01	TCGA-YS-AA4M-01Z-00-DX1		/research/projects/mllab/WSI/extracted_features/TCGA-MESO/TCGA-YS-AA4M-01Z-00-DX1.01220286-CBBD-410C-839C-83BFAF957A44.h5
train	TCGA-MESO	TCGA-ZN-A9VO	TCGA-ZN-A9VO-01	TCGA-ZN-A9VO-01Z-00-DX1		/research/projects/mllab/WSI/extracted_features/TCGA-MESO/TCGA-ZN-A9VO-01Z-00-DX1.6CE41901-D74E-404F-89D3-7DDB97378854.h5
train	TCGA-MESO	TCGA-ZN-A9VV	TCGA-ZN-A9VV-01	TCGA-ZN-A9VV-01Z-00-DX1		/research/projects/mllab/WSI/extracted_features/TCGA-MESO/TCGA-ZN-A9VV-01Z-00-DX1.EA8BD141-90F1-47C9-B97E-65EEDF7613BE.h5
train	TCGA-OV	TCGA-23-1021	TCGA-23-1021-01	TCGA-23-1021-01Z-00-DX1		/research/projects/mllab/WSI/extracted_features/TCGA-OV/TCGA-23-1021-01Z-00-DX1.F07C221B-D401-47A5-9519-10DE59CA1E9D.h5
train	TCGA-OV	TCGA-23-1027	TCGA-23-1027-01	TCGA-23-1027-01Z-00-DX1		/research/projects/mllab/WSI/extracted_features/TCGA-OV/TCGA-23-1027-01Z-00-DX1.53F9DFF4-6811-4184-B2FD-1F6706B948FD.h5
train	TCGA-OV	TCGA-23-1113	TCGA-23-1113-01	TCGA-23-1113-01Z-00-DX1		/research/projects/mllab/WSI/extracted_features/TCGA-OV/TCGA-23-1113-01Z-00-DX1.D72B1587-444A-4DEC-8D92-703699822BE2.h5
train	TCGA-OV	TCGA-23-1116	TCGA-23-1116-01	TCGA-23-1116-01Z-00-DX1		/research/projects/mllab/WSI/extracted_features/TCGA-OV/TCGA-23-1116-01Z-00-DX1.FC5FC1E1-56DD-498C-AA9F-4434C6E733A8.h5
train	TCGA-OV	TCGA-23-1123	TCGA-23-1123-01	TCGA-23-1123-01Z-00-DX1		/research/projects/mllab/WSI/extracted_features/TCGA-OV/TCGA-23-1123-01Z-00-DX1.764A8E5C-F2E7-441D-B9FB-23ECF7183740.h5
train	TCGA-OV	TCGA-23-2077	TCGA-23-2077-01	TCGA-23-2077-01Z-00-DX1		/research/projects/mllab/WSI/extracted_features/TCGA-OV/TCGA-23-2077-01Z-00-DX1.9EB664FA-CC13-4A49-89BA-8A4573CE48F1.h5
train	TCGA-OV	TCGA-25-1313	TCGA-25-1313-01	TCGA-25-1313-01Z-00-DX1		/research/projects/mllab/WSI/extracted_features/TCGA-OV/TCGA-25-1313-01Z-00-DX1.5A2732D5-01D6-4285-9283-1839E1703C27.h5
train	TCGA-OV	TCGA-25-1314	TCGA-25-1314-01	TCGA-25-1314-01Z-00-DX1		/research/projects/mllab/WSI/extracted_features/TCGA-OV/TCGA-25-1314-01Z-00-DX1.E01C2237-E2D6-4D84-9FB4-624734F30375.h5
train	TCGA-OV	TCGA-25-1315	TCGA-25-1315-01	TCGA-25-1315-01Z-00-DX1		/research/projects/mllab/WSI/extracted_features/TCGA-OV/TCGA-25-1315-01Z-00-DX1.BC434CCE-7E21-479F-8A5D-1FC7F601C8C5.h5
train	TCGA-OV	TCGA-25-1316	TCGA-25-1316-01	TCGA-25-1316-01Z-00-DX1		/research/projects/mllab/WSI/extracted_features/TCGA-OV/TCGA-25-1316-01Z-00-DX1.A9B7F47C-5BDC-4B7D-BC9F-C4C9DBA663C8.h5
train	TCGA-OV	TCGA-25-1318	TCGA-25-1318-01	TCGA-25-1318-01Z-00-DX1		/research/projects/mllab/WSI/extracted_features/TCGA-OV/TCGA-25-1318-01Z-00-DX1.742CB28E-DB0A-4BE1-8047-5265FE80F861.h5
train	TCGA-OV	TCGA-25-1319	TCGA-25-1319-01	TCGA-25-1319-01Z-00-DX1		/research/projects/mllab/WSI/extracted_features/TCGA-OV/TCGA-25-1319-01Z-00-DX1.71EFB946-ACAF-4BA6-8855-D336268D87F0.h5
train	TCGA-OV	TCGA-25-1321	TCGA-25-1321-01	TCGA-25-1321-01Z-00-DX1		/research/projects/mllab/WSI/extracted_features/TCGA-OV/TCGA-25-1321-01Z-00-DX1.56C898D8-14CE-4C2D-B5C9-AC33FF91FE68.h5
train	TCGA-OV	TCGA-25-1322	TCGA-25-1322-01	TCGA-25-1322-01Z-00-DX1		/research/projects/mllab/WSI/extracted_features/TCGA-OV/TCGA-25-1322-01Z-00-DX1.20DA1932-908F-44E5-B2F2-43E41E06165B.h5
train	TCGA-OV	TCGA-25-1328	TCGA-25-1328-01	TCGA-25-1328-01Z-00-DX1		/research/projects/mllab/WSI/extracted_features/TCGA-OV/TCGA-25-1328-01Z-00-DX1.A0145C96-19A9-4F2D-8570-ECF039F99405.h5
train	TCGA-OV	TCGA-25-1625	TCGA-25-1625-01	TCGA-25-1625-01Z-00-DX1		/research/projects/mllab/WSI/extracted_features/TCGA-OV/TCGA-25-1625-01Z-00-DX1.64A0B073-8EC8-4BE1-BECA-B956A6A96FCC.h5
train	TCGA-OV	TCGA-25-1630	TCGA-25-1630-01	TCGA-25-1630-01Z-00-DX1		/research/projects/mllab/WSI/extracted_features/TCGA-OV/TCGA-25-1630-01Z-00-DX1.75C53351-1511-4CCE-97AC-1650010AC568.h5
train	TCGA-OV	TCGA-25-1631	TCGA-25-1631-01	TCGA-25-1631-01Z-00-DX1		/research/projects/mllab/WSI/extracted_features/TCGA-OV/TCGA-25-1631-01Z-00-DX1.7CA82CFB-E5F6-4148-8B5E-088B7FE6331F.h5
train	TCGA-OV	TCGA-25-1632	TCGA-25-1632-01	TCGA-25-1632-01Z-00-DX1		/research/projects/mllab/WSI/extracted_features/TCGA-OV/TCGA-25-1632-01Z-00-DX1.B911E6FF-D6A9-4AC7-873C-58B2059DE7E6.h5
train	TCGA-OV	TCGA-25-1870	TCGA-25-1870-01	TCGA-25-1870-01Z-00-DX1		/research/projects/mllab/WSI/extracted_features/TCGA-OV/TCGA-25-1870-01Z-00-DX1.780BB62D-71C1-4B21-A2F4-61AC4B0234EE.h5
train	TCGA-OV	TCGA-25-1871	TCGA-25-1871-01	TCGA-25-1871-01Z-00-DX1		/research/projects/mllab/WSI/extracted_features/TCGA-OV/TCGA-25-1871-01Z-00-DX1.1BF3077E-910F-4992-AD46-B6869A136E98.h5
train	TCGA-OV	TCGA-25-2392	TCGA-25-2392-01	TCGA-25-2392-01Z-00-DX1		/research/projects/mllab/WSI/extracted_features/TCGA-OV/TCGA-25-2392-01Z-00-DX1.C37932E5-973F-444D-8CEB-1BED4279165E.h5
train	TCGA-OV	TCGA-25-2393	TCGA-25-2393-01	TCGA-25-2393-01Z-00-DX1		/research/projects/mllab/WSI/extracted_features/TCGA-OV/TCGA-25-2393-01Z-00-DX1.A311D005-D661-4851-A54F-EE3310C9CD8A.h5
train	TCGA-OV	TCGA-25-2397	TCGA-25-2397-01	TCGA-25-2397-01Z-00-DX1		/research/projects/mllab/WSI/extracted_features/TCGA-OV/TCGA-25-2397-01Z-00-DX1.B6FDE9A3-6A51-4A79-82CB-51ED37945A54.h5
train	TCGA-OV	TCGA-25-2399	TCGA-25-2399-01	TCGA-25-2399-01Z-00-DX1		/research/projects/mllab/WSI/extracted_features/TCGA-OV/TCGA-25-2399-01Z-00-DX1.B9A34CB0-9EBB-4435-8EDE-E4B9078565B1.h5
train	TCGA-OV	TCGA-25-2400	TCGA-25-2400-01	TCGA-25-2400-01Z-00-DX1		/research/projects/mllab/WSI/extracted_features/TCGA-OV/TCGA-25-2400-01Z-00-DX1.AAD20514-6FF7-47A5-89DB-8AA15DCC101B.h5
train	TCGA-OV	TCGA-3P-A9WA	TCGA-3P-A9WA-01	TCGA-3P-A9WA-01Z-00-DX1		/research/projects/mllab/WSI/extracted_features/TCGA-OV/TCGA-3P-A9WA-01Z-00-DX1.A5FDC436-7F0D-4DD2-8644-CEF1BFF9C614.h5
train	TCGA-OV	TCGA-42-2590	TCGA-42-2590-01	TCGA-42-2590-01Z-00-DX1		/research/projects/mllab/WSI/extracted_features/TCGA-OV/TCGA-42-2590-01Z-00-DX1.83ff5df9-0f36-4884-a93e-f2928ff3c719.h5
train	TCGA-OV	TCGA-42-2591	TCGA-42-2591-01	TCGA-42-2591-01Z-00-DX1		/research/projects/mllab/WSI/extracted_features/TCGA-OV/TCGA-42-2591-01Z-00-DX1.ea85e14f-5f0a-4ed0-9afe-025bb95fca40.h5
train	TCGA-OV	TCGA-57-1583	TCGA-57-1583-01	TCGA-57-1583-01Z-00-DX1		/research/projects/mllab/WSI/extracted_features/TCGA-OV/TCGA-57-1583-01Z-00-DX1.88ACB045-1DBD-4F0B-A6D0-53B6C208805C.h5
train	TCGA-OV	TCGA-57-1993	TCGA-57-1993-01	TCGA-57-1993-01Z-00-DX1		/research/projects/mllab/WSI/extracted_features/TCGA-OV/TCGA-57-1993-01Z-00-DX1.464F641B-AA9F-49A7-A224-88D9847159DF.h5
train	TCGA-OV	TCGA-59-A5PD	TCGA-59-A5PD-01	TCGA-59-A5PD-01Z-00-DX1		/research/projects/mllab/WSI/extracted_features/TCGA-OV/TCGA-59-A5PD-01Z-00-DX1.0A4D38A2-7B15-4550-B00C-4276485A9613.h5
train	TCGA-OV	TCGA-5X-AA5U	TCGA-5X-AA5U-01	TCGA-5X-AA5U-01Z-00-DX1		/research/projects/mllab/WSI/extracted_features/TCGA-OV/TCGA-5X-AA5U-01Z-00-DX1.1A03C105-4086-4AAB-B821-A9E8156FA704.h5
train	TCGA-OV	TCGA-OY-A56Q	TCGA-OY-A56Q-01	TCGA-OY-A56Q-01Z-00-DX1		/research/projects/mllab/WSI/extracted_features/TCGA-OV/TCGA-OY-A56Q-01Z-00-DX1.F1556F26-8845-4962-9004-70F9747B46B7.h5
train	TCGA-OV	TCGA-VG-A8LO	TCGA-VG-A8LO-01	TCGA-VG-A8LO-01A-01-DX1		/research/projects/mllab/WSI/extracted_features/TCGA-OV/TCGA-VG-A8LO-01A-01-DX1.B39A4D64-82A1-4A04-8AB6-918F3058B83B.h5
train	TCGA-OV	TCGA-WR-A838	TCGA-WR-A838-01	TCGA-WR-A838-01Z-00-DX1		/research/projects/mllab/WSI/extracted_features/TCGA-OV/TCGA-WR-A838-01Z-00-DX1.5FE22DE4-CEFB-45F6-9299-505023A8F3BA.h5
train	TCGA-PAAD	TCGA-2J-AAB1	TCGA-2J-AAB1-01	TCGA-2J-AAB1-01Z-00-DX1		/research/projects/mllab/WSI/extracted_features/TCGA-PAAD/TCGA-2J-AAB1-01Z-00-DX1.F3B4818F-9C3B-4C66-8241-0570B2873EC9.h5
train	TCGA-PAAD	TCGA-2J-AABE	TCGA-2J-AABE-01	TCGA-2J-AABE-01Z-00-DX1		/research/projects/mllab/WSI/extracted_features/TCGA-PAAD/TCGA-2J-AABE-01Z-00-DX1.F3951485-1412-4B86-80FB-64F72A2A87DD.h5
train	TCGA-PAAD	TCGA-2J-AABH	TCGA-2J-AABH-01	TCGA-2J-AABH-01Z-00-DX1		/research/projects/mllab/WSI/extracted_features/TCGA-PAAD/TCGA-2J-AABH-01Z-00-DX1.EDC36BC9-F6F9-4253-93FB-8B75D8D55BE0.h5
train	TCGA-PAAD	TCGA-2J-AABP	TCGA-2J-AABP-01	TCGA-2J-AABP-01Z-00-DX1		/research/projects/mllab/WSI/extracted_features/TCGA-PAAD/TCGA-2J-AABP-01Z-00-DX1.E259F764-CBB9-458F-AFE4-6B76B2D05F51.h5
train	TCGA-PAAD	TCGA-2J-AABV	TCGA-2J-AABV-01	TCGA-2J-AABV-01Z-00-DX1		/research/projects/mllab/WSI/extracted_features/TCGA-PAAD/TCGA-2J-AABV-01Z-00-DX1.00CE9625-2586-4288-92E0-368A0617CBC0.h5
train	TCGA-PAAD	TCGA-2L-AAQL	TCGA-2L-AAQL-01	TCGA-2L-AAQL-01Z-00-DX1		/research/projects/mllab/WSI/extracted_features/TCGA-PAAD/TCGA-2L-AAQL-01Z-00-DX1.641D4EA1-ABC9-4121-BB2D-0EB694458505.h5
train	TCGA-PAAD	TCGA-3A-A9I7	TCGA-3A-A9I7-01	TCGA-3A-A9I7-01Z-00-DX1		/research/projects/mllab/WSI/extracted_features/TCGA-PAAD/TCGA-3A-A9I7-01Z-00-DX1.23EE4A93-A298-4522-837E-3EE10172D66C.h5
train	TCGA-PAAD	TCGA-3A-A9IL	TCGA-3A-A9IL-01	TCGA-3A-A9IL-01Z-00-DX1		/research/projects/mllab/WSI/extracted_features/TCGA-PAAD/TCGA-3A-A9IL-01Z-00-DX1.BEB57CA5-223D-4330-BFFF-8202DCC857F3.h5
train	TCGA-PAAD	TCGA-3A-A9IX	TCGA-3A-A9IX-01	TCGA-3A-A9IX-01Z-00-DX1		/research/projects/mllab/WSI/extracted_features/TCGA-PAAD/TCGA-3A-A9IX-01Z-00-DX1.08369AC8-78D3-4E4C-8D8D-7CA4B1993734.h5
train	TCGA-PAAD	TCGA-F2-A44H	TCGA-F2-A44H-01	TCGA-F2-A44H-01Z-00-DX1		/research/projects/mllab/WSI/extracted_features/TCGA-PAAD/TCGA-F2-A44H-01Z-00-DX1.98C75E19-10DE-434A-AF1B-CDD182F6EDD5.h5
train	TCGA-PAAD	TCGA-FB-A4P5	TCGA-FB-A4P5-01	TCGA-FB-A4P5-01Z-00-DX1		/research/projects/mllab/WSI/extracted_features/TCGA-PAAD/TCGA-FB-A4P5-01Z-00-DX1.D5440110-D217-4B4C-A8D2-7261B430F440.h5
train	TCGA-PAAD	TCGA-FB-AAPS	TCGA-FB-AAPS-01	TCGA-FB-AAPS-01Z-00-DX1		/research/projects/mllab/WSI/extracted_features/TCGA-PAAD/TCGA-FB-AAPS-01Z-00-DX1.BD33EF8C-A9ED-486C-A8A7-A91E5CD7FB8C.h5
train	TCGA-PAAD	TCGA-FB-AAPY	TCGA-FB-AAPY-01	TCGA-FB-AAPY-01Z-00-DX1		/research/projects/mllab/WSI/extracted_features/TCGA-PAAD/TCGA-FB-AAPY-01Z-00-DX1.06F4ED05-E333-48E1-91B9-345ACA41A4DF.h5
train	TCGA-PAAD	TCGA-FB-AAQ0	TCGA-FB-AAQ0-01	TCGA-FB-AAQ0-01Z-00-DX1		/research/projects/mllab/WSI/extracted_features/TCGA-PAAD/TCGA-FB-AAQ0-01Z-00-DX1.8F17745D-098C-4D3A-95A1-16A3AC437CD8.h5
train	TCGA-PAAD	TCGA-FB-AAQ1	TCGA-FB-AAQ1-01	TCGA-FB-AAQ1-01Z-00-DX1		/research/projects/mllab/WSI/extracted_features/TCGA-PAAD/TCGA-FB-AAQ1-01Z-00-DX1.A9CA7861-A176-41C8-A240-C6C2C8FC8F35.h5
train	TCGA-PAAD	TCGA-FZ-5921	TCGA-FZ-5921-01	TCGA-FZ-5921-01Z-00-DX1		/research/projects/mllab/WSI/extracted_features/TCGA-PAAD/TCGA-FZ-5921-01Z-00-DX1.1120F4F2-EBDD-436F-B83F-D524C9BA887D.h5
train	TCGA-PAAD	TCGA-FZ-5923	TCGA-FZ-5923-01	TCGA-FZ-5923-01Z-00-DX1		/research/projects/mllab/WSI/extracted_features/TCGA-PAAD/TCGA-FZ-5923-01Z-00-DX1.963FBB21-B961-4009-BF37-AC6C4FAA5B9C.h5
train	TCGA-PAAD	TCGA-FZ-5926	TCGA-FZ-5926-01	TCGA-FZ-5926-01Z-00-DX1		/research/projects/mllab/WSI/extracted_features/TCGA-PAAD/TCGA-FZ-5926-01Z-00-DX1.C6358107-5215-4A1A-B670-807730519D21.h5
train	TCGA-PAAD	TCGA-HV-A7OP	TCGA-HV-A7OP-01	TCGA-HV-A7OP-01Z-00-DX1		/research/projects/mllab/WSI/extracted_features/TCGA-PAAD/TCGA-HV-A7OP-01Z-00-DX1.9DCA3D26-8093-4D09-AE2C-1E04564C053A.h5
train	TCGA-PAAD	TCGA-HZ-7922	TCGA-HZ-7922-01	TCGA-HZ-7922-01Z-00-DX1		/research/projects/mllab/WSI/extracted_features/TCGA-PAAD/TCGA-HZ-7922-01Z-00-DX1.14560084-f9cf-454a-a3a3-ef6d7e190bb2.h5
train	TCGA-PAAD	TCGA-HZ-8315	TCGA-HZ-8315-01	TCGA-HZ-8315-01Z-00-DX1		/research/projects/mllab/WSI/extracted_features/TCGA-PAAD/TCGA-HZ-8315-01Z-00-DX1.F6B3F80E-3630-426E-AB2C-7F2EC5B63BFC.h5
train	TCGA-PAAD	TCGA-HZ-8317	TCGA-HZ-8317-01	TCGA-HZ-8317-01Z-00-DX1		/research/projects/mllab/WSI/extracted_features/TCGA-PAAD/TCGA-HZ-8317-01Z-00-DX1.BD28612C-D35D-4664-8B88-A85EF99013AB.h5
train	TCGA-PAAD	TCGA-HZ-8636	TCGA-HZ-8636-01	TCGA-HZ-8636-01Z-00-DX1		/research/projects/mllab/WSI/extracted_features/TCGA-PAAD/TCGA-HZ-8636-01Z-00-DX1.8C576B40-EF6A-475E-AEC8-351FBAC6BB86.h5
train	TCGA-PAAD	TCGA-HZ-8638	TCGA-HZ-8638-01	TCGA-HZ-8638-01Z-00-DX1		/research/projects/mllab/WSI/extracted_features/TCGA-PAAD/TCGA-HZ-8638-01Z-00-DX1.AD9F30CA-8943-493E-8603-7D1CF41056E6.h5
train	TCGA-PAAD	TCGA-HZ-A4BK	TCGA-HZ-A4BK-01	TCGA-HZ-A4BK-01Z-00-DX1		/research/projects/mllab/WSI/extracted_features/TCGA-PAAD/TCGA-HZ-A4BK-01Z-00-DX1.D8F0179D-5572-4358-90B8-819F729FDD7D.h5
train	TCGA-PAAD	TCGA-IB-7644	TCGA-IB-7644-01	TCGA-IB-7644-01Z-00-DX1		/research/projects/mllab/WSI/extracted_features/TCGA-PAAD/TCGA-IB-7644-01Z-00-DX1.A2E77093-90D2-4ED3-90EB-F14A03C3DA57.h5
train	TCGA-PAAD	TCGA-IB-7885	TCGA-IB-7885-01	TCGA-IB-7885-01Z-00-DX1		/research/projects/mllab/WSI/extracted_features/TCGA-PAAD/TCGA-IB-7885-01Z-00-DX1.427683EF-C7FC-475E-A912-65E201262A49.h5
train	TCGA-PAAD	TCGA-IB-7889	TCGA-IB-7889-01	TCGA-IB-7889-01Z-00-DX1		/research/projects/mllab/WSI/extracted_features/TCGA-PAAD/TCGA-IB-7889-01Z-00-DX1.6D4EE9ED-5AE0-4AC2-B75C-2B26F562D346.h5
train	TCGA-PAAD	TCGA-IB-7890	TCGA-IB-7890-01	TCGA-IB-7890-01Z-00-DX1		/research/projects/mllab/WSI/extracted_features/TCGA-PAAD/TCGA-IB-7890-01Z-00-DX1.B71A3F90-DBD9-4010-9152-0DEF1459B93E.h5
train	TCGA-PAAD	TCGA-IB-A5SQ	TCGA-IB-A5SQ-01	TCGA-IB-A5SQ-01Z-00-DX1		/research/projects/mllab/WSI/extracted_features/TCGA-PAAD/TCGA-IB-A5SQ-01Z-00-DX1.790002F9-0B3B-44F6-A888-82E87FC78B73.h5
train	TCGA-PAAD	TCGA-IB-AAUR	TCGA-IB-AAUR-01	TCGA-IB-AAUR-01Z-00-DX1		/research/projects/mllab/WSI/extracted_features/TCGA-PAAD/TCGA-IB-AAUR-01Z-00-DX1.97C45E09-EC88-4543-A854-63C87BAFA782.h5
train	TCGA-PAAD	TCGA-US-A774	TCGA-US-A774-01	TCGA-US-A774-01Z-00-DX1		/research/projects/mllab/WSI/extracted_features/TCGA-PAAD/TCGA-US-A774-01Z-00-DX1.522FF138-153F-488A-BBBC-5EA68EFD80C7.h5
train	TCGA-PAAD	TCGA-US-A77G	TCGA-US-A77G-01	TCGA-US-A77G-01Z-00-DX1		/research/projects/mllab/WSI/extracted_features/TCGA-PAAD/TCGA-US-A77G-01Z-00-DX1.65B13E34-528C-4BC3-B3DF-E1DFE19A55C2.h5
train	TCGA-PAAD	TCGA-XD-AAUG	TCGA-XD-AAUG-01	TCGA-XD-AAUG-01Z-00-DX1		/research/projects/mllab/WSI/extracted_features/TCGA-PAAD/TCGA-XD-AAUG-01Z-00-DX1.3A869531-BE48-4DBA-99AD-F505D5F33369.h5
train	TCGA-PAAD	TCGA-XD-AAUI	TCGA-XD-AAUI-01	TCGA-XD-AAUI-01Z-00-DX1		/research/projects/mllab/WSI/extracted_features/TCGA-PAAD/TCGA-XD-AAUI-01Z-00-DX1.1A0D124A-47C7-44F1-9229-667EAA10805F.h5
train	TCGA-PAAD	TCGA-XN-A8T3	TCGA-XN-A8T3-01	TCGA-XN-A8T3-01Z-00-DX1		/research/projects/mllab/WSI/extracted_features/TCGA-PAAD/TCGA-XN-A8T3-01Z-00-DX1.77013C72-5A22-4671-BF5C-B8258A624515.h5
train	TCGA-PCPG	TCGA-PR-A5PF	TCGA-PR-A5PF-01	TCGA-PR-A5PF-01Z-00-DX1		/research/projects/mllab/WSI/extracted_features/TCGA-PCPG/TCGA-PR-A5PF-01Z-00-DX1.918969AF-5501-44F8-9A26-326B2E66D200.h5
train	TCGA-PCPG	TCGA-PR-A5PG	TCGA-PR-A5PG-01	TCGA-PR-A5PG-01Z-00-DX1		/research/projects/mllab/WSI/extracted_features/TCGA-PCPG/TCGA-PR-A5PG-01Z-00-DX1.8FB4AE9F-0B35-4526-A314-CB6AC7649A91.h5
train	TCGA-PCPG	TCGA-QR-A6GT	TCGA-QR-A6GT-01	TCGA-QR-A6GT-01Z-00-DX1		/research/projects/mllab/WSI/extracted_features/TCGA-PCPG/TCGA-QR-A6GT-01Z-00-DX1.83E5BD73-C59B-4BD9-9774-C62AAF62C632.h5
train	TCGA-PCPG	TCGA-QR-A6GY	TCGA-QR-A6GY-01	TCGA-QR-A6GY-01Z-00-DX1		/research/projects/mllab/WSI/extracted_features/TCGA-PCPG/TCGA-QR-A6GY-01Z-00-DX1.26952E33-1102-4B00-9124-D367D505480F.h5
train	TCGA-PCPG	TCGA-QR-A6H2	TCGA-QR-A6H2-01	TCGA-QR-A6H2-01Z-00-DX1		/research/projects/mllab/WSI/extracted_features/TCGA-PCPG/TCGA-QR-A6H2-01Z-00-DX1.301F93A0-58F7-4F64-86C8-CFEA935EFFEF.h5
train	TCGA-PCPG	TCGA-QR-A702	TCGA-QR-A702-01	TCGA-QR-A702-01Z-00-DX1		/research/projects/mllab/WSI/extracted_features/TCGA-PCPG/TCGA-QR-A702-01Z-00-DX1.734F14AE-C387-41B1-8A2B-190AB5FFE6BA.h5
train	TCGA-PCPG	TCGA-QR-A70G	TCGA-QR-A70G-01	TCGA-QR-A70G-01Z-00-DX1		/research/projects/mllab/WSI/extracted_features/TCGA-PCPG/TCGA-QR-A70G-01Z-00-DX1.6A73E7B8-28BE-4BC1-B0AF-5B8262CF3BC0.h5
train	TCGA-PCPG	TCGA-QR-A70J	TCGA-QR-A70J-01	TCGA-QR-A70J-01Z-00-DX1		/research/projects/mllab/WSI/extracted_features/TCGA-PCPG/TCGA-QR-A70J-01Z-00-DX1.D9779D7F-E2DD-4B14-9AEF-A4041A57F263.h5
train	TCGA-PCPG	TCGA-QR-A70K	TCGA-QR-A70K-01	TCGA-QR-A70K-01Z-00-DX1		/research/projects/mllab/WSI/extracted_features/TCGA-PCPG/TCGA-QR-A70K-01Z-00-DX1.369BC996-37DA-432A-8C66-2CD88FD8B337.h5
train	TCGA-PCPG	TCGA-QR-A70W	TCGA-QR-A70W-01	TCGA-QR-A70W-01Z-00-DX1		/research/projects/mllab/WSI/extracted_features/TCGA-PCPG/TCGA-QR-A70W-01Z-00-DX1.8323866B-73AC-4B0B-80C3-B85ECD1E64D4.h5
train	TCGA-PCPG	TCGA-QT-A5XJ	TCGA-QT-A5XJ-01	TCGA-QT-A5XJ-01Z-00-DX1		/research/projects/mllab/WSI/extracted_features/TCGA-PCPG/TCGA-QT-A5XJ-01Z-00-DX1.496EBB8D-BC20-4FDD-877F-AF7CCD9B3C3A.h5
train	TCGA-PCPG	TCGA-QT-A5XM	TCGA-QT-A5XM-01	TCGA-QT-A5XM-01Z-00-DX1		/research/projects/mllab/WSI/extracted_features/TCGA-PCPG/TCGA-QT-A5XM-01Z-00-DX1.49CEE547-5D98-4108-9974-9C34992C469A.h5
train	TCGA-PCPG	TCGA-RT-A6Y9	TCGA-RT-A6Y9-01	TCGA-RT-A6Y9-01Z-00-DX1		/research/projects/mllab/WSI/extracted_features/TCGA-PCPG/TCGA-RT-A6Y9-01Z-00-DX1.026F49F4-644D-4CB1-BA39-1906BCC6B53A.h5
train	TCGA-PCPG	TCGA-RW-A67V	TCGA-RW-A67V-01	TCGA-RW-A67V-01Z-00-DX1		/research/projects/mllab/WSI/extracted_features/TCGA-PCPG/TCGA-RW-A67V-01Z-00-DX1.88E7F86B-2F45-448C-9390-E921722B122E.h5
train	TCGA-PCPG	TCGA-RW-A67Y	TCGA-RW-A67Y-01	TCGA-RW-A67Y-01Z-00-DX1		/research/projects/mllab/WSI/extracted_features/TCGA-PCPG/TCGA-RW-A67Y-01Z-00-DX1.7E8AD7AC-BF20-47E5-A17D-27BE8F1FDF06.h5
train	TCGA-PCPG	TCGA-RW-A688	TCGA-RW-A688-01	TCGA-RW-A688-01Z-00-DX1		/research/projects/mllab/WSI/extracted_features/TCGA-PCPG/TCGA-RW-A688-01Z-00-DX1.F6BE478E-1E79-4C93-84AF-5ECB61F87DDC.h5
train	TCGA-PCPG	TCGA-RW-A8AZ	TCGA-RW-A8AZ-01	TCGA-RW-A8AZ-01Z-00-DX1		/research/projects/mllab/WSI/extracted_features/TCGA-PCPG/TCGA-RW-A8AZ-01Z-00-DX1.D89C6042-8CBB-4669-B89A-32B6CAFACD7A.h5
train	TCGA-PCPG	TCGA-S7-A7WL	TCGA-S7-A7WL-01	TCGA-S7-A7WL-01Z-00-DX1		/research/projects/mllab/WSI/extracted_features/TCGA-PCPG/TCGA-S7-A7WL-01Z-00-DX1.BB8E444F-37D5-498A-BDDE-4A559C01384D.h5
train	TCGA-PCPG	TCGA-S7-A7WR	TCGA-S7-A7WR-01	TCGA-S7-A7WR-01Z-00-DX1		/research/projects/mllab/WSI/extracted_features/TCGA-PCPG/TCGA-S7-A7WR-01Z-00-DX1.CB67D5F9-05EC-4C99-9BBD-88A5FBE4C8AE.h5
train	TCGA-PCPG	TCGA-S7-A7WV	TCGA-S7-A7WV-01	TCGA-S7-A7WV-01Z-00-DX1		/research/projects/mllab/WSI/extracted_features/TCGA-PCPG/TCGA-S7-A7WV-01Z-00-DX1.7EA04D99-5AFB-4079-8400-F9169551934B.h5
train	TCGA-PCPG	TCGA-SP-A6QF	TCGA-SP-A6QF-01	TCGA-SP-A6QF-01Z-00-DX1		/research/projects/mllab/WSI/extracted_features/TCGA-PCPG/TCGA-SP-A6QF-01Z-00-DX1.73856BF1-8A69-4187-BD4C-D42356D4F0CD.h5
train	TCGA-PCPG	TCGA-SP-A6QI	TCGA-SP-A6QI-01	TCGA-SP-A6QI-01Z-00-DX1		/research/projects/mllab/WSI/extracted_features/TCGA-PCPG/TCGA-SP-A6QI-01Z-00-DX1.12CA08CC-2F40-4B0E-AEC3-8A1FCFA362F8.h5
train	TCGA-PCPG	TCGA-SQ-A6I6	TCGA-SQ-A6I6-01	TCGA-SQ-A6I6-01Z-00-DX1		/research/projects/mllab/WSI/extracted_features/TCGA-PCPG/TCGA-SQ-A6I6-01Z-00-DX1.5DE61B4C-C785-4C3C-9BDF-A12FC7F101F8.h5
train	TCGA-PCPG	TCGA-SR-A6MX	TCGA-SR-A6MX-01	TCGA-SR-A6MX-01Z-00-DX1		/research/projects/mllab/WSI/extracted_features/TCGA-PCPG/TCGA-SR-A6MX-01Z-00-DX1.2642CBB2-65ED-48E9-BC30-D2F3F5D4D8B3.h5
train	TCGA-PCPG	TCGA-SR-A6MZ	TCGA-SR-A6MZ-01	TCGA-SR-A6MZ-01Z-00-DX1		/research/projects/mllab/WSI/extracted_features/TCGA-PCPG/TCGA-SR-A6MZ-01Z-00-DX1.DBB26450-16D5-40A8-98FE-B0610A294A8E.h5
train	TCGA-PCPG	TCGA-TT-A6YJ	TCGA-TT-A6YJ-01	TCGA-TT-A6YJ-01Z-00-DX1		/research/projects/mllab/WSI/extracted_features/TCGA-PCPG/TCGA-TT-A6YJ-01Z-00-DX1.C815EEF0-F802-4649-89B7-EE9DF279B8E6.h5
train	TCGA-PCPG	TCGA-TT-A6YN	TCGA-TT-A6YN-01	TCGA-TT-A6YN-01Z-00-DX1		/research/projects/mllab/WSI/extracted_features/TCGA-PCPG/TCGA-TT-A6YN-01Z-00-DX1.1E79474C-BEA6-479A-8A22-57C636B22F03.h5
train	TCGA-PCPG	TCGA-TT-A6YO	TCGA-TT-A6YO-01	TCGA-TT-A6YO-01Z-00-DX1		/research/projects/mllab/WSI/extracted_features/TCGA-PCPG/TCGA-TT-A6YO-01Z-00-DX1.071EB044-DE3B-4B1E-ABA8-14F3CAEB921D.h5
train	TCGA-PCPG	TCGA-W2-A7HB	TCGA-W2-A7HB-01	TCGA-W2-A7HB-01Z-00-DX1		/research/projects/mllab/WSI/extracted_features/TCGA-PCPG/TCGA-W2-A7HB-01Z-00-DX1.8790E75A-2812-4C85-A8F2-D823C974ABB5.h5
train	TCGA-PCPG	TCGA-W2-A7HF	TCGA-W2-A7HF-01	TCGA-W2-A7HF-01Z-00-DX1		/research/projects/mllab/WSI/extracted_features/TCGA-PCPG/TCGA-W2-A7HF-01Z-00-DX1.7EC4C7C0-194B-4CED-B2B8-C713A985D2BA.h5
train	TCGA-PCPG	TCGA-WB-A80M	TCGA-WB-A80M-01	TCGA-WB-A80M-01Z-00-DX1		/research/projects/mllab/WSI/extracted_features/TCGA-PCPG/TCGA-WB-A80M-01Z-00-DX1.4D3CF8B7-73DF-4382-A4A7-DEC725E75B0B.h5
train	TCGA-PCPG	TCGA-WB-A80V	TCGA-WB-A80V-01	TCGA-WB-A80V-01Z-00-DX1		/research/projects/mllab/WSI/extracted_features/TCGA-PCPG/TCGA-WB-A80V-01Z-00-DX1.D2DC4C1F-D969-4D93-BA0D-2262D8A99611.h5
train	TCGA-PCPG	TCGA-WB-A81A	TCGA-WB-A81A-01	TCGA-WB-A81A-01Z-00-DX1		/research/projects/mllab/WSI/extracted_features/TCGA-PCPG/TCGA-WB-A81A-01Z-00-DX1.1E30B6B9-20C2-40AB-AFBE-C88F35CA31EA.h5
train	TCGA-PCPG	TCGA-WB-A81M	TCGA-WB-A81M-01	TCGA-WB-A81M-01Z-00-DX1		/research/projects/mllab/WSI/extracted_features/TCGA-PCPG/TCGA-WB-A81M-01Z-00-DX1.4D64AB11-82E5-43E6-90E1-463D234A8498.h5
train	TCGA-PCPG	TCGA-WB-A81N	TCGA-WB-A81N-01	TCGA-WB-A81N-01Z-00-DX1		/research/projects/mllab/WSI/extracted_features/TCGA-PCPG/TCGA-WB-A81N-01Z-00-DX1.7EF5EC0A-BB5D-4EF0-99D0-B72C2123AA22.h5
train	TCGA-PCPG	TCGA-WB-A81R	TCGA-WB-A81R-01	TCGA-WB-A81R-01Z-00-DX1		/research/projects/mllab/WSI/extracted_features/TCGA-PCPG/TCGA-WB-A81R-01Z-00-DX1.81A7502E-8AEB-4CCC-8F0A-77B20728B0B9.h5
train	TCGA-PRAD	TCGA-2A-A8VT	TCGA-2A-A8VT-01	TCGA-2A-A8VT-01Z-00-DX1		/research/projects/mllab/WSI/extracted_features/TCGA-PRAD/TCGA-2A-A8VT-01Z-00-DX1.F2CD9AAB-7B40-46A4-832B-1279A8A77737.h5
train	TCGA-PRAD	TCGA-4L-AA1F	TCGA-4L-AA1F-01	TCGA-4L-AA1F-01Z-00-DX1		/research/projects/mllab/WSI/extracted_features/TCGA-PRAD/TCGA-4L-AA1F-01Z-00-DX1.D793A68B-6E98-477B-8C29-4347939C97CF.h5
train	TCGA-PRAD	TCGA-CH-5748	TCGA-CH-5748-01	TCGA-CH-5748-01Z-00-DX1		/research/projects/mllab/WSI/extracted_features/TCGA-PRAD/TCGA-CH-5748-01Z-00-DX1.032202f2-70c0-4115-99ff-1cecf4042e07.h5
train	TCGA-PRAD	TCGA-CH-5761	TCGA-CH-5761-01	TCGA-CH-5761-01Z-00-DX1		/research/projects/mllab/WSI/extracted_features/TCGA-PRAD/TCGA-CH-5761-01Z-00-DX1.8a1146c7-cd4b-40fd-b609-cc2b80060d56.h5
train	TCGA-PRAD	TCGA-CH-5763	TCGA-CH-5763-01	TCGA-CH-5763-01Z-00-DX1		/research/projects/mllab/WSI/extracted_features/TCGA-PRAD/TCGA-CH-5763-01Z-00-DX1.7d4eff47-8d99-41d4-87f0-163b2cb034bf.h5
train	TCGA-PRAD	TCGA-EJ-5531	TCGA-EJ-5531-01	TCGA-EJ-5531-01Z-00-DX1		/research/projects/mllab/WSI/extracted_features/TCGA-PRAD/TCGA-EJ-5531-01Z-00-DX1.c6ca0cde-3ebc-4de9-8a53-e666239deba3.h5
train	TCGA-PRAD	TCGA-EJ-A46D	TCGA-EJ-A46D-01	TCGA-EJ-A46D-01Z-00-DX1		/research/projects/mllab/WSI/extracted_features/TCGA-PRAD/TCGA-EJ-A46D-01Z-00-DX1.194EFBA6-C16F-42CD-99FD-27842B85504B.h5
train	TCGA-PRAD	TCGA-G9-6329	TCGA-G9-6329-01	TCGA-G9-6329-01Z-00-DX1		/research/projects/mllab/WSI/extracted_features/TCGA-PRAD/TCGA-G9-6329-01Z-00-DX1.644ad1cf-baca-4b4c-ba0b-c4ecdd42750c.h5
train	TCGA-PRAD	TCGA-G9-6343	TCGA-G9-6343-01	TCGA-G9-6343-01Z-00-DX1		/research/projects/mllab/WSI/extracted_features/TCGA-PRAD/TCGA-G9-6343-01Z-00-DX1.e5756f91-d1a7-4cb4-8140-e93bb92bf194.h5
train	TCGA-PRAD	TCGA-G9-6356	TCGA-G9-6356-01	TCGA-G9-6356-01Z-00-DX1		/research/projects/mllab/WSI/extracted_features/TCGA-PRAD/TCGA-G9-6356-01Z-00-DX1.e9631d5e-7454-4dab-b3f8-f157f0ed3715.h5
train	TCGA-PRAD	TCGA-G9-6367	TCGA-G9-6367-01	TCGA-G9-6367-01Z-00-DX1		/research/projects/mllab/WSI/extracted_features/TCGA-PRAD/TCGA-G9-6367-01Z-00-DX1.0f5d51fc-42f6-41ee-9419-b547df5e7f8e.h5
train	TCGA-PRAD	TCGA-G9-6371	TCGA-G9-6371-01	TCGA-G9-6371-01Z-00-DX1		/research/projects/mllab/WSI/extracted_features/TCGA-PRAD/TCGA-G9-6371-01Z-00-DX1.0c8cc8d4-bb9e-4ade-aaa9-22c451fb363b.h5
train	TCGA-PRAD	TCGA-G9-6378	TCGA-G9-6378-01	TCGA-G9-6378-01Z-00-DX1		/research/projects/mllab/WSI/extracted_features/TCGA-PRAD/TCGA-G9-6378-01Z-00-DX1.c06b70ec-64ee-4db0-8682-72c1cc0e97bc.h5
train	TCGA-PRAD	TCGA-G9-6385	TCGA-G9-6385-01	TCGA-G9-6385-01Z-00-DX1		/research/projects/mllab/WSI/extracted_features/TCGA-PRAD/TCGA-G9-6385-01Z-00-DX1.e75b4a90-f29f-4e80-a0a6-f2fb80d0e2d8.h5
train	TCGA-PRAD	TCGA-G9-7510	TCGA-G9-7510-01	TCGA-G9-7510-01Z-00-DX1		/research/projects/mllab/WSI/extracted_features/TCGA-PRAD/TCGA-G9-7510-01Z-00-DX1.1f670df9-1bc4-40bd-8a5f-3a14cd0d794b.h5
train	TCGA-PRAD	TCGA-G9-7519	TCGA-G9-7519-01	TCGA-G9-7519-01Z-00-DX1		/research/projects/mllab/WSI/extracted_features/TCGA-PRAD/TCGA-G9-7519-01Z-00-DX1.1858532a-d4db-4ee7-95d3-8d733694a275.h5
train	TCGA-PRAD	TCGA-G9-7522	TCGA-G9-7522-01	TCGA-G9-7522-01Z-00-DX1		/research/projects/mllab/WSI/extracted_features/TCGA-PRAD/TCGA-G9-7522-01Z-00-DX1.103e1fde-1559-4095-95b9-020a2459193b.h5
train	TCGA-PRAD	TCGA-G9-7523	TCGA-G9-7523-01	TCGA-G9-7523-01Z-00-DX1		/research/projects/mllab/WSI/extracted_features/TCGA-PRAD/TCGA-G9-7523-01Z-00-DX1.2551f5e7-9fac-422f-b83a-2ecfd0e4e244.h5
train	TCGA-PRAD	TCGA-HC-7737	TCGA-HC-7737-01	TCGA-HC-7737-01Z-00-DX1		/research/projects/mllab/WSI/extracted_features/TCGA-PRAD/TCGA-HC-7737-01Z-00-DX1.44947b83-a5b8-43f7-b0a4-0a63f1d42844.h5
train	TCGA-PRAD	TCGA-HC-7740	TCGA-HC-7740-01	TCGA-HC-7740-01Z-00-DX1		/research/projects/mllab/WSI/extracted_features/TCGA-PRAD/TCGA-HC-7740-01Z-00-DX1.e0d2817f-fe41-4d04-a164-68f601a4e82e.h5
train	TCGA-PRAD	TCGA-HC-8266	TCGA-HC-8266-01	TCGA-HC-8266-01Z-00-DX1		/research/projects/mllab/WSI/extracted_features/TCGA-PRAD/TCGA-HC-8266-01Z-00-DX1.e266de83-ea1d-41bb-a466-74aab0748eeb.h5
train	TCGA-PRAD	TCGA-HC-A631	TCGA-HC-A631-01	TCGA-HC-A631-01Z-00-DX1		/research/projects/mllab/WSI/extracted_features/TCGA-PRAD/TCGA-HC-A631-01Z-00-DX1.9771F112-D955-4F5A-819A-3AE84DF712C2.h5
train	TCGA-PRAD	TCGA-KK-A8IF	TCGA-KK-A8IF-01	TCGA-KK-A8IF-01Z-00-DX1		/research/projects/mllab/WSI/extracted_features/TCGA-PRAD/TCGA-KK-A8IF-01Z-00-DX1.D89CE36A-8166-4CA5-82DE-A937ABBF14D0.h5
train	TCGA-PRAD	TCGA-KK-A8II	TCGA-KK-A8II-01	TCGA-KK-A8II-01Z-00-DX1		/research/projects/mllab/WSI/extracted_features/TCGA-PRAD/TCGA-KK-A8II-01Z-00-DX1.2AF0AC96-1017-42CE-9BC6-D9EAED43C0BD.h5
train	TCGA-PRAD	TCGA-KK-A8IL	TCGA-KK-A8IL-01	TCGA-KK-A8IL-01Z-00-DX1		/research/projects/mllab/WSI/extracted_features/TCGA-PRAD/TCGA-KK-A8IL-01Z-00-DX1.C91F74AC-39D4-44BB-A48B-F4AACA135007.h5
train	TCGA-PRAD	TCGA-M7-A71Y	TCGA-M7-A71Y-01	TCGA-M7-A71Y-01Z-00-DX1		/research/projects/mllab/WSI/extracted_features/TCGA-PRAD/TCGA-M7-A71Y-01Z-00-DX1.0B405CF4-492A-4778-ABBA-6C9F8A346E51.h5
train	TCGA-PRAD	TCGA-M7-A721	TCGA-M7-A721-01	TCGA-M7-A721-01Z-00-DX1		/research/projects/mllab/WSI/extracted_features/TCGA-PRAD/TCGA-M7-A721-01Z-00-DX1.DB6F590D-95C4-4FA1-8476-944D21EEB65D.h5
train	TCGA-PRAD	TCGA-V1-A8MG	TCGA-V1-A8MG-01	TCGA-V1-A8MG-01Z-00-DX1		/research/projects/mllab/WSI/extracted_features/TCGA-PRAD/TCGA-V1-A8MG-01Z-00-DX1.E141371C-B88D-4EE9-B65E-9C9DEC4EAA70.h5
train	TCGA-PRAD	TCGA-X4-A8KS	TCGA-X4-A8KS-01	TCGA-X4-A8KS-01Z-00-DX1		/research/projects/mllab/WSI/extracted_features/TCGA-PRAD/TCGA-X4-A8KS-01Z-00-DX1.590D57D8-3053-4C42-9216-C93DE8587C12.h5
train	TCGA-PRAD	TCGA-XA-A8JR	TCGA-XA-A8JR-01	TCGA-XA-A8JR-01Z-00-DX1		/research/projects/mllab/WSI/extracted_features/TCGA-PRAD/TCGA-XA-A8JR-01Z-00-DX1.E31C544F-F56B-4331-8024-132BB6FA11E2.h5
train	TCGA-PRAD	TCGA-XK-AAIV	TCGA-XK-AAIV-01	TCGA-XK-AAIV-01Z-00-DX1		/research/projects/mllab/WSI/extracted_features/TCGA-PRAD/TCGA-XK-AAIV-01Z-00-DX1.50BEF025-FAD6-404F-9385-D58C97FC03CC.h5
train	TCGA-PRAD	TCGA-XK-AAIW	TCGA-XK-AAIW-01	TCGA-XK-AAIW-01Z-00-DX1		/research/projects/mllab/WSI/extracted_features/TCGA-PRAD/TCGA-XK-AAIW-01Z-00-DX1.31B98849-4AA9-4AC1-A697-A0C4165976B5.h5
train	TCGA-PRAD	TCGA-XQ-A8TA	TCGA-XQ-A8TA-01	TCGA-XQ-A8TA-01Z-00-DX1		/research/projects/mllab/WSI/extracted_features/TCGA-PRAD/TCGA-XQ-A8TA-01Z-00-DX1.D1346DCD-E0CC-4914-967E-49B4E901836C.h5
train	TCGA-PRAD	TCGA-YL-A8S9	TCGA-YL-A8S9-01	TCGA-YL-A8S9-01Z-00-DX1		/research/projects/mllab/WSI/extracted_features/TCGA-PRAD/TCGA-YL-A8S9-01Z-00-DX1.AFA8D391-BD8D-4A68-B779-7C10C2977DAC.h5
train	TCGA-PRAD	TCGA-YL-A8SI	TCGA-YL-A8SI-01	TCGA-YL-A8SI-01Z-00-DX1		/research/projects/mllab/WSI/extracted_features/TCGA-PRAD/TCGA-YL-A8SI-01Z-00-DX1.35E5FB1A-9AAC-4942-892B-E9D80F6BDA23.h5
train	TCGA-PRAD	TCGA-YL-A9WX	TCGA-YL-A9WX-01	TCGA-YL-A9WX-01Z-00-DX1		/research/projects/mllab/WSI/extracted_features/TCGA-PRAD/TCGA-YL-A9WX-01Z-00-DX1.20B40B9A-C210-419D-B9A2-391DC92D9B7A.h5
train	TCGA-READ	TCGA-AF-2687	TCGA-AF-2687-01	TCGA-AF-2687-01Z-00-DX1		/research/projects/mllab/WSI/extracted_features/TCGA-READ/TCGA-AF-2687-01Z-00-DX1.bbcd88f6-11d5-4b57-9693-693124b2b7e7.h5
train	TCGA-READ	TCGA-AF-2690	TCGA-AF-2690-01	TCGA-AF-2690-01Z-00-DX1		/research/projects/mllab/WSI/extracted_features/TCGA-READ/TCGA-AF-2690-01Z-00-DX1.22cb3fa6-519d-449f-b486-1f35c9089164.h5
train	TCGA-READ	TCGA-AF-3400	TCGA-AF-3400-01	TCGA-AF-3400-01Z-00-DX1		/research/projects/mllab/WSI/extracted_features/TCGA-READ/TCGA-AF-3400-01Z-00-DX1.b5c266c7-b465-4478-8058-cdf3f35dff38.h5
train	TCGA-READ	TCGA-AF-3911	TCGA-AF-3911-01	TCGA-AF-3911-01Z-00-DX1		/research/projects/mllab/WSI/extracted_features/TCGA-READ/TCGA-AF-3911-01Z-00-DX1.03cf3e2a-1306-4011-8d42-543efb5d1286.h5
train	TCGA-READ	TCGA-AF-4110	TCGA-AF-4110-01	TCGA-AF-4110-01Z-00-DX1		/research/projects/mllab/WSI/extracted_features/TCGA-READ/TCGA-AF-4110-01Z-00-DX1.cb8de1f0-0b38-4271-af5f-33655693e35e.h5
train	TCGA-READ	TCGA-AF-A56L	TCGA-AF-A56L-01	TCGA-AF-A56L-01Z-00-DX1		/research/projects/mllab/WSI/extracted_features/TCGA-READ/TCGA-AF-A56L-01Z-00-DX1.984FBEF1-A46B-432D-A295-1275E60D09D8.h5
train	TCGA-READ	TCGA-AG-3594	TCGA-AG-3594-01	TCGA-AG-3594-01Z-00-DX1		/research/projects/mllab/WSI/extracted_features/TCGA-READ/TCGA-AG-3594-01Z-00-DX1.83a27a62-0ddd-48e0-ba34-1ba6d8aa9526.h5
train	TCGA-READ	TCGA-AG-3600	TCGA-AG-3600-01	TCGA-AG-3600-01Z-00-DX1		/research/projects/mllab/WSI/extracted_features/TCGA-READ/TCGA-AG-3600-01Z-00-DX1.1d506eeb-bb65-4688-bdb2-6ac101fc1dbe.h5
train	TCGA-READ	TCGA-AG-3602	TCGA-AG-3602-01	TCGA-AG-3602-01Z-00-DX1		/research/projects/mllab/WSI/extracted_features/TCGA-READ/TCGA-AG-3602-01Z-00-DX1.23198764-e085-441b-98e4-87fbe1c346f9.h5
train	TCGA-READ	TCGA-AG-3609	TCGA-AG-3609-01	TCGA-AG-3609-01Z-00-DX1		/research/projects/mllab/WSI/extracted_features/TCGA-READ/TCGA-AG-3609-01Z-00-DX1.6a698ad2-cc70-4c9d-b5d8-57c2cac3d86b.h5
train	TCGA-READ	TCGA-AG-3885	TCGA-AG-3885-01	TCGA-AG-3885-01Z-00-DX1		/research/projects/mllab/WSI/extracted_features/TCGA-READ/TCGA-AG-3885-01Z-00-DX1.85bc7cb5-ab71-4037-85fe-df76fea4e07f.h5
train	TCGA-READ	TCGA-AG-3909	TCGA-AG-3909-01	TCGA-AG-3909-01Z-00-DX1		/research/projects/mllab/WSI/extracted_features/TCGA-READ/TCGA-AG-3909-01Z-00-DX1.adb4e65f-e23f-409c-8886-bbdcaa52d1d4.h5
train	TCGA-READ	TCGA-AG-3999	TCGA-AG-3999-01	TCGA-AG-3999-01Z-00-DX1		/research/projects/mllab/WSI/extracted_features/TCGA-READ/TCGA-AG-3999-01Z-00-DX1.d963afa8-565a-4da8-ab5c-7c7cadf30b0f.h5
train	TCGA-READ	TCGA-AG-4021	TCGA-AG-4021-01	TCGA-AG-4021-01Z-00-DX1		/research/projects/mllab/WSI/extracted_features/TCGA-READ/TCGA-AG-4021-01Z-00-DX1.6ba4cace-d21a-4615-bb4b-1b68673b15f0.h5
train	TCGA-READ	TCGA-AG-A00C	TCGA-AG-A00C-01	TCGA-AG-A00C-01Z-00-DX1		/research/projects/mllab/WSI/extracted_features/TCGA-READ/TCGA-AG-A00C-01Z-00-DX1.B0CCAC43-A39D-4C59-AFC6-003BF0958B45.h5
train	TCGA-READ	TCGA-AG-A020	TCGA-AG-A020-01	TCGA-AG-A020-01Z-00-DX1		/research/projects/mllab/WSI/extracted_features/TCGA-READ/TCGA-AG-A020-01Z-00-DX1.E89BD2F0-B2BB-4EED-B7F4-4D7678E282AF.h5
train	TCGA-READ	TCGA-AG-A02N	TCGA-AG-A02N-01	TCGA-AG-A02N-01Z-00-DX1		/research/projects/mllab/WSI/extracted_features/TCGA-READ/TCGA-AG-A02N-01Z-00-DX1.3AFD1A23-48FE-44E9-9463-5B82633DDA2B.h5
train	TCGA-READ	TCGA-AG-A032	TCGA-AG-A032-01	TCGA-AG-A032-01Z-00-DX1		/research/projects/mllab/WSI/extracted_features/TCGA-READ/TCGA-AG-A032-01Z-00-DX1.92DF6C70-9196-4D5A-9197-D03B3D1B5AF5.h5
train	TCGA-READ	TCGA-AH-6643	TCGA-AH-6643-01	TCGA-AH-6643-01Z-00-DX1		/research/projects/mllab/WSI/extracted_features/TCGA-READ/TCGA-AH-6643-01Z-00-DX1.054a48b8-a5f3-4c9b-bd2e-5d48c55d57af.h5
train	TCGA-READ	TCGA-AH-6903	TCGA-AH-6903-01	TCGA-AH-6903-01Z-00-DX1		/research/projects/mllab/WSI/extracted_features/TCGA-READ/TCGA-AH-6903-01Z-00-DX1.29f3feae-e757-4138-9f86-439fac247009.h5
train	TCGA-READ	TCGA-CI-6624	TCGA-CI-6624-01	TCGA-CI-6624-01Z-00-DX1		/research/projects/mllab/WSI/extracted_features/TCGA-READ/TCGA-CI-6624-01Z-00-DX1.d8ee9c79-5886-41f1-a10a-3da167933882.h5
train	TCGA-READ	TCGA-CL-5917	TCGA-CL-5917-01	TCGA-CL-5917-01Z-00-DX1		/research/projects/mllab/WSI/extracted_features/TCGA-READ/TCGA-CL-5917-01Z-00-DX1.a2017752-58d7-4f69-ba0a-ff874dcf34a4.h5
train	TCGA-READ	TCGA-DC-6683	TCGA-DC-6683-01	TCGA-DC-6683-01Z-00-DX1		/research/projects/mllab/WSI/extracted_features/TCGA-READ/TCGA-DC-6683-01Z-00-DX1.e1324f2d-db88-4416-adff-fffd9b361326.h5
train	TCGA-READ	TCGA-DY-A1DD	TCGA-DY-A1DD-01	TCGA-DY-A1DD-01Z-00-DX1		/research/projects/mllab/WSI/extracted_features/TCGA-READ/TCGA-DY-A1DD-01Z-00-DX1.0F175E9D-FB44-4F06-B052-4D747D1AF820.h5
train	TCGA-READ	TCGA-DY-A1DF	TCGA-DY-A1DF-01	TCGA-DY-A1DF-01Z-00-DX1		/research/projects/mllab/WSI/extracted_features/TCGA-READ/TCGA-DY-A1DF-01Z-00-DX1.D014E1D1-1CDB-476E-9A40-BB4BD2ADF8DA.h5
train	TCGA-READ	TCGA-DY-A1DG	TCGA-DY-A1DG-01	TCGA-DY-A1DG-01Z-00-DX1		/research/projects/mllab/WSI/extracted_features/TCGA-READ/TCGA-DY-A1DG-01Z-00-DX1.14B8412B-2A42-4340-BE32-299693AADAF6.h5
train	TCGA-READ	TCGA-EF-5830	TCGA-EF-5830-01	TCGA-EF-5830-01Z-00-DX1		/research/projects/mllab/WSI/extracted_features/TCGA-READ/TCGA-EF-5830-01Z-00-DX1.618859B2-6B71-4BF8-9679-3C3EAC4BA2C5.h5
train	TCGA-READ	TCGA-EI-6509	TCGA-EI-6509-01	TCGA-EI-6509-01Z-00-DX1		/research/projects/mllab/WSI/extracted_features/TCGA-READ/TCGA-EI-6509-01Z-00-DX1.3676fab0-3e79-4b57-b592-c1af5aee40f6.h5
train	TCGA-READ	TCGA-EI-6510	TCGA-EI-6510-01	TCGA-EI-6510-01Z-00-DX1		/research/projects/mllab/WSI/extracted_features/TCGA-READ/TCGA-EI-6510-01Z-00-DX1.e1209172-b10e-4dca-a714-16960a498cf4.h5
train	TCGA-READ	TCGA-EI-6512	TCGA-EI-6512-01	TCGA-EI-6512-01Z-00-DX1		/research/projects/mllab/WSI/extracted_features/TCGA-READ/TCGA-EI-6512-01Z-00-DX1.edf24f1e-381b-4c14-aabc-9aa30e84c5d7.h5
train	TCGA-READ	TCGA-EI-6881	TCGA-EI-6881-01	TCGA-EI-6881-01Z-00-DX1		/research/projects/mllab/WSI/extracted_features/TCGA-READ/TCGA-EI-6881-01Z-00-DX1.5cfa2929-4374-4166-b110-39ab7d3de7cd.h5
train	TCGA-READ	TCGA-EI-6883	TCGA-EI-6883-01	TCGA-EI-6883-01Z-00-DX1		/research/projects/mllab/WSI/extracted_features/TCGA-READ/TCGA-EI-6883-01Z-00-DX1.cbb30a39-9428-45f0-9178-40616322b073.h5
train	TCGA-READ	TCGA-EI-6885	TCGA-EI-6885-01	TCGA-EI-6885-01Z-00-DX1		/research/projects/mllab/WSI/extracted_features/TCGA-READ/TCGA-EI-6885-01Z-00-DX1.ffb69ea3-047f-4ec5-b54c-e4f0ef3bf370.h5
train	TCGA-READ	TCGA-F5-6464	TCGA-F5-6464-01	TCGA-F5-6464-01Z-00-DX1		/research/projects/mllab/WSI/extracted_features/TCGA-READ/TCGA-F5-6464-01Z-00-DX1.1f990095-5e5a-438e-9ac5-d4775e1c826c.h5
train	TCGA-READ	TCGA-F5-6702	TCGA-F5-6702-01	TCGA-F5-6702-01Z-00-DX1		/research/projects/mllab/WSI/extracted_features/TCGA-READ/TCGA-F5-6702-01Z-00-DX1.6f9c3c37-a762-4847-a3c6-44ea50b34eec.h5
train	TCGA-READ	TCGA-F5-6813	TCGA-F5-6813-01	TCGA-F5-6813-01Z-00-DX1		/research/projects/mllab/WSI/extracted_features/TCGA-READ/TCGA-F5-6813-01Z-00-DX1.377f7b93-2607-4fd0-9ad7-a4f074bf949b.h5
train	TCGA-SARC	TCGA-3B-A9HJ	TCGA-3B-A9HJ-01	TCGA-3B-A9HJ-01Z-00-DX1		/research/projects/mllab/WSI/extracted_features/TCGA-SARC/TCGA-3B-A9HJ-01Z-00-DX1.69A75A26-AE30-45BC-AD0E-35CEB9377DD0.h5
train	TCGA-SARC	TCGA-3B-A9HL	TCGA-3B-A9HL-01	TCGA-3B-A9HL-01Z-00-DX1		/research/projects/mllab/WSI/extracted_features/TCGA-SARC/TCGA-3B-A9HL-01Z-00-DX1.E7B32155-5633-4623-A8F9-D51F0EB4E8EA.h5
train	TCGA-SARC	TCGA-3B-A9I1	TCGA-3B-A9I1-01	TCGA-3B-A9I1-01Z-00-DX1		/research/projects/mllab/WSI/extracted_features/TCGA-SARC/TCGA-3B-A9I1-01Z-00-DX1.357AC59B-9C5B-4F2C-9B57-970EC639923C.h5
train	TCGA-SARC	TCGA-DX-A1KU	TCGA-DX-A1KU-01	TCGA-DX-A1KU-01Z-00-DX1		/research/projects/mllab/WSI/extracted_features/TCGA-SARC/TCGA-DX-A1KU-01Z-00-DX1.3A094B6B-CF4D-4012-841A-3B888E09327D.h5
train	TCGA-SARC	TCGA-DX-A1KW	TCGA-DX-A1KW-01	TCGA-DX-A1KW-01Z-00-DX1		/research/projects/mllab/WSI/extracted_features/TCGA-SARC/TCGA-DX-A1KW-01Z-00-DX1.D3379503-58B8-4D5D-84DD-C1FF5418165E.h5
train	TCGA-SARC	TCGA-DX-A1L0	TCGA-DX-A1L0-01	TCGA-DX-A1L0-01Z-00-DX1		/research/projects/mllab/WSI/extracted_features/TCGA-SARC/TCGA-DX-A1L0-01Z-00-DX1.4FA1C23F-8118-4BE4-842A-C7B0C57C9876.h5
train	TCGA-SARC	TCGA-DX-A1L4	TCGA-DX-A1L4-01	TCGA-DX-A1L4-01Z-00-DX1		/research/projects/mllab/WSI/extracted_features/TCGA-SARC/TCGA-DX-A1L4-01Z-00-DX1.771F338F-94D2-432F-A35D-6B72852BC245.h5
train	TCGA-SARC	TCGA-DX-A23T	TCGA-DX-A23T-01	TCGA-DX-A23T-01Z-00-DX1		/research/projects/mllab/WSI/extracted_features/TCGA-SARC/TCGA-DX-A23T-01Z-00-DX1.AEFA32EC-6E45-471F-A0F9-D891F1B25A22.h5
train	TCGA-SARC	TCGA-DX-A23V	TCGA-DX-A23V-01	TCGA-DX-A23V-01Z-00-DX1		/research/projects/mllab/WSI/extracted_features/TCGA-SARC/TCGA-DX-A23V-01Z-00-DX1.E7E5DAB8-EB00-44A2-91F1-2C660F624D1E.h5
train	TCGA-SARC	TCGA-DX-A2J1	TCGA-DX-A2J1-01	TCGA-DX-A2J1-01Z-00-DX1		/research/projects/mllab/WSI/extracted_features/TCGA-SARC/TCGA-DX-A2J1-01Z-00-DX1.51522171-EBCA-4A16-8F39-E794211F8B94.h5
train	TCGA-SARC	TCGA-DX-A3LS	TCGA-DX-A3LS-01	TCGA-DX-A3LS-01Z-00-DX1		/research/projects/mllab/WSI/extracted_features/TCGA-SARC/TCGA-DX-A3LS-01Z-00-DX1.32E89F90-9C89-4EBE-9AD3-DF1D2457F6C8.h5
train	TCGA-SARC	TCGA-DX-A3LU	TCGA-DX-A3LU-01	TCGA-DX-A3LU-01Z-00-DX1		/research/projects/mllab/WSI/extracted_features/TCGA-SARC/TCGA-DX-A3LU-01Z-00-DX1.DFE76532-13E0-4359-BFFD-D3846A326254.h5
train	TCGA-SARC	TCGA-DX-A3M2	TCGA-DX-A3M2-01	TCGA-DX-A3M2-01Z-00-DX1		/research/projects/mllab/WSI/extracted_features/TCGA-SARC/TCGA-DX-A3M2-01Z-00-DX1.B2806534-80E2-488B-852D-F87D8F6B0997.h5
train	TCGA-SARC	TCGA-DX-A3U6	TCGA-DX-A3U6-01	TCGA-DX-A3U6-01Z-00-DX1		/research/projects/mllab/WSI/extracted_features/TCGA-SARC/TCGA-DX-A3U6-01Z-00-DX1.ACF0D3DB-CB03-463D-B3BB-3F513A9E60C6.h5
train	TCGA-SARC	TCGA-DX-A3UC	TCGA-DX-A3UC-01	TCGA-DX-A3UC-01Z-00-DX1		/research/projects/mllab/WSI/extracted_features/TCGA-SARC/TCGA-DX-A3UC-01Z-00-DX1.AE45129F-2881-4BAD-A165-A20F033AA3C3.h5
train	TCGA-SARC	TCGA-DX-A3UE	TCGA-DX-A3UE-01	TCGA-DX-A3UE-01Z-00-DX1		/research/projects/mllab/WSI/extracted_features/TCGA-SARC/TCGA-DX-A3UE-01Z-00-DX1.67050794-4EF2-4810-A01F-6A5C1CDB92BB.h5
train	TCGA-SARC	TCGA-DX-A48R	TCGA-DX-A48R-01	TCGA-DX-A48R-01Z-00-DX1		/research/projects/mllab/WSI/extracted_features/TCGA-SARC/TCGA-DX-A48R-01Z-00-DX1.2D3E93D6-1051-4992-B0A2-BA981EB11005.h5
train	TCGA-SARC	TCGA-DX-A6BG	TCGA-DX-A6BG-01	TCGA-DX-A6BG-01Z-00-DX1		/research/projects/mllab/WSI/extracted_features/TCGA-SARC/TCGA-DX-A6BG-01Z-00-DX1.64FE42B8-DE0D-4C50-817B-1F0FB159CD2F.h5
train	TCGA-SARC	TCGA-DX-A6YU	TCGA-DX-A6YU-01	TCGA-DX-A6YU-01Z-00-DX1		/research/projects/mllab/WSI/extracted_features/TCGA-SARC/TCGA-DX-A6YU-01Z-00-DX1.D06604E0-97BE-4A8E-8DF6-6DC422567818.h5
train	TCGA-SARC	TCGA-DX-A7EN	TCGA-DX-A7EN-01	TCGA-DX-A7EN-01Z-00-DX1		/research/projects/mllab/WSI/extracted_features/TCGA-SARC/TCGA-DX-A7EN-01Z-00-DX1.52998939-9BD1-426B-8241-9513271452DF.h5
train	TCGA-SARC	TCGA-DX-AB2G	TCGA-DX-AB2G-01	TCGA-DX-AB2G-01Z-00-DX1		/research/projects/mllab/WSI/extracted_features/TCGA-SARC/TCGA-DX-AB2G-01Z-00-DX1.3AB46986-3D64-4395-85CB-CFFDA2024D9A.h5
train	TCGA-SARC	TCGA-DX-AB2L	TCGA-DX-AB2L-01	TCGA-DX-AB2L-01Z-00-DX1		/research/projects/mllab/WSI/extracted_features/TCGA-SARC/TCGA-DX-AB2L-01Z-00-DX1.16D09769-51B2-4BBC-9DBA-50709A78F2C1.h5
train	TCGA-SARC	TCGA-FX-A2QS	TCGA-FX-A2QS-01	TCGA-FX-A2QS-01Z-00-DX1		/research/projects/mllab/WSI/extracted_features/TCGA-SARC/TCGA-FX-A2QS-01Z-00-DX1.1C5D6E33-BDFD-48A1-9552-0013393F2EAC.h5
train	TCGA-SARC	TCGA-HB-A43Z	TCGA-HB-A43Z-01	TCGA-HB-A43Z-01Z-00-DX1		/research/projects/mllab/WSI/extracted_features/TCGA-SARC/TCGA-HB-A43Z-01Z-00-DX1.98C2BA27-DAD1-4290-B4AC-A2270E829FC1.h5
train	TCGA-SARC	TCGA-IE-A4EI	TCGA-IE-A4EI-01	TCGA-IE-A4EI-01Z-00-DX1		/research/projects/mllab/WSI/extracted_features/TCGA-SARC/TCGA-IE-A4EI-01Z-00-DX1.2454ADC5-5E29-4D9A-873D-0136AA2E908A.h5
train	TCGA-SARC	TCGA-IW-A3M6	TCGA-IW-A3M6-01	TCGA-IW-A3M6-01Z-00-DX1		/research/projects/mllab/WSI/extracted_features/TCGA-SARC/TCGA-IW-A3M6-01Z-00-DX1.0058B887-C6C7-4707-8978-41737B869642.h5
train	TCGA-SARC	TCGA-KD-A5QT	TCGA-KD-A5QT-01	TCGA-KD-A5QT-01Z-00-DX1		/research/projects/mllab/WSI/extracted_features/TCGA-SARC/TCGA-KD-A5QT-01Z-00-DX1.6BC4EB64-F17F-4666-A9F4-56C63BA85B8A.h5
train	TCGA-SARC	TCGA-LI-A9QH	TCGA-LI-A9QH-01	TCGA-LI-A9QH-01Z-00-DX1		/research/projects/mllab/WSI/extracted_features/TCGA-SARC/TCGA-LI-A9QH-01Z-00-DX1.651E5A39-4FEB-4E83-A40C-C2744DBCDBB0.h5
train	TCGA-SARC	TCGA-MO-A47R	TCGA-MO-A47R-01	TCGA-MO-A47R-01Z-00-DX1		/research/projects/mllab/WSI/extracted_features/TCGA-SARC/TCGA-MO-A47R-01Z-00-DX1.FE880F3A-3E87-4CDE-A31E-FE7D5CA2FA66.h5
train	TCGA-SARC	TCGA-PC-A5DL	TCGA-PC-A5DL-01	TCGA-PC-A5DL-01Z-00-DX1		/research/projects/mllab/WSI/extracted_features/TCGA-SARC/TCGA-PC-A5DL-01Z-00-DX1.7589A3A9-62CC-4136-86D4-E332F6C198A4.h5
train	TCGA-SARC	TCGA-QQ-A5V9	TCGA-QQ-A5V9-01	TCGA-QQ-A5V9-01Z-00-DX1		/research/projects/mllab/WSI/extracted_features/TCGA-SARC/TCGA-QQ-A5V9-01Z-00-DX1.27B08640-62D5-487E-AAAC-E66FB087246C.h5
train	TCGA-SARC	TCGA-SG-A849	TCGA-SG-A849-01	TCGA-SG-A849-01Z-00-DX1		/research/projects/mllab/WSI/extracted_features/TCGA-SARC/TCGA-SG-A849-01Z-00-DX1.8A2AC7F5-3B03-402E-84DE-E13F192192D8.h5
train	TCGA-SARC	TCGA-WK-A8XO	TCGA-WK-A8XO-01	TCGA-WK-A8XO-01Z-00-DX1		/research/projects/mllab/WSI/extracted_features/TCGA-SARC/TCGA-WK-A8XO-01Z-00-DX1.B5C49FBF-EEF4-40E2-8C7C-4794E6846B65.h5
train	TCGA-SARC	TCGA-WK-A8XY	TCGA-WK-A8XY-01	TCGA-WK-A8XY-01Z-00-DX1		/research/projects/mllab/WSI/extracted_features/TCGA-SARC/TCGA-WK-A8XY-01Z-00-DX1.75D3630C-EF98-487D-A1E2-BC91B6EB1329.h5
train	TCGA-SARC	TCGA-WP-A9GB	TCGA-WP-A9GB-01	TCGA-WP-A9GB-01Z-00-DX1		/research/projects/mllab/WSI/extracted_features/TCGA-SARC/TCGA-WP-A9GB-01Z-00-DX1.CA4DE1BB-69C4-49F6-8ED8-3BB3030DDC1B.h5
train	TCGA-SARC	TCGA-X6-A8C4	TCGA-X6-A8C4-01	TCGA-X6-A8C4-01Z-00-DX1		/research/projects/mllab/WSI/extracted_features/TCGA-SARC/TCGA-X6-A8C4-01Z-00-DX1.52994E02-9351-4C51-A0E6-DC59DA5F64C2.h5
train	TCGA-SKCM	TCGA-BF-A1PU	TCGA-BF-A1PU-01	TCGA-BF-A1PU-01Z-00-DX1		/research/projects/mllab/WSI/extracted_features/TCGA-SKCM/TCGA-BF-A1PU-01Z-00-DX1.CB0A52E3-16A9-46B2-BBE1-149A6CAAB9CF.h5
train	TCGA-SKCM	TCGA-BF-A1PV	TCGA-BF-A1PV-01	TCGA-BF-A1PV-01Z-00-DX1		/research/projects/mllab/WSI/extracted_features/TCGA-SKCM/TCGA-BF-A1PV-01Z-00-DX1.58ECB5AA-6FCE-419B-8DD0-6B8F6BC430CC.h5
train	TCGA-SKCM	TCGA-BF-A3DJ	TCGA-BF-A3DJ-01	TCGA-BF-A3DJ-01Z-00-DX1		/research/projects/mllab/WSI/extracted_features/TCGA-SKCM/TCGA-BF-A3DJ-01Z-00-DX1.79340B5A-D0BC-410B-807E-D0B18239DBC4.h5
train	TCGA-SKCM	TCGA-D3-A2JB	TCGA-D3-A2JB-06	TCGA-D3-A2JB-06Z-00-DX1		/research/projects/mllab/WSI/extracted_features/TCGA-SKCM/TCGA-D3-A2JB-06Z-00-DX1.BA8C1987-4474-47FE-8FDC-D15C2A41AC90.h5
train	TCGA-SKCM	TCGA-D3-A2JL	TCGA-D3-A2JL-06	TCGA-D3-A2JL-06Z-00-DX1		/research/projects/mllab/WSI/extracted_features/TCGA-SKCM/TCGA-D3-A2JL-06Z-00-DX1.3258F79C-866E-4AC5-BB16-F4DF65E9DFC2.h5
train	TCGA-SKCM	TCGA-D3-A3C1	TCGA-D3-A3C1-06	TCGA-D3-A3C1-06Z-00-DX1		/research/projects/mllab/WSI/extracted_features/TCGA-SKCM/TCGA-D3-A3C1-06Z-00-DX1.F6C5DABC-9FEB-4A55-A764-6958046CFE39.h5
train	TCGA-SKCM	TCGA-D3-A3C3	TCGA-D3-A3C3-06	TCGA-D3-A3C3-06Z-00-DX1		/research/projects/mllab/WSI/extracted_features/TCGA-SKCM/TCGA-D3-A3C3-06Z-00-DX1.E5A8F232-C772-461D-A997-BF97599E4E66.h5
train	TCGA-SKCM	TCGA-D3-A3CB	TCGA-D3-A3CB-06	TCGA-D3-A3CB-06Z-00-DX1		/research/projects/mllab/WSI/extracted_features/TCGA-SKCM/TCGA-D3-A3CB-06Z-00-DX1.9862D604-C9E7-44BE-99E2-AB9883B1873E.h5
train	TCGA-SKCM	TCGA-D3-A3MO	TCGA-D3-A3MO-06	TCGA-D3-A3MO-06Z-00-DX1		/research/projects/mllab/WSI/extracted_features/TCGA-SKCM/TCGA-D3-A3MO-06Z-00-DX1.F375C5A1-723B-4F61-B1AB-6AF1B944A327.h5
train	TCGA-SKCM	TCGA-D3-A51E	TCGA-D3-A51E-06	TCGA-D3-A51E-06Z-00-DX1		/research/projects/mllab/WSI/extracted_features/TCGA-SKCM/TCGA-D3-A51E-06Z-00-DX1.819FF689-47EB-468E-A9C1-5205951F69C0.h5
train	TCGA-SKCM	TCGA-D3-A51G	TCGA-D3-A51G-06	TCGA-D3-A51G-06Z-00-DX1		/research/projects/mllab/WSI/extracted_features/TCGA-SKCM/TCGA-D3-A51G-06Z-00-DX1.4AE56306-4049-4854-82FD-8445F872D05F.h5
train	TCGA-SKCM	TCGA-D3-A8GI	TCGA-D3-A8GI-06	TCGA-D3-A8GI-06Z-00-DX1		/research/projects/mllab/WSI/extracted_features/TCGA-SKCM/TCGA-D3-A8GI-06Z-00-DX1.CF5E4553-D092-40DD-A610-A1879563C4AC.h5
train	TCGA-SKCM	TCGA-D3-A8GN	TCGA-D3-A8GN-06	TCGA-D3-A8GN-06Z-00-DX1		/research/projects/mllab/WSI/extracted_features/TCGA-SKCM/TCGA-D3-A8GN-06Z-00-DX1.B946963A-067D-4823-878C-DB46EC2ACAEF.h5
train	TCGA-SKCM	TCGA-D3-A8GO	TCGA-D3-A8GO-06	TCGA-D3-A8GO-06Z-00-DX1		/research/projects/mllab/WSI/extracted_features/TCGA-SKCM/TCGA-D3-A8GO-06Z-00-DX1.357CD90F-23D3-45BB-BA13-DCF5AED677C1.h5
train	TCGA-SKCM	TCGA-D3-A8GR	TCGA-D3-A8GR-06	TCGA-D3-A8GR-06Z-00-DX1		/research/projects/mllab/WSI/extracted_features/TCGA-SKCM/TCGA-D3-A8GR-06Z-00-DX1.B5B05EF4-7ECC-435C-BEFE-F0D9786B6D4B.h5
train	TCGA-SKCM	TCGA-D3-A8GS	TCGA-D3-A8GS-06	TCGA-D3-A8GS-06Z-00-DX1		/research/projects/mllab/WSI/extracted_features/TCGA-SKCM/TCGA-D3-A8GS-06Z-00-DX1.132335B1-2575-46E0-947E-7E01E8D52A8A.h5
train	TCGA-SKCM	TCGA-D3-A8GV	TCGA-D3-A8GV-06	TCGA-D3-A8GV-06Z-00-DX1		/research/projects/mllab/WSI/extracted_features/TCGA-SKCM/TCGA-D3-A8GV-06Z-00-DX1.55C6D578-36A6-474B-8DD5-F8FFD41635B6.h5
train	TCGA-SKCM	TCGA-EB-A3HV	TCGA-EB-A3HV-01	TCGA-EB-A3HV-01Z-00-DX1		/research/projects/mllab/WSI/extracted_features/TCGA-SKCM/TCGA-EB-A3HV-01Z-00-DX1.5DBE221C-26F1-4570-90CB-74F06CF96567.h5
train	TCGA-SKCM	TCGA-EB-A3XD	TCGA-EB-A3XD-01	TCGA-EB-A3XD-01Z-00-DX1		/research/projects/mllab/WSI/extracted_features/TCGA-SKCM/TCGA-EB-A3XD-01Z-00-DX1.B0C8A3FE-21A5-4807-9343-0BFD9DFCA458.h5
train	TCGA-SKCM	TCGA-EB-A3XF	TCGA-EB-A3XF-01	TCGA-EB-A3XF-01Z-00-DX1		/research/projects/mllab/WSI/extracted_features/TCGA-SKCM/TCGA-EB-A3XF-01Z-00-DX1.D381AAB4-242B-45E1-B6A2-DC07D1BF9A02.h5
train	TCGA-SKCM	TCGA-EB-A41B	TCGA-EB-A41B-01	TCGA-EB-A41B-01Z-00-DX1		/research/projects/mllab/WSI/extracted_features/TCGA-SKCM/TCGA-EB-A41B-01Z-00-DX1.68B1C834-C7AD-43FE-AAB9-AE560C649834.h5
train	TCGA-SKCM	TCGA-EB-A44N	TCGA-EB-A44N-01	TCGA-EB-A44N-01Z-00-DX1		/research/projects/mllab/WSI/extracted_features/TCGA-SKCM/TCGA-EB-A44N-01Z-00-DX1.C36462FD-3059-4652-9E6B-2BE0B2CBC9BF.h5
train	TCGA-SKCM	TCGA-EB-A5UM	TCGA-EB-A5UM-01	TCGA-EB-A5UM-01Z-00-DX1		/research/projects/mllab/WSI/extracted_features/TCGA-SKCM/TCGA-EB-A5UM-01Z-00-DX1.6F0E5CD6-FE4C-46F9-A095-59CF750A053A.h5
train	TCGA-SKCM	TCGA-EB-A6QZ	TCGA-EB-A6QZ-01	TCGA-EB-A6QZ-01Z-00-DX1		/research/projects/mllab/WSI/extracted_features/TCGA-SKCM/TCGA-EB-A6QZ-01Z-00-DX1.1773352D-5C62-4FC2-A377-2F73EFA5FCD2.h5
train	TCGA-SKCM	TCGA-ER-A196	TCGA-ER-A196-01	TCGA-ER-A196-01Z-00-DX1		/research/projects/mllab/WSI/extracted_features/TCGA-SKCM/TCGA-ER-A196-01Z-00-DX1.54FAFEC7-851D-4D8A-9F25-B334F52548D4.h5
train	TCGA-SKCM	TCGA-ER-A19K	TCGA-ER-A19K-01	TCGA-ER-A19K-01Z-00-DX1		/research/projects/mllab/WSI/extracted_features/TCGA-SKCM/TCGA-ER-A19K-01Z-00-DX1.C7AAFCAE-F735-43A7-958A-EF162BAECB77.h5
train	TCGA-SKCM	TCGA-ER-A19T	TCGA-ER-A19T-01	TCGA-ER-A19T-01Z-00-DX1		/research/projects/mllab/WSI/extracted_features/TCGA-SKCM/TCGA-ER-A19T-01Z-00-DX1.20DA5FB3-D467-4FE0-A72F-CEB9DCA48E8F.h5
train	TCGA-SKCM	TCGA-ER-A2NE	TCGA-ER-A2NE-01	TCGA-ER-A2NE-01Z-00-DX1		/research/projects/mllab/WSI/extracted_features/TCGA-SKCM/TCGA-ER-A2NE-01Z-00-DX1.C015AF50-4603-46C7-BF1E-B0258A049BFF.h5
train	TCGA-SKCM	TCGA-ER-A3ET	TCGA-ER-A3ET-06	TCGA-ER-A3ET-06Z-00-DX1		/research/projects/mllab/WSI/extracted_features/TCGA-SKCM/TCGA-ER-A3ET-06Z-00-DX1.8EBAFF1A-E8FE-446A-8A10-FF4F031B2B14.h5
train	TCGA-SKCM	TCGA-FR-A726	TCGA-FR-A726-01	TCGA-FR-A726-01Z-00-DX1		/research/projects/mllab/WSI/extracted_features/TCGA-SKCM/TCGA-FR-A726-01Z-00-DX1.E547BCFB-C27E-4115-9C11-C192587FB32C.h5
train	TCGA-SKCM	TCGA-FS-A1ZC	TCGA-FS-A1ZC-06	TCGA-FS-A1ZC-06Z-00-DX1		/research/projects/mllab/WSI/extracted_features/TCGA-SKCM/TCGA-FS-A1ZC-06Z-00-DX1.9D418455-6B30-4042-8A2D-45631D49EADD.h5
train	TCGA-SKCM	TCGA-FS-A1ZE	TCGA-FS-A1ZE-06	TCGA-FS-A1ZE-06Z-00-DX1		/research/projects/mllab/WSI/extracted_features/TCGA-SKCM/TCGA-FS-A1ZE-06Z-00-DX1.0628CA6E-328C-428F-A4D1-ECB565D8DB98.h5
train	TCGA-SKCM	TCGA-GF-A769	TCGA-GF-A769-01	TCGA-GF-A769-01Z-00-DX1		/research/projects/mllab/WSI/extracted_features/TCGA-SKCM/TCGA-GF-A769-01Z-00-DX1.17FA4EC6-053F-4F98-AF08-FA609776CDB9.h5
train	TCGA-SKCM	TCGA-GN-A26C	TCGA-GN-A26C-01	TCGA-GN-A26C-01Z-00-DX1		/research/projects/mllab/WSI/extracted_features/TCGA-SKCM/TCGA-GN-A26C-01Z-00-DX1.E6395A6B-21CA-4994-9F01-738B915ADFB8.h5
train	TCGA-SKCM	TCGA-GN-A4U5	TCGA-GN-A4U5-01	TCGA-GN-A4U5-01Z-00-DX1		/research/projects/mllab/WSI/extracted_features/TCGA-SKCM/TCGA-GN-A4U5-01Z-00-DX1.809E353D-07E7-4AC7-9ABD-8D59E59E4897.h5
train	TCGA-SKCM	TCGA-XV-AAZV	TCGA-XV-AAZV-01	TCGA-XV-AAZV-01Z-00-DX1		/research/projects/mllab/WSI/extracted_features/TCGA-SKCM/TCGA-XV-AAZV-01Z-00-DX1.EBADFAC9-8696-4A32-A768-785D32D46CB5.h5
train	TCGA-STAD	TCGA-BR-6452	TCGA-BR-6452-01	TCGA-BR-6452-01Z-00-DX1		/research/projects/mllab/WSI/extracted_features/TCGA-STAD/TCGA-BR-6452-01Z-00-DX1.aec8246e-9dce-436d-9faa-df8fa1f6e47c.h5
train	TCGA-STAD	TCGA-BR-6705	TCGA-BR-6705-01	TCGA-BR-6705-01Z-00-DX1		/research/projects/mllab/WSI/extracted_features/TCGA-STAD/TCGA-BR-6705-01Z-00-DX1.1e145e40-56d6-4ebd-9a9b-bc5a0cbe3247.h5
train	TCGA-STAD	TCGA-BR-6802	TCGA-BR-6802-01	TCGA-BR-6802-01Z-00-DX1		/research/projects/mllab/WSI/extracted_features/TCGA-STAD/TCGA-BR-6802-01Z-00-DX1.e171554c-05b5-4622-beb7-0abee31f5109.h5
train	TCGA-STAD	TCGA-BR-7197	TCGA-BR-7197-01	TCGA-BR-7197-01Z-00-DX1		/research/projects/mllab/WSI/extracted_features/TCGA-STAD/TCGA-BR-7197-01Z-00-DX1.a8ee53be-925d-4922-b670-74b09f405dd3.h5
train	TCGA-STAD	TCGA-BR-7703	TCGA-BR-7703-01	TCGA-BR-7703-01Z-00-DX1		/research/projects/mllab/WSI/extracted_features/TCGA-STAD/TCGA-BR-7703-01Z-00-DX1.405deaeb-de87-480f-b676-3657d92d1f68.h5
train	TCGA-STAD	TCGA-BR-7707	TCGA-BR-7707-01	TCGA-BR-7707-01Z-00-DX1		/research/projects/mllab/WSI/extracted_features/TCGA-STAD/TCGA-BR-7707-01Z-00-DX1.0aae4d1b-3345-4277-8820-c54e3df2e64f.h5
train	TCGA-STAD	TCGA-BR-7957	TCGA-BR-7957-01	TCGA-BR-7957-01Z-00-DX1		/research/projects/mllab/WSI/extracted_features/TCGA-STAD/TCGA-BR-7957-01Z-00-DX1.870e24e0-b9cf-4baa-91f1-bd031d06da8e.h5
train	TCGA-STAD	TCGA-BR-8059	TCGA-BR-8059-01	TCGA-BR-8059-01Z-00-DX1		/research/projects/mllab/WSI/extracted_features/TCGA-STAD/TCGA-BR-8059-01Z-00-DX1.b877e3e3-cde8-4a00-b2dc-53db8bc25d53.h5
train	TCGA-STAD	TCGA-BR-8291	TCGA-BR-8291-01	TCGA-BR-8291-01Z-00-DX1		/research/projects/mllab/WSI/extracted_features/TCGA-STAD/TCGA-BR-8291-01Z-00-DX1.a7e89a69-6d6d-4c43-b299-a618bd859170.h5
train	TCGA-STAD	TCGA-BR-8297	TCGA-BR-8297-01	TCGA-BR-8297-01Z-00-DX1		/research/projects/mllab/WSI/extracted_features/TCGA-STAD/TCGA-BR-8297-01Z-00-DX1.881fd27f-e2c1-42fe-9b1a-afae4fcc4909.h5
train	TCGA-STAD	TCGA-BR-8361	TCGA-BR-8361-01	TCGA-BR-8361-01Z-00-DX1		/research/projects/mllab/WSI/extracted_features/TCGA-STAD/TCGA-BR-8361-01Z-00-DX1.1b4bb384-c462-453a-97b4-663dbba4a464.h5
train	TCGA-STAD	TCGA-BR-8364	TCGA-BR-8364-01	TCGA-BR-8364-01Z-00-DX1		/research/projects/mllab/WSI/extracted_features/TCGA-STAD/TCGA-BR-8364-01Z-00-DX1.245676db-6d78-4ae4-ae36-b4a70781a2f8.h5
train	TCGA-STAD	TCGA-BR-8372	TCGA-BR-8372-01	TCGA-BR-8372-01Z-00-DX1		/research/projects/mllab/WSI/extracted_features/TCGA-STAD/TCGA-BR-8372-01Z-00-DX1.d0f9d5fd-3d6e-4d86-ad63-fb3611d6af05.h5
train	TCGA-STAD	TCGA-BR-8382	TCGA-BR-8382-01	TCGA-BR-8382-01Z-00-DX1		/research/projects/mllab/WSI/extracted_features/TCGA-STAD/TCGA-BR-8382-01Z-00-DX1.b74fc4a1-4dfc-47dc-8ee1-2fa44ad17a69.h5
train	TCGA-STAD	TCGA-BR-8384	TCGA-BR-8384-01	TCGA-BR-8384-01Z-00-DX1		/research/projects/mllab/WSI/extracted_features/TCGA-STAD/TCGA-BR-8384-01Z-00-DX1.4f2655b6-39ef-4532-b8ed-b604ee5dada5.h5
train	TCGA-STAD	TCGA-BR-8591	TCGA-BR-8591-01	TCGA-BR-8591-01Z-00-DX1		/research/projects/mllab/WSI/extracted_features/TCGA-STAD/TCGA-BR-8591-01Z-00-DX1.c64ee000-b80d-46dd-b347-7aa8ce3b6113.h5
train	TCGA-STAD	TCGA-BR-8592	TCGA-BR-8592-01	TCGA-BR-8592-01Z-00-DX1		/research/projects/mllab/WSI/extracted_features/TCGA-STAD/TCGA-BR-8592-01Z-00-DX1.5656d484-7850-467a-9d51-b6005a992225.h5
train	TCGA-STAD	TCGA-CD-A4MI	TCGA-CD-A4MI-01	TCGA-CD-A4MI-01Z-00-DX1		/research/projects/mllab/WSI/extracted_features/TCGA-STAD/TCGA-CD-A4MI-01Z-00-DX1.67267177-498C-4835-A95A-FF8C2A9DDB97.h5
train	TCGA-STAD	TCGA-CD-A4MJ	TCGA-CD-A4MJ-01	TCGA-CD-A4MJ-01Z-00-DX1		/research/projects/mllab/WSI/extracted_features/TCGA-STAD/TCGA-CD-A4MJ-01Z-00-DX1.0F0094F7-0D4D-484E-B31D-FDCDE8BC1440.h5
train	TCGA-STAD	TCGA-CG-4443	TCGA-CG-4443-01	TCGA-CG-4443-01Z-00-DX1		/research/projects/mllab/WSI/extracted_features/TCGA-STAD/TCGA-CG-4443-01Z-00-DX1.484defba-273b-4683-9c32-883f3da8ba5f.h5
train	TCGA-STAD	TCGA-D7-6522	TCGA-D7-6522-01	TCGA-D7-6522-01Z-00-DX1		/research/projects/mllab/WSI/extracted_features/TCGA-STAD/TCGA-D7-6522-01Z-00-DX1.037aabb6-3546-44d4-991f-d7c5461b83f6.h5
train	TCGA-STAD	TCGA-D7-A748	TCGA-D7-A748-01	TCGA-D7-A748-01Z-00-DX1		/research/projects/mllab/WSI/extracted_features/TCGA-STAD/TCGA-D7-A748-01Z-00-DX1.CB8D633A-4CF0-4CA8-A8FF-7E8D3A3C7E20.h5
train	TCGA-STAD	TCGA-F1-6177	TCGA-F1-6177-01	TCGA-F1-6177-01Z-00-DX1		/research/projects/mllab/WSI/extracted_features/TCGA-STAD/TCGA-F1-6177-01Z-00-DX1.7687CABE-8984-4396-882C-978C15F66401.h5
train	TCGA-STAD	TCGA-F1-A448	TCGA-F1-A448-01	TCGA-F1-A448-01Z-00-DX1		/research/projects/mllab/WSI/extracted_features/TCGA-STAD/TCGA-F1-A448-01Z-00-DX1.FAEC839E-048D-4A33-9159-DECAEEA21777.h5
train	TCGA-STAD	TCGA-HF-A5NB	TCGA-HF-A5NB-01	TCGA-HF-A5NB-01Z-00-DX1		/research/projects/mllab/WSI/extracted_features/TCGA-STAD/TCGA-HF-A5NB-01Z-00-DX1.CA67064B-3281-4144-A2A2-E0BC43E6F8D6.h5
train	TCGA-STAD	TCGA-HU-A4GU	TCGA-HU-A4GU-01	TCGA-HU-A4GU-01Z-00-DX1		/research/projects/mllab/WSI/extracted_features/TCGA-STAD/TCGA-HU-A4GU-01Z-00-DX1.3D4767B4-DDCB-4D80-A810-144427E73EDE.h5
train	TCGA-STAD	TCGA-HU-A4GX	TCGA-HU-A4GX-01	TCGA-HU-A4GX-01Z-00-DX1		/research/projects/mllab/WSI/extracted_features/TCGA-STAD/TCGA-HU-A4GX-01Z-00-DX1.0F1A15D3-2C6A-4F16-8D9D-CF44179AB161.h5
train	TCGA-STAD	TCGA-HU-A4H5	TCGA-HU-A4H5-01	TCGA-HU-A4H5-01Z-00-DX1		/research/projects/mllab/WSI/extracted_features/TCGA-STAD/TCGA-HU-A4H5-01Z-00-DX1.3A56E0D3-7813-4708-9A69-37D141533C2A.h5
train	TCGA-STAD	TCGA-RD-A7BW	TCGA-RD-A7BW-01	TCGA-RD-A7BW-01Z-00-DX1		/research/projects/mllab/WSI/extracted_features/TCGA-STAD/TCGA-RD-A7BW-01Z-00-DX1.C8C51F10-BD65-44AC-BC95-4ED8D017D908.h5
train	TCGA-STAD	TCGA-RD-A8N5	TCGA-RD-A8N5-01	TCGA-RD-A8N5-01Z-00-DX1		/research/projects/mllab/WSI/extracted_features/TCGA-STAD/TCGA-RD-A8N5-01Z-00-DX1.EFF443CB-E494-4746-AD03-6C20FCAEB427.h5
train	TCGA-STAD	TCGA-SW-A7EA	TCGA-SW-A7EA-01	TCGA-SW-A7EA-01Z-00-DX1		/research/projects/mllab/WSI/extracted_features/TCGA-STAD/TCGA-SW-A7EA-01Z-00-DX1.C5E1BE0E-0A25-4480-A3AC-DB2ED7471A4E.h5
train	TCGA-STAD	TCGA-VQ-A8PJ	TCGA-VQ-A8PJ-01	TCGA-VQ-A8PJ-01Z-00-DX1		/research/projects/mllab/WSI/extracted_features/TCGA-STAD/TCGA-VQ-A8PJ-01Z-00-DX1.19F00379-C001-49D2-9B22-6AE0791C8488.h5
train	TCGA-STAD	TCGA-VQ-A91A	TCGA-VQ-A91A-01	TCGA-VQ-A91A-01Z-00-DX1		/research/projects/mllab/WSI/extracted_features/TCGA-STAD/TCGA-VQ-A91A-01Z-00-DX1.B0F3EE79-4246-4534-9763-EB9C6D60F3AA.h5
train	TCGA-STAD	TCGA-VQ-A91D	TCGA-VQ-A91D-01	TCGA-VQ-A91D-01Z-00-DX1		/research/projects/mllab/WSI/extracted_features/TCGA-STAD/TCGA-VQ-A91D-01Z-00-DX1.B7E99494-FA16-42B5-AC1C-1498A7989111.h5
train	TCGA-STAD	TCGA-VQ-A91S	TCGA-VQ-A91S-01	TCGA-VQ-A91S-01Z-00-DX1		/research/projects/mllab/WSI/extracted_features/TCGA-STAD/TCGA-VQ-A91S-01Z-00-DX1.11BCF3BE-4C79-4F6F-92B5-2C45190DBD86.h5
train	TCGA-STAD	TCGA-VQ-A94P	TCGA-VQ-A94P-01	TCGA-VQ-A94P-01Z-00-DX1		/research/projects/mllab/WSI/extracted_features/TCGA-STAD/TCGA-VQ-A94P-01Z-00-DX1.83E87D6C-D210-4C06-BB5B-49A1F3E14EE0.h5
train	TCGA-TGCT	TCGA-2G-AAEW	TCGA-2G-AAEW-01	TCGA-2G-AAEW-01Z-00-DX1		/research/projects/mllab/WSI/extracted_features/TCGA-TGCT/TCGA-2G-AAEW-01Z-00-DX1.82DE89BF-C648-409C-A661-32AD5C0E4775.h5
train	TCGA-TGCT	TCGA-2G-AAEX	TCGA-2G-AAEX-01	TCGA-2G-AAEX-01Z-00-DX1		/research/projects/mllab/WSI/extracted_features/TCGA-TGCT/TCGA-2G-AAEX-01Z-00-DX1.FFE41EEE-6AD1-4ED2-9E02-857436F76927.h5
train	TCGA-TGCT	TCGA-2G-AAF1	TCGA-2G-AAF1-01	TCGA-2G-AAF1-01Z-00-DX1		/research/projects/mllab/WSI/extracted_features/TCGA-TGCT/TCGA-2G-AAF1-01Z-00-DX1.1499CE70-244F-4682-83AB-7B15C2F4F406.h5
train	TCGA-TGCT	TCGA-2G-AAF4	TCGA-2G-AAF4-01	TCGA-2G-AAF4-01Z-00-DX1		/research/projects/mllab/WSI/extracted_features/TCGA-TGCT/TCGA-2G-AAF4-01Z-00-DX1.E298FC5C-42FD-4470-B7CD-7227BD567BC6.h5
train	TCGA-TGCT	TCGA-2G-AAF6	TCGA-2G-AAF6-01	TCGA-2G-AAF6-01Z-00-DX1		/research/projects/mllab/WSI/extracted_features/TCGA-TGCT/TCGA-2G-AAF6-01Z-00-DX1.B353A681-7F69-449B-99EB-9E3C63E8693A.h5
train	TCGA-TGCT	TCGA-2G-AAFG	TCGA-2G-AAFG-01	TCGA-2G-AAFG-01Z-00-DX1		/research/projects/mllab/WSI/extracted_features/TCGA-TGCT/TCGA-2G-AAFG-01Z-00-DX1.0701C4BE-8B3D-4A09-8B74-E7A20BB50CBA.h5
train	TCGA-TGCT	TCGA-2G-AAFH	TCGA-2G-AAFH-01	TCGA-2G-AAFH-01Z-00-DX1		/research/projects/mllab/WSI/extracted_features/TCGA-TGCT/TCGA-2G-AAFH-01Z-00-DX1.C52464EF-4CD0-4C07-BB08-64EDB8DCB041.h5
train	TCGA-TGCT	TCGA-2G-AAFZ	TCGA-2G-AAFZ-01	TCGA-2G-AAFZ-01Z-00-DX1		/research/projects/mllab/WSI/extracted_features/TCGA-TGCT/TCGA-2G-AAFZ-01Z-00-DX1.A782BB9C-2121-4E36-878D-475540CE5E8E.h5
train	TCGA-TGCT	TCGA-2G-AAG3	TCGA-2G-AAG3-01	TCGA-2G-AAG3-01Z-00-DX1		/research/projects/mllab/WSI/extracted_features/TCGA-TGCT/TCGA-2G-AAG3-01Z-00-DX1.3DDF6978-D9E5-4724-AA56-6E32543DEA1B.h5
train	TCGA-TGCT	TCGA-2G-AAG5	TCGA-2G-AAG5-01	TCGA-2G-AAG5-01Z-00-DX1		/research/projects/mllab/WSI/extracted_features/TCGA-TGCT/TCGA-2G-AAG5-01Z-00-DX1.9D72F4DF-05D2-48EC-A30B-29C695360146.h5
train	TCGA-TGCT	TCGA-2G-AAG6	TCGA-2G-AAG6-01	TCGA-2G-AAG6-01Z-00-DX1		/research/projects/mllab/WSI/extracted_features/TCGA-TGCT/TCGA-2G-AAG6-01Z-00-DX1.36DB8B23-C4F6-4C3F-85F7-CD1052CEF016.h5
train	TCGA-TGCT	TCGA-2G-AAG9	TCGA-2G-AAG9-01	TCGA-2G-AAG9-01Z-00-DX1		/research/projects/mllab/WSI/extracted_features/TCGA-TGCT/TCGA-2G-AAG9-01Z-00-DX1.31B27C7D-5FF6-47DD-9C18-A9B06D67D59B.h5
train	TCGA-TGCT	TCGA-2G-AAGA	TCGA-2G-AAGA-01	TCGA-2G-AAGA-01Z-00-DX1		/research/projects/mllab/WSI/extracted_features/TCGA-TGCT/TCGA-2G-AAGA-01Z-00-DX1.C9B9BAF9-705C-4E41-B469-2E7237C8EE98.h5
train	TCGA-TGCT	TCGA-2G-AAGE	TCGA-2G-AAGE-01	TCGA-2G-AAGE-01Z-00-DX1		/research/projects/mllab/WSI/extracted_features/TCGA-TGCT/TCGA-2G-AAGE-01Z-00-DX1.1DB2D62B-201E-4CDE-8E05-22ABCAFB088E.h5
train	TCGA-TGCT	TCGA-2G-AAGF	TCGA-2G-AAGF-01	TCGA-2G-AAGF-01Z-00-DX1		/research/projects/mllab/WSI/extracted_features/TCGA-TGCT/TCGA-2G-AAGF-01Z-00-DX1.4187FDB6-721E-46CD-9ECF-9715BC80F49A.h5
train	TCGA-TGCT	TCGA-2G-AAGI	TCGA-2G-AAGI-01	TCGA-2G-AAGI-01Z-00-DX1		/research/projects/mllab/WSI/extracted_features/TCGA-TGCT/TCGA-2G-AAGI-01Z-00-DX1.14C947EC-AD25-4B80-BE3C-F4D8549668D0.h5
train	TCGA-TGCT	TCGA-2G-AAGK	TCGA-2G-AAGK-01	TCGA-2G-AAGK-01Z-00-DX1		/research/projects/mllab/WSI/extracted_features/TCGA-TGCT/TCGA-2G-AAGK-01Z-00-DX1.D0530A91-8CA1-47AA-95AF-AB7B901DC5B6.h5
train	TCGA-TGCT	TCGA-2G-AAGT	TCGA-2G-AAGT-01	TCGA-2G-AAGT-01Z-00-DX1		/research/projects/mllab/WSI/extracted_features/TCGA-TGCT/TCGA-2G-AAGT-01Z-00-DX1.7A5B3AEB-AC48-4DFC-A4D2-11DC2F6EB994.h5
train	TCGA-TGCT	TCGA-2G-AAGW	TCGA-2G-AAGW-01	TCGA-2G-AAGW-01Z-00-DX1		/research/projects/mllab/WSI/extracted_features/TCGA-TGCT/TCGA-2G-AAGW-01Z-00-DX1.D56951F7-6C7A-450D-AB02-C5F5EAD8DD82.h5
train	TCGA-TGCT	TCGA-2G-AAGY	TCGA-2G-AAGY-01	TCGA-2G-AAGY-01Z-00-DX1		/research/projects/mllab/WSI/extracted_features/TCGA-TGCT/TCGA-2G-AAGY-01Z-00-DX1.6C1E6591-119E-4E0D-96B9-175E3853CAD4.h5
train	TCGA-TGCT	TCGA-2G-AAHA	TCGA-2G-AAHA-01	TCGA-2G-AAHA-01Z-00-DX1		/research/projects/mllab/WSI/extracted_features/TCGA-TGCT/TCGA-2G-AAHA-01Z-00-DX1.4DD1BF6E-550A-4A22-862C-2722F92637D6.h5
train	TCGA-TGCT	TCGA-2G-AAKM	TCGA-2G-AAKM-01	TCGA-2G-AAKM-01Z-00-DX1		/research/projects/mllab/WSI/extracted_features/TCGA-TGCT/TCGA-2G-AAKM-01Z-00-DX1.99AA413A-8496-427C-94F1-DBFE0AFEAA94.h5
train	TCGA-TGCT	TCGA-2G-AAL7	TCGA-2G-AAL7-01	TCGA-2G-AAL7-01Z-00-DX1		/research/projects/mllab/WSI/extracted_features/TCGA-TGCT/TCGA-2G-AAL7-01Z-00-DX1.604C4F80-8CC8-4DFB-BB1A-9D78E9262638.h5
train	TCGA-TGCT	TCGA-4K-AA1H	TCGA-4K-AA1H-01	TCGA-4K-AA1H-01Z-00-DX1		/research/projects/mllab/WSI/extracted_features/TCGA-TGCT/TCGA-4K-AA1H-01Z-00-DX1.EE39A023-8EAE-4A58-A11F-170BA806C224.h5
train	TCGA-TGCT	TCGA-4K-AAAL	TCGA-4K-AAAL-01	TCGA-4K-AAAL-01Z-00-DX1		/research/projects/mllab/WSI/extracted_features/TCGA-TGCT/TCGA-4K-AAAL-01Z-00-DX1.B0ABA921-15DD-42A8-BE64-C999C97E367B.h5
train	TCGA-TGCT	TCGA-S6-A8JW	TCGA-S6-A8JW-01	TCGA-S6-A8JW-01Z-00-DX1		/research/projects/mllab/WSI/extracted_features/TCGA-TGCT/TCGA-S6-A8JW-01Z-00-DX1.5E2CB65F-9CB4-43C8-8E58-462BB4F6CB8D.h5
train	TCGA-TGCT	TCGA-SN-A84W	TCGA-SN-A84W-01	TCGA-SN-A84W-01Z-00-DX1		/research/projects/mllab/WSI/extracted_features/TCGA-TGCT/TCGA-SN-A84W-01Z-00-DX1.4A8A5F5C-D677-4804-93AC-3DD9988D218B.h5
train	TCGA-TGCT	TCGA-X3-A8G4	TCGA-X3-A8G4-01	TCGA-X3-A8G4-01Z-00-DX1		/research/projects/mllab/WSI/extracted_features/TCGA-TGCT/TCGA-X3-A8G4-01Z-00-DX1.6E15C5CA-5AEA-4433-8CBD-4AECFA3E1C34.h5
train	TCGA-TGCT	TCGA-XE-A8H1	TCGA-XE-A8H1-01	TCGA-XE-A8H1-01Z-00-DX1		/research/projects/mllab/WSI/extracted_features/TCGA-TGCT/TCGA-XE-A8H1-01Z-00-DX1.75D3D52F-4C79-463C-99D2-4E43F1B8DEC6.h5
train	TCGA-TGCT	TCGA-XE-A8H5	TCGA-XE-A8H5-01	TCGA-XE-A8H5-01Z-00-DX1		/research/projects/mllab/WSI/extracted_features/TCGA-TGCT/TCGA-XE-A8H5-01Z-00-DX1.4BB74F25-6E6C-4701-B0A8-FD218D9487AE.h5
train	TCGA-TGCT	TCGA-XE-AANJ	TCGA-XE-AANJ-01	TCGA-XE-AANJ-01Z-00-DX1		/research/projects/mllab/WSI/extracted_features/TCGA-TGCT/TCGA-XE-AANJ-01Z-00-DX1.1EEA6573-B215-4D3D-8A58-E6E5B7D385E9.h5
train	TCGA-TGCT	TCGA-XY-A89B	TCGA-XY-A89B-01	TCGA-XY-A89B-01Z-00-DX1		/research/projects/mllab/WSI/extracted_features/TCGA-TGCT/TCGA-XY-A89B-01Z-00-DX1.BF22671B-4922-428F-BC0E-5758360F88EB.h5
train	TCGA-TGCT	TCGA-XY-A9T9	TCGA-XY-A9T9-01	TCGA-XY-A9T9-01Z-00-DX1		/research/projects/mllab/WSI/extracted_features/TCGA-TGCT/TCGA-XY-A9T9-01Z-00-DX1.2F1315A0-C575-4066-85AA-CF398358968A.h5
train	TCGA-TGCT	TCGA-YU-AA4L	TCGA-YU-AA4L-01	TCGA-YU-AA4L-01Z-00-DX1		/research/projects/mllab/WSI/extracted_features/TCGA-TGCT/TCGA-YU-AA4L-01Z-00-DX1.A685419E-20C7-4685-8982-AB1342A05EB6.h5
train	TCGA-TGCT	TCGA-ZM-AA05	TCGA-ZM-AA05-01	TCGA-ZM-AA05-01Z-00-DX1		/research/projects/mllab/WSI/extracted_features/TCGA-TGCT/TCGA-ZM-AA05-01Z-00-DX1.906300AF-5585-4921-9711-2F4C5C536CFE.h5
train	TCGA-TGCT	TCGA-ZM-AA0H	TCGA-ZM-AA0H-01	TCGA-ZM-AA0H-01Z-00-DX1		/research/projects/mllab/WSI/extracted_features/TCGA-TGCT/TCGA-ZM-AA0H-01Z-00-DX1.E70133AE-ECF5-4DDC-96C1-AF6FEFE6FB96.h5
train	TCGA-THCA	TCGA-BJ-A0Z2	TCGA-BJ-A0Z2-01	TCGA-BJ-A0Z2-01Z-00-DX1		/research/projects/mllab/WSI/extracted_features/TCGA-THCA/TCGA-BJ-A0Z2-01Z-00-DX1.A3B544CF-A1DE-4887-9CBA-69EE3486CDFD.h5
train	TCGA-THCA	TCGA-BJ-A0ZE	TCGA-BJ-A0ZE-01	TCGA-BJ-A0ZE-01Z-00-DX1		/research/projects/mllab/WSI/extracted_features/TCGA-THCA/TCGA-BJ-A0ZE-01Z-00-DX1.8D51B2CD-3AB1-425D-AC80-C22B592A847F.h5
train	TCGA-THCA	TCGA-BJ-A18Z	TCGA-BJ-A18Z-01	TCGA-BJ-A18Z-01Z-00-DX1		/research/projects/mllab/WSI/extracted_features/TCGA-THCA/TCGA-BJ-A18Z-01Z-00-DX1.F7A94C3D-C0E3-4F82-BC69-5B89497B3E40.h5
train	TCGA-THCA	TCGA-BJ-A291	TCGA-BJ-A291-01	TCGA-BJ-A291-01Z-00-DX1		/research/projects/mllab/WSI/extracted_features/TCGA-THCA/TCGA-BJ-A291-01Z-00-DX1.28774C19-DBFD-4D55-8E49-989F00FB51E1.h5
train	TCGA-THCA	TCGA-BJ-A3EZ	TCGA-BJ-A3EZ-01	TCGA-BJ-A3EZ-01Z-00-DX1		/research/projects/mllab/WSI/extracted_features/TCGA-THCA/TCGA-BJ-A3EZ-01Z-00-DX1.2BB3F70F-4395-43CB-B0C9-84AD68369DFB.h5
train	TCGA-THCA	TCGA-DE-A0Y3	TCGA-DE-A0Y3-01	TCGA-DE-A0Y3-01Z-00-DX1		/research/projects/mllab/WSI/extracted_features/TCGA-THCA/TCGA-DE-A0Y3-01Z-00-DX1.DEB10F5F-4EF9-4346-8909-89659D20451C.h5
train	TCGA-THCA	TCGA-DE-A4MD	TCGA-DE-A4MD-01	TCGA-DE-A4MD-01Z-00-DX1		/research/projects/mllab/WSI/extracted_features/TCGA-THCA/TCGA-DE-A4MD-01Z-00-DX1.09648768-E800-451A-955C-47F9DC6644B5.h5
train	TCGA-THCA	TCGA-DJ-A1QM	TCGA-DJ-A1QM-01	TCGA-DJ-A1QM-01Z-00-DX1		/research/projects/mllab/WSI/extracted_features/TCGA-THCA/TCGA-DJ-A1QM-01Z-00-DX1.3A58434F-A1A0-4FF4-B126-214C02CCEC7A.h5
train	TCGA-THCA	TCGA-DJ-A2PW	TCGA-DJ-A2PW-01	TCGA-DJ-A2PW-01Z-00-DX1		/research/projects/mllab/WSI/extracted_features/TCGA-THCA/TCGA-DJ-A2PW-01Z-00-DX1.57FC77A8-DDCC-40DC-9B08-79DE5EFD02F0.h5
train	TCGA-THCA	TCGA-DJ-A2PX	TCGA-DJ-A2PX-01	TCGA-DJ-A2PX-01Z-00-DX1		/research/projects/mllab/WSI/extracted_features/TCGA-THCA/TCGA-DJ-A2PX-01Z-00-DX1.3C7F4F1E-8D23-4F10-B6FA-FD557F608EBB.h5
train	TCGA-THCA	TCGA-DJ-A3UO	TCGA-DJ-A3UO-01	TCGA-DJ-A3UO-01Z-00-DX1		/research/projects/mllab/WSI/extracted_features/TCGA-THCA/TCGA-DJ-A3UO-01Z-00-DX1.4113A0BA-FD12-4DE9-8DC0-911BBF5DBC89.h5
train	TCGA-THCA	TCGA-DJ-A3VF	TCGA-DJ-A3VF-01	TCGA-DJ-A3VF-01Z-00-DX1		/research/projects/mllab/WSI/extracted_features/TCGA-THCA/TCGA-DJ-A3VF-01Z-00-DX1.96025060-08FB-457A-838B-008C081AA90C.h5
train	TCGA-THCA	TCGA-DO-A2HM	TCGA-DO-A2HM-01	TCGA-DO-A2HM-01Z-00-DX1		/research/projects/mllab/WSI/extracted_features/TCGA-THCA/TCGA-DO-A2HM-01Z-00-DX1.20D6ED5E-AD06-464B-9311-8D470E236931.h5
train	TCGA-THCA	TCGA-E8-A418	TCGA-E8-A418-01	TCGA-E8-A418-01Z-00-DX1		/research/projects/mllab/WSI/extracted_features/TCGA-THCA/TCGA-E8-A418-01Z-00-DX1.53DB7DD7-9A4D-4990-8667-71C0E3225686.h5
train	TCGA-THCA	TCGA-EL-A3CS	TCGA-EL-A3CS-01	TCGA-EL-A3CS-01Z-00-DX1		/research/projects/mllab/WSI/extracted_features/TCGA-THCA/TCGA-EL-A3CS-01Z-00-DX1.C54BAF21-0565-4AD8-AEBA-E7C6BF1BA3BA.h5
train	TCGA-THCA	TCGA-EL-A3GP	TCGA-EL-A3GP-01	TCGA-EL-A3GP-01Z-00-DX1		/research/projects/mllab/WSI/extracted_features/TCGA-THCA/TCGA-EL-A3GP-01Z-00-DX1.BD923F73-E189-4F82-B233-345A3C1B42F3.h5
train	TCGA-THCA	TCGA-EL-A3H4	TCGA-EL-A3H4-01	TCGA-EL-A3H4-01Z-00-DX1		/research/projects/mllab/WSI/extracted_features/TCGA-THCA/TCGA-EL-A3H4-01Z-00-DX1.CB5C38FE-EBF3-449D-8608-683744AAC5A4.h5
train	TCGA-THCA	TCGA-EL-A3MX	TCGA-EL-A3MX-01	TCGA-EL-A3MX-01Z-00-DX1		/research/projects/mllab/WSI/extracted_features/TCGA-THCA/TCGA-EL-A3MX-01Z-00-DX1.4E7683C9-AA35-4A12-BE04-948A609446FB.h5
train	TCGA-THCA	TCGA-EL-A3MY	TCGA-EL-A3MY-01	TCGA-EL-A3MY-01Z-00-DX1		/research/projects/mllab/WSI/extracted_features/TCGA-THCA/TCGA-EL-A3MY-01Z-00-DX1.3EAC1ABA-C2BB-4045-A561-9792D30BC438.h5
train	TCGA-THCA	TCGA-EM-A1YB	TCGA-EM-A1YB-01	TCGA-EM-A1YB-01Z-00-DX1		/research/projects/mllab/WSI/extracted_features/TCGA-THCA/TCGA-EM-A1YB-01Z-00-DX1.687B8D57-43FF-4673-BC3A-F4045F163DD7.h5
train	TCGA-THCA	TCGA-EM-A22P	TCGA-EM-A22P-01	TCGA-EM-A22P-01Z-00-DX1		/research/projects/mllab/WSI/extracted_features/TCGA-THCA/TCGA-EM-A22P-01Z-00-DX1.9F479C1F-2F35-42F4-95D8-BA1E0D37B9BF.h5
train	TCGA-THCA	TCGA-EM-A2CN	TCGA-EM-A2CN-01	TCGA-EM-A2CN-01Z-00-DX1		/research/projects/mllab/WSI/extracted_features/TCGA-THCA/TCGA-EM-A2CN-01Z-00-DX1.8A82A101-19A6-4809-B873-B67014DD9E0A.h5
train	TCGA-THCA	TCGA-EM-A2CO	TCGA-EM-A2CO-01	TCGA-EM-A2CO-01Z-00-DX1		/research/projects/mllab/WSI/extracted_features/TCGA-THCA/TCGA-EM-A2CO-01Z-00-DX1.D4390B8C-50DD-414C-906A-3338C97BAD10.h5
train	TCGA-THCA	TCGA-EM-A2OX	TCGA-EM-A2OX-01	TCGA-EM-A2OX-01Z-00-DX1		/research/projects/mllab/WSI/extracted_features/TCGA-THCA/TCGA-EM-A2OX-01Z-00-DX1.A290BD1E-9956-46A2-B5AE-06DA950391BE.h5
train	TCGA-THCA	TCGA-EM-A3FM	TCGA-EM-A3FM-01	TCGA-EM-A3FM-01Z-00-DX1		/research/projects/mllab/WSI/extracted_features/TCGA-THCA/TCGA-EM-A3FM-01Z-00-DX1.3EF4F9FB-1FD7-4434-A3DC-BDBE4551399E.h5
train	TCGA-THCA	TCGA-EM-A4FM	TCGA-EM-A4FM-01	TCGA-EM-A4FM-01Z-00-DX1		/research/projects/mllab/WSI/extracted_features/TCGA-THCA/TCGA-EM-A4FM-01Z-00-DX1.B48D42B6-53F0-4270-82F0-143EE1573F69.h5
train	TCGA-THCA	TCGA-ET-A3BT	TCGA-ET-A3BT-01	TCGA-ET-A3BT-01Z-00-DX1		/research/projects/mllab/WSI/extracted_features/TCGA-THCA/TCGA-ET-A3BT-01Z-00-DX1.3BF0EE2E-27FA-4E9D-819E-E6F22B29D877.h5
train	TCGA-THCA	TCGA-ET-A3BV	TCGA-ET-A3BV-01	TCGA-ET-A3BV-01Z-00-DX1		/research/projects/mllab/WSI/extracted_features/TCGA-THCA/TCGA-ET-A3BV-01Z-00-DX1.FC0AD88D-1071-4408-8CF8-EB6979FAD30D.h5
train	TCGA-THCA	TCGA-FE-A22Z	TCGA-FE-A22Z-01	TCGA-FE-A22Z-01Z-00-DX1		/research/projects/mllab/WSI/extracted_features/TCGA-THCA/TCGA-FE-A22Z-01Z-00-DX1.0ABEAB66-697F-4F56-9C5A-7505A66B71B7.h5
train	TCGA-THCA	TCGA-FE-A231	TCGA-FE-A231-01	TCGA-FE-A231-01Z-00-DX1		/research/projects/mllab/WSI/extracted_features/TCGA-THCA/TCGA-FE-A231-01Z-00-DX1.4507C446-ECBC-40CB-ADBE-61EC5005E794.h5
train	TCGA-THCA	TCGA-FY-A3R6	TCGA-FY-A3R6-01	TCGA-FY-A3R6-01Z-00-DX1		/research/projects/mllab/WSI/extracted_features/TCGA-THCA/TCGA-FY-A3R6-01Z-00-DX1.B51917D1-3A4C-4374-A22C-03A339C7582C.h5
train	TCGA-THCA	TCGA-J8-A3YD	TCGA-J8-A3YD-01	TCGA-J8-A3YD-01Z-00-DX1		/research/projects/mllab/WSI/extracted_features/TCGA-THCA/TCGA-J8-A3YD-01Z-00-DX1.CEB0DB0D-C621-44A8-81A1-EA72B161FA07.h5
train	TCGA-THCA	TCGA-J8-A4HY	TCGA-J8-A4HY-01	TCGA-J8-A4HY-01Z-00-DX1		/research/projects/mllab/WSI/extracted_features/TCGA-THCA/TCGA-J8-A4HY-01Z-00-DX1.044B7641-F40F-4D33-93EC-96B899FF6DDC.h5
train	TCGA-THCA	TCGA-KS-A4I5	TCGA-KS-A4I5-01	TCGA-KS-A4I5-01Z-00-DX1		/research/projects/mllab/WSI/extracted_features/TCGA-THCA/TCGA-KS-A4I5-01Z-00-DX1.2D6DF7C9-9798-4DB4-B73E-511F9E2981C9.h5
train	TCGA-THCA	TCGA-L6-A4ET	TCGA-L6-A4ET-01	TCGA-L6-A4ET-01Z-00-DX1		/research/projects/mllab/WSI/extracted_features/TCGA-THCA/TCGA-L6-A4ET-01Z-00-DX1.C1AFDAD4-C9D5-423D-9647-ADBBEB693611.h5
train	TCGA-THCA	TCGA-MK-A4N6	TCGA-MK-A4N6-01	TCGA-MK-A4N6-01Z-00-DX1		/research/projects/mllab/WSI/extracted_features/TCGA-THCA/TCGA-MK-A4N6-01Z-00-DX1.CC83778C-73A1-4B17-8FB3-06446682F20A.h5
train	TCGA-THYM	TCGA-3G-AB19	TCGA-3G-AB19-01	TCGA-3G-AB19-01Z-00-DX1		/research/projects/mllab/WSI/extracted_features/TCGA-THYM/TCGA-3G-AB19-01Z-00-DX1.ED755979-C885-4D7F-BF65-40088D398C32.h5
train	TCGA-THYM	TCGA-4V-A9QI	TCGA-4V-A9QI-01	TCGA-4V-A9QI-01Z-00-DX1		/research/projects/mllab/WSI/extracted_features/TCGA-THYM/TCGA-4V-A9QI-01Z-00-DX1.5ABFB7A9-D734-4C0A-A61A-600B8716FD89.h5
train	TCGA-THYM	TCGA-4V-A9QN	TCGA-4V-A9QN-01	TCGA-4V-A9QN-01Z-00-DX1		/research/projects/mllab/WSI/extracted_features/TCGA-THYM/TCGA-4V-A9QN-01Z-00-DX1.9FAB3E85-65FF-4987-8D8C-BC80766A3885.h5
train	TCGA-THYM	TCGA-4V-A9QR	TCGA-4V-A9QR-01	TCGA-4V-A9QR-01Z-00-DX1		/research/projects/mllab/WSI/extracted_features/TCGA-THYM/TCGA-4V-A9QR-01Z-00-DX1.AEADA2CA-B6C7-4BCB-8F6E-98FCE1BE2289.h5
train	TCGA-THYM	TCGA-4V-A9QT	TCGA-4V-A9QT-01	TCGA-4V-A9QT-01Z-00-DX1		/research/projects/mllab/WSI/extracted_features/TCGA-THYM/TCGA-4V-A9QT-01Z-00-DX1.3F944CC1-1467-4342-A325-D8D7DCA56B08.h5
train	TCGA-THYM	TCGA-4V-A9QU	TCGA-4V-A9QU-01	TCGA-4V-A9QU-01Z-00-DX1		/research/projects/mllab/WSI/extracted_features/TCGA-THYM/TCGA-4V-A9QU-01Z-00-DX1.BBEAEE2B-3CC5-4C79-A164-27AEF0345192.h5
train	TCGA-THYM	TCGA-4V-A9QX	TCGA-4V-A9QX-01	TCGA-4V-A9QX-01Z-00-DX1		/research/projects/mllab/WSI/extracted_features/TCGA-THYM/TCGA-4V-A9QX-01Z-00-DX1.1DC8BA85-F5AB-4A98-A4DE-B6B918C8A27C.h5
train	TCGA-THYM	TCGA-5U-AB0F	TCGA-5U-AB0F-01	TCGA-5U-AB0F-01Z-00-DX1		/research/projects/mllab/WSI/extracted_features/TCGA-THYM/TCGA-5U-AB0F-01Z-00-DX1.916C7DFB-49F0-454B-BCE2-09AC3781F978.h5
train	TCGA-THYM	TCGA-X7-A8D7	TCGA-X7-A8D7-01	TCGA-X7-A8D7-01Z-00-DX1		/research/projects/mllab/WSI/extracted_features/TCGA-THYM/TCGA-X7-A8D7-01Z-00-DX1.6CD17052-2C11-46BC-9285-CF1AE2E9F062.h5
train	TCGA-THYM	TCGA-X7-A8DB	TCGA-X7-A8DB-01	TCGA-X7-A8DB-01Z-00-DX1		/research/projects/mllab/WSI/extracted_features/TCGA-THYM/TCGA-X7-A8DB-01Z-00-DX1.DB2E7CB9-5DD9-4D37-A795-EF2DFB119C66.h5
train	TCGA-THYM	TCGA-X7-A8DJ	TCGA-X7-A8DJ-01	TCGA-X7-A8DJ-01Z-00-DX1		/research/projects/mllab/WSI/extracted_features/TCGA-THYM/TCGA-X7-A8DJ-01Z-00-DX1.F01AB5E9-7869-4487-912F-8D3EEA9CB187.h5
train	TCGA-THYM	TCGA-X7-A8M6	TCGA-X7-A8M6-01	TCGA-X7-A8M6-01Z-00-DX1		/research/projects/mllab/WSI/extracted_features/TCGA-THYM/TCGA-X7-A8M6-01Z-00-DX1.88122295-010F-4DEE-9627-72A42CA1F589.h5
train	TCGA-THYM	TCGA-XM-A8R9	TCGA-XM-A8R9-01	TCGA-XM-A8R9-01Z-00-DX1		/research/projects/mllab/WSI/extracted_features/TCGA-THYM/TCGA-XM-A8R9-01Z-00-DX1.24CF9C72-B1B9-4156-8616-F3AD7F998495.h5
train	TCGA-THYM	TCGA-XM-A8RC	TCGA-XM-A8RC-01	TCGA-XM-A8RC-01Z-00-DX1		/research/projects/mllab/WSI/extracted_features/TCGA-THYM/TCGA-XM-A8RC-01Z-00-DX1.2FFC2B14-6C86-4478-8485-E83DA5DC215E.h5
train	TCGA-THYM	TCGA-XU-A92R	TCGA-XU-A92R-01	TCGA-XU-A92R-01Z-00-DX1		/research/projects/mllab/WSI/extracted_features/TCGA-THYM/TCGA-XU-A92R-01Z-00-DX1.1B2E64D2-D89F-4C9D-915F-A8F7A9CAEA26.h5
train	TCGA-THYM	TCGA-XU-A92X	TCGA-XU-A92X-01	TCGA-XU-A92X-01Z-00-DX1		/research/projects/mllab/WSI/extracted_features/TCGA-THYM/TCGA-XU-A92X-01Z-00-DX1.89BCFB4F-8C02-4E95-BE6B-C90E2ADE00B5.h5
train	TCGA-THYM	TCGA-XU-A92Y	TCGA-XU-A92Y-01	TCGA-XU-A92Y-01Z-00-DX1		/research/projects/mllab/WSI/extracted_features/TCGA-THYM/TCGA-XU-A92Y-01Z-00-DX1.C1CB2A8D-D1DF-4BCF-B143-66D021BF6DAB.h5
train	TCGA-THYM	TCGA-XU-A932	TCGA-XU-A932-01	TCGA-XU-A932-01Z-00-DX1		/research/projects/mllab/WSI/extracted_features/TCGA-THYM/TCGA-XU-A932-01Z-00-DX1.97AF0DA0-FBC1-4A32-8BC0-CD7280EFB6F2.h5
train	TCGA-THYM	TCGA-XU-AAXX	TCGA-XU-AAXX-01	TCGA-XU-AAXX-01Z-00-DX1		/research/projects/mllab/WSI/extracted_features/TCGA-THYM/TCGA-XU-AAXX-01Z-00-DX1.02050E78-FB97-4434-8057-0A98B73C41BA.h5
train	TCGA-THYM	TCGA-XU-AAY0	TCGA-XU-AAY0-01	TCGA-XU-AAY0-01Z-00-DX1		/research/projects/mllab/WSI/extracted_features/TCGA-THYM/TCGA-XU-AAY0-01Z-00-DX1.AC55EFBE-1EF6-44D9-97A6-A8A648FC364D.h5
train	TCGA-THYM	TCGA-YT-A95H	TCGA-YT-A95H-01	TCGA-YT-A95H-01Z-00-DX1		/research/projects/mllab/WSI/extracted_features/TCGA-THYM/TCGA-YT-A95H-01Z-00-DX1.A0846F79-1D38-425E-AB30-4ED5D0DC0258.h5
train	TCGA-THYM	TCGA-ZB-A961	TCGA-ZB-A961-01	TCGA-ZB-A961-01Z-00-DX1		/research/projects/mllab/WSI/extracted_features/TCGA-THYM/TCGA-ZB-A961-01Z-00-DX1.E76E5E92-FE4D-4753-A690-FA3B77C61ADE.h5
train	TCGA-THYM	TCGA-ZB-A966	TCGA-ZB-A966-01	TCGA-ZB-A966-01Z-00-DX1		/research/projects/mllab/WSI/extracted_features/TCGA-THYM/TCGA-ZB-A966-01Z-00-DX1.90019BF8-1FC9-4B75-889C-18AE72682616.h5
train	TCGA-THYM	TCGA-ZB-A96A	TCGA-ZB-A96A-01	TCGA-ZB-A96A-01Z-00-DX1		/research/projects/mllab/WSI/extracted_features/TCGA-THYM/TCGA-ZB-A96A-01Z-00-DX1.7DD73E2E-94B1-4835-9824-A7DE8BC9F5EF.h5
train	TCGA-THYM	TCGA-ZB-A96B	TCGA-ZB-A96B-01	TCGA-ZB-A96B-01Z-00-DX1		/research/projects/mllab/WSI/extracted_features/TCGA-THYM/TCGA-ZB-A96B-01Z-00-DX1.1F7C775D-4468-47FB-AF46-80C5C42D8A4F.h5
train	TCGA-THYM	TCGA-ZB-A96D	TCGA-ZB-A96D-01	TCGA-ZB-A96D-01Z-00-DX1		/research/projects/mllab/WSI/extracted_features/TCGA-THYM/TCGA-ZB-A96D-01Z-00-DX1.DCBB22DB-53A9-4150-A978-79EBC71D1733.h5
train	TCGA-THYM	TCGA-ZB-A96F	TCGA-ZB-A96F-01	TCGA-ZB-A96F-01Z-00-DX1		/research/projects/mllab/WSI/extracted_features/TCGA-THYM/TCGA-ZB-A96F-01Z-00-DX1.78553E9D-BA82-49A3-9F78-C105276F7C45.h5
train	TCGA-THYM	TCGA-ZB-A96G	TCGA-ZB-A96G-01	TCGA-ZB-A96G-01Z-00-DX1		/research/projects/mllab/WSI/extracted_features/TCGA-THYM/TCGA-ZB-A96G-01Z-00-DX1.82A59A41-CAC0-460A-BBF7-0FFD549FB603.h5
train	TCGA-THYM	TCGA-ZB-A96H	TCGA-ZB-A96H-01	TCGA-ZB-A96H-01Z-00-DX1		/research/projects/mllab/WSI/extracted_features/TCGA-THYM/TCGA-ZB-A96H-01Z-00-DX1.3646422A-D528-49EA-9AF5-196A12B7FE2A.h5
train	TCGA-THYM	TCGA-ZB-A96O	TCGA-ZB-A96O-01	TCGA-ZB-A96O-01Z-00-DX1		/research/projects/mllab/WSI/extracted_features/TCGA-THYM/TCGA-ZB-A96O-01Z-00-DX1.731FEE17-5C9B-43A6-A232-411EF336F884.h5
train	TCGA-THYM	TCGA-ZB-A96P	TCGA-ZB-A96P-01	TCGA-ZB-A96P-01Z-00-DX1		/research/projects/mllab/WSI/extracted_features/TCGA-THYM/TCGA-ZB-A96P-01Z-00-DX1.431848A2-897E-4535-8AA8-1DE15456443A.h5
train	TCGA-THYM	TCGA-ZB-A96R	TCGA-ZB-A96R-01	TCGA-ZB-A96R-01Z-00-DX1		/research/projects/mllab/WSI/extracted_features/TCGA-THYM/TCGA-ZB-A96R-01Z-00-DX1.5D8423F5-3FC8-42E7-B626-3E9FDFD4F406.h5
train	TCGA-THYM	TCGA-ZC-AAA7	TCGA-ZC-AAA7-01	TCGA-ZC-AAA7-01Z-00-DX1		/research/projects/mllab/WSI/extracted_features/TCGA-THYM/TCGA-ZC-AAA7-01Z-00-DX1.0919EB77-B24E-4AD2-BEA7-BDE0A4B509B9.h5
train	TCGA-THYM	TCGA-ZC-AAAA	TCGA-ZC-AAAA-01	TCGA-ZC-AAAA-01Z-00-DX1		/research/projects/mllab/WSI/extracted_features/TCGA-THYM/TCGA-ZC-AAAA-01Z-00-DX1.9B134B78-6D0E-438B-85CA-5D753E0971FE.h5
train	TCGA-THYM	TCGA-ZC-AAAF	TCGA-ZC-AAAF-01	TCGA-ZC-AAAF-01Z-00-DX1		/research/projects/mllab/WSI/extracted_features/TCGA-THYM/TCGA-ZC-AAAF-01Z-00-DX1.68B0D0B3-7F58-460F-B6B3-C6AF90CE849E.h5
train	TCGA-THYM	TCGA-ZC-AAAH	TCGA-ZC-AAAH-01	TCGA-ZC-AAAH-01Z-00-DX1		/research/projects/mllab/WSI/extracted_features/TCGA-THYM/TCGA-ZC-AAAH-01Z-00-DX1.71D7607F-555B-4208-AE17-28E71465423A.h5
train	TCGA-UCEC	TCGA-A5-A0GM	TCGA-A5-A0GM-01	TCGA-A5-A0GM-01Z-00-DX1		/research/projects/mllab/WSI/extracted_features/TCGA-UCEC/TCGA-A5-A0GM-01Z-00-DX1.577B2692-EC3E-40C7-9CAC-8C01EA01F2EA.h5
train	TCGA-UCEC	TCGA-A5-A0GP	TCGA-A5-A0GP-01	TCGA-A5-A0GP-01Z-00-DX1		/research/projects/mllab/WSI/extracted_features/TCGA-UCEC/TCGA-A5-A0GP-01Z-00-DX1.D80000D9-5313-4B42-BA75-4502AA0FE385.h5
train	TCGA-UCEC	TCGA-AP-A05N	TCGA-AP-A05N-01	TCGA-AP-A05N-01Z-00-DX1		/research/projects/mllab/WSI/extracted_features/TCGA-UCEC/TCGA-AP-A05N-01Z-00-DX1.B7691AB5-EC71-423A-81E8-EFE936EA939F.h5
train	TCGA-UCEC	TCGA-AP-A05P	TCGA-AP-A05P-01	TCGA-AP-A05P-01Z-00-DX1		/research/projects/mllab/WSI/extracted_features/TCGA-UCEC/TCGA-AP-A05P-01Z-00-DX1.370E726B-B416-4743-A480-996AD020527A.h5
train	TCGA-UCEC	TCGA-AP-A0LL	TCGA-AP-A0LL-01	TCGA-AP-A0LL-01Z-00-DX1		/research/projects/mllab/WSI/extracted_features/TCGA-UCEC/TCGA-AP-A0LL-01Z-00-DX1.2BD59718-52F7-485A-8F15-0BDEC245CC5A.h5
train	TCGA-UCEC	TCGA-AP-A1DM	TCGA-AP-A1DM-01	TCGA-AP-A1DM-01Z-00-DX1		/research/projects/mllab/WSI/extracted_features/TCGA-UCEC/TCGA-AP-A1DM-01Z-00-DX1.8DB2EE32-3C8A-4987-AA8B-297EB164165E.h5
train	TCGA-UCEC	TCGA-AX-A05U	TCGA-AX-A05U-01	TCGA-AX-A05U-01Z-00-DX1		/research/projects/mllab/WSI/extracted_features/TCGA-UCEC/TCGA-AX-A05U-01Z-00-DX1.1EBFC727-B5D5-4543-BBA9-4254ABD3D584.h5
train	TCGA-UCEC	TCGA-AX-A05W	TCGA-AX-A05W-01	TCGA-AX-A05W-01Z-00-DX1		/research/projects/mllab/WSI/extracted_features/TCGA-UCEC/TCGA-AX-A05W-01Z-00-DX1.14D1DDC9-0E55-443C-9A7F-931D22B8E00D.h5
train	TCGA-UCEC	TCGA-AX-A05Y	TCGA-AX-A05Y-01	TCGA-AX-A05Y-01Z-00-DX1		/research/projects/mllab/WSI/extracted_features/TCGA-UCEC/TCGA-AX-A05Y-01Z-00-DX1.7A0CAAF1-4175-445E-9696-815E07A44188.h5
train	TCGA-UCEC	TCGA-AX-A062	TCGA-AX-A062-01	TCGA-AX-A062-01Z-00-DX1		/research/projects/mllab/WSI/extracted_features/TCGA-UCEC/TCGA-AX-A062-01Z-00-DX1.06CB2D3B-62CA-4A05-8B8A-8F70ED875764.h5
train	TCGA-UCEC	TCGA-B5-A0JS	TCGA-B5-A0JS-01	TCGA-B5-A0JS-01Z-00-DX1		/research/projects/mllab/WSI/extracted_features/TCGA-UCEC/TCGA-B5-A0JS-01Z-00-DX1.076A07A7-86BF-419A-9E32-F2EBD4CD3FCB.h5
train	TCGA-UCEC	TCGA-B5-A0K3	TCGA-B5-A0K3-01	TCGA-B5-A0K3-01Z-00-DX1		/research/projects/mllab/WSI/extracted_features/TCGA-UCEC/TCGA-B5-A0K3-01Z-00-DX1.ACC15A3D-67F0-49C8-9B41-18A2D4EBF5C8.h5
train	TCGA-UCEC	TCGA-B5-A0K6	TCGA-B5-A0K6-01	TCGA-B5-A0K6-01Z-00-DX1		/research/projects/mllab/WSI/extracted_features/TCGA-UCEC/TCGA-B5-A0K6-01Z-00-DX1.6034D569-E7E4-432A-A5B0-AD365EFB7F29.h5
train	TCGA-UCEC	TCGA-B5-A11M	TCGA-B5-A11M-01	TCGA-B5-A11M-01Z-00-DX1		/research/projects/mllab/WSI/extracted_features/TCGA-UCEC/TCGA-B5-A11M-01Z-00-DX1.DAC70FB9-527B-44C9-B173-124464719B51.h5
train	TCGA-UCEC	TCGA-B5-A11N	TCGA-B5-A11N-01	TCGA-B5-A11N-01Z-00-DX1		/research/projects/mllab/WSI/extracted_features/TCGA-UCEC/TCGA-B5-A11N-01Z-00-DX1.871B0105-6653-4ED4-80D4-473BE082B658.h5
train	TCGA-UCEC	TCGA-B5-A11O	TCGA-B5-A11O-01	TCGA-B5-A11O-01Z-00-DX1		/research/projects/mllab/WSI/extracted_features/TCGA-UCEC/TCGA-B5-A11O-01Z-00-DX1.3423C2D8-4063-4430-BB3A-08B3B8799C7B.h5
train	TCGA-UCEC	TCGA-BG-A0MC	TCGA-BG-A0MC-01	TCGA-BG-A0MC-01Z-00-DX1		/research/projects/mllab/WSI/extracted_features/TCGA-UCEC/TCGA-BG-A0MC-01Z-00-DX1.A6C9E0EC-E449-45BB-8AAA-1AEBB01495D4.h5
train	TCGA-UCEC	TCGA-BG-A0MO	TCGA-BG-A0MO-01	TCGA-BG-A0MO-01Z-00-DX1		/research/projects/mllab/WSI/extracted_features/TCGA-UCEC/TCGA-BG-A0MO-01Z-00-DX1.11F48BAE-82F9-4E24-BF57-8C6A4B05E626.h5
train	TCGA-UCEC	TCGA-BG-A0VW	TCGA-BG-A0VW-01	TCGA-BG-A0VW-01Z-00-DX1		/research/projects/mllab/WSI/extracted_features/TCGA-UCEC/TCGA-BG-A0VW-01Z-00-DX1.35FBE3EF-4892-42BF-8524-3DBAC00493F9.h5
train	TCGA-UCEC	TCGA-BG-A0VZ	TCGA-BG-A0VZ-01	TCGA-BG-A0VZ-01Z-00-DX1		/research/projects/mllab/WSI/extracted_features/TCGA-UCEC/TCGA-BG-A0VZ-01Z-00-DX1.3FEDE687-5C31-48E7-B7DB-44C8EDAB2973.h5
train	TCGA-UCEC	TCGA-BG-A220	TCGA-BG-A220-01	TCGA-BG-A220-01Z-00-DX1		/research/projects/mllab/WSI/extracted_features/TCGA-UCEC/TCGA-BG-A220-01Z-00-DX1.AC95A220-B19A-405B-8006-1AD25AD95EAA.h5
train	TCGA-UCEC	TCGA-BS-A0TC	TCGA-BS-A0TC-01	TCGA-BS-A0TC-01Z-00-DX1		/research/projects/mllab/WSI/extracted_features/TCGA-UCEC/TCGA-BS-A0TC-01Z-00-DX1.78FBB6EA-2E49-4208-97B0-B5E33FACFC88.h5
train	TCGA-UCEC	TCGA-BS-A0U8	TCGA-BS-A0U8-01	TCGA-BS-A0U8-01Z-00-DX1		/research/projects/mllab/WSI/extracted_features/TCGA-UCEC/TCGA-BS-A0U8-01Z-00-DX1.9CDC6EBE-E4AE-48D4-B586-982F28836D1D.h5
train	TCGA-UCEC	TCGA-BS-A0UL	TCGA-BS-A0UL-01	TCGA-BS-A0UL-01Z-00-DX1		/research/projects/mllab/WSI/extracted_features/TCGA-UCEC/TCGA-BS-A0UL-01Z-00-DX1.A1803C44-C1F0-4D4A-9DB6-D28E706C8C3F.h5
train	TCGA-UCEC	TCGA-BS-A0V4	TCGA-BS-A0V4-01	TCGA-BS-A0V4-01Z-00-DX1		/research/projects/mllab/WSI/extracted_features/TCGA-UCEC/TCGA-BS-A0V4-01Z-00-DX1.7782C888-31D9-4D99-8B61-56CB525B2718.h5
train	TCGA-UCEC	TCGA-BS-A0V7	TCGA-BS-A0V7-01	TCGA-BS-A0V7-01Z-00-DX1		/research/projects/mllab/WSI/extracted_features/TCGA-UCEC/TCGA-BS-A0V7-01Z-00-DX1.80DB0CF7-7411-4C91-B530-7A7C09236769.h5
train	TCGA-UCEC	TCGA-D1-A15W	TCGA-D1-A15W-01	TCGA-D1-A15W-01Z-00-DX1		/research/projects/mllab/WSI/extracted_features/TCGA-UCEC/TCGA-D1-A15W-01Z-00-DX1.34F5EB62-FB33-4CDA-AFAB-E74A53E16011.h5
train	TCGA-UCEC	TCGA-D1-A15X	TCGA-D1-A15X-01	TCGA-D1-A15X-01Z-00-DX1		/research/projects/mllab/WSI/extracted_features/TCGA-UCEC/TCGA-D1-A15X-01Z-00-DX1.07030C76-038F-4671-AB04-809F2821889D.h5
train	TCGA-UCEC	TCGA-D1-A16G	TCGA-D1-A16G-01	TCGA-D1-A16G-01Z-00-DX1		/research/projects/mllab/WSI/extracted_features/TCGA-UCEC/TCGA-D1-A16G-01Z-00-DX1.49007A6B-7858-449F-9233-04D3B3441528.h5
train	TCGA-UCEC	TCGA-D1-A16Y	TCGA-D1-A16Y-01	TCGA-D1-A16Y-01Z-00-DX1		/research/projects/mllab/WSI/extracted_features/TCGA-UCEC/TCGA-D1-A16Y-01Z-00-DX1.33F73EE3-E86C-4402-9118-BC215EBACDA6.h5
train	TCGA-UCEC	TCGA-D1-A17H	TCGA-D1-A17H-01	TCGA-D1-A17H-01Z-00-DX1		/research/projects/mllab/WSI/extracted_features/TCGA-UCEC/TCGA-D1-A17H-01Z-00-DX1.101C05BB-5A99-4A80-AFDD-AF582531C440.h5
train	TCGA-UCEC	TCGA-D1-A1O5	TCGA-D1-A1O5-01	TCGA-D1-A1O5-01Z-00-DX1		/research/projects/mllab/WSI/extracted_features/TCGA-UCEC/TCGA-D1-A1O5-01Z-00-DX1.A825C5EE-A9BD-43D0-90F0-3FFD980E8446.h5
train	TCGA-UCEC	TCGA-EY-A1GT	TCGA-EY-A1GT-01	TCGA-EY-A1GT-01Z-00-DX1		/research/projects/mllab/WSI/extracted_features/TCGA-UCEC/TCGA-EY-A1GT-01Z-00-DX1.670FBAA0-500C-403E-9F06-42DB61CB6EB1.h5
train	TCGA-UCEC	TCGA-EY-A1GX	TCGA-EY-A1GX-01	TCGA-EY-A1GX-01Z-00-DX1		/research/projects/mllab/WSI/extracted_features/TCGA-UCEC/TCGA-EY-A1GX-01Z-00-DX1.3A4A5506-8F32-4238-B404-439CC153D106.h5
train	TCGA-UCEC	TCGA-EY-A548	TCGA-EY-A548-01	TCGA-EY-A548-01Z-00-DX1		/research/projects/mllab/WSI/extracted_features/TCGA-UCEC/TCGA-EY-A548-01Z-00-DX1.63A132B8-29CF-4DDC-A39D-EC636A555D5D.h5
train	TCGA-UCEC	TCGA-QF-A5YT	TCGA-QF-A5YT-01	TCGA-QF-A5YT-01Z-00-DX1		/research/projects/mllab/WSI/extracted_features/TCGA-UCEC/TCGA-QF-A5YT-01Z-00-DX1.BA524390-A937-4356-B6AB-C686CD19EC7F.h5
train	TCGA-UCS	TCGA-N5-A4RD	TCGA-N5-A4RD-01	TCGA-N5-A4RD-01Z-00-DX1		/research/projects/mllab/WSI/extracted_features/TCGA-UCS/TCGA-N5-A4RD-01Z-00-DX1.2844A70E-7C13-4FA0-910A-08BB1942F375.h5
train	TCGA-UCS	TCGA-N5-A4RF	TCGA-N5-A4RF-01	TCGA-N5-A4RF-01Z-00-DX1		/research/projects/mllab/WSI/extracted_features/TCGA-UCS/TCGA-N5-A4RF-01Z-00-DX1.E91A00EF-9CD5-41D6-8EF6-D8C147E080D8.h5
train	TCGA-UCS	TCGA-N5-A4RJ	TCGA-N5-A4RJ-01	TCGA-N5-A4RJ-01Z-00-DX1		/research/projects/mllab/WSI/extracted_features/TCGA-UCS/TCGA-N5-A4RJ-01Z-00-DX1.4E355249-9DF9-41F3-A94E-5C04B6425337.h5
train	TCGA-UCS	TCGA-N5-A4RN	TCGA-N5-A4RN-01	TCGA-N5-A4RN-01Z-00-DX1		/research/projects/mllab/WSI/extracted_features/TCGA-UCS/TCGA-N5-A4RN-01Z-00-DX1.3C7D1446-F9CF-470B-B5ED-A4A7DF564D18.h5
train	TCGA-UCS	TCGA-N5-A4RO	TCGA-N5-A4RO-01	TCGA-N5-A4RO-01Z-00-DX1		/research/projects/mllab/WSI/extracted_features/TCGA-UCS/TCGA-N5-A4RO-01Z-00-DX1.F244C2C1-8C30-4F93-9F13-6C25F2008186.h5
train	TCGA-UCS	TCGA-N5-A4RS	TCGA-N5-A4RS-01	TCGA-N5-A4RS-01Z-00-DX1		/research/projects/mllab/WSI/extracted_features/TCGA-UCS/TCGA-N5-A4RS-01Z-00-DX1.0BE07A3E-C1FB-417C-ADEB-C7CF9DED65CD.h5
train	TCGA-UCS	TCGA-N5-A4RT	TCGA-N5-A4RT-01	TCGA-N5-A4RT-01Z-00-DX1		/research/projects/mllab/WSI/extracted_features/TCGA-UCS/TCGA-N5-A4RT-01Z-00-DX1.D8442398-1D66-4439-8F24-A5833EB46F72.h5
train	TCGA-UCS	TCGA-N5-A4RU	TCGA-N5-A4RU-01	TCGA-N5-A4RU-01Z-00-DX1		/research/projects/mllab/WSI/extracted_features/TCGA-UCS/TCGA-N5-A4RU-01Z-00-DX1.BEDD8FC8-AA33-42A5-A8BB-3B2E078D74B4.h5
train	TCGA-UCS	TCGA-N5-A59E	TCGA-N5-A59E-01	TCGA-N5-A59E-01Z-00-DX1		/research/projects/mllab/WSI/extracted_features/TCGA-UCS/TCGA-N5-A59E-01Z-00-DX1.D8A42938-3B45-46AF-981A-53C618A6EC74.h5
train	TCGA-UCS	TCGA-N6-A4V9	TCGA-N6-A4V9-01	TCGA-N6-A4V9-01Z-00-DX1		/research/projects/mllab/WSI/extracted_features/TCGA-UCS/TCGA-N6-A4V9-01Z-00-DX1.5E294AB9-44B9-4207-B8D5-41D8C5BF3326.h5
train	TCGA-UCS	TCGA-N6-A4VC	TCGA-N6-A4VC-01	TCGA-N6-A4VC-01Z-00-DX1		/research/projects/mllab/WSI/extracted_features/TCGA-UCS/TCGA-N6-A4VC-01Z-00-DX1.18468117-C130-4E03-84DA-774F4BEB7DFC.h5
train	TCGA-UCS	TCGA-N6-A4VE	TCGA-N6-A4VE-01	TCGA-N6-A4VE-01Z-00-DX1		/research/projects/mllab/WSI/extracted_features/TCGA-UCS/TCGA-N6-A4VE-01Z-00-DX1.52BCF1BC-C8A0-48D6-8348-7AD873581D59.h5
train	TCGA-UCS	TCGA-N7-A4Y5	TCGA-N7-A4Y5-01	TCGA-N7-A4Y5-01Z-00-DX1		/research/projects/mllab/WSI/extracted_features/TCGA-UCS/TCGA-N7-A4Y5-01Z-00-DX1.D62099BE-7AD6-4350-BBC3-95901B839BC4.h5
train	TCGA-UCS	TCGA-N7-A4Y8	TCGA-N7-A4Y8-01	TCGA-N7-A4Y8-01Z-00-DX1		/research/projects/mllab/WSI/extracted_features/TCGA-UCS/TCGA-N7-A4Y8-01Z-00-DX1.97A6AB74-559F-4DE4-8D7D-C3A2CE6E2231.h5
train	TCGA-UCS	TCGA-N7-A59B	TCGA-N7-A59B-01	TCGA-N7-A59B-01Z-00-DX1		/research/projects/mllab/WSI/extracted_features/TCGA-UCS/TCGA-N7-A59B-01Z-00-DX1.D8BE1C60-BBB1-4A6C-8EB3-1453D29EAC42.h5
train	TCGA-UCS	TCGA-N8-A4PI	TCGA-N8-A4PI-01	TCGA-N8-A4PI-01Z-00-DX1		/research/projects/mllab/WSI/extracted_features/TCGA-UCS/TCGA-N8-A4PI-01Z-00-DX1.3D04E506-3B74-4B73-B287-2402ADDBA0F5.h5
train	TCGA-UCS	TCGA-N8-A4PL	TCGA-N8-A4PL-01	TCGA-N8-A4PL-01Z-00-DX1		/research/projects/mllab/WSI/extracted_features/TCGA-UCS/TCGA-N8-A4PL-01Z-00-DX1.34181D81-E843-4543-AEB3-31D893282134.h5
train	TCGA-UCS	TCGA-N8-A4PM	TCGA-N8-A4PM-01	TCGA-N8-A4PM-01Z-00-DX1		/research/projects/mllab/WSI/extracted_features/TCGA-UCS/TCGA-N8-A4PM-01Z-00-DX1.9C154E50-6D39-4BC9-9CB0-A347E71969C2.h5
train	TCGA-UCS	TCGA-N8-A4PN	TCGA-N8-A4PN-01	TCGA-N8-A4PN-01Z-00-DX1		/research/projects/mllab/WSI/extracted_features/TCGA-UCS/TCGA-N8-A4PN-01Z-00-DX1.92336FBA-79D1-49F9-BC2A-7C7BF4147E07.h5
train	TCGA-UCS	TCGA-N8-A4PO	TCGA-N8-A4PO-01	TCGA-N8-A4PO-01Z-00-DX1		/research/projects/mllab/WSI/extracted_features/TCGA-UCS/TCGA-N8-A4PO-01Z-00-DX1.D73029FC-ADE9-4FA3-BE96-514C8A77DD33.h5
train	TCGA-UCS	TCGA-N8-A4PP	TCGA-N8-A4PP-01	TCGA-N8-A4PP-01Z-00-DX1		/research/projects/mllab/WSI/extracted_features/TCGA-UCS/TCGA-N8-A4PP-01Z-00-DX1.C7EDA950-0E71-4380-BD0F-A77F037AB444.h5
train	TCGA-UCS	TCGA-N8-A4PQ	TCGA-N8-A4PQ-01	TCGA-N8-A4PQ-01Z-00-DX1		/research/projects/mllab/WSI/extracted_features/TCGA-UCS/TCGA-N8-A4PQ-01Z-00-DX1.ADA7FB4A-BE7D-4638-8C67-6078B3B6E431.h5
train	TCGA-UCS	TCGA-N8-A56S	TCGA-N8-A56S-01	TCGA-N8-A56S-01Z-00-DX1		/research/projects/mllab/WSI/extracted_features/TCGA-UCS/TCGA-N8-A56S-01Z-00-DX1.BC1241E1-777A-4FFC-A09D-E8F0E066BCFD.h5
train	TCGA-UCS	TCGA-N9-A4PZ	TCGA-N9-A4PZ-01	TCGA-N9-A4PZ-01Z-00-DX1		/research/projects/mllab/WSI/extracted_features/TCGA-UCS/TCGA-N9-A4PZ-01Z-00-DX1.279251BB-086C-419F-87D6-032F1EA34102.h5
train	TCGA-UCS	TCGA-N9-A4Q1	TCGA-N9-A4Q1-01	TCGA-N9-A4Q1-01Z-00-DX1		/research/projects/mllab/WSI/extracted_features/TCGA-UCS/TCGA-N9-A4Q1-01Z-00-DX1.7B37F0FE-8EB9-464D-8645-417BF8470967.h5
train	TCGA-UCS	TCGA-N9-A4Q3	TCGA-N9-A4Q3-01	TCGA-N9-A4Q3-01Z-00-DX1		/research/projects/mllab/WSI/extracted_features/TCGA-UCS/TCGA-N9-A4Q3-01Z-00-DX1.B9E5BC01-25DD-4725-9B10-811A636E2402.h5
train	TCGA-UCS	TCGA-N9-A4Q4	TCGA-N9-A4Q4-01	TCGA-N9-A4Q4-01Z-00-DX1		/research/projects/mllab/WSI/extracted_features/TCGA-UCS/TCGA-N9-A4Q4-01Z-00-DX1.16E8D41B-34B2-4382-BA3E-2601FF91839C.h5
train	TCGA-UCS	TCGA-N9-A4Q7	TCGA-N9-A4Q7-01	TCGA-N9-A4Q7-01Z-00-DX1		/research/projects/mllab/WSI/extracted_features/TCGA-UCS/TCGA-N9-A4Q7-01Z-00-DX1.1CFC484F-0B47-4767-9F38-17B174B022AC.h5
train	TCGA-UCS	TCGA-N9-A4Q8	TCGA-N9-A4Q8-01	TCGA-N9-A4Q8-01Z-00-DX1		/research/projects/mllab/WSI/extracted_features/TCGA-UCS/TCGA-N9-A4Q8-01Z-00-DX1.6D35B9F6-B56C-4CEF-A897-1B68928C7362.h5
train	TCGA-UCS	TCGA-NA-A4QX	TCGA-NA-A4QX-01	TCGA-NA-A4QX-01Z-00-DX1		/research/projects/mllab/WSI/extracted_features/TCGA-UCS/TCGA-NA-A4QX-01Z-00-DX1.3B96FAE9-A546-4157-9DE6-E6E8C4CEC941.h5
train	TCGA-UCS	TCGA-NA-A4R1	TCGA-NA-A4R1-01	TCGA-NA-A4R1-01Z-00-DX1		/research/projects/mllab/WSI/extracted_features/TCGA-UCS/TCGA-NA-A4R1-01Z-00-DX1.FFF6520E-AB1C-4F3A-92C9-3C776D779231.h5
train	TCGA-UCS	TCGA-NA-A5I1	TCGA-NA-A5I1-01	TCGA-NA-A5I1-01Z-00-DX1		/research/projects/mllab/WSI/extracted_features/TCGA-UCS/TCGA-NA-A5I1-01Z-00-DX1.1B9A17E8-9BCB-4C81-94F8-B4592615664D.h5
train	TCGA-UCS	TCGA-ND-A4WA	TCGA-ND-A4WA-01	TCGA-ND-A4WA-01Z-00-DX1		/research/projects/mllab/WSI/extracted_features/TCGA-UCS/TCGA-ND-A4WA-01Z-00-DX1.747FD9FF-B6FF-4108-8EFC-BC8898E4FAA5.h5
train	TCGA-UCS	TCGA-ND-A4WF	TCGA-ND-A4WF-01	TCGA-ND-A4WF-01Z-00-DX1		/research/projects/mllab/WSI/extracted_features/TCGA-UCS/TCGA-ND-A4WF-01Z-00-DX1.A82E5E1F-9D99-4A2F-9BF8-D2AC3ECB9A00.h5
train	TCGA-UCS	TCGA-NG-A4VU	TCGA-NG-A4VU-01	TCGA-NG-A4VU-01Z-00-DX1		/research/projects/mllab/WSI/extracted_features/TCGA-UCS/TCGA-NG-A4VU-01Z-00-DX1.1EA57488-7E0C-4FE2-84D3-28A46DF84F94.h5
train	TCGA-UCS	TCGA-NG-A4VW	TCGA-NG-A4VW-01	TCGA-NG-A4VW-01Z-00-DX1		/research/projects/mllab/WSI/extracted_features/TCGA-UCS/TCGA-NG-A4VW-01Z-00-DX1.93289E3C-F0AE-4192-A8C7-6AFDCE9E8ADB.h5
train	TCGA-UVM	TCGA-RZ-AB0B	TCGA-RZ-AB0B-01	TCGA-RZ-AB0B-01Z-00-DX1		/research/projects/mllab/WSI/extracted_features/TCGA-UVM/TCGA-RZ-AB0B-01Z-00-DX1.0DF1A3A6-3030-4988-AC2C-CAA0F2EBAEB2.h5
train	TCGA-UVM	TCGA-V4-A9E5	TCGA-V4-A9E5-01	TCGA-V4-A9E5-01Z-00-DX1		/research/projects/mllab/WSI/extracted_features/TCGA-UVM/TCGA-V4-A9E5-01Z-00-DX1.97279EE1-33FD-46C7-95B3-0E4065DF3069.h5
train	TCGA-UVM	TCGA-V4-A9E9	TCGA-V4-A9E9-01	TCGA-V4-A9E9-01Z-00-DX1		/research/projects/mllab/WSI/extracted_features/TCGA-UVM/TCGA-V4-A9E9-01Z-00-DX1.3B6A6FBE-41DE-40A2-BDD2-E895DAE4127D.h5
train	TCGA-UVM	TCGA-V4-A9EA	TCGA-V4-A9EA-01	TCGA-V4-A9EA-01Z-00-DX1		/research/projects/mllab/WSI/extracted_features/TCGA-UVM/TCGA-V4-A9EA-01Z-00-DX1.DB8360B6-2BF1-4538-AF2C-29EB7186946E.h5
train	TCGA-UVM	TCGA-V4-A9EC	TCGA-V4-A9EC-01	TCGA-V4-A9EC-01Z-00-DX1		/research/projects/mllab/WSI/extracted_features/TCGA-UVM/TCGA-V4-A9EC-01Z-00-DX1.5730E636-95F2-4665-BC43-0746B2C05595.h5
train	TCGA-UVM	TCGA-V4-A9ED	TCGA-V4-A9ED-01	TCGA-V4-A9ED-01Z-00-DX1		/research/projects/mllab/WSI/extracted_features/TCGA-UVM/TCGA-V4-A9ED-01Z-00-DX1.D424FFFA-D661-4E93-9F25-9CC621926298.h5
train	TCGA-UVM	TCGA-V4-A9EE	TCGA-V4-A9EE-01	TCGA-V4-A9EE-01Z-00-DX1		/research/projects/mllab/WSI/extracted_features/TCGA-UVM/TCGA-V4-A9EE-01Z-00-DX1.46C2BBBC-16B6-48B0-8350-F25A367F6A09.h5
train	TCGA-UVM	TCGA-V4-A9EF	TCGA-V4-A9EF-01	TCGA-V4-A9EF-01Z-00-DX1		/research/projects/mllab/WSI/extracted_features/TCGA-UVM/TCGA-V4-A9EF-01Z-00-DX1.3084FABF-8AC4-403A-ADD7-64CFB34CCB95.h5
train	TCGA-UVM	TCGA-V4-A9EH	TCGA-V4-A9EH-01	TCGA-V4-A9EH-01Z-00-DX1		/research/projects/mllab/WSI/extracted_features/TCGA-UVM/TCGA-V4-A9EH-01Z-00-DX1.53450D2F-449A-4F7A-96D3-C2F9B8EB05B6.h5
train	TCGA-UVM	TCGA-V4-A9EJ	TCGA-V4-A9EJ-01	TCGA-V4-A9EJ-01Z-00-DX1		/research/projects/mllab/WSI/extracted_features/TCGA-UVM/TCGA-V4-A9EJ-01Z-00-DX1.B78B6AEC-DE0F-4E45-ABCE-5ED7FDB2D75C.h5
train	TCGA-UVM	TCGA-V4-A9EL	TCGA-V4-A9EL-01	TCGA-V4-A9EL-01Z-00-DX1		/research/projects/mllab/WSI/extracted_features/TCGA-UVM/TCGA-V4-A9EL-01Z-00-DX1.D805EC59-74E4-482F-981D-BDDFD92FD3CB.h5
train	TCGA-UVM	TCGA-V4-A9EM	TCGA-V4-A9EM-01	TCGA-V4-A9EM-01Z-00-DX1		/research/projects/mllab/WSI/extracted_features/TCGA-UVM/TCGA-V4-A9EM-01Z-00-DX1.E74E99E2-CB99-4C01-99FA-6F79371F0792.h5
train	TCGA-UVM	TCGA-V4-A9EO	TCGA-V4-A9EO-01	TCGA-V4-A9EO-01Z-00-DX1		/research/projects/mllab/WSI/extracted_features/TCGA-UVM/TCGA-V4-A9EO-01Z-00-DX1.F918F843-0A2E-4ECF-953F-D61269F077E7.h5
train	TCGA-UVM	TCGA-V4-A9EQ	TCGA-V4-A9EQ-01	TCGA-V4-A9EQ-01Z-00-DX1		/research/projects/mllab/WSI/extracted_features/TCGA-UVM/TCGA-V4-A9EQ-01Z-00-DX1.BE3D1D29-CF65-4166-871D-9719207BE4B1.h5
train	TCGA-UVM	TCGA-V4-A9EV	TCGA-V4-A9EV-01	TCGA-V4-A9EV-01Z-00-DX1		/research/projects/mllab/WSI/extracted_features/TCGA-UVM/TCGA-V4-A9EV-01Z-00-DX1.164C1623-BF78-43BC-8222-8AD6B103B449.h5
train	TCGA-UVM	TCGA-V4-A9EY	TCGA-V4-A9EY-01	TCGA-V4-A9EY-01Z-00-DX1		/research/projects/mllab/WSI/extracted_features/TCGA-UVM/TCGA-V4-A9EY-01Z-00-DX1.685E5631-DF28-479B-AB4A-20B2BF07E97D.h5
train	TCGA-UVM	TCGA-V4-A9EZ	TCGA-V4-A9EZ-01	TCGA-V4-A9EZ-01Z-00-DX1		/research/projects/mllab/WSI/extracted_features/TCGA-UVM/TCGA-V4-A9EZ-01Z-00-DX1.90136571-87FB-4B1B-9C4B-052773C65FAE.h5
train	TCGA-UVM	TCGA-V4-A9F0	TCGA-V4-A9F0-01	TCGA-V4-A9F0-01Z-00-DX1		/research/projects/mllab/WSI/extracted_features/TCGA-UVM/TCGA-V4-A9F0-01Z-00-DX1.C3909E27-4255-4F4F-BE02-791E097D2843.h5
train	TCGA-UVM	TCGA-V4-A9F2	TCGA-V4-A9F2-01	TCGA-V4-A9F2-01Z-00-DX1		/research/projects/mllab/WSI/extracted_features/TCGA-UVM/TCGA-V4-A9F2-01Z-00-DX1.59FA5015-785F-4715-9CA6-C2C7C1299CC6.h5
train	TCGA-UVM	TCGA-V4-A9F4	TCGA-V4-A9F4-01	TCGA-V4-A9F4-01Z-00-DX1		/research/projects/mllab/WSI/extracted_features/TCGA-UVM/TCGA-V4-A9F4-01Z-00-DX1.1AC1A857-BF91-4872-91B7-CCFCFBF3AA11.h5
train	TCGA-UVM	TCGA-V4-A9F8	TCGA-V4-A9F8-01	TCGA-V4-A9F8-01Z-00-DX1		/research/projects/mllab/WSI/extracted_features/TCGA-UVM/TCGA-V4-A9F8-01Z-00-DX1.310A7148-C6B5-4BAC-A341-00F915961CD0.h5
train	TCGA-UVM	TCGA-VD-A8K7	TCGA-VD-A8K7-01	TCGA-VD-A8K7-01Z-00-DX1		/research/projects/mllab/WSI/extracted_features/TCGA-UVM/TCGA-VD-A8K7-01Z-00-DX1.67A55BCD-F1B3-4D33-875A-082BBC055EE3.h5
train	TCGA-UVM	TCGA-VD-A8KA	TCGA-VD-A8KA-01	TCGA-VD-A8KA-01Z-00-DX1		/research/projects/mllab/WSI/extracted_features/TCGA-UVM/TCGA-VD-A8KA-01Z-00-DX1.BAC376F9-7038-423B-8D37-7751B5514092.h5
train	TCGA-UVM	TCGA-VD-A8KF	TCGA-VD-A8KF-01	TCGA-VD-A8KF-01Z-00-DX1		/research/projects/mllab/WSI/extracted_features/TCGA-UVM/TCGA-VD-A8KF-01Z-00-DX1.1A4B266E-463A-4E66-A6B2-DE78441972A8.h5
train	TCGA-UVM	TCGA-VD-A8KH	TCGA-VD-A8KH-01	TCGA-VD-A8KH-01Z-00-DX1		/research/projects/mllab/WSI/extracted_features/TCGA-UVM/TCGA-VD-A8KH-01Z-00-DX1.E63BFFDC-0572-4DF4-928A-3E84350433E8.h5
train	TCGA-UVM	TCGA-VD-A8KJ	TCGA-VD-A8KJ-01	TCGA-VD-A8KJ-01Z-00-DX1		/research/projects/mllab/WSI/extracted_features/TCGA-UVM/TCGA-VD-A8KJ-01Z-00-DX1.31C09AA6-FB01-4FFD-841D-81BE24532CFC.h5
train	TCGA-UVM	TCGA-VD-A8KK	TCGA-VD-A8KK-01	TCGA-VD-A8KK-01Z-00-DX1		/research/projects/mllab/WSI/extracted_features/TCGA-UVM/TCGA-VD-A8KK-01Z-00-DX1.81AFEEA7-4171-495A-AD24-7603DD4194D2.h5
train	TCGA-UVM	TCGA-VD-A8KM	TCGA-VD-A8KM-01	TCGA-VD-A8KM-01Z-00-DX1		/research/projects/mllab/WSI/extracted_features/TCGA-UVM/TCGA-VD-A8KM-01Z-00-DX1.1D881A73-FE65-4CC3-AA03-4F4BC168205A.h5
train	TCGA-UVM	TCGA-WC-A87T	TCGA-WC-A87T-01	TCGA-WC-A87T-01Z-00-DX1		/research/projects/mllab/WSI/extracted_features/TCGA-UVM/TCGA-WC-A87T-01Z-00-DX1.9A9FD724-37D1-4660-A88D-3D4286EC781E.h5
train	TCGA-UVM	TCGA-WC-A87U	TCGA-WC-A87U-01	TCGA-WC-A87U-01Z-00-DX1		/research/projects/mllab/WSI/extracted_features/TCGA-UVM/TCGA-WC-A87U-01Z-00-DX1.C172A901-BFAB-4455-9367-D599B1C1EFCD.h5
train	TCGA-UVM	TCGA-WC-A880	TCGA-WC-A880-01	TCGA-WC-A880-01Z-00-DX1		/research/projects/mllab/WSI/extracted_features/TCGA-UVM/TCGA-WC-A880-01Z-00-DX1.23412607-4382-4D0D-9CD6-8A2C4BE4FA2E.h5
train	TCGA-UVM	TCGA-WC-A883	TCGA-WC-A883-01	TCGA-WC-A883-01Z-00-DX1		/research/projects/mllab/WSI/extracted_features/TCGA-UVM/TCGA-WC-A883-01Z-00-DX1.51BC7B12-45FF-403E-B347-E590B2374EC9.h5
train	TCGA-UVM	TCGA-WC-A88A	TCGA-WC-A88A-01	TCGA-WC-A88A-01Z-00-DX1		/research/projects/mllab/WSI/extracted_features/TCGA-UVM/TCGA-WC-A88A-01Z-00-DX1.6010AB59-DE5A-4119-8A9E-D582BD63D02B.h5
train	TCGA-UVM	TCGA-WC-AA9A	TCGA-WC-AA9A-01	TCGA-WC-AA9A-01Z-00-DX1		/research/projects/mllab/WSI/extracted_features/TCGA-UVM/TCGA-WC-AA9A-01Z-00-DX1.623129B9-6420-4844-8E29-0D2C788CDC88.h5
train	TCGA-UVM	TCGA-YZ-A982	TCGA-YZ-A982-01	TCGA-YZ-A982-01Z-00-DX1		/research/projects/mllab/WSI/extracted_features/TCGA-UVM/TCGA-YZ-A982-01Z-00-DX1.9D8A15CA-E938-48D6-955B-0A0621D42F06.h5
train	TCGA-UVM	TCGA-YZ-A985	TCGA-YZ-A985-01	TCGA-YZ-A985-01Z-00-DX1		/research/projects/mllab/WSI/extracted_features/TCGA-UVM/TCGA-YZ-A985-01Z-00-DX1.CA3BB3E0-1C23-4312-87EA-3EE2F3F33770.h5
