split	project_dir	case_id	num_tokens	rarity_score	tokens
test	TCGA-ACC	TCGA-OR-A5J7	7	0.004332	immune_subtype=C4|kras_mutated=0|os_status=Dead|pfs_status=PROGRESSION|stage=Stage III|tp53_mutated=0|tumor_purity_bin=8
test	TCGA-ACC	TCGA-OR-A5JJ	7	0.005702	immune_subtype=C4|kras_mutated=0|os_status=Dead|pfs_status=PROGRESSION|stage=Stage IV|tp53_mutated=1|tumor_purity_bin=9
test	TCGA-ACC	TCGA-OR-A5JZ	7	0.004162	immune_subtype=C3|kras_mutated=0|os_status=Alive|pfs_status=PROGRESSION|stage=Stage II|tp53_mutated=0|tumor_purity_bin=9
test	TCGA-ACC	TCGA-OR-A5K5	7	0.004332	immune_subtype=C4|kras_mutated=0|os_status=Dead|pfs_status=PROGRESSION|stage=Stage III|tp53_mutated=0|tumor_purity_bin=8
test	TCGA-BLCA	TCGA-FD-A5BT	8	0.014311	immune_subtype=C2|kras_mutated=0|os_status=Dead|pfs_status=CENSORED|stage=Stage III|tp53_mutated=0|tumor_grade=HIGH GRADE|tumor_purity_bin=1
test	TCGA-BLCA	TCGA-K4-A54R	8	0.024829	immune_subtype=C2|kras_mutated=0|os_status=Alive|pfs_status=CENSORED|stage=Stage IIC|tp53_mutated=1|tumor_grade=HIGH GRADE|tumor_purity_bin=4
test	TCGA-BLCA	TCGA-XF-A9SY	8	0.015195	immune_subtype=C2|kras_mutated=0|os_status=Alive|pfs_status=PROGRESSION|stage=Stage IV|tp53_mutated=1|tumor_grade=HIGH GRADE|tumor_purity_bin=1
test	TCGA-BLCA	TCGA-XF-AAME	8	0.014625	immune_subtype=C1|kras_mutated=0|os_status=Dead|pfs_status=PROGRESSION|stage=Stage II|tp53_mutated=0|tumor_grade=HIGH GRADE|tumor_purity_bin=1
test	TCGA-BRCA_IDC	TCGA-A2-A1G6	7	0.033575	immune_subtype=C3|kras_mutated=0|os_status=Alive|pam50_subtype=Normal|pfs_status=CENSORED|stage=Stage IIIA|tp53_mutated=0
test	TCGA-BRCA_IDC	TCGA-A8-A08H	8	0.038799	immune_subtype=C6|kras_mutated=0|os_status=Alive|pam50_subtype=Normal|pfs_status=CENSORED|stage=Stage IIA|tp53_mutated=0|tumor_purity_bin=7
test	TCGA-BRCA_IDC	TCGA-AO-A03R	8	0.033743	immune_subtype=C1|kras_mutated=0|os_status=Alive|pam50_subtype=Normal|pfs_status=CENSORED|stage=Stage IIB|tp53_mutated=1|tumor_purity_bin=6
test	TCGA-BRCA_IDC	TCGA-D8-A1XW	8	0.033505	immune_subtype=C3|kras_mutated=0|os_status=Alive|pam50_subtype=Normal|pfs_status=CENSORED|stage=Stage IIA|tp53_mutated=1|tumor_purity_bin=6
test	TCGA-BRCA_OTHERS	TCGA-A2-A0CR	8	0.011929	immune_subtype=C6|kras_mutated=0|os_status=Alive|pam50_subtype=LumA|pfs_status=CENSORED|stage=Stage IIB|tp53_mutated=0|tumor_purity_bin=2
test	TCGA-BRCA_OTHERS	TCGA-AC-A2FK	8	0.037238	immune_subtype=C3|kras_mutated=0|os_status=Alive|pam50_subtype=Normal|pfs_status=CENSORED|stage=Stage IIIC|tp53_mutated=0|tumor_purity_bin=9
test	TCGA-BRCA_OTHERS	TCGA-AO-A03U	8	0.034352	immune_subtype=C3|kras_mutated=0|os_status=Dead|pam50_subtype=Normal|pfs_status=PROGRESSION|stage=Stage I|tp53_mutated=0|tumor_purity_bin=2
test	TCGA-BRCA_OTHERS	TCGA-LL-A5YM	8	0.010779	immune_subtype=C1|kras_mutated=0|os_status=Alive|pam50_subtype=LumB|pfs_status=PROGRESSION|stage=Stage IIIB|tp53_mutated=0|tumor_purity_bin=7
test	TCGA-CESC	TCGA-Q1-A6DT	8	0.021630	hpv_status=HPV+|immune_subtype=C1|kras_mutated=0|os_status=Dead|pfs_status=PROGRESSION|tp53_mutated=0|tumor_grade=GX|tumor_purity_bin=5
test	TCGA-CESC	TCGA-Q1-A73R	8	0.021676	hpv_status=HPV+|immune_subtype=C2|kras_mutated=0|os_status=Alive|pfs_status=CENSORED|tp53_mutated=0|tumor_grade=GX|tumor_purity_bin=9
test	TCGA-CESC	TCGA-VS-A9UV	7	0.016075	immune_subtype=C1|kras_mutated=0|os_status=Dead|pfs_status=PROGRESSION|tp53_mutated=0|tumor_grade=GX|tumor_purity_bin=8
test	TCGA-CESC	TCGA-ZJ-A8QQ	7	0.015638	immune_subtype=C2|kras_mutated=0|os_status=Alive|pfs_status=CENSORED|tp53_mutated=0|tumor_grade=GX|tumor_purity_bin=7
test	TCGA-CHOL	TCGA-3X-AAVE	8	0.004437	immune_subtype=C2|kras_mutated=0|os_status=Alive|pfs_status=CENSORED|stage=Stage II|tp53_mutated=0|tumor_grade=G2|tumor_purity_bin=4
test	TCGA-CHOL	TCGA-W5-AA2I	8	0.003853	immune_subtype=C3|kras_mutated=0|os_status=Dead|pfs_status=PROGRESSION|stage=Stage I|tp53_mutated=1|tumor_grade=G2|tumor_purity_bin=8
test	TCGA-CHOL	TCGA-W5-AA34	8	0.004161	immune_subtype=C3|kras_mutated=0|os_status=Dead|pfs_status=PROGRESSION|stage=Stage I|tp53_mutated=0|tumor_grade=G2|tumor_purity_bin=9
test	TCGA-CHOL	TCGA-ZH-A8Y1	8	0.006149	immune_subtype=C3|kras_mutated=0|os_status=Dead|pfs_status=PROGRESSION|stage=Stage IVA|tp53_mutated=0|tumor_grade=G2|tumor_purity_bin=8
test	TCGA-COAD	TCGA-A6-5666	8	0.025183	immune_subtype=C1|kras_mutated=1|msi_status=NonMSI|os_status=Alive|pfs_status=PROGRESSION|stage=Stage IIC|tp53_mutated=0|tumor_purity_bin=8
test	TCGA-COAD	TCGA-AA-A01R	8	0.013777	immune_subtype=C2|kras_mutated=1|msi_status=MSI|os_status=Alive|pfs_status=PROGRESSION|stage=Stage III|tp53_mutated=0|tumor_purity_bin=6
test	TCGA-COAD	TCGA-AZ-4615	8	0.014576	immune_subtype=C2|kras_mutated=0|msi_status=MSI|os_status=Alive|pfs_status=PROGRESSION|stage=Stage IIIB|tp53_mutated=0|tumor_purity_bin=6
test	TCGA-COAD	TCGA-G4-6302	8	0.013425	immune_subtype=C1|kras_mutated=0|msi_status=MSI|os_status=Dead|pfs_status=CENSORED|stage=Stage IIA|tp53_mutated=1|tumor_purity_bin=2
test	TCGA-DLBC	TCGA-FA-8693	5	0.001565	kras_mutated=0|os_status=Alive|pfs_status=CENSORED|tp53_mutated=0|tumor_purity_bin=4
test	TCGA-DLBC	TCGA-FA-A7Q1	5	0.002910	kras_mutated=1|os_status=Dead|pfs_status=CENSORED|tp53_mutated=0|tumor_purity_bin=8
test	TCGA-DLBC	TCGA-G8-6906	5	0.001734	kras_mutated=0|os_status=Dead|pfs_status=PROGRESSION|tp53_mutated=0|tumor_purity_bin=8
test	TCGA-DLBC	TCGA-GR-A4D4	5	0.001539	kras_mutated=0|os_status=Alive|pfs_status=CENSORED|tp53_mutated=1|tumor_purity_bin=5
test	TCGA-ESCA	TCGA-L5-A43H	8	0.017837	immune_subtype=C1|kras_mutated=0|os_status=Dead|pfs_status=PROGRESSION|stage=Stage III|tp53_mutated=1|tumor_grade=GX|tumor_purity_bin=5
test	TCGA-ESCA	TCGA-L5-A43M	6	0.015757	kras_mutated=0|os_status=Alive|pfs_status=CENSORED|tp53_mutated=0|tumor_grade=GX|tumor_purity_bin=3
test	TCGA-ESCA	TCGA-XP-A8T8	8	0.006893	immune_subtype=C2|kras_mutated=0|os_status=Alive|pfs_status=CENSORED|stage=Stage IIB|tp53_mutated=1|tumor_grade=G1|tumor_purity_bin=6
test	TCGA-ESCA	TCGA-ZR-A9CJ	8	0.008169	immune_subtype=C1|kras_mutated=0|os_status=Dead|pfs_status=PROGRESSION|stage=Stage IIIC|tp53_mutated=1|tumor_grade=G3|tumor_purity_bin=3
test	TCGA-GBM	TCGA-06-5858	6	0.003125	immune_subtype=C4|kras_mutated=0|os_status=Alive|pfs_status=PROGRESSION|tp53_mutated=1|tumor_purity_bin=9
test	TCGA-GBM	TCGA-12-0619	6	0.002814	immune_subtype=C4|kras_mutated=0|os_status=Dead|pfs_status=PROGRESSION|tp53_mutated=1|tumor_purity_bin=7
test	TCGA-GBM	TCGA-14-0871	6	0.002609	immune_subtype=C1|kras_mutated=0|os_status=Dead|pfs_status=CENSORED|tp53_mutated=1|tumor_purity_bin=9
test	TCGA-GBM	TCGA-26-5134	6	0.002823	immune_subtype=C4|kras_mutated=0|os_status=Alive|pfs_status=CENSORED|tp53_mutated=0|tumor_purity_bin=9
test	TCGA-HNSC	TCGA-BB-4228	9	0.023275	hpv_status=HPV+|immune_subtype=C1|kras_mutated=0|os_status=Alive|pfs_status=CENSORED|stage=Stage III|tp53_mutated=0|tumor_grade=GX|tumor_purity_bin=9
test	TCGA-HNSC	TCGA-D6-6515	9	0.015373	hpv_status=HPV-|immune_subtype=C2|kras_mutated=0|os_status=Dead|pfs_status=PROGRESSION|stage=Stage II|tp53_mutated=1|tumor_grade=G3|tumor_purity_bin=1
test	TCGA-HNSC	TCGA-HD-8635	9	0.088633	hpv_status=HPV-|immune_subtype=C2|kras_mutated=0|os_status=Alive|pfs_status=CENSORED|stage=Stage 0|tp53_mutated=1|tumor_grade=G2|tumor_purity_bin=5
test	TCGA-HNSC	TCGA-QK-A6IH	9	0.060923	hpv_status=HPV-|immune_subtype=C2|kras_mutated=0|os_status=Alive|pfs_status=PROGRESSION|stage=Stage IVB|tp53_mutated=1|tumor_grade=G2|tumor_purity_bin=7
test	TCGA-KICH	TCGA-KL-8324	7	0.004698	immune_subtype=C4|kras_mutated=0|os_status=Alive|pfs_status=CENSORED|stage=Stage II|tp53_mutated=1|tumor_purity_bin=9
test	TCGA-KICH	TCGA-KL-8325	7	0.006472	immune_subtype=C5|kras_mutated=0|os_status=Dead|pfs_status=CENSORED|stage=Stage II|tp53_mutated=0|tumor_purity_bin=9
test	TCGA-KICH	TCGA-KM-8440	7	0.006127	immune_subtype=C5|kras_mutated=0|os_status=Alive|pfs_status=CENSORED|stage=Stage III|tp53_mutated=0|tumor_purity_bin=9
test	TCGA-KICH	TCGA-KN-8428	7	0.003996	immune_subtype=C1|kras_mutated=0|os_status=Dead|pfs_status=PROGRESSION|stage=Stage II|tp53_mutated=1|tumor_purity_bin=7
test	TCGA-KIRC	TCGA-B0-5088	8	0.006450	immune_subtype=C3|kras_mutated=0|os_status=Dead|pfs_status=CENSORED|stage=Stage IIIB|tp53_mutated=0|tumor_grade=G3|tumor_purity_bin=5
test	TCGA-KIRC	TCGA-B0-5109	8	0.014905	immune_subtype=C1|kras_mutated=0|os_status=Dead|pfs_status=PROGRESSION|stage=Stage III|tp53_mutated=0|tumor_grade=G4|tumor_purity_bin=2
test	TCGA-KIRC	TCGA-BP-4974	8	0.015154	immune_subtype=C3|kras_mutated=0|os_status=Dead|pfs_status=PROGRESSION|stage=Stage IV|tp53_mutated=0|tumor_grade=G4|tumor_purity_bin=3
test	TCGA-KIRC	TCGA-CZ-5461	8	0.014851	immune_subtype=C3|kras_mutated=0|os_status=Dead|pfs_status=PROGRESSION|stage=Stage IV|tp53_mutated=0|tumor_grade=G4|tumor_purity_bin=4
test	TCGA-KIRP	TCGA-BQ-5891	7	0.004415	immune_subtype=C4|kras_mutated=0|os_status=Alive|pfs_status=CENSORED|stage=Stage III|tp53_mutated=0|tumor_purity_bin=9
test	TCGA-KIRP	TCGA-G7-A8LD	7	0.004219	immune_subtype=C3|kras_mutated=0|os_status=Dead|pfs_status=PROGRESSION|stage=Stage III|tp53_mutated=0|tumor_purity_bin=9
test	TCGA-KIRP	TCGA-J7-8537	7	0.003966	immune_subtype=C2|kras_mutated=0|os_status=Dead|pfs_status=PROGRESSION|stage=Stage III|tp53_mutated=0|tumor_purity_bin=4
test	TCGA-KIRP	TCGA-P4-AAVL	7	0.009656	immune_subtype=C6|kras_mutated=0|os_status=Dead|pfs_status=PROGRESSION|stage=Stage III|tp53_mutated=0|tumor_purity_bin=9
test	TCGA-LGG	TCGA-FG-A711	7	0.005216	immune_subtype=C5|kras_mutated=0|os_status=Dead|pfs_status=PROGRESSION|tp53_mutated=1|tumor_grade=G2|tumor_purity_bin=7
test	TCGA-LGG	TCGA-HT-7467	7	0.005804	immune_subtype=C5|kras_mutated=0|os_status=Alive|pfs_status=CENSORED|tp53_mutated=0|tumor_grade=G2|tumor_purity_bin=2
test	TCGA-LGG	TCGA-HT-7882	7	0.009315	immune_subtype=C6|kras_mutated=0|os_status=Dead|pfs_status=PROGRESSION|tp53_mutated=0|tumor_grade=G3|tumor_purity_bin=2
test	TCGA-LGG	TCGA-VM-A8C8	7	0.005579	immune_subtype=C5|kras_mutated=0|os_status=Alive|pfs_status=PROGRESSION|tp53_mutated=1|tumor_grade=G2|tumor_purity_bin=3
test	TCGA-LIHC	TCGA-DD-A1EK	8	0.058426	immune_subtype=C3|kras_mutated=0|os_status=Dead|pfs_status=PROGRESSION|stage=Stage IVB|tp53_mutated=0|tumor_grade=G2|tumor_purity_bin=8
test	TCGA-LIHC	TCGA-DD-A3A5	8	0.005023	immune_subtype=C4|kras_mutated=0|os_status=Dead|pfs_status=PROGRESSION|stage=Stage III|tp53_mutated=0|tumor_grade=G2|tumor_purity_bin=8
test	TCGA-LIHC	TCGA-DD-AADB	8	0.012836	immune_subtype=C2|kras_mutated=0|os_status=Alive|pfs_status=CENSORED|stage=Stage I|tp53_mutated=1|tumor_grade=G4|tumor_purity_bin=6
test	TCGA-LIHC	TCGA-ZS-A9CE	8	0.007670	immune_subtype=C4|kras_mutated=0|os_status=Alive|pfs_status=PROGRESSION|stage=Stage II|tp53_mutated=0|tumor_grade=G1|tumor_purity_bin=7
test	TCGA-LUAD	TCGA-05-4382	7	0.011320	immune_subtype=C6|kras_mutated=0|os_status=Alive|pfs_status=PROGRESSION|stage=Stage IB|tp53_mutated=1|tumor_purity_bin=2
test	TCGA-LUAD	TCGA-55-8096	7	0.011521	immune_subtype=C6|kras_mutated=0|os_status=Dead|pfs_status=PROGRESSION|stage=Stage IB|tp53_mutated=1|tumor_purity_bin=2
test	TCGA-LUAD	TCGA-69-7761	7	0.011018	immune_subtype=C6|kras_mutated=0|os_status=Alive|pfs_status=CENSORED|stage=Stage IB|tp53_mutated=0|tumor_purity_bin=2
test	TCGA-LUAD	TCGA-L4-A4E5	7	0.002742	immune_subtype=C1|kras_mutated=0|os_status=Alive|pfs_status=CENSORED|stage=Stage I|tp53_mutated=1|tumor_purity_bin=6
test	TCGA-LUSC	TCGA-34-8455	7	0.004895	immune_subtype=C1|kras_mutated=0|os_status=Dead|pfs_status=PROGRESSION|stage=Stage IV|tp53_mutated=1|tumor_purity_bin=4
test	TCGA-LUSC	TCGA-46-3766	7	0.018131	immune_subtype=C6|kras_mutated=0|os_status=Alive|pfs_status=CENSORED|stage=Stage IA|tp53_mutated=0|tumor_purity_bin=1
test	TCGA-LUSC	TCGA-NC-A5HJ	7	0.011880	immune_subtype=C2|kras_mutated=0|os_status=Dead|pfs_status=PROGRESSION|stage=Stage IIB|tp53_mutated=1|tumor_purity_bin=1
test	TCGA-LUSC	TCGA-O2-A52S	7	0.003713	immune_subtype=C1|kras_mutated=0|os_status=Dead|pfs_status=PROGRESSION|stage=Stage III|tp53_mutated=0|tumor_purity_bin=7
test	TCGA-MESO	TCGA-LK-A4O2	7	0.004527	immune_subtype=C4|kras_mutated=0|os_status=Dead|pfs_status=PROGRESSION|stage=Stage III|tp53_mutated=0|tumor_purity_bin=4
test	TCGA-MESO	TCGA-LK-A4O6	7	0.004270	immune_subtype=C3|kras_mutated=0|os_status=Dead|pfs_status=PROGRESSION|stage=Stage III|tp53_mutated=0|tumor_purity_bin=3
test	TCGA-MESO	TCGA-UD-AAC6	7	0.004671	immune_subtype=C4|kras_mutated=0|os_status=Dead|pfs_status=PROGRESSION|stage=Stage II|tp53_mutated=0|tumor_purity_bin=4
test	TCGA-MESO	TCGA-XT-AASU	7	0.003973	immune_subtype=C1|kras_mutated=0|os_status=Dead|pfs_status=PROGRESSION|stage=Stage III|tp53_mutated=0|tumor_purity_bin=4
test	TCGA-OV	TCGA-23-1109	7	0.003306	immune_subtype=C1|kras_mutated=0|os_status=Dead|pfs_status=PROGRESSION|tp53_mutated=0|tumor_grade=G3|tumor_purity_bin=9
test	TCGA-OV	TCGA-23-2081	7	0.003299	immune_subtype=C2|kras_mutated=0|os_status=Dead|pfs_status=PROGRESSION|tp53_mutated=0|tumor_grade=G3|tumor_purity_bin=9
test	TCGA-OV	TCGA-25-1623	7	0.003350	immune_subtype=C2|kras_mutated=0|os_status=Dead|pfs_status=PROGRESSION|tp53_mutated=0|tumor_grade=G3|tumor_purity_bin=3
test	TCGA-OV	TCGA-OY-A56P	7	0.003237	immune_subtype=C2|kras_mutated=0|os_status=Alive|pfs_status=PROGRESSION|tp53_mutated=1|tumor_grade=G3|tumor_purity_bin=9
test	TCGA-PAAD	TCGA-2J-AABT	8	0.088344	immune_subtype=C3|kras_mutated=1|os_status=Alive|pfs_status=CENSORED|stage=Stage 0|tp53_mutated=1|tumor_grade=G2|tumor_purity_bin=2
test	TCGA-PAAD	TCGA-HZ-7920	7	0.013023	kras_mutated=0|os_status=Dead|pfs_status=CENSORED|stage=Stage IB|tp53_mutated=0|tumor_grade=G2|tumor_purity_bin=1
test	TCGA-PAAD	TCGA-IB-7891	8	0.013782	immune_subtype=C6|kras_mutated=0|os_status=Dead|pfs_status=PROGRESSION|stage=Stage IIB|tp53_mutated=1|tumor_grade=G1|tumor_purity_bin=2
test	TCGA-PAAD	TCGA-IB-A5SP	8	0.010829	immune_subtype=C6|kras_mutated=1|os_status=Alive|pfs_status=PROGRESSION|stage=Stage IIA|tp53_mutated=1|tumor_grade=G2|tumor_purity_bin=7
test	TCGA-PCPG	TCGA-QR-A700	6	0.002474	immune_subtype=C4|kras_mutated=0|os_status=Alive|pfs_status=PROGRESSION|tp53_mutated=0|tumor_purity_bin=7
test	TCGA-PCPG	TCGA-QR-A70V	5	0.003337	immune_subtype=C5|kras_mutated=0|os_status=Alive|pfs_status=CENSORED|tp53_mutated=0
test	TCGA-PCPG	TCGA-RW-A681	6	0.002823	immune_subtype=C4|kras_mutated=0|os_status=Alive|pfs_status=CENSORED|tp53_mutated=0|tumor_purity_bin=9
test	TCGA-PCPG	TCGA-RW-A68F	6	0.002823	immune_subtype=C4|kras_mutated=0|os_status=Alive|pfs_status=CENSORED|tp53_mutated=0|tumor_purity_bin=9
test	TCGA-PRAD	TCGA-HC-8256	6	0.002571	immune_subtype=C4|kras_mutated=0|os_status=Alive|pfs_status=CENSORED|tp53_mutated=0|tumor_purity_bin=4
test	TCGA-PRAD	TCGA-V1-A8MJ	6	0.002980	immune_subtype=C2|kras_mutated=0|os_status=Alive|pfs_status=CENSORED|tp53_mutated=1|tumor_purity_bin=2
test	TCGA-PRAD	TCGA-VP-A875	6	0.002823	immune_subtype=C4|kras_mutated=0|os_status=Alive|pfs_status=CENSORED|tp53_mutated=0|tumor_purity_bin=9
test	TCGA-PRAD	TCGA-YL-A9WY	6	0.003962	immune_subtype=C1|kras_mutated=1|os_status=Alive|pfs_status=PROGRESSION|tp53_mutated=1|tumor_purity_bin=3
test	TCGA-READ	TCGA-AG-3901	7	0.007088	immune_subtype=C1|kras_mutated=1|os_status=Alive|pfs_status=CENSORED|stage=Stage IIIB|tp53_mutated=0|tumor_purity_bin=4
test	TCGA-READ	TCGA-DC-6156	7	0.010889	immune_subtype=C6|kras_mutated=0|os_status=Alive|pfs_status=PROGRESSION|stage=Stage IVA|tp53_mutated=0|tumor_purity_bin=4
test	TCGA-READ	TCGA-DC-6681	7	0.006470	immune_subtype=C1|kras_mutated=1|os_status=Alive|pfs_status=CENSORED|stage=Stage IVA|tp53_mutated=0|tumor_purity_bin=5
test	TCGA-READ	TCGA-F5-6863	7	0.005991	immune_subtype=C1|kras_mutated=0|os_status=Dead|pfs_status=PROGRESSION|stage=Stage IIIB|tp53_mutated=1|tumor_purity_bin=7
test	TCGA-SARC	TCGA-DX-A3LT	6	0.007350	immune_subtype=C6|kras_mutated=0|os_status=Alive|pfs_status=PROGRESSION|tp53_mutated=0|tumor_purity_bin=7
test	TCGA-SARC	TCGA-DX-AB2T	6	0.007354	immune_subtype=C6|kras_mutated=0|os_status=Alive|pfs_status=PROGRESSION|tp53_mutated=0|tumor_purity_bin=6
test	TCGA-SARC	TCGA-DX-AB2Z	6	0.008278	immune_subtype=C6|kras_mutated=0|os_status=Alive|pfs_status=CENSORED|tp53_mutated=0|tumor_purity_bin=2
test	TCGA-SARC	TCGA-X9-A971	6	0.002986	immune_subtype=C4|kras_mutated=0|os_status=Alive|pfs_status=PROGRESSION|tp53_mutated=0|tumor_purity_bin=9
test	TCGA-SKCM	TCGA-D3-A1Q5	6	0.102181	kras_mutated=0|os_status=Dead|pfs_status=PROGRESSION|stage=Stage I/II (NOS)|tp53_mutated=0|tumor_purity_bin=9
test	TCGA-SKCM	TCGA-D9-A4Z5	7	0.004364	immune_subtype=C4|kras_mutated=0|os_status=Alive|pfs_status=CENSORED|stage=Stage IIB|tp53_mutated=0|tumor_purity_bin=9
test	TCGA-SKCM	TCGA-EB-A41A	7	0.022408	immune_subtype=C1|kras_mutated=0|os_status=Alive|pfs_status=CENSORED|stage=Stage IIC|tp53_mutated=1|tumor_purity_bin=9
test	TCGA-SKCM	TCGA-FR-A2OS	7	0.022679	immune_subtype=C4|kras_mutated=0|os_status=Dead|pfs_status=PROGRESSION|stage=Stage IIC|tp53_mutated=0|tumor_purity_bin=6
test	TCGA-STAD	TCGA-D7-A6EY	9	0.016009	immune_subtype=C2|kras_mutated=0|msi_status=MSI|os_status=Dead|pfs_status=PROGRESSION|stage=Stage IIIB|tp53_mutated=0|tumor_grade=G3|tumor_purity_bin=3
test	TCGA-STAD	TCGA-HU-A4GQ	9	0.016478	immune_subtype=C2|kras_mutated=0|msi_status=MSI|os_status=Dead|pfs_status=CENSORED|stage=Stage IIIC|tp53_mutated=1|tumor_grade=G2|tumor_purity_bin=5
test	TCGA-STAD	TCGA-VQ-A8PD	9	0.022861	immune_subtype=C6|kras_mutated=0|msi_status=NonMSI|os_status=Dead|pfs_status=PROGRESSION|stage=Stage IIIC|tp53_mutated=0|tumor_grade=G2|tumor_purity_bin=1
test	TCGA-STAD	TCGA-VQ-A8PP	9	0.015690	immune_subtype=C1|kras_mutated=1|msi_status=MSI|os_status=Dead|pfs_status=PROGRESSION|stage=Stage IV|tp53_mutated=1|tumor_grade=G2|tumor_purity_bin=5
test	TCGA-TGCT	TCGA-2G-AAGZ	7	0.012044	immune_subtype=C2|kras_mutated=0|os_status=Alive|pfs_status=CENSORED|stage=Stage IIIA|tp53_mutated=0|tumor_purity_bin=1
test	TCGA-TGCT	TCGA-2G-AAH0	7	0.024900	immune_subtype=C2|kras_mutated=0|os_status=Alive|pfs_status=PROGRESSION|stage=Stage IS|tp53_mutated=0|tumor_purity_bin=4
test	TCGA-TGCT	TCGA-2G-AAHC	7	0.025040	immune_subtype=C2|kras_mutated=0|os_status=Alive|pfs_status=CENSORED|stage=Stage IS|tp53_mutated=0|tumor_purity_bin=3
test	TCGA-TGCT	TCGA-XE-AAOB	7	0.025404	immune_subtype=C2|kras_mutated=0|os_status=Dead|pfs_status=PROGRESSION|stage=Stage IS|tp53_mutated=0|tumor_purity_bin=3
test	TCGA-THCA	TCGA-DJ-A2Q5	7	0.005289	immune_subtype=C3|kras_mutated=0|os_status=Alive|pfs_status=CENSORED|stage=Stage IVA|tp53_mutated=0|tumor_purity_bin=4
test	TCGA-THCA	TCGA-DJ-A3V9	7	0.005289	immune_subtype=C3|kras_mutated=0|os_status=Alive|pfs_status=CENSORED|stage=Stage IVA|tp53_mutated=0|tumor_purity_bin=4
test	TCGA-THCA	TCGA-EL-A3CT	7	0.005490	immune_subtype=C3|kras_mutated=0|os_status=Dead|pfs_status=CENSORED|stage=Stage IVA|tp53_mutated=0|tumor_purity_bin=4
test	TCGA-THCA	TCGA-EL-A3T9	7	0.009930	immune_subtype=C6|kras_mutated=0|os_status=Dead|pfs_status=PROGRESSION|stage=Stage IV|tp53_mutated=0|tumor_purity_bin=6
test	TCGA-THYM	TCGA-4V-A9QS	5	0.009555	kras_mutated=0|os_status=Alive|pfs_status=PROGRESSION|tp53_mutated=0|tumor_purity_bin=1
test	TCGA-THYM	TCGA-4V-A9QW	5	0.001565	kras_mutated=0|os_status=Alive|pfs_status=CENSORED|tp53_mutated=0|tumor_purity_bin=4
test	TCGA-THYM	TCGA-X7-A8DC	5	0.002396	kras_mutated=0|os_status=Alive|pfs_status=CENSORED|tp53_mutated=0|tumor_purity_bin=2
test	TCGA-THYM	TCGA-XM-AAZ2	5	0.002396	kras_mutated=0|os_status=Alive|pfs_status=CENSORED|tp53_mutated=0|tumor_purity_bin=2
test	TCGA-UCEC	TCGA-BG-A0M8	3	1.001095	os_status=Alive|stage=Stage IC|tumor_purity_bin=4
test	TCGA-UCEC	TCGA-D1-A16O	7	0.006615	immune_subtype=C3|kras_mutated=1|os_status=Alive|pfs_status=CENSORED|tp53_mutated=0|tumor_grade=G1|tumor_purity_bin=8
test	TCGA-UCEC	TCGA-D1-A1NS	7	0.006652	immune_subtype=C1|kras_mutated=1|os_status=Alive|pfs_status=CENSORED|tp53_mutated=0|tumor_grade=G1|tumor_purity_bin=5
test	TCGA-UCEC	TCGA-EY-A1GD	7	0.006621	immune_subtype=C1|kras_mutated=1|os_status=Alive|pfs_status=CENSORED|tp53_mutated=0|tumor_grade=G1|tumor_purity_bin=8
test	TCGA-UCS	TCGA-N5-A4RM	6	0.002773	immune_subtype=C1|kras_mutated=0|os_status=Dead|pfs_status=PROGRESSION|tp53_mutated=1|tumor_purity_bin=9
test	TCGA-UCS	TCGA-N5-A4RV	6	0.002408	immune_subtype=C1|kras_mutated=0|os_status=Alive|pfs_status=CENSORED|tp53_mutated=1|tumor_purity_bin=9
test	TCGA-UCS	TCGA-NA-A4R0	6	0.003344	immune_subtype=C2|kras_mutated=0|os_status=Dead|pfs_status=PROGRESSION|tp53_mutated=1|tumor_purity_bin=2
test	TCGA-UCS	TCGA-ND-A4W6	6	0.002520	immune_subtype=C1|kras_mutated=0|os_status=Dead|pfs_status=PROGRESSION|tp53_mutated=1|tumor_purity_bin=4
test	TCGA-UVM	TCGA-V4-A9ET	7	0.006554	immune_subtype=C4|kras_mutated=0|os_status=Alive|pfs_status=CENSORED|stage=Stage IIIB|tp53_mutated=0|tumor_purity_bin=9
test	TCGA-UVM	TCGA-V4-A9EU	7	0.007099	immune_subtype=C3|kras_mutated=0|os_status=Alive|pfs_status=PROGRESSION|stage=Stage IIIC|tp53_mutated=0|tumor_purity_bin=9
test	TCGA-UVM	TCGA-VD-AA8R	7	0.006075	immune_subtype=C5|kras_mutated=0|os_status=Alive|pfs_status=CENSORED|stage=Stage IIB|tp53_mutated=0|tumor_purity_bin=9
test	TCGA-UVM	TCGA-WC-A884	7	0.005546	immune_subtype=C3|kras_mutated=0|os_status=Alive|pfs_status=CENSORED|stage=Stage IIIB|tp53_mutated=0|tumor_purity_bin=8
train	TCGA-ACC	TCGA-OR-A5J1	7	0.004924	immune_subtype=C4|kras_mutated=0|os_status=Dead|pfs_status=PROGRESSION|stage=Stage II|tp53_mutated=0|tumor_purity_bin=9
train	TCGA-ACC	TCGA-OR-A5J2	7	0.004694	immune_subtype=C3|kras_mutated=0|os_status=Dead|pfs_status=PROGRESSION|stage=Stage IV|tp53_mutated=1|tumor_purity_bin=8
train	TCGA-ACC	TCGA-OR-A5J3	7	0.004579	immune_subtype=C4|kras_mutated=0|os_status=Alive|pfs_status=PROGRESSION|stage=Stage III|tp53_mutated=0|tumor_purity_bin=9
train	TCGA-ACC	TCGA-OR-A5J5	7	0.004919	immune_subtype=C4|kras_mutated=0|os_status=Dead|pfs_status=PROGRESSION|stage=Stage III|tp53_mutated=1|tumor_purity_bin=9
train	TCGA-ACC	TCGA-OR-A5J6	7	0.004050	immune_subtype=C4|kras_mutated=0|os_status=Alive|pfs_status=CENSORED|stage=Stage II|tp53_mutated=0|tumor_purity_bin=6
train	TCGA-ACC	TCGA-OR-A5J8	7	0.009283	immune_subtype=C6|kras_mutated=0|os_status=Dead|pfs_status=PROGRESSION|stage=Stage III|tp53_mutated=1|tumor_purity_bin=7
train	TCGA-ACC	TCGA-OR-A5J9	7	0.003714	immune_subtype=C3|kras_mutated=0|os_status=Alive|pfs_status=PROGRESSION|stage=Stage II|tp53_mutated=0|tumor_purity_bin=8
train	TCGA-ACC	TCGA-OR-A5JA	7	0.005189	immune_subtype=C4|kras_mutated=0|os_status=Dead|pfs_status=PROGRESSION|stage=Stage IV|tp53_mutated=1|tumor_purity_bin=7
train	TCGA-ACC	TCGA-OR-A5JB	7	0.004465	immune_subtype=C2|kras_mutated=0|os_status=Dead|pfs_status=CENSORED|stage=Stage IV|tp53_mutated=1|tumor_purity_bin=7
train	TCGA-ACC	TCGA-OR-A5JD	7	0.004047	immune_subtype=C4|kras_mutated=0|os_status=Alive|pfs_status=CENSORED|stage=Stage II|tp53_mutated=0|tumor_purity_bin=7
train	TCGA-ACC	TCGA-OR-A5JF	7	0.004112	immune_subtype=C4|kras_mutated=0|os_status=Alive|pfs_status=CENSORED|stage=Stage II|tp53_mutated=0|tumor_purity_bin=8
train	TCGA-ACC	TCGA-OR-A5JG	7	0.005189	immune_subtype=C4|kras_mutated=0|os_status=Dead|pfs_status=PROGRESSION|stage=Stage IV|tp53_mutated=1|tumor_purity_bin=7
train	TCGA-ACC	TCGA-OR-A5JI	7	0.002597	immune_subtype=C3|kras_mutated=0|os_status=Alive|pfs_status=CENSORED|stage=Stage I|tp53_mutated=0|tumor_purity_bin=6
train	TCGA-ACC	TCGA-OR-A5JK	7	0.004125	immune_subtype=C3|kras_mutated=0|os_status=Alive|pfs_status=CENSORED|stage=Stage IV|tp53_mutated=0|tumor_purity_bin=7
train	TCGA-ACC	TCGA-OR-A5JM	7	0.005563	immune_subtype=C4|kras_mutated=0|os_status=Dead|pfs_status=PROGRESSION|stage=Stage IV|tp53_mutated=0|tumor_purity_bin=9
train	TCGA-ACC	TCGA-OR-A5JP	7	0.004251	immune_subtype=C4|kras_mutated=0|os_status=Alive|pfs_status=CENSORED|stage=Stage II|tp53_mutated=1|tumor_purity_bin=8
train	TCGA-ACC	TCGA-OR-A5JS	7	0.004275	immune_subtype=C4|kras_mutated=0|os_status=Alive|pfs_status=PROGRESSION|stage=Stage II|tp53_mutated=0|tumor_purity_bin=8
train	TCGA-ACC	TCGA-OR-A5JT	7	0.004112	immune_subtype=C4|kras_mutated=0|os_status=Alive|pfs_status=CENSORED|stage=Stage II|tp53_mutated=0|tumor_purity_bin=8
train	TCGA-ACC	TCGA-OR-A5JV	7	0.006181	immune_subtype=C5|kras_mutated=0|os_status=Alive|pfs_status=PROGRESSION|stage=Stage II|tp53_mutated=0|tumor_purity_bin=4
train	TCGA-ACC	TCGA-OR-A5JW	7	0.004112	immune_subtype=C4|kras_mutated=0|os_status=Alive|pfs_status=CENSORED|stage=Stage II|tp53_mutated=0|tumor_purity_bin=8
train	TCGA-ACC	TCGA-OR-A5JY	7	0.005115	immune_subtype=C4|kras_mutated=0|os_status=Dead|pfs_status=PROGRESSION|stage=Stage IV|tp53_mutated=0|tumor_purity_bin=8
train	TCGA-ACC	TCGA-OR-A5K0	7	0.004722	immune_subtype=C4|kras_mutated=0|os_status=Alive|pfs_status=PROGRESSION|stage=Stage II|tp53_mutated=0|tumor_purity_bin=9
train	TCGA-ACC	TCGA-OR-A5K2	7	0.004332	immune_subtype=C4|kras_mutated=0|os_status=Dead|pfs_status=PROGRESSION|stage=Stage III|tp53_mutated=0|tumor_purity_bin=8
train	TCGA-ACC	TCGA-OR-A5K3	7	0.004559	immune_subtype=C4|kras_mutated=0|os_status=Alive|pfs_status=CENSORED|stage=Stage II|tp53_mutated=0|tumor_purity_bin=9
train	TCGA-ACC	TCGA-OR-A5K4	7	0.004555	immune_subtype=C4|kras_mutated=0|os_status=Alive|pfs_status=CENSORED|stage=Stage III|tp53_mutated=1|tumor_purity_bin=9
train	TCGA-ACC	TCGA-OR-A5K6	7	0.004722	immune_subtype=C4|kras_mutated=0|os_status=Alive|pfs_status=PROGRESSION|stage=Stage II|tp53_mutated=0|tumor_purity_bin=9
train	TCGA-ACC	TCGA-OR-A5K8	7	0.003999	immune_subtype=C3|kras_mutated=0|os_status=Alive|pfs_status=CENSORED|stage=Stage II|tp53_mutated=0|tumor_purity_bin=9
train	TCGA-ACC	TCGA-OR-A5K9	7	0.004924	immune_subtype=C4|kras_mutated=0|os_status=Dead|pfs_status=PROGRESSION|stage=Stage II|tp53_mutated=0|tumor_purity_bin=9
train	TCGA-ACC	TCGA-OR-A5LK	7	0.003582	immune_subtype=C3|kras_mutated=0|os_status=Alive|pfs_status=CENSORED|stage=Stage II|tp53_mutated=0|tumor_purity_bin=5
train	TCGA-ACC	TCGA-OR-A5LL	7	0.006122	immune_subtype=C5|kras_mutated=0|os_status=Dead|pfs_status=PROGRESSION|stage=Stage II|tp53_mutated=0|tumor_purity_bin=7
train	TCGA-ACC	TCGA-OR-A5LM	7	0.004047	immune_subtype=C4|kras_mutated=0|os_status=Alive|pfs_status=CENSORED|stage=Stage II|tp53_mutated=0|tumor_purity_bin=7
train	TCGA-ACC	TCGA-OR-A5LO	7	0.003916	immune_subtype=C3|kras_mutated=0|os_status=Dead|pfs_status=PROGRESSION|stage=Stage II|tp53_mutated=0|tumor_purity_bin=8
train	TCGA-ACC	TCGA-OR-A5LS	7	0.004112	immune_subtype=C4|kras_mutated=0|os_status=Alive|pfs_status=CENSORED|stage=Stage II|tp53_mutated=0|tumor_purity_bin=8
train	TCGA-ACC	TCGA-OR-A5LT	7	0.004415	immune_subtype=C4|kras_mutated=0|os_status=Alive|pfs_status=CENSORED|stage=Stage III|tp53_mutated=0|tumor_purity_bin=9
train	TCGA-ACC	TCGA-OU-A5PI	7	0.004914	immune_subtype=C4|kras_mutated=0|os_status=Alive|pfs_status=PROGRESSION|stage=Stage IV|tp53_mutated=0|tumor_purity_bin=8
train	TCGA-ACC	TCGA-P6-A5OG	2	0.001599	os_status=Dead|tumor_purity_bin=3
train	TCGA-BLCA	TCGA-BT-A20O	8	0.014613	immune_subtype=C2|kras_mutated=0|os_status=Dead|pfs_status=PROGRESSION|stage=Stage III|tp53_mutated=1|tumor_grade=HIGH GRADE|tumor_purity_bin=1
train	TCGA-BLCA	TCGA-BT-A3PJ	8	0.006872	immune_subtype=C2|kras_mutated=0|os_status=Alive|pfs_status=CENSORED|stage=Stage IIIA|tp53_mutated=1|tumor_grade=HIGH GRADE|tumor_purity_bin=5
train	TCGA-BLCA	TCGA-CF-A3MF	8	0.050961	immune_subtype=C3|kras_mutated=0|os_status=Alive|pfs_status=CENSORED|stage=Stage III|tp53_mutated=0|tumor_grade=LOW GRADE|tumor_purity_bin=7
train	TCGA-BLCA	TCGA-CF-A3MG	8	0.051177	immune_subtype=C1|kras_mutated=0|os_status=Alive|pfs_status=CENSORED|stage=Stage II|tp53_mutated=0|tumor_grade=LOW GRADE|tumor_purity_bin=8
train	TCGA-BLCA	TCGA-CF-A3MH	8	0.051177	immune_subtype=C1|kras_mutated=0|os_status=Alive|pfs_status=CENSORED|stage=Stage II|tp53_mutated=0|tumor_grade=LOW GRADE|tumor_purity_bin=8
train	TCGA-BLCA	TCGA-CF-A3MI	8	0.051105	immune_subtype=C3|kras_mutated=0|os_status=Alive|pfs_status=CENSORED|stage=Stage II|tp53_mutated=0|tumor_grade=LOW GRADE|tumor_purity_bin=7
train	TCGA-BLCA	TCGA-CF-A47S	8	0.051669	immune_subtype=C4|kras_mutated=0|os_status=Alive|pfs_status=CENSORED|stage=Stage II|tp53_mutated=0|tumor_grade=LOW GRADE|tumor_purity_bin=6
train	TCGA-BLCA	TCGA-CF-A47T	8	0.051989	immune_subtype=C1|kras_mutated=0|os_status=Dead|pfs_status=PROGRESSION|stage=Stage II|tp53_mutated=0|tumor_grade=LOW GRADE|tumor_purity_bin=9
train	TCGA-BLCA	TCGA-CF-A47W	8	0.052178	immune_subtype=C4|kras_mutated=0|os_status=Alive|pfs_status=CENSORED|stage=Stage II|tp53_mutated=0|tumor_grade=LOW GRADE|tumor_purity_bin=9
train	TCGA-BLCA	TCGA-CF-A47X	8	0.053070	immune_subtype=C4|kras_mutated=1|os_status=Alive|pfs_status=CENSORED|stage=Stage II|tp53_mutated=0|tumor_grade=LOW GRADE|tumor_purity_bin=8
train	TCGA-BLCA	TCGA-CF-A47Y	8	0.051757	immune_subtype=C3|kras_mutated=0|os_status=Alive|pfs_status=CENSORED|stage=Stage II|tp53_mutated=1|tumor_grade=LOW GRADE|tumor_purity_bin=9
train	TCGA-BLCA	TCGA-CF-A5U8	8	0.052317	immune_subtype=C4|kras_mutated=0|os_status=Alive|pfs_status=CENSORED|stage=Stage II|tp53_mutated=1|tumor_grade=LOW GRADE|tumor_purity_bin=9
train	TCGA-BLCA	TCGA-CF-A5UA	8	0.052964	immune_subtype=C1|kras_mutated=1|os_status=Alive|pfs_status=CENSORED|stage=Stage II|tp53_mutated=0|tumor_grade=LOW GRADE|tumor_purity_bin=9
train	TCGA-BLCA	TCGA-CF-A7I0	8	0.051115	immune_subtype=C1|kras_mutated=0|os_status=Alive|pfs_status=CENSORED|stage=Stage II|tp53_mutated=0|tumor_grade=LOW GRADE|tumor_purity_bin=6
train	TCGA-BLCA	TCGA-CF-A9FH	8	0.051617	immune_subtype=C2|kras_mutated=0|os_status=Alive|pfs_status=CENSORED|stage=Stage II|tp53_mutated=0|tumor_grade=LOW GRADE|tumor_purity_bin=9
train	TCGA-BLCA	TCGA-DK-A1AF	8	0.015063	immune_subtype=C1|kras_mutated=0|os_status=Alive|pfs_status=PROGRESSION|stage=Stage IV|tp53_mutated=0|tumor_grade=HIGH GRADE|tumor_purity_bin=1
train	TCGA-BLCA	TCGA-E7-A3X6	8	0.051469	immune_subtype=C2|kras_mutated=0|os_status=Dead|pfs_status=PROGRESSION|stage=Stage II|tp53_mutated=0|tumor_grade=LOW GRADE|tumor_purity_bin=7
train	TCGA-BLCA	TCGA-E7-A3Y1	8	0.051170	immune_subtype=C3|kras_mutated=0|os_status=Alive|pfs_status=CENSORED|stage=Stage II|tp53_mutated=0|tumor_grade=LOW GRADE|tumor_purity_bin=8
train	TCGA-BLCA	TCGA-E7-A5KF	8	0.052178	immune_subtype=C4|kras_mutated=0|os_status=Alive|pfs_status=CENSORED|stage=Stage II|tp53_mutated=0|tumor_grade=LOW GRADE|tumor_purity_bin=9
train	TCGA-BLCA	TCGA-E7-A677	8	0.051177	immune_subtype=C1|kras_mutated=0|os_status=Alive|pfs_status=CENSORED|stage=Stage II|tp53_mutated=0|tumor_grade=LOW GRADE|tumor_purity_bin=8
train	TCGA-BLCA	TCGA-E7-A678	8	0.052034	immune_subtype=C4|kras_mutated=0|os_status=Alive|pfs_status=CENSORED|stage=Stage III|tp53_mutated=0|tumor_grade=LOW GRADE|tumor_purity_bin=9
train	TCGA-BLCA	TCGA-E7-A6MF	8	0.051170	immune_subtype=C3|kras_mutated=0|os_status=Alive|pfs_status=CENSORED|stage=Stage II|tp53_mutated=0|tumor_grade=LOW GRADE|tumor_purity_bin=8
train	TCGA-BLCA	TCGA-E7-A7DU	8	0.056602	immune_subtype=C6|kras_mutated=0|os_status=Alive|pfs_status=CENSORED|stage=Stage III|tp53_mutated=1|tumor_grade=LOW GRADE|tumor_purity_bin=8
train	TCGA-BLCA	TCGA-E7-A7DV	8	0.006537	immune_subtype=C4|kras_mutated=0|os_status=Alive|pfs_status=CENSORED|stage=Stage I|tp53_mutated=1|tumor_grade=HIGH GRADE|tumor_purity_bin=3
train	TCGA-BLCA	TCGA-E7-A8O7	8	0.051731	immune_subtype=C4|kras_mutated=0|os_status=Alive|pfs_status=CENSORED|stage=Stage II|tp53_mutated=0|tumor_grade=LOW GRADE|tumor_purity_bin=8
train	TCGA-BLCA	TCGA-FD-A5BX	8	0.009166	immune_subtype=C4|kras_mutated=1|os_status=Dead|pfs_status=PROGRESSION|stage=Stage IV|tp53_mutated=0|tumor_grade=HIGH GRADE|tumor_purity_bin=5
train	TCGA-BLCA	TCGA-FD-A62P	8	0.015264	immune_subtype=C1|kras_mutated=0|os_status=Dead|pfs_status=PROGRESSION|stage=Stage IV|tp53_mutated=0|tumor_grade=HIGH GRADE|tumor_purity_bin=1
train	TCGA-BLCA	TCGA-FJ-A3ZF	8	0.337975	immune_subtype=C1|kras_mutated=0|os_status=Alive|pfs_status=CENSORED|stage=Stage 0a|tp53_mutated=1|tumor_grade=HIGH GRADE|tumor_purity_bin=8
train	TCGA-BLCA	TCGA-G2-AA3C	8	0.009166	immune_subtype=C4|kras_mutated=1|os_status=Dead|pfs_status=PROGRESSION|stage=Stage IV|tp53_mutated=0|tumor_grade=HIGH GRADE|tumor_purity_bin=5
train	TCGA-BLCA	TCGA-HQ-A2OE	7	1.001822	immune_subtype=C1|kras_mutated=0|os_status=Alive|pfs_status=CENSORED|tp53_mutated=0|tumor_grade=UNKNOWN|tumor_purity_bin=8
train	TCGA-BLCA	TCGA-K4-A83P	7	0.203603	immune_subtype=C2|kras_mutated=0|os_status=Alive|pfs_status=PROGRESSION|stage=Stage IV|tp53_mutated=0|tumor_purity_bin=0
train	TCGA-BLCA	TCGA-SY-A9G0	8	0.014260	immune_subtype=C3|kras_mutated=0|os_status=Dead|pfs_status=CENSORED|stage=Stage IIB|tp53_mutated=0|tumor_grade=HIGH GRADE|tumor_purity_bin=1
train	TCGA-BLCA	TCGA-UY-A9PA	8	0.014249	immune_subtype=C2|kras_mutated=0|os_status=Alive|pfs_status=CENSORED|stage=Stage III|tp53_mutated=1|tumor_grade=HIGH GRADE|tumor_purity_bin=1
train	TCGA-BLCA	TCGA-XF-A8HB	8	0.012116	immune_subtype=C6|kras_mutated=0|os_status=Alive|pfs_status=CENSORED|stage=Stage II|tp53_mutated=0|tumor_grade=HIGH GRADE|tumor_purity_bin=9
train	TCGA-BLCA	TCGA-XF-A9SU	8	0.009608	immune_subtype=C1|kras_mutated=1|os_status=Dead|pfs_status=PROGRESSION|stage=Stage IV|tp53_mutated=0|tumor_grade=HIGH GRADE|tumor_purity_bin=2
train	TCGA-BLCA	TCGA-XF-AAN8	8	0.011757	immune_subtype=C6|kras_mutated=0|os_status=Dead|pfs_status=CENSORED|stage=Stage III|tp53_mutated=0|tumor_grade=HIGH GRADE|tumor_purity_bin=5
train	TCGA-BRCA_IDC	TCGA-A2-A0CL	8	0.042486	immune_subtype=C2|kras_mutated=0|os_status=Alive|pam50_subtype=Normal|pfs_status=CENSORED|stage=Stage IIIA|tp53_mutated=1|tumor_purity_bin=1
train	TCGA-BRCA_IDC	TCGA-A2-A0T1	8	0.027989	immune_subtype=C1|kras_mutated=0|os_status=Alive|pam50_subtype=Her2|pfs_status=CENSORED|stage=Stage IIIC|tp53_mutated=1|tumor_purity_bin=1
train	TCGA-BRCA_IDC	TCGA-A2-A0T3	8	0.009859	immune_subtype=C1|kras_mutated=0|os_status=Alive|pam50_subtype=LumB|pfs_status=CENSORED|stage=Stage IB|tp53_mutated=1|tumor_purity_bin=5
train	TCGA-BRCA_IDC	TCGA-A2-A3XW	7	0.032908	immune_subtype=C2|kras_mutated=0|os_status=Alive|pam50_subtype=Normal|pfs_status=CENSORED|stage=Stage IIB|tp53_mutated=0
train	TCGA-BRCA_IDC	TCGA-A8-A06N	8	0.011235	immune_subtype=C4|kras_mutated=0|os_status=Alive|pam50_subtype=LumB|pfs_status=CENSORED|stage=Stage IIIB|tp53_mutated=0|tumor_purity_bin=8
train	TCGA-BRCA_IDC	TCGA-A8-A07E	8	0.087295	immune_subtype=C1|kras_mutated=0|os_status=Alive|pam50_subtype=LumA|pfs_status=CENSORED|stage=Stage X|tp53_mutated=0|tumor_purity_bin=5
train	TCGA-BRCA_IDC	TCGA-A8-A099	8	0.087258	immune_subtype=C3|kras_mutated=0|os_status=Alive|pam50_subtype=LumA|pfs_status=CENSORED|stage=Stage X|tp53_mutated=0|tumor_purity_bin=8
train	TCGA-BRCA_IDC	TCGA-A8-A09A	8	0.087756	immune_subtype=C3|kras_mutated=0|os_status=Alive|pam50_subtype=LumA|pfs_status=CENSORED|stage=Stage X|tp53_mutated=0|tumor_purity_bin=3
train	TCGA-BRCA_IDC	TCGA-A8-A09C	8	0.090283	immune_subtype=C1|kras_mutated=0|os_status=Alive|pam50_subtype=LumB|pfs_status=CENSORED|stage=Stage X|tp53_mutated=0|tumor_purity_bin=8
train	TCGA-BRCA_IDC	TCGA-AO-A03T	8	0.033689	immune_subtype=C2|kras_mutated=0|os_status=Alive|pam50_subtype=Normal|pfs_status=CENSORED|stage=Stage IIB|tp53_mutated=0|tumor_purity_bin=5
train	TCGA-BRCA_IDC	TCGA-AO-A0JB	8	0.034406	immune_subtype=C1|kras_mutated=0|os_status=Alive|pam50_subtype=Normal|pfs_status=CENSORED|stage=Stage IIIA|tp53_mutated=1|tumor_purity_bin=7
train	TCGA-BRCA_IDC	TCGA-AR-A1AO	8	0.033365	immune_subtype=C2|kras_mutated=0|os_status=Alive|pam50_subtype=Normal|pfs_status=CENSORED|stage=Stage IIA|tp53_mutated=0|tumor_purity_bin=6
train	TCGA-BRCA_IDC	TCGA-AR-A1AS	8	0.007440	immune_subtype=C4|kras_mutated=1|os_status=Alive|pam50_subtype=LumA|pfs_status=CENSORED|stage=Stage IIB|tp53_mutated=1|tumor_purity_bin=7
train	TCGA-BRCA_IDC	TCGA-AR-A252	8	0.204017	immune_subtype=C2|kras_mutated=0|os_status=Alive|pam50_subtype=LumA|pfs_status=CENSORED|stage=Stage I|tp53_mutated=0|tumor_purity_bin=0
train	TCGA-BRCA_IDC	TCGA-AR-A254	8	0.023127	immune_subtype=C6|kras_mutated=0|os_status=Alive|pam50_subtype=Her2|pfs_status=CENSORED|stage=Stage IIIA|tp53_mutated=1|tumor_purity_bin=4
train	TCGA-BRCA_IDC	TCGA-B6-A0IC	8	0.087907	immune_subtype=C3|kras_mutated=0|os_status=Dead|pam50_subtype=LumA|pfs_status=CENSORED|stage=Stage X|tp53_mutated=0|tumor_purity_bin=9
train	TCGA-BRCA_IDC	TCGA-B6-A0IN	8	0.090678	immune_subtype=C1|kras_mutated=0|os_status=Dead|pam50_subtype=LumB|pfs_status=PROGRESSION|stage=Stage X|tp53_mutated=0|tumor_purity_bin=5
train	TCGA-BRCA_IDC	TCGA-B6-A0RE	8	0.091293	immune_subtype=C1|kras_mutated=0|os_status=Alive|pam50_subtype=Basal|pfs_status=CENSORED|stage=Stage X|tp53_mutated=1|tumor_purity_bin=6
train	TCGA-BRCA_IDC	TCGA-B6-A0RM	8	0.087459	immune_subtype=C3|kras_mutated=0|os_status=Dead|pam50_subtype=LumA|pfs_status=CENSORED|stage=Stage X|tp53_mutated=0|tumor_purity_bin=8
train	TCGA-BRCA_IDC	TCGA-B6-A0WS	8	0.087489	immune_subtype=C2|kras_mutated=0|os_status=Dead|pam50_subtype=LumA|pfs_status=CENSORED|stage=Stage X|tp53_mutated=0|tumor_purity_bin=5
train	TCGA-BRCA_IDC	TCGA-B6-A0WW	8	0.090575	immune_subtype=C2|kras_mutated=0|os_status=Dead|pam50_subtype=LumB|pfs_status=PROGRESSION|stage=Stage X|tp53_mutated=0|tumor_purity_bin=7
train	TCGA-BRCA_IDC	TCGA-B6-A0X7	8	0.087652	immune_subtype=C2|kras_mutated=0|os_status=Dead|pam50_subtype=LumA|pfs_status=PROGRESSION|stage=Stage X|tp53_mutated=0|tumor_purity_bin=5
train	TCGA-BRCA_IDC	TCGA-BH-A1F0	8	0.017709	immune_subtype=C2|kras_mutated=0|os_status=Dead|pam50_subtype=Basal|pfs_status=PROGRESSION|stage=Stage IIA|tp53_mutated=1|tumor_purity_bin=1
train	TCGA-BRCA_IDC	TCGA-BH-A1FU	8	0.036511	immune_subtype=C1|kras_mutated=0|os_status=Dead|pam50_subtype=Normal|pfs_status=PROGRESSION|stage=Stage IA|tp53_mutated=1|tumor_purity_bin=2
train	TCGA-BRCA_IDC	TCGA-BH-A208	8	0.034504	immune_subtype=C1|kras_mutated=0|os_status=Dead|pam50_subtype=Normal|pfs_status=CENSORED|stage=Stage IIB|tp53_mutated=1|tumor_purity_bin=3
train	TCGA-BRCA_IDC	TCGA-D8-A1X5	8	0.011786	immune_subtype=C3|kras_mutated=0|os_status=Alive|pam50_subtype=LumB|pfs_status=CENSORED|stage=Stage IIIC|tp53_mutated=1|tumor_purity_bin=5
train	TCGA-BRCA_IDC	TCGA-E2-A108	8	0.035491	immune_subtype=C3|kras_mutated=0|os_status=Alive|pam50_subtype=Normal|pfs_status=CENSORED|stage=Stage IIIA|tp53_mutated=1|tumor_purity_bin=2
train	TCGA-BRCA_IDC	TCGA-EW-A1P1	8	0.037598	immune_subtype=C1|kras_mutated=0|os_status=Alive|pam50_subtype=Normal|pfs_status=PROGRESSION|stage=Stage IIIC|tp53_mutated=1|tumor_purity_bin=3
train	TCGA-BRCA_IDC	TCGA-EW-A1P7	8	0.034616	immune_subtype=C3|kras_mutated=0|os_status=Alive|pam50_subtype=Normal|pfs_status=PROGRESSION|stage=Stage IIA|tp53_mutated=0|tumor_purity_bin=2
train	TCGA-BRCA_IDC	TCGA-EW-A6SB	8	0.010776	immune_subtype=C2|kras_mutated=0|os_status=Alive|pam50_subtype=Basal|pfs_status=CENSORED|stage=Stage II|tp53_mutated=1|tumor_purity_bin=2
train	TCGA-BRCA_IDC	TCGA-GM-A2DD	8	0.033598	immune_subtype=C2|kras_mutated=0|os_status=Alive|pam50_subtype=Normal|pfs_status=CENSORED|stage=Stage I|tp53_mutated=1|tumor_purity_bin=3
train	TCGA-BRCA_IDC	TCGA-LD-A9QF	7	0.034224	immune_subtype=C2|kras_mutated=0|os_status=Alive|pam50_subtype=Normal|pfs_status=CENSORED|stage=Stage IA|tp53_mutated=0
train	TCGA-BRCA_IDC	TCGA-LL-A73Z	8	0.035883	immune_subtype=C2|kras_mutated=0|os_status=Dead|pam50_subtype=Normal|pfs_status=PROGRESSION|stage=Stage IV|tp53_mutated=0|tumor_purity_bin=2
train	TCGA-BRCA_IDC	TCGA-OL-A5D6	8	0.033804	immune_subtype=C1|kras_mutated=0|os_status=Dead|pam50_subtype=Normal|pfs_status=CENSORED|stage=Stage IIA|tp53_mutated=1|tumor_purity_bin=5
train	TCGA-BRCA_IDC	TCGA-PL-A8LY	8	0.033604	immune_subtype=C1|kras_mutated=0|os_status=Alive|pam50_subtype=Normal|pfs_status=CENSORED|stage=Stage IIB|tp53_mutated=0|tumor_purity_bin=6
train	TCGA-BRCA_IDC	TCGA-S3-AA17	8	0.090774	immune_subtype=C2|kras_mutated=0|os_status=Alive|pam50_subtype=LumB|pfs_status=CENSORED|stage=Stage 0|tp53_mutated=0|tumor_purity_bin=3
train	TCGA-BRCA_OTHERS	TCGA-A1-A0SB	8	0.032903	immune_subtype=C1|kras_mutated=0|os_status=Alive|pam50_subtype=Normal|pfs_status=CENSORED|stage=Stage I|tp53_mutated=0|tumor_purity_bin=7
train	TCGA-BRCA_OTHERS	TCGA-A2-A0YK	8	0.033622	immune_subtype=C3|kras_mutated=0|os_status=Alive|pam50_subtype=Normal|pfs_status=CENSORED|stage=Stage IIA|tp53_mutated=0|tumor_purity_bin=4
train	TCGA-BRCA_OTHERS	TCGA-A2-A25A	8	0.115956	immune_subtype=C1|kras_mutated=0|os_status=Alive|pam50_subtype=Normal|pfs_status=CENSORED|stage=Stage 0|tp53_mutated=0|tumor_purity_bin=3
train	TCGA-BRCA_OTHERS	TCGA-A2-A4S1	8	0.014956	immune_subtype=C6|kras_mutated=0|os_status=Alive|pam50_subtype=Basal|pfs_status=CENSORED|stage=Stage IIA|tp53_mutated=1|tumor_purity_bin=4
train	TCGA-BRCA_OTHERS	TCGA-A8-A08J	8	0.017826	immune_subtype=C2|kras_mutated=0|os_status=Dead|pam50_subtype=Her2|pfs_status=PROGRESSION|stage=Stage IV|tp53_mutated=0|tumor_purity_bin=6
train	TCGA-BRCA_OTHERS	TCGA-A8-A09T	8	0.087757	immune_subtype=C4|kras_mutated=0|os_status=Alive|pam50_subtype=LumA|pfs_status=CENSORED|stage=Stage X|tp53_mutated=0|tumor_purity_bin=6
train	TCGA-BRCA_OTHERS	TCGA-A8-A09X	8	0.020659	immune_subtype=C2|kras_mutated=0|os_status=Dead|pam50_subtype=Her2|pfs_status=CENSORED|stage=Stage IIIC|tp53_mutated=1|tumor_purity_bin=3
train	TCGA-BRCA_OTHERS	TCGA-A8-A09Z	8	0.008484	immune_subtype=C3|kras_mutated=0|os_status=Alive|pam50_subtype=LumB|pfs_status=CENSORED|stage=Stage IIB|tp53_mutated=0|tumor_purity_bin=8
train	TCGA-BRCA_OTHERS	TCGA-A8-A0A7	8	0.017715	immune_subtype=C2|kras_mutated=0|os_status=Alive|pam50_subtype=Her2|pfs_status=CENSORED|stage=Stage IIB|tp53_mutated=0|tumor_purity_bin=2
train	TCGA-BRCA_OTHERS	TCGA-AC-A2FE	7	0.012787	immune_subtype=C6|kras_mutated=0|os_status=Dead|pfs_status=PROGRESSION|stage=Stage IIIC|tp53_mutated=0|tumor_purity_bin=3
train	TCGA-BRCA_OTHERS	TCGA-AC-A3W5	8	0.016659	immune_subtype=C1|kras_mutated=0|os_status=Alive|pam50_subtype=Her2|pfs_status=CENSORED|stage=Stage IIA|tp53_mutated=0|tumor_purity_bin=4
train	TCGA-BRCA_OTHERS	TCGA-AC-A3YI	8	0.037245	immune_subtype=C1|kras_mutated=0|os_status=Alive|pam50_subtype=Normal|pfs_status=CENSORED|stage=Stage IIIC|tp53_mutated=0|tumor_purity_bin=9
train	TCGA-BRCA_OTHERS	TCGA-AO-A1KO	7	0.032909	immune_subtype=C3|kras_mutated=0|os_status=Alive|pam50_subtype=Normal|pfs_status=CENSORED|stage=Stage IIB|tp53_mutated=0
train	TCGA-BRCA_OTHERS	TCGA-AR-A1AL	8	0.007667	immune_subtype=C3|kras_mutated=1|os_status=Alive|pam50_subtype=LumA|pfs_status=CENSORED|stage=Stage IIIA|tp53_mutated=0|tumor_purity_bin=4
train	TCGA-BRCA_OTHERS	TCGA-AR-A24T	7	0.013423	immune_subtype=C6|kras_mutated=0|os_status=Alive|pam50_subtype=LumA|pfs_status=CENSORED|stage=Stage IIIC|tp53_mutated=1
train	TCGA-BRCA_OTHERS	TCGA-AR-A2LH	8	0.035239	immune_subtype=C2|kras_mutated=0|os_status=Dead|pam50_subtype=Normal|pfs_status=PROGRESSION|stage=Stage III|tp53_mutated=1|tumor_purity_bin=2
train	TCGA-BRCA_OTHERS	TCGA-AR-A2LQ	8	0.041681	immune_subtype=C3|kras_mutated=0|os_status=Alive|pam50_subtype=Normal|pfs_status=CENSORED|stage=Stage IIB|tp53_mutated=0|tumor_purity_bin=1
train	TCGA-BRCA_OTHERS	TCGA-AR-A5QQ	8	0.011612	immune_subtype=C2|kras_mutated=0|os_status=Dead|pam50_subtype=Basal|pfs_status=PROGRESSION|stage=Stage IIIA|tp53_mutated=1|tumor_purity_bin=2
train	TCGA-BRCA_OTHERS	TCGA-B6-A0RQ	7	0.033110	immune_subtype=C3|kras_mutated=0|os_status=Dead|pam50_subtype=Normal|pfs_status=CENSORED|stage=Stage IIB|tp53_mutated=0
train	TCGA-BRCA_OTHERS	TCGA-BH-A1F2	8	0.011606	immune_subtype=C4|kras_mutated=0|os_status=Dead|pam50_subtype=LumB|pfs_status=CENSORED|stage=Stage IIIB|tp53_mutated=1|tumor_purity_bin=5
train	TCGA-BRCA_OTHERS	TCGA-BH-A42U	7	0.032677	immune_subtype=C3|kras_mutated=0|os_status=Alive|pam50_subtype=Normal|pfs_status=CENSORED|stage=Stage IIA|tp53_mutated=0
train	TCGA-BRCA_OTHERS	TCGA-C8-A8HP	8	0.018528	immune_subtype=C1|kras_mutated=0|os_status=Alive|pam50_subtype=Her2|pfs_status=CENSORED|stage=Stage IIIA|tp53_mutated=1|tumor_purity_bin=2
train	TCGA-BRCA_OTHERS	TCGA-C8-A8HR	8	0.035351	immune_subtype=C2|kras_mutated=0|os_status=Alive|pam50_subtype=Normal|pfs_status=CENSORED|stage=Stage IIIA|tp53_mutated=0|tumor_purity_bin=2
train	TCGA-BRCA_OTHERS	TCGA-D8-A4Z1	8	0.014804	immune_subtype=C3|kras_mutated=0|os_status=Alive|pam50_subtype=LumA|pfs_status=CENSORED|stage=Stage IA|tp53_mutated=0|tumor_purity_bin=1
train	TCGA-BRCA_OTHERS	TCGA-E2-A1B5	8	0.013255	immune_subtype=C2|kras_mutated=0|os_status=Alive|pam50_subtype=LumA|pfs_status=CENSORED|stage=Stage IIA|tp53_mutated=0|tumor_purity_bin=1
train	TCGA-BRCA_OTHERS	TCGA-E9-A1N4	8	0.011508	immune_subtype=C6|kras_mutated=0|os_status=Alive|pam50_subtype=LumA|pfs_status=CENSORED|stage=Stage IIIA|tp53_mutated=0|tumor_purity_bin=6
train	TCGA-BRCA_OTHERS	TCGA-E9-A2JT	8	0.011697	immune_subtype=C6|kras_mutated=0|os_status=Alive|pam50_subtype=LumA|pfs_status=CENSORED|stage=Stage IIA|tp53_mutated=0|tumor_purity_bin=2
train	TCGA-BRCA_OTHERS	TCGA-EW-A1PG	8	0.034164	immune_subtype=C1|kras_mutated=0|os_status=Alive|pam50_subtype=Normal|pfs_status=CENSORED|stage=Stage IIB|tp53_mutated=0|tumor_purity_bin=3
train	TCGA-BRCA_OTHERS	TCGA-GM-A2DO	8	0.090774	immune_subtype=C2|kras_mutated=0|os_status=Alive|pam50_subtype=LumB|pfs_status=CENSORED|stage=Stage 0|tp53_mutated=0|tumor_purity_bin=3
train	TCGA-BRCA_OTHERS	TCGA-LD-A74U	8	0.014672	immune_subtype=C6|kras_mutated=0|os_status=Alive|pam50_subtype=LumA|pfs_status=CENSORED|stage=Stage IIIC|tp53_mutated=1|tumor_purity_bin=3
train	TCGA-BRCA_OTHERS	TCGA-LL-A440	8	0.093142	immune_subtype=C6|kras_mutated=0|os_status=Alive|pam50_subtype=LumA|pfs_status=CENSORED|stage=Stage 0|tp53_mutated=0|tumor_purity_bin=9
train	TCGA-BRCA_OTHERS	TCGA-LL-A9Q3	8	0.008635	immune_subtype=C1|kras_mutated=0|os_status=Alive|pam50_subtype=LumA|pfs_status=CENSORED|stage=Stage IIIC|tp53_mutated=0|tumor_purity_bin=5
train	TCGA-BRCA_OTHERS	TCGA-OK-A5Q2	8	0.006159	immune_subtype=C3|kras_mutated=0|os_status=Alive|pam50_subtype=LumA|pfs_status=CENSORED|stage=Stage II|tp53_mutated=0|tumor_purity_bin=3
train	TCGA-BRCA_OTHERS	TCGA-OL-A66H	8	0.006602	immune_subtype=C2|kras_mutated=0|os_status=Alive|pam50_subtype=LumA|pfs_status=CENSORED|stage=Stage IB|tp53_mutated=0|tumor_purity_bin=6
train	TCGA-BRCA_OTHERS	TCGA-OL-A97C	8	0.033767	immune_subtype=C1|kras_mutated=0|os_status=Alive|pam50_subtype=Normal|pfs_status=PROGRESSION|stage=Stage IIB|tp53_mutated=0|tumor_purity_bin=6
train	TCGA-BRCA_OTHERS	TCGA-Z7-A8R5	8	0.014324	immune_subtype=C1|kras_mutated=0|os_status=Alive|pam50_subtype=LumA|pfs_status=PROGRESSION|stage=Stage IIIA|tp53_mutated=0|tumor_purity_bin=1
train	TCGA-CESC	TCGA-BI-A20A	9	1.008346	hpv_status=HPV+|immune_subtype=C2|kras_mutated=0|os_status=Alive|pfs_status=CENSORED|stage=Stage IB1|tp53_mutated=1|tumor_grade=G3|tumor_purity_bin=4
train	TCGA-CESC	TCGA-C5-A1BF	8	0.011106	hpv_status=HPV+|immune_subtype=C1|kras_mutated=0|os_status=Dead|pfs_status=PROGRESSION|tp53_mutated=0|tumor_grade=G1|tumor_purity_bin=7
train	TCGA-CESC	TCGA-C5-A1ME	8	0.012081	hpv_status=HPV+|immune_subtype=C1|kras_mutated=1|os_status=Alive|pfs_status=CENSORED|tp53_mutated=0|tumor_grade=G1|tumor_purity_bin=7
train	TCGA-CESC	TCGA-C5-A2LS	8	0.010742	hpv_status=HPV+|immune_subtype=C1|kras_mutated=0|os_status=Alive|pfs_status=CENSORED|tp53_mutated=0|tumor_grade=G1|tumor_purity_bin=7
train	TCGA-CESC	TCGA-C5-A2M2	8	0.009240	hpv_status=HPV+|immune_subtype=C4|kras_mutated=0|os_status=Dead|pfs_status=CENSORED|tp53_mutated=0|tumor_grade=G2|tumor_purity_bin=9
train	TCGA-CESC	TCGA-DG-A2KH	7	0.020718	hpv_status=HPV+|kras_mutated=0|os_status=Alive|pfs_status=CENSORED|tp53_mutated=0|tumor_grade=GX|tumor_purity_bin=7
train	TCGA-CESC	TCGA-DG-A2KL	8	0.010837	hpv_status=HPV+|immune_subtype=C1|kras_mutated=0|os_status=Alive|pfs_status=CENSORED|tp53_mutated=0|tumor_grade=G1|tumor_purity_bin=5
train	TCGA-CESC	TCGA-DG-A2KM	8	0.016052	hpv_status=HPV+|immune_subtype=C2|kras_mutated=0|os_status=Alive|pfs_status=CENSORED|tp53_mutated=0|tumor_grade=G2|tumor_purity_bin=1
train	TCGA-CESC	TCGA-EA-A3HT	8	0.010837	hpv_status=HPV+|immune_subtype=C1|kras_mutated=0|os_status=Alive|pfs_status=CENSORED|tp53_mutated=0|tumor_grade=G1|tumor_purity_bin=5
train	TCGA-CESC	TCGA-EX-A1H6	8	0.010738	hpv_status=HPV+|immune_subtype=C2|kras_mutated=0|os_status=Alive|pfs_status=CENSORED|tp53_mutated=0|tumor_grade=G1|tumor_purity_bin=6
train	TCGA-CESC	TCGA-EX-A449	3	0.059166	os_status=Alive|stage=Stage IVB|tumor_grade=G1
train	TCGA-CESC	TCGA-FU-A3YQ	8	0.011298	hpv_status=HPV+|immune_subtype=C2|kras_mutated=0|os_status=Alive|pfs_status=CENSORED|tp53_mutated=0|tumor_grade=G1|tumor_purity_bin=3
train	TCGA-CESC	TCGA-IR-A3LH	8	0.017635	hpv_status=HPV+|immune_subtype=C2|kras_mutated=0|os_status=Alive|pfs_status=CENSORED|tp53_mutated=0|tumor_grade=G4|tumor_purity_bin=4
train	TCGA-CESC	TCGA-JW-A5VH	8	0.006776	hpv_status=HPV-|immune_subtype=C1|kras_mutated=1|os_status=Dead|pfs_status=PROGRESSION|tp53_mutated=0|tumor_grade=G2|tumor_purity_bin=7
train	TCGA-CESC	TCGA-JW-A69B	8	0.021163	hpv_status=HPV+|immune_subtype=C2|kras_mutated=0|os_status=Alive|pfs_status=CENSORED|tp53_mutated=0|tumor_grade=GX|tumor_purity_bin=7
train	TCGA-CESC	TCGA-LP-A4AW	8	0.011305	hpv_status=HPV+|immune_subtype=C1|kras_mutated=0|os_status=Alive|pfs_status=CENSORED|tp53_mutated=0|tumor_grade=G1|tumor_purity_bin=3
train	TCGA-CESC	TCGA-MA-AA3Z	7	0.015638	immune_subtype=C2|kras_mutated=0|os_status=Alive|pfs_status=CENSORED|tp53_mutated=0|tumor_grade=GX|tumor_purity_bin=7
train	TCGA-CESC	TCGA-MY-A5BD	6	0.010950	hpv_status=HPV+|immune_subtype=C1|os_status=Alive|pfs_status=CENSORED|tumor_grade=G1|tumor_purity_bin=9
train	TCGA-CESC	TCGA-MY-A5BF	8	0.010800	hpv_status=HPV+|immune_subtype=C2|kras_mutated=0|os_status=Alive|pfs_status=CENSORED|tp53_mutated=0|tumor_grade=G1|tumor_purity_bin=8
train	TCGA-CESC	TCGA-Q1-A6DW	8	0.021163	hpv_status=HPV+|immune_subtype=C2|kras_mutated=0|os_status=Alive|pfs_status=CENSORED|tp53_mutated=0|tumor_grade=GX|tumor_purity_bin=7
train	TCGA-CESC	TCGA-Q1-A73O	8	0.021259	hpv_status=HPV+|immune_subtype=C2|kras_mutated=0|os_status=Alive|pfs_status=CENSORED|tp53_mutated=0|tumor_grade=GX|tumor_purity_bin=5
train	TCGA-CESC	TCGA-Q1-A73Q	8	0.021228	hpv_status=HPV+|immune_subtype=C2|kras_mutated=0|os_status=Alive|pfs_status=CENSORED|tp53_mutated=0|tumor_grade=GX|tumor_purity_bin=8
train	TCGA-CESC	TCGA-RA-A741	8	0.021228	hpv_status=HPV+|immune_subtype=C2|kras_mutated=0|os_status=Alive|pfs_status=CENSORED|tp53_mutated=0|tumor_grade=GX|tumor_purity_bin=8
train	TCGA-CESC	TCGA-VS-A8EB	7	0.016075	immune_subtype=C1|kras_mutated=0|os_status=Dead|pfs_status=PROGRESSION|tp53_mutated=0|tumor_grade=GX|tumor_purity_bin=8
train	TCGA-CESC	TCGA-VS-A8EG	7	0.015703	immune_subtype=C2|kras_mutated=0|os_status=Alive|pfs_status=CENSORED|tp53_mutated=0|tumor_grade=GX|tumor_purity_bin=8
train	TCGA-CESC	TCGA-VS-A8EI	7	0.015898	immune_subtype=C2|kras_mutated=0|os_status=Alive|pfs_status=CENSORED|tp53_mutated=0|tumor_grade=GX|tumor_purity_bin=4
train	TCGA-CESC	TCGA-VS-A8QA	7	0.015638	immune_subtype=C2|kras_mutated=0|os_status=Alive|pfs_status=CENSORED|tp53_mutated=0|tumor_grade=GX|tumor_purity_bin=7
train	TCGA-CESC	TCGA-VS-A8QM	7	0.017094	immune_subtype=C2|kras_mutated=0|os_status=Dead|pfs_status=PROGRESSION|tp53_mutated=0|tumor_grade=GX|tumor_purity_bin=2
train	TCGA-CESC	TCGA-VS-A94Y	7	0.016010	immune_subtype=C1|kras_mutated=0|os_status=Dead|pfs_status=PROGRESSION|tp53_mutated=0|tumor_grade=GX|tumor_purity_bin=7
train	TCGA-CESC	TCGA-VS-A953	7	0.016068	immune_subtype=C2|kras_mutated=0|os_status=Dead|pfs_status=PROGRESSION|tp53_mutated=0|tumor_grade=GX|tumor_purity_bin=8
train	TCGA-CESC	TCGA-VS-A9U6	7	0.015805	immune_subtype=C2|kras_mutated=0|os_status=Alive|pfs_status=PROGRESSION|tp53_mutated=0|tumor_grade=GX|tumor_purity_bin=6
train	TCGA-CESC	TCGA-VS-A9UH	7	0.016729	immune_subtype=C2|kras_mutated=0|os_status=Alive|pfs_status=CENSORED|tp53_mutated=0|tumor_grade=GX|tumor_purity_bin=2
train	TCGA-CESC	TCGA-VS-A9UI	7	0.015843	immune_subtype=C2|kras_mutated=0|os_status=Dead|pfs_status=CENSORED|tp53_mutated=0|tumor_grade=GX|tumor_purity_bin=6
train	TCGA-CESC	TCGA-VS-A9UJ	7	0.017353	immune_subtype=C1|kras_mutated=1|os_status=Dead|pfs_status=PROGRESSION|tp53_mutated=0|tumor_grade=GX|tumor_purity_bin=6
train	TCGA-CESC	TCGA-VS-A9UR	7	0.015867	immune_subtype=C2|kras_mutated=0|os_status=Alive|pfs_status=PROGRESSION|tp53_mutated=0|tumor_grade=GX|tumor_purity_bin=8
train	TCGA-CESC	TCGA-ZJ-A8QR	7	0.015843	immune_subtype=C2|kras_mutated=0|os_status=Dead|pfs_status=CENSORED|tp53_mutated=0|tumor_grade=GX|tumor_purity_bin=6
train	TCGA-CHOL	TCGA-3X-AAV9	8	0.004740	immune_subtype=C3|kras_mutated=0|os_status=Dead|pfs_status=PROGRESSION|stage=Stage I|tp53_mutated=0|tumor_grade=G2|tumor_purity_bin=2
train	TCGA-CHOL	TCGA-3X-AAVA	8	0.004541	immune_subtype=C3|kras_mutated=0|os_status=Dead|pfs_status=PROGRESSION|stage=Stage II|tp53_mutated=0|tumor_grade=G2|tumor_purity_bin=7
train	TCGA-CHOL	TCGA-3X-AAVB	8	0.062814	immune_subtype=C1|kras_mutated=1|os_status=Alive|pfs_status=CENSORED|stage=Stage IVB|tp53_mutated=1|tumor_grade=G1|tumor_purity_bin=3
train	TCGA-CHOL	TCGA-3X-AAVC	7	0.002963	kras_mutated=0|os_status=Alive|pfs_status=CENSORED|stage=Stage I|tp53_mutated=1|tumor_grade=G3|tumor_purity_bin=6
train	TCGA-CHOL	TCGA-4G-AAZO	8	0.004901	immune_subtype=C4|kras_mutated=0|os_status=Alive|pfs_status=PROGRESSION|stage=Stage II|tp53_mutated=0|tumor_grade=G2|tumor_purity_bin=7
train	TCGA-CHOL	TCGA-4G-AAZT	8	0.003349	immune_subtype=C3|kras_mutated=0|os_status=Alive|pfs_status=CENSORED|stage=Stage I|tp53_mutated=0|tumor_grade=G2|tumor_purity_bin=8
train	TCGA-CHOL	TCGA-W5-AA2G	8	0.003361	immune_subtype=C3|kras_mutated=0|os_status=Alive|pfs_status=CENSORED|stage=Stage I|tp53_mutated=0|tumor_grade=G3|tumor_purity_bin=5
train	TCGA-CHOL	TCGA-W5-AA2H	8	0.004110	immune_subtype=C2|kras_mutated=0|os_status=Alive|pfs_status=CENSORED|stage=Stage III|tp53_mutated=0|tumor_grade=G3|tumor_purity_bin=5
train	TCGA-CHOL	TCGA-W5-AA2O	8	0.004330	immune_subtype=C4|kras_mutated=0|os_status=Dead|pfs_status=PROGRESSION|stage=Stage I|tp53_mutated=1|tumor_grade=G3|tumor_purity_bin=7
train	TCGA-CHOL	TCGA-W5-AA2Q	8	0.005250	immune_subtype=C4|kras_mutated=0|os_status=Alive|pfs_status=CENSORED|stage=Stage II|tp53_mutated=0|tumor_grade=G2|tumor_purity_bin=9
train	TCGA-CHOL	TCGA-W5-AA2R	8	0.003361	immune_subtype=C3|kras_mutated=0|os_status=Alive|pfs_status=CENSORED|stage=Stage I|tp53_mutated=0|tumor_grade=G3|tumor_purity_bin=5
train	TCGA-CHOL	TCGA-W5-AA2T	8	0.004588	immune_subtype=C3|kras_mutated=0|os_status=Dead|pfs_status=PROGRESSION|stage=Stage II|tp53_mutated=0|tumor_grade=G3|tumor_purity_bin=8
train	TCGA-CHOL	TCGA-W5-AA2U	8	0.003630	immune_subtype=C3|kras_mutated=0|os_status=Dead|pfs_status=PROGRESSION|stage=Stage I|tp53_mutated=0|tumor_grade=G3|tumor_purity_bin=7
train	TCGA-CHOL	TCGA-W5-AA2W	8	0.006691	immune_subtype=C4|kras_mutated=0|os_status=Dead|pfs_status=PROGRESSION|stage=Stage IVA|tp53_mutated=0|tumor_grade=G3|tumor_purity_bin=8
train	TCGA-CHOL	TCGA-W5-AA2X	8	0.067618	immune_subtype=C1|kras_mutated=0|os_status=Dead|pfs_status=CENSORED|stage=Stage IVB|tp53_mutated=0|tumor_grade=G4|tumor_purity_bin=6
train	TCGA-CHOL	TCGA-W5-AA2Z	8	0.009599	immune_subtype=C6|kras_mutated=0|os_status=Alive|pfs_status=CENSORED|stage=Stage II|tp53_mutated=0|tumor_grade=G3|tumor_purity_bin=6
train	TCGA-CHOL	TCGA-W5-AA30	8	0.003361	immune_subtype=C3|kras_mutated=0|os_status=Alive|pfs_status=CENSORED|stage=Stage I|tp53_mutated=0|tumor_grade=G3|tumor_purity_bin=5
train	TCGA-CHOL	TCGA-W5-AA31	8	0.003532	immune_subtype=C1|kras_mutated=0|os_status=Alive|pfs_status=CENSORED|stage=Stage I|tp53_mutated=0|tumor_grade=G3|tumor_purity_bin=4
train	TCGA-CHOL	TCGA-W5-AA33	8	0.003829	immune_subtype=C3|kras_mutated=0|os_status=Alive|pfs_status=CENSORED|stage=Stage I|tp53_mutated=0|tumor_grade=G3|tumor_purity_bin=3
train	TCGA-CHOL	TCGA-W5-AA36	8	0.005788	immune_subtype=C4|kras_mutated=0|os_status=Dead|pfs_status=PROGRESSION|stage=Stage IV|tp53_mutated=0|tumor_grade=G3|tumor_purity_bin=8
train	TCGA-CHOL	TCGA-W5-AA38	8	0.003993	immune_subtype=C4|kras_mutated=0|os_status=Alive|pfs_status=PROGRESSION|stage=Stage I|tp53_mutated=0|tumor_grade=G3|tumor_purity_bin=6
train	TCGA-CHOL	TCGA-W5-AA39	8	0.014577	immune_subtype=C4|kras_mutated=0|os_status=Dead|pfs_status=PROGRESSION|stage=Stage II|tp53_mutated=0|tumor_grade=G4|tumor_purity_bin=8
train	TCGA-CHOL	TCGA-W6-AA0S	8	0.003454	immune_subtype=C1|kras_mutated=0|os_status=Alive|pfs_status=PROGRESSION|stage=Stage I|tp53_mutated=0|tumor_grade=G2|tumor_purity_bin=7
train	TCGA-CHOL	TCGA-W6-AA0T	3	0.002433	os_status=Alive|stage=Stage III|tumor_grade=G2
train	TCGA-CHOL	TCGA-WD-A7RX	8	0.004474	immune_subtype=C3|kras_mutated=0|os_status=Dead|pfs_status=CENSORED|stage=Stage II|tp53_mutated=0|tumor_grade=G2|tumor_purity_bin=5
train	TCGA-CHOL	TCGA-YR-A95A	8	0.005181	immune_subtype=C3|kras_mutated=0|os_status=Dead|pfs_status=PROGRESSION|stage=Stage IV|tp53_mutated=0|tumor_grade=G2|tumor_purity_bin=7
train	TCGA-CHOL	TCGA-ZD-A8I3	8	0.004529	immune_subtype=C1|kras_mutated=0|os_status=Dead|pfs_status=PROGRESSION|stage=Stage II|tp53_mutated=0|tumor_grade=G3|tumor_purity_bin=7
train	TCGA-CHOL	TCGA-ZH-A8Y2	8	0.003648	immune_subtype=C3|kras_mutated=0|os_status=Dead|pfs_status=PROGRESSION|stage=Stage I|tp53_mutated=0|tumor_grade=G2|tumor_purity_bin=7
train	TCGA-CHOL	TCGA-ZH-A8Y3	3	0.002778	os_status=Dead|stage=Stage II|tumor_grade=G2
train	TCGA-CHOL	TCGA-ZH-A8Y4	8	0.004194	immune_subtype=C4|kras_mutated=0|os_status=Dead|pfs_status=PROGRESSION|stage=Stage I|tp53_mutated=0|tumor_grade=G3|tumor_purity_bin=6
train	TCGA-CHOL	TCGA-ZH-A8Y5	8	0.058206	immune_subtype=C3|kras_mutated=0|os_status=Alive|pfs_status=PROGRESSION|stage=Stage IVB|tp53_mutated=0|tumor_grade=G3|tumor_purity_bin=8
train	TCGA-CHOL	TCGA-ZH-A8Y6	8	0.003797	immune_subtype=C3|kras_mutated=0|os_status=Alive|pfs_status=CENSORED|stage=Stage I|tp53_mutated=0|tumor_grade=G2|tumor_purity_bin=9
train	TCGA-CHOL	TCGA-ZH-A8Y7	1	0.000150	os_status=Alive
train	TCGA-CHOL	TCGA-ZH-A8Y8	8	0.004890	immune_subtype=C1|kras_mutated=1|os_status=Alive|pfs_status=CENSORED|stage=Stage I|tp53_mutated=0|tumor_grade=G2|tumor_purity_bin=4
train	TCGA-CHOL	TCGA-ZU-A8S4	8	0.004728	immune_subtype=C1|kras_mutated=0|os_status=Dead|pfs_status=PROGRESSION|stage=Stage I|tp53_mutated=0|tumor_grade=G3|tumor_purity_bin=2
train	TCGA-COAD	TCGA-5M-AAT6	8	0.015848	immune_subtype=C2|kras_mutated=1|msi_status=MSI|os_status=Dead|pfs_status=PROGRESSION|stage=Stage IV|tp53_mutated=0|tumor_purity_bin=2
train	TCGA-COAD	TCGA-A6-2686	8	0.012283	immune_subtype=C2|kras_mutated=0|msi_status=MSI|os_status=Dead|pfs_status=CENSORED|stage=Stage IIA|tp53_mutated=0|tumor_purity_bin=5
train	TCGA-COAD	TCGA-A6-5662	8	0.009048	immune_subtype=C1|kras_mutated=1|msi_status=NonMSI|os_status=Alive|pfs_status=PROGRESSION|stage=Stage IVA|tp53_mutated=1|tumor_purity_bin=9
train	TCGA-COAD	TCGA-A6-6653	8	0.012933	immune_subtype=C1|kras_mutated=1|msi_status=MSI|os_status=Alive|pfs_status=CENSORED|stage=Stage I|tp53_mutated=0|tumor_purity_bin=8
train	TCGA-COAD	TCGA-A6-A565	8	0.023803	immune_subtype=C3|kras_mutated=0|msi_status=MSI|os_status=Dead|pfs_status=PROGRESSION|stage=Stage IIIC|tp53_mutated=0|tumor_purity_bin=1
train	TCGA-COAD	TCGA-AA-3715	8	0.014378	immune_subtype=C2|kras_mutated=1|msi_status=MSI|os_status=Dead|pfs_status=PROGRESSION|stage=Stage II|tp53_mutated=0|tumor_purity_bin=4
train	TCGA-COAD	TCGA-AA-3842	8	0.007465	immune_subtype=C1|kras_mutated=1|msi_status=NonMSI|os_status=Alive|pfs_status=PROGRESSION|stage=Stage IIIA|tp53_mutated=1|tumor_purity_bin=7
train	TCGA-COAD	TCGA-AA-3845	8	0.013786	immune_subtype=C2|kras_mutated=1|msi_status=MSI|os_status=Dead|pfs_status=PROGRESSION|stage=Stage IIA|tp53_mutated=0|tumor_purity_bin=5
train	TCGA-COAD	TCGA-AA-3864	8	0.013761	immune_subtype=C1|kras_mutated=1|msi_status=MSI|os_status=Alive|pfs_status=CENSORED|stage=Stage II|tp53_mutated=0|tumor_purity_bin=7
train	TCGA-COAD	TCGA-AA-3947	8	0.012780	immune_subtype=C4|kras_mutated=0|msi_status=MSI|os_status=Alive|pfs_status=CENSORED|stage=Stage IIB|tp53_mutated=0|tumor_purity_bin=7
train	TCGA-COAD	TCGA-AA-3949	8	0.015639	immune_subtype=C2|kras_mutated=0|msi_status=MSI|os_status=Alive|pfs_status=CENSORED|stage=Stage IIIB|tp53_mutated=1|tumor_purity_bin=2
train	TCGA-COAD	TCGA-AA-A01P	8	0.013198	immune_subtype=C2|kras_mutated=0|msi_status=MSI|os_status=Dead|pfs_status=PROGRESSION|stage=Stage III|tp53_mutated=0|tumor_purity_bin=3
train	TCGA-COAD	TCGA-AD-6889	8	0.012424	immune_subtype=C1|kras_mutated=0|msi_status=MSI|os_status=Dead|pfs_status=PROGRESSION|stage=Stage IIA|tp53_mutated=0|tumor_purity_bin=8
train	TCGA-COAD	TCGA-AD-6895	8	0.015844	immune_subtype=C2|kras_mutated=1|msi_status=MSI|os_status=Alive|pfs_status=CENSORED|stage=Stage IIIB|tp53_mutated=0|tumor_purity_bin=5
train	TCGA-COAD	TCGA-AD-6964	7	0.012477	immune_subtype=C2|kras_mutated=1|msi_status=MSI|os_status=Dead|pfs_status=PROGRESSION|tp53_mutated=0|tumor_purity_bin=5
train	TCGA-COAD	TCGA-AZ-6598	8	0.012827	immune_subtype=C1|kras_mutated=0|msi_status=MSI|os_status=Dead|pfs_status=CENSORED|stage=Stage II|tp53_mutated=1|tumor_purity_bin=8
train	TCGA-COAD	TCGA-CK-4951	8	0.012494	immune_subtype=C2|kras_mutated=0|msi_status=MSI|os_status=Dead|pfs_status=PROGRESSION|stage=Stage IIA|tp53_mutated=1|tumor_purity_bin=6
train	TCGA-COAD	TCGA-CK-6746	8	0.012284	immune_subtype=C2|kras_mutated=0|msi_status=MSI|os_status=Alive|pfs_status=CENSORED|stage=Stage IIB|tp53_mutated=0|tumor_purity_bin=8
train	TCGA-COAD	TCGA-CM-4746	8	0.013072	immune_subtype=C1|kras_mutated=1|msi_status=MSI|os_status=Alive|pfs_status=CENSORED|stage=Stage I|tp53_mutated=1|tumor_purity_bin=8
train	TCGA-COAD	TCGA-CM-5348	8	0.013012	immune_subtype=C6|kras_mutated=0|msi_status=NonMSI|os_status=Alive|pfs_status=CENSORED|stage=Stage IIIB|tp53_mutated=1|tumor_purity_bin=5
train	TCGA-COAD	TCGA-CM-6162	8	0.014677	immune_subtype=C1|kras_mutated=0|msi_status=MSI|os_status=Alive|pfs_status=CENSORED|stage=Stage IIIB|tp53_mutated=0|tumor_purity_bin=4
train	TCGA-COAD	TCGA-CM-6674	8	0.013422	immune_subtype=C2|kras_mutated=1|msi_status=MSI|os_status=Alive|pfs_status=CENSORED|stage=Stage IIA|tp53_mutated=0|tumor_purity_bin=5
train	TCGA-COAD	TCGA-CM-6675	8	0.059979	immune_subtype=C2|kras_mutated=0|msi_status=NonMSI|os_status=Alive|pfs_status=PROGRESSION|stage=Stage IVB|tp53_mutated=1|tumor_purity_bin=9
train	TCGA-COAD	TCGA-D5-6927	8	0.013594	immune_subtype=C1|kras_mutated=1|msi_status=MSI|os_status=Alive|pfs_status=CENSORED|stage=Stage IIA|tp53_mutated=0|tumor_purity_bin=4
train	TCGA-COAD	TCGA-D5-6928	8	0.012550	immune_subtype=C2|kras_mutated=0|msi_status=MSI|os_status=Alive|pfs_status=CENSORED|stage=Stage IIA|tp53_mutated=0|tumor_purity_bin=3
train	TCGA-COAD	TCGA-F4-6570	8	0.012291	immune_subtype=C1|kras_mutated=0|msi_status=MSI|os_status=Dead|pfs_status=CENSORED|stage=Stage IIA|tp53_mutated=0|tumor_purity_bin=5
train	TCGA-COAD	TCGA-F4-6703	8	0.021420	immune_subtype=C1|kras_mutated=1|msi_status=MSI|os_status=Alive|pfs_status=CENSORED|stage=Stage IIA|tp53_mutated=0|tumor_purity_bin=1
train	TCGA-COAD	TCGA-F4-6856	8	0.013011	immune_subtype=C1|kras_mutated=1|msi_status=MSI|os_status=Alive|pfs_status=CENSORED|stage=Stage I|tp53_mutated=1|tumor_purity_bin=6
train	TCGA-COAD	TCGA-G4-6304	8	0.015374	immune_subtype=C4|kras_mutated=1|msi_status=MSI|os_status=Alive|pfs_status=PROGRESSION|stage=Stage IIB|tp53_mutated=0|tumor_purity_bin=2
train	TCGA-COAD	TCGA-G4-6309	8	0.014645	immune_subtype=C1|kras_mutated=0|msi_status=MSI|os_status=Alive|pfs_status=PROGRESSION|stage=Stage IIIB|tp53_mutated=0|tumor_purity_bin=8
train	TCGA-COAD	TCGA-G4-6320	8	0.014016	immune_subtype=C1|kras_mutated=1|msi_status=MSI|os_status=Alive|pfs_status=CENSORED|stage=Stage III|tp53_mutated=1|tumor_purity_bin=4
train	TCGA-COAD	TCGA-G4-6323	8	0.007816	immune_subtype=C1|kras_mutated=1|msi_status=NonMSI|os_status=Alive|pfs_status=CENSORED|stage=Stage IA|tp53_mutated=0|tumor_purity_bin=6
train	TCGA-COAD	TCGA-NH-A5IV	8	0.013333	immune_subtype=C1|kras_mutated=1|msi_status=MSI|os_status=Alive|pfs_status=CENSORED|stage=Stage IIA|tp53_mutated=0|tumor_purity_bin=7
train	TCGA-COAD	TCGA-NH-A6GC	8	0.060649	immune_subtype=C1|kras_mutated=1|msi_status=NonMSI|os_status=Alive|pfs_status=CENSORED|stage=Stage IVB|tp53_mutated=1|tumor_purity_bin=7
train	TCGA-COAD	TCGA-NH-A8F7	8	0.005682	immune_subtype=C4|kras_mutated=0|msi_status=NonMSI|os_status=Alive|pfs_status=CENSORED|stage=Stage IIA|tp53_mutated=1|tumor_purity_bin=8
train	TCGA-COAD	TCGA-WS-AB45	8	0.018655	immune_subtype=C6|kras_mutated=0|msi_status=MSI|os_status=Alive|pfs_status=CENSORED|stage=Stage IIA|tp53_mutated=1|tumor_purity_bin=2
train	TCGA-DLBC	TCGA-FA-A4BB	5	0.002396	kras_mutated=0|os_status=Alive|pfs_status=CENSORED|tp53_mutated=0|tumor_purity_bin=2
train	TCGA-DLBC	TCGA-FA-A4XK	5	0.001571	kras_mutated=0|os_status=Dead|pfs_status=CENSORED|tp53_mutated=0|tumor_purity_bin=8
train	TCGA-DLBC	TCGA-FA-A6HN	5	0.001766	kras_mutated=0|os_status=Dead|pfs_status=CENSORED|tp53_mutated=0|tumor_purity_bin=4
train	TCGA-DLBC	TCGA-FA-A6HO	5	0.002031	kras_mutated=0|os_status=Alive|pfs_status=PROGRESSION|tp53_mutated=0|tumor_purity_bin=3
train	TCGA-DLBC	TCGA-FA-A7DS	5	0.001304	kras_mutated=0|os_status=Alive|pfs_status=CENSORED|tp53_mutated=0|tumor_purity_bin=7
train	TCGA-DLBC	TCGA-FA-A82F	5	0.001704	kras_mutated=0|os_status=Alive|pfs_status=CENSORED|tp53_mutated=1|tumor_purity_bin=4
train	TCGA-DLBC	TCGA-FA-A86F	5	0.002559	kras_mutated=0|os_status=Alive|pfs_status=PROGRESSION|tp53_mutated=0|tumor_purity_bin=2
train	TCGA-DLBC	TCGA-FF-8041	5	0.001400	kras_mutated=0|os_status=Alive|pfs_status=CENSORED|tp53_mutated=0|tumor_purity_bin=5
train	TCGA-DLBC	TCGA-FF-8042	5	0.001370	kras_mutated=0|os_status=Alive|pfs_status=CENSORED|tp53_mutated=0|tumor_purity_bin=8
train	TCGA-DLBC	TCGA-FF-8043	5	0.001509	kras_mutated=0|os_status=Alive|pfs_status=CENSORED|tp53_mutated=1|tumor_purity_bin=8
train	TCGA-DLBC	TCGA-FF-8046	5	0.001400	kras_mutated=0|os_status=Alive|pfs_status=CENSORED|tp53_mutated=0|tumor_purity_bin=5
train	TCGA-DLBC	TCGA-FF-8047	5	0.001980	kras_mutated=0|os_status=Alive|pfs_status=PROGRESSION|tp53_mutated=0|tumor_purity_bin=9
train	TCGA-DLBC	TCGA-FF-8061	5	0.001304	kras_mutated=0|os_status=Alive|pfs_status=CENSORED|tp53_mutated=0|tumor_purity_bin=7
train	TCGA-DLBC	TCGA-FF-8062	3	0.001261	os_status=Alive|pfs_status=CENSORED|tumor_purity_bin=4
train	TCGA-DLBC	TCGA-G8-6325	5	0.001868	kras_mutated=0|os_status=Alive|pfs_status=CENSORED|tp53_mutated=0|tumor_purity_bin=3
train	TCGA-DLBC	TCGA-G8-6326	5	0.001817	kras_mutated=0|os_status=Alive|pfs_status=CENSORED|tp53_mutated=0|tumor_purity_bin=9
train	TCGA-DLBC	TCGA-G8-6907	3	0.001877	os_status=Dead|pfs_status=PROGRESSION|tumor_purity_bin=9
train	TCGA-DLBC	TCGA-G8-6909	5	0.001601	kras_mutated=0|os_status=Dead|pfs_status=CENSORED|tp53_mutated=0|tumor_purity_bin=5
train	TCGA-DLBC	TCGA-G8-6914	3	0.001259	os_status=Alive|pfs_status=PROGRESSION|tumor_purity_bin=5
train	TCGA-DLBC	TCGA-GR-A4D5	5	0.009391	kras_mutated=0|os_status=Alive|pfs_status=CENSORED|tp53_mutated=0|tumor_purity_bin=1
train	TCGA-DLBC	TCGA-GR-A4D6	5	0.001565	kras_mutated=0|os_status=Alive|pfs_status=CENSORED|tp53_mutated=0|tumor_purity_bin=4
train	TCGA-DLBC	TCGA-GR-A4D9	5	0.001471	kras_mutated=0|os_status=Alive|pfs_status=PROGRESSION|tp53_mutated=0|tumor_purity_bin=6
train	TCGA-DLBC	TCGA-GS-A9TQ	5	0.001304	kras_mutated=0|os_status=Alive|pfs_status=CENSORED|tp53_mutated=0|tumor_purity_bin=7
train	TCGA-DLBC	TCGA-GS-A9TT	5	0.001817	kras_mutated=0|os_status=Alive|pfs_status=CENSORED|tp53_mutated=0|tumor_purity_bin=9
train	TCGA-DLBC	TCGA-GS-A9TU	5	0.001400	kras_mutated=0|os_status=Alive|pfs_status=CENSORED|tp53_mutated=0|tumor_purity_bin=5
train	TCGA-DLBC	TCGA-GS-A9TV	5	0.001308	kras_mutated=0|os_status=Alive|pfs_status=CENSORED|tp53_mutated=0|tumor_purity_bin=6
train	TCGA-DLBC	TCGA-GS-A9TW	5	0.001565	kras_mutated=0|os_status=Alive|pfs_status=CENSORED|tp53_mutated=0|tumor_purity_bin=4
train	TCGA-DLBC	TCGA-GS-A9TX	5	0.001868	kras_mutated=0|os_status=Alive|pfs_status=CENSORED|tp53_mutated=0|tumor_purity_bin=3
train	TCGA-DLBC	TCGA-GS-A9TY	5	0.001672	kras_mutated=0|os_status=Alive|pfs_status=PROGRESSION|tp53_mutated=1|tumor_purity_bin=8
train	TCGA-DLBC	TCGA-GS-A9TZ	5	0.001868	kras_mutated=0|os_status=Alive|pfs_status=CENSORED|tp53_mutated=0|tumor_purity_bin=3
train	TCGA-DLBC	TCGA-GS-A9U3	5	0.001565	kras_mutated=0|os_status=Alive|pfs_status=CENSORED|tp53_mutated=0|tumor_purity_bin=4
train	TCGA-DLBC	TCGA-GS-A9U4	5	0.009756	kras_mutated=0|os_status=Dead|pfs_status=PROGRESSION|tp53_mutated=0|tumor_purity_bin=1
train	TCGA-DLBC	TCGA-RQ-A68N	5	0.001565	kras_mutated=0|os_status=Alive|pfs_status=CENSORED|tp53_mutated=0|tumor_purity_bin=4
train	TCGA-DLBC	TCGA-RQ-A6JB	5	0.001304	kras_mutated=0|os_status=Alive|pfs_status=CENSORED|tp53_mutated=0|tumor_purity_bin=7
train	TCGA-DLBC	TCGA-RQ-AAAT	5	0.001443	kras_mutated=0|os_status=Alive|pfs_status=CENSORED|tp53_mutated=1|tumor_purity_bin=7
train	TCGA-DLBC	TCGA-VB-A8QN	5	0.002740	kras_mutated=1|os_status=Alive|pfs_status=CENSORED|tp53_mutated=0|tumor_purity_bin=5
train	TCGA-ESCA	TCGA-IG-A3YB	8	0.004883	immune_subtype=C3|kras_mutated=0|os_status=Alive|pfs_status=CENSORED|stage=Stage IIIA|tp53_mutated=1|tumor_grade=G2|tumor_purity_bin=5
train	TCGA-ESCA	TCGA-IG-A5B8	8	0.008853	immune_subtype=C2|kras_mutated=0|os_status=Dead|pfs_status=CENSORED|stage=Stage IB|tp53_mutated=1|tumor_grade=G1|tumor_purity_bin=3
train	TCGA-ESCA	TCGA-IG-A6QS	8	0.007090	immune_subtype=C2|kras_mutated=0|os_status=Dead|pfs_status=CENSORED|stage=Stage IIB|tp53_mutated=1|tumor_grade=G1|tumor_purity_bin=7
train	TCGA-ESCA	TCGA-JY-A6FD	8	0.006918	immune_subtype=C2|kras_mutated=0|os_status=Alive|pfs_status=CENSORED|stage=Stage IIA|tp53_mutated=1|tumor_grade=G1|tumor_purity_bin=4
train	TCGA-ESCA	TCGA-JY-A6FG	8	0.009810	immune_subtype=C6|kras_mutated=0|os_status=Dead|pfs_status=CENSORED|stage=Stage III|tp53_mutated=1|tumor_grade=G2|tumor_purity_bin=7
train	TCGA-ESCA	TCGA-JY-A6FH	8	0.004349	immune_subtype=C2|kras_mutated=0|os_status=Alive|pfs_status=PROGRESSION|stage=Stage IIB|tp53_mutated=1|tumor_grade=G2|tumor_purity_bin=8
train	TCGA-ESCA	TCGA-JY-A93D	8	0.013599	immune_subtype=C6|kras_mutated=0|os_status=Dead|pfs_status=PROGRESSION|stage=Stage IIIC|tp53_mutated=1|tumor_grade=G3|tumor_purity_bin=3
train	TCGA-ESCA	TCGA-JY-A93F	8	0.007956	immune_subtype=C1|kras_mutated=0|os_status=Alive|pfs_status=CENSORED|stage=Stage IB|tp53_mutated=0|tumor_grade=G1|tumor_purity_bin=7
train	TCGA-ESCA	TCGA-KH-A6WC	8	0.020148	immune_subtype=C4|kras_mutated=0|os_status=Alive|pfs_status=CENSORED|stage=Stage IA|tp53_mutated=0|tumor_grade=GX|tumor_purity_bin=2
train	TCGA-ESCA	TCGA-L5-A43E	7	0.016343	kras_mutated=0|os_status=Alive|pfs_status=PROGRESSION|stage=Stage I|tp53_mutated=1|tumor_grade=GX|tumor_purity_bin=6
train	TCGA-ESCA	TCGA-L5-A4OE	8	0.008112	immune_subtype=C2|kras_mutated=1|os_status=Dead|pfs_status=CENSORED|stage=Stage IIIB|tp53_mutated=1|tumor_grade=G2|tumor_purity_bin=4
train	TCGA-ESCA	TCGA-L5-A4OH	8	0.016485	immune_subtype=C2|kras_mutated=0|os_status=Alive|pfs_status=CENSORED|stage=Stage I|tp53_mutated=0|tumor_grade=GX|tumor_purity_bin=6
train	TCGA-ESCA	TCGA-L5-A4OI	8	0.007903	immune_subtype=C4|kras_mutated=0|os_status=Alive|pfs_status=PROGRESSION|stage=Stage IIIC|tp53_mutated=0|tumor_grade=G2|tumor_purity_bin=8
train	TCGA-ESCA	TCGA-L5-A4OM	8	0.018908	immune_subtype=C1|kras_mutated=0|os_status=Dead|pfs_status=CENSORED|stage=Stage IA|tp53_mutated=1|tumor_grade=GX|tumor_purity_bin=8
train	TCGA-ESCA	TCGA-L5-A4ON	7	0.017395	immune_subtype=C4|kras_mutated=0|os_status=Dead|pfs_status=CENSORED|stage=Stage IIB|tp53_mutated=1|tumor_grade=GX
train	TCGA-ESCA	TCGA-L5-A4OO	8	0.007513	immune_subtype=C2|kras_mutated=0|os_status=Alive|pfs_status=CENSORED|stage=Stage IIIC|tp53_mutated=1|tumor_grade=G2|tumor_purity_bin=4
train	TCGA-ESCA	TCGA-L5-A4OQ	7	0.017664	immune_subtype=C2|kras_mutated=0|os_status=Dead|pfs_status=PROGRESSION|stage=Stage IIIA|tp53_mutated=1|tumor_grade=GX
train	TCGA-ESCA	TCGA-L5-A4OR	8	0.018846	immune_subtype=C1|kras_mutated=0|os_status=Dead|pfs_status=CENSORED|stage=Stage IA|tp53_mutated=1|tumor_grade=GX|tumor_purity_bin=6
train	TCGA-ESCA	TCGA-L5-A4OT	8	0.018784	immune_subtype=C1|kras_mutated=0|os_status=Dead|pfs_status=PROGRESSION|stage=Stage IV|tp53_mutated=1|tumor_grade=GX|tumor_purity_bin=4
train	TCGA-ESCA	TCGA-L5-A4OU	8	0.017650	immune_subtype=C2|kras_mutated=0|os_status=Alive|pfs_status=CENSORED|stage=Stage IIA|tp53_mutated=1|tumor_grade=GX|tumor_purity_bin=3
train	TCGA-ESCA	TCGA-L5-A4OW	8	0.017622	immune_subtype=C1|kras_mutated=0|os_status=Dead|pfs_status=CENSORED|stage=Stage IIB|tp53_mutated=1|tumor_grade=GX|tumor_purity_bin=5
train	TCGA-ESCA	TCGA-L5-A4OX	8	0.017519	immune_subtype=C2|kras_mutated=0|os_status=Dead|pfs_status=CENSORED|stage=Stage IIB|tp53_mutated=1|tumor_grade=GX|tumor_purity_bin=7
train	TCGA-ESCA	TCGA-LN-A49Y	8	0.004571	immune_subtype=C1|kras_mutated=0|os_status=Alive|pfs_status=PROGRESSION|stage=Stage IIA|tp53_mutated=1|tumor_grade=G2|tumor_purity_bin=9
train	TCGA-ESCA	TCGA-LN-A4A4	8	0.017381	immune_subtype=C1|kras_mutated=0|os_status=Alive|pfs_status=CENSORED|stage=Stage III|tp53_mutated=1|tumor_grade=GX|tumor_purity_bin=6
train	TCGA-ESCA	TCGA-LN-A4A6	7	0.003794	immune_subtype=C2|kras_mutated=0|os_status=Alive|pfs_status=PROGRESSION|stage=Stage II|tp53_mutated=1|tumor_grade=G2
train	TCGA-ESCA	TCGA-LN-A4A9	8	0.007022	immune_subtype=C2|kras_mutated=0|os_status=Dead|pfs_status=PROGRESSION|stage=Stage IIA|tp53_mutated=1|tumor_grade=G1|tumor_purity_bin=7
train	TCGA-ESCA	TCGA-LN-A5U7	8	0.006821	immune_subtype=C2|kras_mutated=0|os_status=Alive|pfs_status=PROGRESSION|stage=Stage IIA|tp53_mutated=1|tumor_grade=G1|tumor_purity_bin=7
train	TCGA-ESCA	TCGA-S8-A6BW	8	0.008184	immune_subtype=C2|kras_mutated=0|os_status=Alive|pfs_status=CENSORED|stage=Stage IB|tp53_mutated=1|tumor_grade=G1|tumor_purity_bin=5
train	TCGA-ESCA	TCGA-V5-A7RB	7	0.015982	immune_subtype=C2|kras_mutated=0|os_status=Dead|pfs_status=CENSORED|tp53_mutated=1|tumor_grade=GX|tumor_purity_bin=6
train	TCGA-ESCA	TCGA-V5-A7RC	7	0.016237	immune_subtype=C2|kras_mutated=0|os_status=Dead|pfs_status=PROGRESSION|tp53_mutated=1|tumor_grade=GX|tumor_purity_bin=5
train	TCGA-ESCA	TCGA-VR-A8ER	8	0.017745	immune_subtype=C1|kras_mutated=0|os_status=Dead|pfs_status=PROGRESSION|stage=Stage III|tp53_mutated=1|tumor_grade=GX|tumor_purity_bin=6
train	TCGA-ESCA	TCGA-VR-A8EW	8	0.006778	immune_subtype=C1|kras_mutated=0|os_status=Dead|pfs_status=PROGRESSION|stage=Stage IIIB|tp53_mutated=1|tumor_grade=G2|tumor_purity_bin=5
train	TCGA-ESCA	TCGA-VR-A8EX	8	0.006483	immune_subtype=C2|kras_mutated=0|os_status=Dead|pfs_status=PROGRESSION|stage=Stage IVA|tp53_mutated=1|tumor_grade=G2|tumor_purity_bin=4
train	TCGA-ESCA	TCGA-VR-A8EZ	8	0.007620	immune_subtype=C2|kras_mutated=0|os_status=Dead|pfs_status=PROGRESSION|stage=Stage IIIC|tp53_mutated=1|tumor_grade=G2|tumor_purity_bin=6
train	TCGA-ESCA	TCGA-VR-AA7D	8	0.007617	immune_subtype=C2|kras_mutated=0|os_status=Dead|pfs_status=PROGRESSION|stage=Stage IIIC|tp53_mutated=1|tumor_grade=G2|tumor_purity_bin=7
train	TCGA-ESCA	TCGA-Z6-AAPN	8	0.007221	immune_subtype=C2|kras_mutated=0|os_status=Alive|pfs_status=CENSORED|stage=Stage IIA|tp53_mutated=1|tumor_grade=G1|tumor_purity_bin=3
train	TCGA-GBM	TCGA-06-0125	6	0.003187	immune_subtype=C4|kras_mutated=0|os_status=Dead|pfs_status=PROGRESSION|tp53_mutated=0|tumor_purity_bin=9
train	TCGA-GBM	TCGA-06-0130	6	0.003905	immune_subtype=C4|kras_mutated=0|os_status=Dead|pfs_status=PROGRESSION|tp53_mutated=1|tumor_purity_bin=2
train	TCGA-GBM	TCGA-06-0141	6	0.003766	immune_subtype=C4|kras_mutated=0|os_status=Dead|pfs_status=PROGRESSION|tp53_mutated=0|tumor_purity_bin=2
train	TCGA-GBM	TCGA-06-0174	6	0.003187	immune_subtype=C4|kras_mutated=0|os_status=Dead|pfs_status=PROGRESSION|tp53_mutated=0|tumor_purity_bin=9
train	TCGA-GBM	TCGA-06-0184	6	0.002818	immune_subtype=C4|kras_mutated=0|os_status=Dead|pfs_status=PROGRESSION|tp53_mutated=1|tumor_purity_bin=6
train	TCGA-GBM	TCGA-06-0190	6	0.002910	immune_subtype=C4|kras_mutated=0|os_status=Dead|pfs_status=PROGRESSION|tp53_mutated=1|tumor_purity_bin=5
train	TCGA-GBM	TCGA-06-0210	6	0.003074	immune_subtype=C4|kras_mutated=0|os_status=Dead|pfs_status=PROGRESSION|tp53_mutated=1|tumor_purity_bin=4
train	TCGA-GBM	TCGA-06-0644	6	0.003074	immune_subtype=C4|kras_mutated=0|os_status=Dead|pfs_status=PROGRESSION|tp53_mutated=1|tumor_purity_bin=4
train	TCGA-GBM	TCGA-06-0743	6	0.002879	immune_subtype=C4|kras_mutated=0|os_status=Dead|pfs_status=PROGRESSION|tp53_mutated=1|tumor_purity_bin=8
train	TCGA-GBM	TCGA-06-0744	6	0.002879	immune_subtype=C4|kras_mutated=0|os_status=Dead|pfs_status=PROGRESSION|tp53_mutated=1|tumor_purity_bin=8
train	TCGA-GBM	TCGA-06-0747	6	0.003187	immune_subtype=C4|kras_mutated=0|os_status=Dead|pfs_status=PROGRESSION|tp53_mutated=0|tumor_purity_bin=9
train	TCGA-GBM	TCGA-06-5408	6	0.003327	immune_subtype=C4|kras_mutated=0|os_status=Dead|pfs_status=PROGRESSION|tp53_mutated=1|tumor_purity_bin=9
train	TCGA-GBM	TCGA-06-5412	6	0.003766	immune_subtype=C4|kras_mutated=0|os_status=Dead|pfs_status=PROGRESSION|tp53_mutated=0|tumor_purity_bin=2
train	TCGA-GBM	TCGA-06-5856	6	0.003187	immune_subtype=C4|kras_mutated=0|os_status=Dead|pfs_status=PROGRESSION|tp53_mutated=0|tumor_purity_bin=9
train	TCGA-GBM	TCGA-08-0386	6	0.003187	immune_subtype=C4|kras_mutated=0|os_status=Dead|pfs_status=PROGRESSION|tp53_mutated=0|tumor_purity_bin=9
train	TCGA-GBM	TCGA-12-0618	6	0.003163	immune_subtype=C4|kras_mutated=0|os_status=Dead|pfs_status=CENSORED|tp53_mutated=1|tumor_purity_bin=9
train	TCGA-GBM	TCGA-12-0821	6	0.003187	immune_subtype=C4|kras_mutated=0|os_status=Dead|pfs_status=PROGRESSION|tp53_mutated=0|tumor_purity_bin=9
train	TCGA-GBM	TCGA-12-3652	6	0.003187	immune_subtype=C4|kras_mutated=0|os_status=Dead|pfs_status=PROGRESSION|tp53_mutated=0|tumor_purity_bin=9
train	TCGA-GBM	TCGA-12-3653	6	0.003187	immune_subtype=C4|kras_mutated=0|os_status=Dead|pfs_status=PROGRESSION|tp53_mutated=0|tumor_purity_bin=9
train	TCGA-GBM	TCGA-14-1034	6	0.002910	immune_subtype=C4|kras_mutated=0|os_status=Dead|pfs_status=PROGRESSION|tp53_mutated=1|tumor_purity_bin=5
train	TCGA-GBM	TCGA-14-1825	6	0.002879	immune_subtype=C4|kras_mutated=0|os_status=Dead|pfs_status=PROGRESSION|tp53_mutated=1|tumor_purity_bin=8
train	TCGA-GBM	TCGA-15-0742	6	0.003187	immune_subtype=C4|kras_mutated=0|os_status=Dead|pfs_status=PROGRESSION|tp53_mutated=0|tumor_purity_bin=9
train	TCGA-GBM	TCGA-19-1787	6	0.002879	immune_subtype=C4|kras_mutated=0|os_status=Dead|pfs_status=PROGRESSION|tp53_mutated=1|tumor_purity_bin=8
train	TCGA-GBM	TCGA-19-2619	6	0.002986	immune_subtype=C4|kras_mutated=0|os_status=Alive|pfs_status=PROGRESSION|tp53_mutated=0|tumor_purity_bin=9
train	TCGA-GBM	TCGA-19-2624	6	0.003024	immune_subtype=C4|kras_mutated=0|os_status=Dead|pfs_status=CENSORED|tp53_mutated=0|tumor_purity_bin=9
train	TCGA-GBM	TCGA-19-2629	6	0.002818	immune_subtype=C4|kras_mutated=0|os_status=Dead|pfs_status=PROGRESSION|tp53_mutated=1|tumor_purity_bin=6
train	TCGA-GBM	TCGA-19-4065	6	0.002873	immune_subtype=C4|kras_mutated=0|os_status=Alive|pfs_status=PROGRESSION|tp53_mutated=1|tumor_purity_bin=4
train	TCGA-GBM	TCGA-19-5960	6	0.003187	immune_subtype=C4|kras_mutated=0|os_status=Dead|pfs_status=PROGRESSION|tp53_mutated=0|tumor_purity_bin=9
train	TCGA-GBM	TCGA-19-A6J4	5	0.002232	kras_mutated=0|os_status=Dead|pfs_status=PROGRESSION|tp53_mutated=0|tumor_purity_bin=3
train	TCGA-GBM	TCGA-26-1442	6	0.004161	immune_subtype=C5|kras_mutated=0|os_status=Alive|pfs_status=CENSORED|tp53_mutated=1|tumor_purity_bin=7
train	TCGA-GBM	TCGA-26-5136	6	0.002879	immune_subtype=C4|kras_mutated=0|os_status=Dead|pfs_status=PROGRESSION|tp53_mutated=1|tumor_purity_bin=8
train	TCGA-GBM	TCGA-27-1830	6	0.002818	immune_subtype=C4|kras_mutated=0|os_status=Dead|pfs_status=PROGRESSION|tp53_mutated=1|tumor_purity_bin=6
train	TCGA-GBM	TCGA-27-1835	6	0.002879	immune_subtype=C4|kras_mutated=0|os_status=Dead|pfs_status=PROGRESSION|tp53_mutated=1|tumor_purity_bin=8
train	TCGA-GBM	TCGA-27-2521	6	0.003327	immune_subtype=C4|kras_mutated=0|os_status=Dead|pfs_status=PROGRESSION|tp53_mutated=1|tumor_purity_bin=9
train	TCGA-GBM	TCGA-27-2523	6	0.003187	immune_subtype=C4|kras_mutated=0|os_status=Dead|pfs_status=PROGRESSION|tp53_mutated=0|tumor_purity_bin=9
train	TCGA-GBM	TCGA-41-5651	6	0.003327	immune_subtype=C4|kras_mutated=0|os_status=Dead|pfs_status=PROGRESSION|tp53_mutated=1|tumor_purity_bin=9
train	TCGA-HNSC	TCGA-BA-A8YP	9	0.060771	hpv_status=HPV-|immune_subtype=C1|kras_mutated=0|os_status=Alive|pfs_status=CENSORED|stage=Stage IVB|tp53_mutated=1|tumor_grade=G2|tumor_purity_bin=6
train	TCGA-HNSC	TCGA-BB-4217	9	0.016419	hpv_status=HPV-|immune_subtype=C1|kras_mutated=0|os_status=Alive|pfs_status=CENSORED|stage=Stage IVA|tp53_mutated=0|tumor_grade=G3|tumor_purity_bin=1
train	TCGA-HNSC	TCGA-BB-7866	7	0.015638	immune_subtype=C2|kras_mutated=0|os_status=Alive|pfs_status=CENSORED|tp53_mutated=0|tumor_grade=GX|tumor_purity_bin=7
train	TCGA-HNSC	TCGA-BB-A6UM	9	0.022821	hpv_status=HPV+|immune_subtype=C2|kras_mutated=0|os_status=Alive|pfs_status=CENSORED|stage=Stage III|tp53_mutated=0|tumor_grade=GX|tumor_purity_bin=8
train	TCGA-HNSC	TCGA-CN-4733	9	0.014865	hpv_status=HPV-|immune_subtype=C2|kras_mutated=0|os_status=Alive|pfs_status=CENSORED|stage=Stage III|tp53_mutated=1|tumor_grade=G3|tumor_purity_bin=1
train	TCGA-HNSC	TCGA-CN-5359	9	0.016934	hpv_status=HPV-|immune_subtype=C2|kras_mutated=0|os_status=Dead|pfs_status=PROGRESSION|stage=Stage IVA|tp53_mutated=1|tumor_grade=G2|tumor_purity_bin=1
train	TCGA-HNSC	TCGA-CN-5363	9	0.061201	hpv_status=HPV-|immune_subtype=C2|kras_mutated=0|os_status=Dead|pfs_status=PROGRESSION|stage=Stage IVB|tp53_mutated=1|tumor_grade=G3|tumor_purity_bin=5
train	TCGA-HNSC	TCGA-CN-5365	9	0.061637	hpv_status=HPV-|immune_subtype=C2|kras_mutated=0|os_status=Dead|pfs_status=PROGRESSION|stage=Stage IVB|tp53_mutated=1|tumor_grade=G2|tumor_purity_bin=9
train	TCGA-HNSC	TCGA-CN-5369	9	0.017953	hpv_status=HPV-|immune_subtype=C2|kras_mutated=1|os_status=Dead|pfs_status=CENSORED|stage=Stage IVA|tp53_mutated=0|tumor_grade=G3|tumor_purity_bin=1
train	TCGA-HNSC	TCGA-CN-6019	9	0.014484	hpv_status=HPV-|immune_subtype=C6|kras_mutated=0|os_status=Alive|pfs_status=CENSORED|stage=Stage IVA|tp53_mutated=1|tumor_grade=G2|tumor_purity_bin=3
train	TCGA-HNSC	TCGA-CN-6023	9	0.022244	hpv_status=HPV-|immune_subtype=C2|kras_mutated=0|os_status=Alive|pfs_status=CENSORED|stage=Stage IVA|tp53_mutated=1|tumor_grade=GX|tumor_purity_bin=3
train	TCGA-HNSC	TCGA-CN-A642	9	0.060966	hpv_status=HPV-|immune_subtype=C2|kras_mutated=0|os_status=Dead|pfs_status=PROGRESSION|stage=Stage IVB|tp53_mutated=0|tumor_grade=G3|tumor_purity_bin=7
train	TCGA-HNSC	TCGA-CQ-5323	9	0.008812	hpv_status=HPV+|immune_subtype=C2|kras_mutated=0|os_status=Alive|pfs_status=CENSORED|stage=Stage I|tp53_mutated=0|tumor_grade=G2|tumor_purity_bin=6
train	TCGA-HNSC	TCGA-CV-5978	9	0.061687	hpv_status=HPV-|immune_subtype=C2|kras_mutated=0|os_status=Dead|pfs_status=PROGRESSION|stage=Stage IVB|tp53_mutated=1|tumor_grade=G2|tumor_purity_bin=3
train	TCGA-HNSC	TCGA-CV-6938	9	0.010863	hpv_status=HPV-|immune_subtype=C2|kras_mutated=0|os_status=Dead|pfs_status=CENSORED|stage=Stage II|tp53_mutated=0|tumor_grade=G1|tumor_purity_bin=2
train	TCGA-HNSC	TCGA-CV-6948	9	0.061033	hpv_status=HPV-|immune_subtype=C1|kras_mutated=0|os_status=Dead|pfs_status=CENSORED|stage=Stage IVB|tp53_mutated=1|tumor_grade=G2|tumor_purity_bin=8
train	TCGA-HNSC	TCGA-CV-7406	9	0.023111	hpv_status=HPV+|immune_subtype=C1|kras_mutated=0|os_status=Dead|pfs_status=CENSORED|stage=Stage II|tp53_mutated=0|tumor_grade=GX|tumor_purity_bin=6
train	TCGA-HNSC	TCGA-CV-7409	8	0.058182	immune_subtype=C2|kras_mutated=0|os_status=Dead|pfs_status=CENSORED|stage=Stage IVB|tp53_mutated=0|tumor_grade=G3|tumor_purity_bin=6
train	TCGA-HNSC	TCGA-CV-7410	9	0.021311	hpv_status=HPV-|immune_subtype=C2|kras_mutated=0|os_status=Dead|pfs_status=PROGRESSION|stage=Stage III|tp53_mutated=0|tumor_grade=GX|tumor_purity_bin=2
train	TCGA-HNSC	TCGA-CV-7416	9	0.021885	hpv_status=HPV-|immune_subtype=C2|kras_mutated=0|os_status=Dead|pfs_status=CENSORED|stage=Stage IVA|tp53_mutated=1|tumor_grade=GX|tumor_purity_bin=6
train	TCGA-HNSC	TCGA-CV-7437	9	0.020513	hpv_status=HPV-|immune_subtype=C1|kras_mutated=0|os_status=Dead|pfs_status=PROGRESSION|stage=Stage II|tp53_mutated=1|tumor_grade=GX|tumor_purity_bin=6
train	TCGA-HNSC	TCGA-CV-7440	9	0.020460	hpv_status=HPV-|immune_subtype=C2|kras_mutated=0|os_status=Dead|pfs_status=CENSORED|stage=Stage II|tp53_mutated=0|tumor_grade=GX|tumor_purity_bin=4
train	TCGA-HNSC	TCGA-CV-7568	7	0.018572	immune_subtype=C2|kras_mutated=0|os_status=Dead|pfs_status=CENSORED|stage=Stage IVA|tp53_mutated=1|tumor_grade=GX
train	TCGA-HNSC	TCGA-CV-A6JU	9	0.061020	hpv_status=HPV-|immune_subtype=C2|kras_mutated=0|os_status=Alive|pfs_status=CENSORED|stage=Stage IVB|tp53_mutated=1|tumor_grade=G2|tumor_purity_bin=4
train	TCGA-HNSC	TCGA-CX-7085	9	0.014166	hpv_status=HPV-|immune_subtype=C1|kras_mutated=0|os_status=Alive|pfs_status=PROGRESSION|stage=Stage I|tp53_mutated=0|tumor_grade=G2|tumor_purity_bin=1
train	TCGA-HNSC	TCGA-D6-A6ES	9	0.008905	hpv_status=HPV-|immune_subtype=C4|kras_mutated=0|os_status=Alive|pfs_status=CENSORED|stage=Stage IVA|tp53_mutated=0|tumor_grade=G2|tumor_purity_bin=7
train	TCGA-HNSC	TCGA-DQ-7591	8	0.017375	hpv_status=HPV+|immune_subtype=C2|kras_mutated=0|os_status=Alive|pfs_status=CENSORED|tp53_mutated=0|tumor_grade=G4|tumor_purity_bin=7
train	TCGA-HNSC	TCGA-DQ-7593	8	0.017939	hpv_status=HPV+|immune_subtype=C2|kras_mutated=0|os_status=Alive|pfs_status=CENSORED|tp53_mutated=0|tumor_grade=G4|tumor_purity_bin=3
train	TCGA-HNSC	TCGA-DQ-7596	8	0.017799	hpv_status=HPV+|immune_subtype=C2|kras_mutated=0|os_status=Alive|pfs_status=PROGRESSION|tp53_mutated=0|tumor_grade=G4|tumor_purity_bin=4
train	TCGA-HNSC	TCGA-HD-8224	9	0.008833	hpv_status=HPV-|immune_subtype=C3|kras_mutated=0|os_status=Dead|pfs_status=PROGRESSION|stage=Stage IVA|tp53_mutated=1|tumor_grade=G3|tumor_purity_bin=6
train	TCGA-HNSC	TCGA-HD-8314	9	0.018971	hpv_status=HPV+|immune_subtype=C2|kras_mutated=0|os_status=Alive|pfs_status=CENSORED|stage=Stage III|tp53_mutated=0|tumor_grade=G4|tumor_purity_bin=6
train	TCGA-HNSC	TCGA-IQ-A61O	9	0.022452	hpv_status=HPV-|immune_subtype=C1|kras_mutated=0|os_status=Dead|pfs_status=CENSORED|stage=Stage IVA|tp53_mutated=1|tumor_grade=GX|tumor_purity_bin=3
train	TCGA-HNSC	TCGA-P3-A6SW	9	0.064066	hpv_status=HPV+|immune_subtype=C2|kras_mutated=0|os_status=Alive|pfs_status=CENSORED|stage=Stage IVB|tp53_mutated=0|tumor_grade=G3|tumor_purity_bin=3
train	TCGA-HNSC	TCGA-QK-A6IF	8	0.021330	hpv_status=HPV+|immune_subtype=C2|kras_mutated=0|os_status=Alive|pfs_status=PROGRESSION|tp53_mutated=0|tumor_grade=GX|tumor_purity_bin=6
train	TCGA-HNSC	TCGA-QK-A8Z8	9	0.148426	hpv_status=HPV-|immune_subtype=C2|kras_mutated=0|os_status=Dead|pfs_status=PROGRESSION|stage=Stage IVC|tp53_mutated=1|tumor_grade=G2|tumor_purity_bin=7
train	TCGA-HNSC	TCGA-WA-A7H4	9	0.014877	hpv_status=HPV-|immune_subtype=C1|kras_mutated=0|os_status=Alive|pfs_status=CENSORED|stage=Stage II|tp53_mutated=0|tumor_grade=G3|tumor_purity_bin=1
train	TCGA-KICH	TCGA-KL-8323	7	0.004219	immune_subtype=C3|kras_mutated=0|os_status=Dead|pfs_status=PROGRESSION|stage=Stage III|tp53_mutated=0|tumor_purity_bin=9
train	TCGA-KICH	TCGA-KL-8328	7	0.003999	immune_subtype=C3|kras_mutated=0|os_status=Alive|pfs_status=CENSORED|stage=Stage II|tp53_mutated=0|tumor_purity_bin=9
train	TCGA-KICH	TCGA-KL-8330	7	0.006271	immune_subtype=C5|kras_mutated=0|os_status=Alive|pfs_status=CENSORED|stage=Stage II|tp53_mutated=0|tumor_purity_bin=9
train	TCGA-KICH	TCGA-KL-8331	7	0.003999	immune_subtype=C3|kras_mutated=0|os_status=Alive|pfs_status=CENSORED|stage=Stage II|tp53_mutated=0|tumor_purity_bin=9
train	TCGA-KICH	TCGA-KL-8333	7	0.003746	immune_subtype=C3|kras_mutated=0|os_status=Alive|pfs_status=CENSORED|stage=Stage II|tp53_mutated=0|tumor_purity_bin=4
train	TCGA-KICH	TCGA-KL-8336	7	0.004694	immune_subtype=C3|kras_mutated=0|os_status=Dead|pfs_status=PROGRESSION|stage=Stage IV|tp53_mutated=1|tumor_purity_bin=8
train	TCGA-KICH	TCGA-KL-8337	7	0.006410	immune_subtype=C5|kras_mutated=0|os_status=Alive|pfs_status=CENSORED|stage=Stage II|tp53_mutated=1|tumor_purity_bin=9
train	TCGA-KICH	TCGA-KL-8339	7	0.005702	immune_subtype=C4|kras_mutated=0|os_status=Dead|pfs_status=PROGRESSION|stage=Stage IV|tp53_mutated=1|tumor_purity_bin=9
train	TCGA-KICH	TCGA-KL-8341	7	0.007413	immune_subtype=C5|kras_mutated=0|os_status=Dead|pfs_status=PROGRESSION|stage=Stage IV|tp53_mutated=1|tumor_purity_bin=9
train	TCGA-KICH	TCGA-KL-8343	7	0.005978	immune_subtype=C5|kras_mutated=0|os_status=Dead|pfs_status=PROGRESSION|stage=Stage III|tp53_mutated=0|tumor_purity_bin=7
train	TCGA-KICH	TCGA-KL-8345	7	0.005679	immune_subtype=C5|kras_mutated=0|os_status=Alive|pfs_status=CENSORED|stage=Stage III|tp53_mutated=0|tumor_purity_bin=8
train	TCGA-KICH	TCGA-KL-8346	7	0.003999	immune_subtype=C3|kras_mutated=0|os_status=Alive|pfs_status=CENSORED|stage=Stage II|tp53_mutated=0|tumor_purity_bin=9
train	TCGA-KICH	TCGA-KM-8438	7	0.003649	immune_subtype=C3|kras_mutated=0|os_status=Alive|pfs_status=PROGRESSION|stage=Stage II|tp53_mutated=0|tumor_purity_bin=7
train	TCGA-KICH	TCGA-KM-8439	7	0.003157	immune_subtype=C4|kras_mutated=0|os_status=Alive|pfs_status=CENSORED|stage=Stage I|tp53_mutated=0|tumor_purity_bin=6
train	TCGA-KICH	TCGA-KM-8443	7	0.005823	immune_subtype=C5|kras_mutated=0|os_status=Alive|pfs_status=CENSORED|stage=Stage II|tp53_mutated=0|tumor_purity_bin=8
train	TCGA-KICH	TCGA-KN-8418	7	0.004138	immune_subtype=C3|kras_mutated=0|os_status=Alive|pfs_status=CENSORED|stage=Stage II|tp53_mutated=1|tumor_purity_bin=9
train	TCGA-KICH	TCGA-KN-8419	7	0.004047	immune_subtype=C4|kras_mutated=0|os_status=Alive|pfs_status=CENSORED|stage=Stage II|tp53_mutated=0|tumor_purity_bin=7
train	TCGA-KICH	TCGA-KN-8421	7	0.004559	immune_subtype=C4|kras_mutated=0|os_status=Alive|pfs_status=CENSORED|stage=Stage II|tp53_mutated=0|tumor_purity_bin=9
train	TCGA-KICH	TCGA-KN-8422	7	0.004865	immune_subtype=C5|kras_mutated=0|os_status=Alive|pfs_status=CENSORED|stage=Stage I|tp53_mutated=0|tumor_purity_bin=7
train	TCGA-KICH	TCGA-KN-8426	7	0.004751	immune_subtype=C4|kras_mutated=0|os_status=Alive|pfs_status=CENSORED|stage=Stage IV|tp53_mutated=0|tumor_purity_bin=8
train	TCGA-KICH	TCGA-KN-8427	7	0.004227	immune_subtype=C1|kras_mutated=0|os_status=Alive|pfs_status=CENSORED|stage=Stage IV|tp53_mutated=0|tumor_purity_bin=5
train	TCGA-KICH	TCGA-KN-8431	7	0.004112	immune_subtype=C4|kras_mutated=0|os_status=Alive|pfs_status=CENSORED|stage=Stage II|tp53_mutated=0|tumor_purity_bin=8
train	TCGA-KICH	TCGA-KN-8432	7	0.004112	immune_subtype=C4|kras_mutated=0|os_status=Alive|pfs_status=CENSORED|stage=Stage II|tp53_mutated=0|tumor_purity_bin=8
train	TCGA-KICH	TCGA-KN-8434	7	0.003690	immune_subtype=C3|kras_mutated=0|os_status=Alive|pfs_status=CENSORED|stage=Stage II|tp53_mutated=1|tumor_purity_bin=8
train	TCGA-KICH	TCGA-KN-8435	7	0.003999	immune_subtype=C3|kras_mutated=0|os_status=Alive|pfs_status=CENSORED|stage=Stage II|tp53_mutated=0|tumor_purity_bin=9
train	TCGA-KICH	TCGA-KN-8436	7	0.004138	immune_subtype=C3|kras_mutated=0|os_status=Alive|pfs_status=CENSORED|stage=Stage II|tp53_mutated=1|tumor_purity_bin=9
train	TCGA-KICH	TCGA-KN-8437	7	0.004865	immune_subtype=C5|kras_mutated=0|os_status=Alive|pfs_status=CENSORED|stage=Stage I|tp53_mutated=0|tumor_purity_bin=7
train	TCGA-KICH	TCGA-KO-8404	7	0.005189	immune_subtype=C4|kras_mutated=0|os_status=Dead|pfs_status=PROGRESSION|stage=Stage IV|tp53_mutated=1|tumor_purity_bin=7
train	TCGA-KICH	TCGA-KO-8405	7	0.003602	immune_subtype=C3|kras_mutated=0|os_status=Alive|pfs_status=CENSORED|stage=Stage III|tp53_mutated=0|tumor_purity_bin=4
train	TCGA-KICH	TCGA-KO-8406	7	0.005378	immune_subtype=C5|kras_mutated=0|os_status=Alive|pfs_status=CENSORED|stage=Stage I|tp53_mutated=0|tumor_purity_bin=9
train	TCGA-KICH	TCGA-KO-8408	7	0.003911	immune_subtype=C3|kras_mutated=0|os_status=Dead|pfs_status=PROGRESSION|stage=Stage III|tp53_mutated=1|tumor_purity_bin=8
train	TCGA-KICH	TCGA-KO-8409	7	0.004559	immune_subtype=C4|kras_mutated=0|os_status=Alive|pfs_status=CENSORED|stage=Stage II|tp53_mutated=0|tumor_purity_bin=9
train	TCGA-KICH	TCGA-KO-8411	7	0.005378	immune_subtype=C5|kras_mutated=0|os_status=Alive|pfs_status=CENSORED|stage=Stage I|tp53_mutated=0|tumor_purity_bin=9
train	TCGA-KICH	TCGA-KO-8414	7	0.004698	immune_subtype=C4|kras_mutated=0|os_status=Alive|pfs_status=CENSORED|stage=Stage II|tp53_mutated=1|tumor_purity_bin=9
train	TCGA-KICH	TCGA-KO-8416	7	0.003994	immune_subtype=C3|kras_mutated=0|os_status=Alive|pfs_status=CENSORED|stage=Stage III|tp53_mutated=1|tumor_purity_bin=9
train	TCGA-KICH	TCGA-KO-8417	7	0.005378	immune_subtype=C5|kras_mutated=0|os_status=Alive|pfs_status=CENSORED|stage=Stage I|tp53_mutated=0|tumor_purity_bin=9
train	TCGA-KIRC	TCGA-AK-3427	8	0.017108	immune_subtype=C4|kras_mutated=0|os_status=Alive|pfs_status=CENSORED|stage=Stage I|tp53_mutated=0|tumor_grade=GX|tumor_purity_bin=8
train	TCGA-KIRC	TCGA-AK-3433	6	0.017583	immune_subtype=C3|os_status=Alive|pfs_status=CENSORED|stage=Stage II|tumor_grade=GX|tumor_purity_bin=9
train	TCGA-KIRC	TCGA-AK-3440	8	0.006189	immune_subtype=C5|kras_mutated=0|os_status=Alive|pfs_status=CENSORED|stage=Stage I|tp53_mutated=1|tumor_grade=G3|tumor_purity_bin=9
train	TCGA-KIRC	TCGA-AK-3443	8	0.020159	immune_subtype=C5|kras_mutated=0|os_status=Alive|pfs_status=CENSORED|stage=Stage II|tp53_mutated=0|tumor_grade=GX|tumor_purity_bin=9
train	TCGA-KIRC	TCGA-AK-3450	6	0.005090	immune_subtype=C3|os_status=Alive|pfs_status=CENSORED|stage=Stage IA|tumor_grade=G2|tumor_purity_bin=5
train	TCGA-KIRC	TCGA-AK-3465	8	0.016486	immune_subtype=C3|kras_mutated=0|os_status=Alive|pfs_status=CENSORED|stage=Stage I|tp53_mutated=0|tumor_grade=GX|tumor_purity_bin=6
train	TCGA-KIRC	TCGA-B0-4688	8	0.015151	immune_subtype=C4|kras_mutated=0|os_status=Dead|pfs_status=PROGRESSION|stage=Stage IV|tp53_mutated=0|tumor_grade=G4|tumor_purity_bin=7
train	TCGA-KIRC	TCGA-B0-4698	8	0.016632	immune_subtype=C2|kras_mutated=1|os_status=Dead|pfs_status=PROGRESSION|stage=Stage IV|tp53_mutated=1|tumor_grade=G4|tumor_purity_bin=3
train	TCGA-KIRC	TCGA-B0-4700	8	0.020031	immune_subtype=C6|kras_mutated=0|os_status=Dead|pfs_status=PROGRESSION|stage=Stage IV|tp53_mutated=0|tumor_grade=G4|tumor_purity_bin=6
train	TCGA-KIRC	TCGA-B0-4703	6	0.020287	immune_subtype=C6|os_status=Dead|pfs_status=PROGRESSION|stage=Stage IV|tumor_grade=G4|tumor_purity_bin=3
train	TCGA-KIRC	TCGA-B0-4707	6	0.014911	immune_subtype=C3|os_status=Dead|pfs_status=PROGRESSION|stage=Stage IB|tumor_grade=G4|tumor_purity_bin=4
train	TCGA-KIRC	TCGA-B0-5096	8	0.017692	immune_subtype=C3|kras_mutated=0|os_status=Dead|pfs_status=CENSORED|stage=Stage III|tp53_mutated=0|tumor_grade=GX|tumor_purity_bin=4
train	TCGA-KIRC	TCGA-B0-5400	8	0.015874	immune_subtype=C3|kras_mutated=1|os_status=Alive|pfs_status=CENSORED|stage=Stage III|tp53_mutated=0|tumor_grade=G4|tumor_purity_bin=2
train	TCGA-KIRC	TCGA-B0-5402	8	0.014650	immune_subtype=C3|kras_mutated=0|os_status=Alive|pfs_status=PROGRESSION|stage=Stage IV|tp53_mutated=0|tumor_grade=G4|tumor_purity_bin=4
train	TCGA-KIRC	TCGA-B0-5698	8	0.005162	immune_subtype=C3|kras_mutated=0|os_status=Alive|pfs_status=CENSORED|stage=Stage IB|tp53_mutated=0|tumor_grade=G3|tumor_purity_bin=7
train	TCGA-KIRC	TCGA-B4-5832	8	0.012681	immune_subtype=C4|kras_mutated=0|os_status=Alive|pfs_status=CENSORED|stage=Stage III|tp53_mutated=0|tumor_grade=G2|tumor_purity_bin=1
train	TCGA-KIRC	TCGA-B4-5844	8	0.007042	immune_subtype=C3|kras_mutated=0|os_status=Alive|pfs_status=CENSORED|stage=Stage II|tp53_mutated=0|tumor_grade=G1|tumor_purity_bin=5
train	TCGA-KIRC	TCGA-BP-4354	8	0.016242	immune_subtype=C4|kras_mutated=0|os_status=Dead|pfs_status=PROGRESSION|stage=Stage IV|tp53_mutated=0|tumor_grade=G4|tumor_purity_bin=2
train	TCGA-KIRC	TCGA-BP-4770	8	0.014736	immune_subtype=C1|kras_mutated=0|os_status=Dead|pfs_status=PROGRESSION|stage=Stage IV|tp53_mutated=1|tumor_grade=G4|tumor_purity_bin=7
train	TCGA-KIRC	TCGA-BP-4787	8	0.014851	immune_subtype=C3|kras_mutated=0|os_status=Dead|pfs_status=PROGRESSION|stage=Stage IV|tp53_mutated=0|tumor_grade=G4|tumor_purity_bin=4
train	TCGA-KIRC	TCGA-BP-4798	8	0.014899	immune_subtype=C3|kras_mutated=0|os_status=Dead|pfs_status=PROGRESSION|stage=Stage III|tp53_mutated=0|tumor_grade=G4|tumor_purity_bin=2
train	TCGA-KIRC	TCGA-BP-5178	8	0.014851	immune_subtype=C3|kras_mutated=0|os_status=Dead|pfs_status=PROGRESSION|stage=Stage IV|tp53_mutated=0|tumor_grade=G4|tumor_purity_bin=4
train	TCGA-KIRC	TCGA-CJ-4637	8	0.015154	immune_subtype=C3|kras_mutated=0|os_status=Dead|pfs_status=PROGRESSION|stage=Stage IV|tp53_mutated=0|tumor_grade=G4|tumor_purity_bin=3
train	TCGA-KIRC	TCGA-CJ-4891	6	0.019868	immune_subtype=C6|os_status=Dead|pfs_status=CENSORED|stage=Stage III|tumor_grade=G4|tumor_purity_bin=2
train	TCGA-KIRC	TCGA-CJ-4895	8	0.014686	immune_subtype=C3|kras_mutated=0|os_status=Dead|pfs_status=PROGRESSION|stage=Stage IV|tp53_mutated=0|tumor_grade=G4|tumor_purity_bin=5
train	TCGA-KIRC	TCGA-CJ-4900	8	0.014851	immune_subtype=C3|kras_mutated=0|os_status=Dead|pfs_status=PROGRESSION|stage=Stage IV|tp53_mutated=0|tumor_grade=G4|tumor_purity_bin=4
train	TCGA-KIRC	TCGA-CJ-4918	8	0.015154	immune_subtype=C3|kras_mutated=0|os_status=Dead|pfs_status=PROGRESSION|stage=Stage IV|tp53_mutated=0|tumor_grade=G4|tumor_purity_bin=3
train	TCGA-KIRC	TCGA-CJ-4923	8	0.015153	immune_subtype=C2|kras_mutated=0|os_status=Dead|pfs_status=PROGRESSION|stage=Stage IV|tp53_mutated=0|tumor_grade=G4|tumor_purity_bin=3
train	TCGA-KIRC	TCGA-CJ-5677	8	0.020262	immune_subtype=C6|kras_mutated=0|os_status=Dead|pfs_status=PROGRESSION|stage=Stage IV|tp53_mutated=1|tumor_grade=G4|tumor_purity_bin=5
train	TCGA-KIRC	TCGA-CJ-6028	8	0.015682	immune_subtype=C3|kras_mutated=0|os_status=Dead|pfs_status=PROGRESSION|stage=Stage IV|tp53_mutated=0|tumor_grade=G4|tumor_purity_bin=2
train	TCGA-KIRC	TCGA-CJ-6033	8	0.020123	immune_subtype=C6|kras_mutated=0|os_status=Dead|pfs_status=PROGRESSION|stage=Stage IV|tp53_mutated=0|tumor_grade=G4|tumor_purity_bin=5
train	TCGA-KIRC	TCGA-CZ-4860	8	0.015151	immune_subtype=C4|kras_mutated=0|os_status=Dead|pfs_status=PROGRESSION|stage=Stage IV|tp53_mutated=0|tumor_grade=G4|tumor_purity_bin=7
train	TCGA-KIRC	TCGA-CZ-5455	8	0.014686	immune_subtype=C3|kras_mutated=0|os_status=Dead|pfs_status=PROGRESSION|stage=Stage IV|tp53_mutated=0|tumor_grade=G4|tumor_purity_bin=5
train	TCGA-KIRC	TCGA-CZ-5468	8	0.020288	immune_subtype=C6|kras_mutated=0|os_status=Dead|pfs_status=PROGRESSION|stage=Stage IV|tp53_mutated=0|tumor_grade=G4|tumor_purity_bin=4
train	TCGA-KIRC	TCGA-DV-A4VX	8	0.015151	immune_subtype=C4|kras_mutated=0|os_status=Dead|pfs_status=PROGRESSION|stage=Stage IV|tp53_mutated=0|tumor_grade=G4|tumor_purity_bin=7
train	TCGA-KIRC	TCGA-G6-A5PC	8	0.014686	immune_subtype=C3|kras_mutated=0|os_status=Dead|pfs_status=PROGRESSION|stage=Stage IV|tp53_mutated=0|tumor_grade=G4|tumor_purity_bin=5
train	TCGA-KIRP	TCGA-2K-A9WE	7	0.004577	immune_subtype=C3|kras_mutated=0|os_status=Alive|pfs_status=CENSORED|stage=Stage II|tp53_mutated=0|tumor_purity_bin=2
train	TCGA-KIRP	TCGA-2Z-A9J3	7	0.004363	immune_subtype=C3|kras_mutated=0|os_status=Dead|pfs_status=PROGRESSION|stage=Stage II|tp53_mutated=0|tumor_purity_bin=9
train	TCGA-KIRP	TCGA-2Z-A9J7	7	0.005563	immune_subtype=C4|kras_mutated=0|os_status=Dead|pfs_status=PROGRESSION|stage=Stage IV|tp53_mutated=0|tumor_purity_bin=9
train	TCGA-KIRP	TCGA-2Z-A9JJ	7	0.004672	immune_subtype=C3|kras_mutated=0|os_status=Alive|pfs_status=CENSORED|stage=Stage IA|tp53_mutated=0|tumor_purity_bin=8
train	TCGA-KIRP	TCGA-2Z-A9JQ	7	0.004275	immune_subtype=C4|kras_mutated=0|os_status=Alive|pfs_status=PROGRESSION|stage=Stage II|tp53_mutated=0|tumor_purity_bin=8
train	TCGA-KIRP	TCGA-4A-A93X	7	0.004751	immune_subtype=C4|kras_mutated=0|os_status=Alive|pfs_status=CENSORED|stage=Stage IV|tp53_mutated=0|tumor_purity_bin=8
train	TCGA-KIRP	TCGA-5P-A9K8	6	0.004087	immune_subtype=C5|kras_mutated=0|os_status=Alive|pfs_status=CENSORED|tp53_mutated=0|tumor_purity_bin=8
train	TCGA-KIRP	TCGA-A4-7585	7	0.004107	immune_subtype=C3|kras_mutated=0|os_status=Dead|pfs_status=CENSORED|stage=Stage III|tp53_mutated=0|tumor_purity_bin=3
train	TCGA-KIRP	TCGA-A4-8312	7	0.004445	immune_subtype=C3|kras_mutated=1|os_status=Alive|pfs_status=CENSORED|stage=Stage I|tp53_mutated=0|tumor_purity_bin=9
train	TCGA-KIRP	TCGA-A4-A57E	7	0.005254	immune_subtype=C4|kras_mutated=0|os_status=Dead|pfs_status=PROGRESSION|stage=Stage IV|tp53_mutated=1|tumor_purity_bin=8
train	TCGA-KIRP	TCGA-A4-A5XZ	7	0.004047	immune_subtype=C4|kras_mutated=0|os_status=Alive|pfs_status=CENSORED|stage=Stage II|tp53_mutated=0|tumor_purity_bin=7
train	TCGA-KIRP	TCGA-AL-3466	7	0.004493	immune_subtype=C3|kras_mutated=0|os_status=Dead|pfs_status=PROGRESSION|stage=Stage IV|tp53_mutated=0|tumor_purity_bin=6
train	TCGA-KIRP	TCGA-AL-3473	7	0.004049	immune_subtype=C2|kras_mutated=0|os_status=Alive|pfs_status=CENSORED|stage=Stage II|tp53_mutated=0|tumor_purity_bin=3
train	TCGA-KIRP	TCGA-AL-7173	7	0.004384	immune_subtype=C3|kras_mutated=0|os_status=Alive|pfs_status=PROGRESSION|stage=Stage IV|tp53_mutated=0|tumor_purity_bin=5
train	TCGA-KIRP	TCGA-BQ-5877	7	0.004489	immune_subtype=C3|kras_mutated=0|os_status=Dead|pfs_status=PROGRESSION|stage=Stage IV|tp53_mutated=0|tumor_purity_bin=7
train	TCGA-KIRP	TCGA-BQ-5880	7	0.004270	immune_subtype=C3|kras_mutated=0|os_status=Dead|pfs_status=PROGRESSION|stage=Stage III|tp53_mutated=0|tumor_purity_bin=3
train	TCGA-KIRP	TCGA-BQ-5881	7	0.002736	immune_subtype=C3|kras_mutated=0|os_status=Alive|pfs_status=CENSORED|stage=Stage I|tp53_mutated=1|tumor_purity_bin=6
train	TCGA-KIRP	TCGA-BQ-5889	7	0.004585	immune_subtype=C3|kras_mutated=0|os_status=Dead|pfs_status=PROGRESSION|stage=Stage IV|tp53_mutated=0|tumor_purity_bin=5
train	TCGA-KIRP	TCGA-BQ-5893	7	0.004555	immune_subtype=C3|kras_mutated=0|os_status=Dead|pfs_status=PROGRESSION|stage=Stage IV|tp53_mutated=0|tumor_purity_bin=8
train	TCGA-KIRP	TCGA-BQ-5894	7	0.004695	immune_subtype=C1|kras_mutated=0|os_status=Alive|pfs_status=CENSORED|stage=Stage IV|tp53_mutated=0|tumor_purity_bin=3
train	TCGA-KIRP	TCGA-DW-7838	7	0.005334	immune_subtype=C3|kras_mutated=0|os_status=Alive|pfs_status=PROGRESSION|stage=Stage IA|tp53_mutated=0|tumor_purity_bin=3
train	TCGA-KIRP	TCGA-F9-A8NY	7	0.004125	immune_subtype=C3|kras_mutated=0|os_status=Alive|pfs_status=CENSORED|stage=Stage IV|tp53_mutated=0|tumor_purity_bin=7
train	TCGA-KIRP	TCGA-G7-6789	7	0.004489	immune_subtype=C3|kras_mutated=0|os_status=Dead|pfs_status=PROGRESSION|stage=Stage IV|tp53_mutated=0|tumor_purity_bin=7
train	TCGA-KIRP	TCGA-G7-6793	7	0.004493	immune_subtype=C3|kras_mutated=0|os_status=Dead|pfs_status=PROGRESSION|stage=Stage IV|tp53_mutated=0|tumor_purity_bin=6
train	TCGA-KIRP	TCGA-G7-7501	7	0.004332	immune_subtype=C4|kras_mutated=0|os_status=Dead|pfs_status=PROGRESSION|stage=Stage III|tp53_mutated=0|tumor_purity_bin=8
train	TCGA-KIRP	TCGA-G7-A8LB	7	0.004638	immune_subtype=C3|kras_mutated=0|os_status=Alive|pfs_status=CENSORED|stage=Stage IV|tp53_mutated=0|tumor_purity_bin=9
train	TCGA-KIRP	TCGA-GL-A59R	7	0.004415	immune_subtype=C4|kras_mutated=0|os_status=Alive|pfs_status=CENSORED|stage=Stage III|tp53_mutated=0|tumor_purity_bin=9
train	TCGA-KIRP	TCGA-HE-7129	7	0.004162	immune_subtype=C3|kras_mutated=0|os_status=Alive|pfs_status=PROGRESSION|stage=Stage II|tp53_mutated=0|tumor_purity_bin=9
train	TCGA-KIRP	TCGA-IA-A83S	7	0.004343	immune_subtype=C4|kras_mutated=0|os_status=Dead|pfs_status=CENSORED|stage=Stage II|tp53_mutated=0|tumor_purity_bin=5
train	TCGA-KIRP	TCGA-MH-A854	7	0.004004	immune_subtype=C1|kras_mutated=1|os_status=Alive|pfs_status=CENSORED|stage=Stage I|tp53_mutated=0|tumor_purity_bin=8
train	TCGA-KIRP	TCGA-Q2-A5QZ	7	0.004066	immune_subtype=C4|kras_mutated=0|os_status=Alive|pfs_status=PROGRESSION|stage=Stage III|tp53_mutated=0|tumor_purity_bin=7
train	TCGA-KIRP	TCGA-SX-A71W	3	0.083929	immune_subtype=C3|os_status=Alive|stage=Stage 0
train	TCGA-KIRP	TCGA-SX-A7SM	7	0.005050	immune_subtype=C4|kras_mutated=0|os_status=Dead|pfs_status=PROGRESSION|stage=Stage IV|tp53_mutated=0|tumor_purity_bin=7
train	TCGA-KIRP	TCGA-SX-A7SO	7	0.004930	immune_subtype=C5|kras_mutated=0|os_status=Alive|pfs_status=CENSORED|stage=Stage I|tp53_mutated=0|tumor_purity_bin=8
train	TCGA-KIRP	TCGA-V9-A7HT	7	0.004307	immune_subtype=C4|kras_mutated=0|os_status=Alive|pfs_status=CENSORED|stage=Stage II|tp53_mutated=0|tumor_purity_bin=4
train	TCGA-KIRP	TCGA-Y8-A8S1	7	0.009121	immune_subtype=C6|kras_mutated=0|os_status=Alive|pfs_status=CENSORED|stage=Stage I|tp53_mutated=0|tumor_purity_bin=2
train	TCGA-LGG	TCGA-CS-5396	7	0.006238	immune_subtype=C5|kras_mutated=1|os_status=Alive|pfs_status=CENSORED|tp53_mutated=1|tumor_grade=G3|tumor_purity_bin=8
train	TCGA-LGG	TCGA-CS-6666	7	0.004213	immune_subtype=C4|kras_mutated=0|os_status=Alive|pfs_status=CENSORED|tp53_mutated=1|tumor_grade=G3|tumor_purity_bin=2
train	TCGA-LGG	TCGA-CS-6669	7	0.005804	immune_subtype=C5|kras_mutated=0|os_status=Alive|pfs_status=CENSORED|tp53_mutated=0|tumor_grade=G2|tumor_purity_bin=2
train	TCGA-LGG	TCGA-DB-5276	7	0.005397	immune_subtype=C5|kras_mutated=0|os_status=Alive|pfs_status=CENSORED|tp53_mutated=1|tumor_grade=G3|tumor_purity_bin=3
train	TCGA-LGG	TCGA-DB-5281	7	0.005925	immune_subtype=C5|kras_mutated=0|os_status=Alive|pfs_status=CENSORED|tp53_mutated=1|tumor_grade=G3|tumor_purity_bin=2
train	TCGA-LGG	TCGA-DH-5143	7	0.005925	immune_subtype=C5|kras_mutated=0|os_status=Alive|pfs_status=CENSORED|tp53_mutated=1|tumor_grade=G3|tumor_purity_bin=2
train	TCGA-LGG	TCGA-DH-A66G	7	0.005925	immune_subtype=C5|kras_mutated=0|os_status=Alive|pfs_status=CENSORED|tp53_mutated=1|tumor_grade=G3|tumor_purity_bin=2
train	TCGA-LGG	TCGA-DU-6393	7	0.005408	immune_subtype=C5|kras_mutated=0|os_status=Dead|pfs_status=CENSORED|tp53_mutated=0|tumor_grade=G3|tumor_purity_bin=9
train	TCGA-LGG	TCGA-DU-6400	7	0.005590	immune_subtype=C5|kras_mutated=0|os_status=Dead|pfs_status=PROGRESSION|tp53_mutated=0|tumor_grade=G2|tumor_purity_bin=9
train	TCGA-LGG	TCGA-DU-6401	7	0.005780	immune_subtype=C5|kras_mutated=0|os_status=Dead|pfs_status=PROGRESSION|tp53_mutated=1|tumor_grade=G2|tumor_purity_bin=3
train	TCGA-LGG	TCGA-DU-7011	7	0.006308	immune_subtype=C5|kras_mutated=0|os_status=Dead|pfs_status=PROGRESSION|tp53_mutated=1|tumor_grade=G2|tumor_purity_bin=2
train	TCGA-LGG	TCGA-DU-7015	7	0.005579	immune_subtype=C5|kras_mutated=0|os_status=Alive|pfs_status=PROGRESSION|tp53_mutated=1|tumor_grade=G2|tumor_purity_bin=3
train	TCGA-LGG	TCGA-DU-8162	7	0.006150	immune_subtype=C5|kras_mutated=0|os_status=Dead|pfs_status=PROGRESSION|tp53_mutated=0|tumor_grade=G3|tumor_purity_bin=2
train	TCGA-LGG	TCGA-E1-A7YK	7	0.005295	immune_subtype=C5|kras_mutated=0|os_status=Dead|pfs_status=CENSORED|tp53_mutated=1|tumor_grade=G3|tumor_purity_bin=4
train	TCGA-LGG	TCGA-E1-A7YS	7	0.005571	immune_subtype=C5|kras_mutated=0|os_status=Dead|pfs_status=PROGRESSION|tp53_mutated=0|tumor_grade=G3|tumor_purity_bin=9
train	TCGA-LGG	TCGA-E1-A7YY	7	0.013164	immune_subtype=C5|kras_mutated=0|os_status=Dead|pfs_status=PROGRESSION|tp53_mutated=0|tumor_grade=G2|tumor_purity_bin=1
train	TCGA-LGG	TCGA-FG-7643	7	0.005967	immune_subtype=C5|kras_mutated=0|os_status=Alive|pfs_status=PROGRESSION|tp53_mutated=0|tumor_grade=G2|tumor_purity_bin=2
train	TCGA-LGG	TCGA-FG-8182	7	0.012939	immune_subtype=C5|kras_mutated=0|os_status=Alive|pfs_status=CENSORED|tp53_mutated=1|tumor_grade=G2|tumor_purity_bin=1
train	TCGA-LGG	TCGA-FG-8188	7	0.006106	immune_subtype=C5|kras_mutated=0|os_status=Alive|pfs_status=PROGRESSION|tp53_mutated=1|tumor_grade=G2|tumor_purity_bin=2
train	TCGA-LGG	TCGA-HT-7607	7	0.005641	immune_subtype=C5|kras_mutated=0|os_status=Dead|pfs_status=PROGRESSION|tp53_mutated=0|tumor_grade=G2|tumor_purity_bin=3
train	TCGA-LGG	TCGA-HT-7609	7	0.012920	immune_subtype=C5|kras_mutated=0|os_status=Alive|pfs_status=CENSORED|tp53_mutated=1|tumor_grade=G3|tumor_purity_bin=1
train	TCGA-LGG	TCGA-HT-7680	7	0.005804	immune_subtype=C5|kras_mutated=0|os_status=Alive|pfs_status=CENSORED|tp53_mutated=0|tumor_grade=G2|tumor_purity_bin=2
train	TCGA-LGG	TCGA-HT-A5R5	7	0.011228	immune_subtype=C4|kras_mutated=0|os_status=Alive|pfs_status=CENSORED|tp53_mutated=1|tumor_grade=G2|tumor_purity_bin=1
train	TCGA-LGG	TCGA-HW-7489	7	0.005312	immune_subtype=C5|kras_mutated=0|os_status=Dead|pfs_status=PROGRESSION|tp53_mutated=1|tumor_grade=G2|tumor_purity_bin=5
train	TCGA-LGG	TCGA-HW-8320	7	0.005397	immune_subtype=C5|kras_mutated=0|os_status=Alive|pfs_status=CENSORED|tp53_mutated=1|tumor_grade=G3|tumor_purity_bin=3
train	TCGA-LGG	TCGA-HW-A5KK	7	0.005622	immune_subtype=C5|kras_mutated=0|os_status=Dead|pfs_status=PROGRESSION|tp53_mutated=0|tumor_grade=G3|tumor_purity_bin=3
train	TCGA-LGG	TCGA-IK-7675	7	0.005729	immune_subtype=C5|kras_mutated=0|os_status=Dead|pfs_status=PROGRESSION|tp53_mutated=1|tumor_grade=G2|tumor_purity_bin=9
train	TCGA-LGG	TCGA-QH-A6XA	7	0.005415	immune_subtype=C5|kras_mutated=0|os_status=Alive|pfs_status=CENSORED|tp53_mutated=1|tumor_grade=G2|tumor_purity_bin=3
train	TCGA-LGG	TCGA-RY-A843	7	0.006038	immune_subtype=C5|kras_mutated=1|os_status=Alive|pfs_status=CENSORED|tp53_mutated=0|tumor_grade=G3|tumor_purity_bin=6
train	TCGA-LGG	TCGA-S9-A6U1	7	0.005786	immune_subtype=C5|kras_mutated=0|os_status=Alive|pfs_status=CENSORED|tp53_mutated=0|tumor_grade=G3|tumor_purity_bin=2
train	TCGA-LGG	TCGA-S9-A6UA	7	0.003350	immune_subtype=C3|kras_mutated=0|os_status=Dead|pfs_status=PROGRESSION|tp53_mutated=0|tumor_grade=G3|tumor_purity_bin=3
train	TCGA-LGG	TCGA-S9-A6WI	7	0.005804	immune_subtype=C5|kras_mutated=0|os_status=Alive|pfs_status=CENSORED|tp53_mutated=0|tumor_grade=G2|tumor_purity_bin=2
train	TCGA-LGG	TCGA-S9-A7QW	7	0.005509	immune_subtype=C5|kras_mutated=0|os_status=Alive|pfs_status=PROGRESSION|tp53_mutated=1|tumor_grade=G3|tumor_purity_bin=9
train	TCGA-LGG	TCGA-S9-A89V	7	0.005421	immune_subtype=C5|kras_mutated=0|os_status=Alive|pfs_status=PROGRESSION|tp53_mutated=0|tumor_grade=G3|tumor_purity_bin=3
train	TCGA-LGG	TCGA-TQ-A8XE	7	0.005729	immune_subtype=C5|kras_mutated=0|os_status=Dead|pfs_status=PROGRESSION|tp53_mutated=1|tumor_grade=G2|tumor_purity_bin=9
train	TCGA-LGG	TCGA-WY-A85E	7	0.005528	immune_subtype=C5|kras_mutated=0|os_status=Alive|pfs_status=PROGRESSION|tp53_mutated=1|tumor_grade=G2|tumor_purity_bin=9
train	TCGA-LIHC	TCGA-2Y-A9GT	8	0.009181	immune_subtype=C6|kras_mutated=0|os_status=Dead|pfs_status=PROGRESSION|stage=Stage I|tp53_mutated=0|tumor_grade=G2|tumor_purity_bin=5
train	TCGA-LIHC	TCGA-2Y-A9GV	8	0.007953	immune_subtype=C3|kras_mutated=0|os_status=Dead|pfs_status=PROGRESSION|stage=Stage IV|tp53_mutated=0|tumor_grade=G1|tumor_purity_bin=6
train	TCGA-LIHC	TCGA-2Y-A9H3	8	0.007673	immune_subtype=C3|kras_mutated=0|os_status=Alive|pfs_status=PROGRESSION|stage=Stage II|tp53_mutated=0|tumor_grade=G1|tumor_purity_bin=3
train	TCGA-LIHC	TCGA-BC-A5W4	8	0.087332	immune_subtype=C4|kras_mutated=0|os_status=Dead|pfs_status=PROGRESSION|stage=Stage 0|tp53_mutated=1|tumor_grade=G3|tumor_purity_bin=9
train	TCGA-LIHC	TCGA-BC-A8YO	8	0.008023	immune_subtype=C4|kras_mutated=0|os_status=Alive|pfs_status=PROGRESSION|stage=Stage IIIC|tp53_mutated=1|tumor_grade=G3|tumor_purity_bin=8
train	TCGA-LIHC	TCGA-CC-5260	8	0.010088	immune_subtype=C3|kras_mutated=0|os_status=Dead|pfs_status=CENSORED|stage=Stage IIIC|tp53_mutated=0|tumor_grade=G1|tumor_purity_bin=6
train	TCGA-LIHC	TCGA-CC-5262	8	0.010647	immune_subtype=C2|kras_mutated=0|os_status=Dead|pfs_status=CENSORED|stage=Stage IIIC|tp53_mutated=0|tumor_grade=G1|tumor_purity_bin=3
train	TCGA-LIHC	TCGA-CC-5263	8	0.008318	immune_subtype=C4|kras_mutated=0|os_status=Dead|pfs_status=CENSORED|stage=Stage IIIA|tp53_mutated=1|tumor_grade=G1|tumor_purity_bin=7
train	TCGA-LIHC	TCGA-CC-A3MB	8	0.008577	immune_subtype=C4|kras_mutated=0|os_status=Dead|pfs_status=PROGRESSION|stage=Stage IIIA|tp53_mutated=1|tumor_grade=G1|tumor_purity_bin=5
train	TCGA-LIHC	TCGA-CC-A5UE	8	0.007240	immune_subtype=C4|kras_mutated=0|os_status=Dead|pfs_status=PROGRESSION|stage=Stage IIIB|tp53_mutated=1|tumor_grade=G2|tumor_purity_bin=6
train	TCGA-LIHC	TCGA-CC-A7IF	8	0.008342	immune_subtype=C4|kras_mutated=0|os_status=Dead|pfs_status=PROGRESSION|stage=Stage IIIA|tp53_mutated=0|tumor_grade=G1|tumor_purity_bin=7
train	TCGA-LIHC	TCGA-CC-A7IL	8	0.008855	immune_subtype=C4|kras_mutated=0|os_status=Dead|pfs_status=PROGRESSION|stage=Stage IIIA|tp53_mutated=0|tumor_grade=G1|tumor_purity_bin=9
train	TCGA-LIHC	TCGA-CC-A8HS	4	0.008929	immune_subtype=C3|os_status=Dead|stage=Stage IIIC|tumor_grade=G1
train	TCGA-LIHC	TCGA-DD-A1EJ	8	0.008039	immune_subtype=C4|kras_mutated=0|os_status=Dead|pfs_status=PROGRESSION|stage=Stage IIIC|tp53_mutated=0|tumor_grade=G2|tumor_purity_bin=7
train	TCGA-LIHC	TCGA-DD-A3A4	8	0.006894	immune_subtype=C4|kras_mutated=1|os_status=Dead|pfs_status=PROGRESSION|stage=Stage IIIA|tp53_mutated=0|tumor_grade=G3|tumor_purity_bin=7
train	TCGA-LIHC	TCGA-DD-A3A9	8	0.058621	immune_subtype=C3|kras_mutated=0|os_status=Dead|pfs_status=PROGRESSION|stage=Stage IVB|tp53_mutated=0|tumor_grade=G2|tumor_purity_bin=4
train	TCGA-LIHC	TCGA-DD-A4NV	8	0.007513	immune_subtype=C3|kras_mutated=0|os_status=Alive|pfs_status=CENSORED|stage=Stage IIIA|tp53_mutated=0|tumor_grade=G1|tumor_purity_bin=5
train	TCGA-LIHC	TCGA-DD-A73C	8	0.007581	immune_subtype=C3|kras_mutated=0|os_status=Alive|pfs_status=PROGRESSION|stage=Stage IIIA|tp53_mutated=0|tumor_grade=G1|tumor_purity_bin=7
train	TCGA-LIHC	TCGA-DD-A73D	8	0.008183	immune_subtype=C4|kras_mutated=0|os_status=Alive|pfs_status=PROGRESSION|stage=Stage II|tp53_mutated=0|tumor_grade=G1|tumor_purity_bin=9
train	TCGA-LIHC	TCGA-DD-AA3A	8	0.012967	immune_subtype=C1|kras_mutated=0|os_status=Dead|pfs_status=CENSORED|stage=Stage I|tp53_mutated=0|tumor_grade=G4|tumor_purity_bin=8
train	TCGA-LIHC	TCGA-DD-AACD	8	0.013619	immune_subtype=C4|kras_mutated=0|os_status=Dead|pfs_status=PROGRESSION|stage=Stage I|tp53_mutated=0|tumor_grade=G4|tumor_purity_bin=7
train	TCGA-LIHC	TCGA-DD-AACG	8	0.014651	immune_subtype=C4|kras_mutated=0|os_status=Dead|pfs_status=PROGRESSION|stage=Stage II|tp53_mutated=1|tumor_grade=G4|tumor_purity_bin=7
train	TCGA-LIHC	TCGA-DD-AACZ	8	0.013457	immune_subtype=C2|kras_mutated=0|os_status=Dead|pfs_status=PROGRESSION|stage=Stage I|tp53_mutated=1|tumor_grade=G4|tumor_purity_bin=4
train	TCGA-LIHC	TCGA-DD-AAD1	8	0.013118	immune_subtype=C3|kras_mutated=0|os_status=Alive|pfs_status=PROGRESSION|stage=Stage I|tp53_mutated=0|tumor_grade=G4|tumor_purity_bin=4
train	TCGA-LIHC	TCGA-DD-AADD	8	0.013459	immune_subtype=C4|kras_mutated=0|os_status=Alive|pfs_status=CENSORED|stage=Stage I|tp53_mutated=1|tumor_grade=G4|tumor_purity_bin=8
train	TCGA-LIHC	TCGA-DD-AADE	7	0.012412	kras_mutated=0|os_status=Alive|pfs_status=PROGRESSION|stage=Stage I|tp53_mutated=0|tumor_grade=G4|tumor_purity_bin=7
train	TCGA-LIHC	TCGA-DD-AADF	8	0.013968	immune_subtype=C4|kras_mutated=0|os_status=Dead|pfs_status=CENSORED|stage=Stage I|tp53_mutated=0|tumor_grade=G4|tumor_purity_bin=9
train	TCGA-LIHC	TCGA-DD-AADL	8	0.013394	immune_subtype=C4|kras_mutated=0|os_status=Alive|pfs_status=CENSORED|stage=Stage I|tp53_mutated=1|tumor_grade=G4|tumor_purity_bin=7
train	TCGA-LIHC	TCGA-DD-AADN	8	0.012928	immune_subtype=C2|kras_mutated=0|os_status=Alive|pfs_status=CENSORED|stage=Stage I|tp53_mutated=1|tumor_grade=G4|tumor_purity_bin=5
train	TCGA-LIHC	TCGA-DD-AAE0	8	0.014208	immune_subtype=C1|kras_mutated=0|os_status=Alive|pfs_status=CENSORED|stage=Stage IIIA|tp53_mutated=1|tumor_grade=G4|tumor_purity_bin=6
train	TCGA-LIHC	TCGA-DD-AAEE	8	0.013483	immune_subtype=C4|kras_mutated=0|os_status=Alive|pfs_status=PROGRESSION|stage=Stage I|tp53_mutated=0|tumor_grade=G4|tumor_purity_bin=8
train	TCGA-LIHC	TCGA-G3-AAV1	8	0.008020	immune_subtype=C4|kras_mutated=0|os_status=Dead|pfs_status=PROGRESSION|stage=Stage IIIC|tp53_mutated=0|tumor_grade=G3|tumor_purity_bin=7
train	TCGA-LIHC	TCGA-NI-A4U2	8	0.008346	immune_subtype=C4|kras_mutated=0|os_status=Dead|pfs_status=PROGRESSION|stage=Stage IIIA|tp53_mutated=0|tumor_grade=G1|tumor_purity_bin=6
train	TCGA-LIHC	TCGA-RC-A6M5	8	0.006811	immune_subtype=C3|kras_mutated=0|os_status=Alive|pfs_status=CENSORED|stage=Stage IVA|tp53_mutated=0|tumor_grade=G2|tumor_purity_bin=2
train	TCGA-LIHC	TCGA-RC-A6M6	8	0.004304	immune_subtype=C1|kras_mutated=0|os_status=Alive|pfs_status=CENSORED|stage=Stage II|tp53_mutated=1|tumor_grade=G3|tumor_purity_bin=7
train	TCGA-LIHC	TCGA-XR-A8TE	8	0.007581	immune_subtype=C3|kras_mutated=0|os_status=Alive|pfs_status=PROGRESSION|stage=Stage IIIA|tp53_mutated=0|tumor_grade=G1|tumor_purity_bin=7
train	TCGA-LUAD	TCGA-05-4403	7	0.011526	immune_subtype=C6|kras_mutated=1|os_status=Alive|pfs_status=CENSORED|stage=Stage IB|tp53_mutated=0|tumor_purity_bin=4
train	TCGA-LUAD	TCGA-05-4426	7	0.010229	immune_subtype=C6|kras_mutated=0|os_status=Alive|pfs_status=PROGRESSION|stage=Stage IB|tp53_mutated=1|tumor_purity_bin=7
train	TCGA-LUAD	TCGA-38-7271	7	0.011499	immune_subtype=C6|kras_mutated=0|os_status=Dead|pfs_status=PROGRESSION|stage=Stage IA|tp53_mutated=0|tumor_purity_bin=2
train	TCGA-LUAD	TCGA-44-3398	6	0.012249	kras_mutated=0|os_status=Alive|pfs_status=CENSORED|stage=Stage IA|tp53_mutated=0|tumor_purity_bin=1
train	TCGA-LUAD	TCGA-44-6775	7	0.011320	immune_subtype=C6|kras_mutated=0|os_status=Alive|pfs_status=PROGRESSION|stage=Stage IB|tp53_mutated=1|tumor_purity_bin=2
train	TCGA-LUAD	TCGA-44-6779	7	0.009235	immune_subtype=C6|kras_mutated=0|os_status=Dead|pfs_status=PROGRESSION|stage=Stage IIB|tp53_mutated=1|tumor_purity_bin=6
train	TCGA-LUAD	TCGA-49-4487	7	0.013197	immune_subtype=C2|kras_mutated=0|os_status=Dead|pfs_status=PROGRESSION|stage=Stage IA|tp53_mutated=1|tumor_purity_bin=1
train	TCGA-LUAD	TCGA-49-4512	7	0.010322	immune_subtype=C6|kras_mutated=0|os_status=Dead|pfs_status=PROGRESSION|stage=Stage IIIA|tp53_mutated=0|tumor_purity_bin=3
train	TCGA-LUAD	TCGA-49-AAQV	7	0.005080	immune_subtype=C2|kras_mutated=0|os_status=Dead|pfs_status=PROGRESSION|stage=Stage II|tp53_mutated=1|tumor_purity_bin=2
train	TCGA-LUAD	TCGA-49-AARO	7	0.012638	immune_subtype=C6|kras_mutated=1|os_status=Alive|pfs_status=PROGRESSION|stage=Stage IA|tp53_mutated=0|tumor_purity_bin=2
train	TCGA-LUAD	TCGA-50-5044	7	0.006936	immune_subtype=C2|kras_mutated=0|os_status=Dead|pfs_status=PROGRESSION|stage=Stage IIIB|tp53_mutated=0|tumor_purity_bin=2
train	TCGA-LUAD	TCGA-50-5055	7	0.011509	immune_subtype=C2|kras_mutated=0|os_status=Dead|pfs_status=PROGRESSION|stage=Stage IIA|tp53_mutated=0|tumor_purity_bin=1
train	TCGA-LUAD	TCGA-50-6591	6	0.004696	kras_mutated=0|os_status=Dead|pfs_status=PROGRESSION|stage=Stage IV|tp53_mutated=1|tumor_purity_bin=9
train	TCGA-LUAD	TCGA-55-1592	7	0.010808	immune_subtype=C6|kras_mutated=0|os_status=Dead|pfs_status=PROGRESSION|stage=Stage IA|tp53_mutated=1|tumor_purity_bin=4
train	TCGA-LUAD	TCGA-55-6980	7	0.010746	immune_subtype=C6|kras_mutated=0|os_status=Alive|pfs_status=CENSORED|stage=Stage IA|tp53_mutated=1|tumor_purity_bin=3
train	TCGA-LUAD	TCGA-55-6985	7	0.010629	immune_subtype=C6|kras_mutated=0|os_status=Alive|pfs_status=CENSORED|stage=Stage IB|tp53_mutated=1|tumor_purity_bin=3
train	TCGA-LUAD	TCGA-55-6987	6	0.012249	kras_mutated=0|os_status=Alive|pfs_status=CENSORED|stage=Stage IA|tp53_mutated=0|tumor_purity_bin=1
train	TCGA-LUAD	TCGA-55-7281	7	0.011807	immune_subtype=C6|kras_mutated=1|os_status=Alive|pfs_status=PROGRESSION|stage=Stage IA|tp53_mutated=0|tumor_purity_bin=4
train	TCGA-LUAD	TCGA-55-7574	7	0.013080	immune_subtype=C3|kras_mutated=0|os_status=Dead|pfs_status=PROGRESSION|stage=Stage IB|tp53_mutated=1|tumor_purity_bin=1
train	TCGA-LUAD	TCGA-55-8090	7	0.006578	immune_subtype=C1|kras_mutated=1|os_status=Dead|pfs_status=PROGRESSION|stage=Stage IA|tp53_mutated=0|tumor_purity_bin=4
train	TCGA-LUAD	TCGA-55-8299	6	0.011063	immune_subtype=C6|kras_mutated=1|os_status=Dead|pfs_status=PROGRESSION|stage=Stage IA|tp53_mutated=0
train	TCGA-LUAD	TCGA-55-8506	7	0.009127	immune_subtype=C6|kras_mutated=0|os_status=Alive|pfs_status=CENSORED|stage=Stage IIB|tp53_mutated=1|tumor_purity_bin=4
train	TCGA-LUAD	TCGA-55-8511	7	0.012879	immune_subtype=C3|kras_mutated=0|os_status=Alive|pfs_status=PROGRESSION|stage=Stage IB|tp53_mutated=1|tumor_purity_bin=1
train	TCGA-LUAD	TCGA-55-A494	7	0.005894	immune_subtype=C3|kras_mutated=1|os_status=Alive|pfs_status=CENSORED|stage=Stage IB|tp53_mutated=0|tumor_purity_bin=8
train	TCGA-LUAD	TCGA-55-A57B	7	0.011274	immune_subtype=C6|kras_mutated=0|os_status=Alive|pfs_status=CENSORED|stage=Stage IA|tp53_mutated=1|tumor_purity_bin=2
train	TCGA-LUAD	TCGA-73-4658	7	0.011219	immune_subtype=C6|kras_mutated=0|os_status=Dead|pfs_status=CENSORED|stage=Stage IB|tp53_mutated=0|tumor_purity_bin=2
train	TCGA-LUAD	TCGA-73-4659	7	0.005446	immune_subtype=C4|kras_mutated=0|os_status=Dead|pfs_status=PROGRESSION|stage=Stage IIIA|tp53_mutated=0|tumor_purity_bin=3
train	TCGA-LUAD	TCGA-75-7030	6	0.009382	immune_subtype=C6|kras_mutated=1|os_status=Alive|pfs_status=CENSORED|stage=Stage IIB|tp53_mutated=0
train	TCGA-LUAD	TCGA-86-6562	7	0.009120	immune_subtype=C6|kras_mutated=0|os_status=Dead|pfs_status=PROGRESSION|stage=Stage IIA|tp53_mutated=0|tumor_purity_bin=4
train	TCGA-LUAD	TCGA-86-8278	7	0.008987	immune_subtype=C6|kras_mutated=0|os_status=Alive|pfs_status=PROGRESSION|stage=Stage IIB|tp53_mutated=0|tumor_purity_bin=5
train	TCGA-LUAD	TCGA-86-A4P7	7	0.012716	immune_subtype=C3|kras_mutated=0|os_status=Alive|pfs_status=CENSORED|stage=Stage IB|tp53_mutated=1|tumor_purity_bin=1
train	TCGA-LUAD	TCGA-95-A4VN	7	0.012485	immune_subtype=C2|kras_mutated=1|os_status=Alive|pfs_status=CENSORED|stage=Stage IIA|tp53_mutated=0|tumor_purity_bin=1
train	TCGA-LUAD	TCGA-97-7552	7	0.012740	immune_subtype=C3|kras_mutated=0|os_status=Alive|pfs_status=PROGRESSION|stage=Stage IB|tp53_mutated=0|tumor_purity_bin=1
train	TCGA-LUAD	TCGA-99-8028	7	0.014173	immune_subtype=C3|kras_mutated=1|os_status=Alive|pfs_status=CENSORED|stage=Stage IA|tp53_mutated=1|tumor_purity_bin=1
train	TCGA-LUAD	TCGA-L9-A743	7	0.207950	immune_subtype=C6|kras_mutated=0|os_status=Alive|pfs_status=CENSORED|stage=Stage IIA|tp53_mutated=1|tumor_purity_bin=0
train	TCGA-LUAD	TCGA-MP-A4T9	7	0.012548	immune_subtype=C3|kras_mutated=0|os_status=Dead|pfs_status=PROGRESSION|stage=Stage IIIA|tp53_mutated=1|tumor_purity_bin=1
train	TCGA-LUSC	TCGA-21-1076	7	0.005883	immune_subtype=C2|kras_mutated=0|os_status=Alive|pfs_status=PROGRESSION|stage=Stage IB|tp53_mutated=1|tumor_purity_bin=2
train	TCGA-LUSC	TCGA-21-5783	7	0.006272	immune_subtype=C1|kras_mutated=1|os_status=Dead|pfs_status=CENSORED|stage=Stage IB|tp53_mutated=1|tumor_purity_bin=5
train	TCGA-LUSC	TCGA-21-5784	7	0.012722	immune_subtype=C1|kras_mutated=0|os_status=Alive|pfs_status=CENSORED|stage=Stage IB|tp53_mutated=1|tumor_purity_bin=1
train	TCGA-LUSC	TCGA-22-1000	7	0.013087	immune_subtype=C1|kras_mutated=0|os_status=Dead|pfs_status=PROGRESSION|stage=Stage IB|tp53_mutated=1|tumor_purity_bin=1
train	TCGA-LUSC	TCGA-22-1005	7	0.018332	immune_subtype=C6|kras_mutated=0|os_status=Dead|pfs_status=CENSORED|stage=Stage IA|tp53_mutated=0|tumor_purity_bin=1
train	TCGA-LUSC	TCGA-22-4596	7	0.010131	immune_subtype=C6|kras_mutated=0|os_status=Dead|pfs_status=CENSORED|stage=Stage IB|tp53_mutated=0|tumor_purity_bin=6
train	TCGA-LUSC	TCGA-22-5472	7	0.010434	immune_subtype=C6|kras_mutated=0|os_status=Dead|pfs_status=PROGRESSION|stage=Stage IB|tp53_mutated=1|tumor_purity_bin=6
train	TCGA-LUSC	TCGA-34-7107	7	0.003928	immune_subtype=C1|kras_mutated=0|os_status=Dead|pfs_status=CENSORED|stage=Stage II|tp53_mutated=1|tumor_purity_bin=5
train	TCGA-LUSC	TCGA-39-5022	7	0.006084	immune_subtype=C2|kras_mutated=0|os_status=Dead|pfs_status=PROGRESSION|stage=Stage IB|tp53_mutated=1|tumor_purity_bin=2
train	TCGA-LUSC	TCGA-39-5028	7	0.012384	immune_subtype=C2|kras_mutated=0|os_status=Dead|pfs_status=CENSORED|stage=Stage IIIA|tp53_mutated=1|tumor_purity_bin=1
train	TCGA-LUSC	TCGA-43-2581	7	0.011964	immune_subtype=C6|kras_mutated=1|os_status=Alive|pfs_status=CENSORED|stage=Stage IIIA|tp53_mutated=1|tumor_purity_bin=2
train	TCGA-LUSC	TCGA-43-A56U	7	0.012693	immune_subtype=C2|kras_mutated=0|os_status=Alive|pfs_status=CENSORED|stage=Stage IA|tp53_mutated=0|tumor_purity_bin=1
train	TCGA-LUSC	TCGA-51-4080	7	0.006333	immune_subtype=C2|kras_mutated=0|os_status=Dead|pfs_status=CENSORED|stage=Stage IIIB|tp53_mutated=1|tumor_purity_bin=9
train	TCGA-LUSC	TCGA-56-7579	7	0.005025	immune_subtype=C4|kras_mutated=0|os_status=Dead|pfs_status=PROGRESSION|stage=Stage IIIA|tp53_mutated=1|tumor_purity_bin=6
train	TCGA-LUSC	TCGA-56-7731	7	0.012784	immune_subtype=C1|kras_mutated=0|os_status=Dead|pfs_status=CENSORED|stage=Stage IB|tp53_mutated=0|tumor_purity_bin=1
train	TCGA-LUSC	TCGA-56-8309	7	0.010746	immune_subtype=C6|kras_mutated=0|os_status=Alive|pfs_status=CENSORED|stage=Stage IA|tp53_mutated=1|tumor_purity_bin=3
train	TCGA-LUSC	TCGA-56-8628	7	0.010443	immune_subtype=C6|kras_mutated=0|os_status=Alive|pfs_status=CENSORED|stage=Stage IA|tp53_mutated=1|tumor_purity_bin=4
train	TCGA-LUSC	TCGA-56-A4ZJ	7	0.018131	immune_subtype=C6|kras_mutated=0|os_status=Alive|pfs_status=CENSORED|stage=Stage IA|tp53_mutated=0|tumor_purity_bin=1
train	TCGA-LUSC	TCGA-60-2697	7	0.011510	immune_subtype=C3|kras_mutated=0|os_status=Dead|pfs_status=PROGRESSION|stage=Stage IIA|tp53_mutated=0|tumor_purity_bin=1
train	TCGA-LUSC	TCGA-60-2704	7	0.010322	immune_subtype=C6|kras_mutated=0|os_status=Dead|pfs_status=PROGRESSION|stage=Stage IIB|tp53_mutated=1|tumor_purity_bin=2
train	TCGA-LUSC	TCGA-60-2709	7	0.012722	immune_subtype=C1|kras_mutated=0|os_status=Alive|pfs_status=CENSORED|stage=Stage IB|tp53_mutated=1|tumor_purity_bin=1
train	TCGA-LUSC	TCGA-60-2715	3	0.011980	os_status=Dead|stage=Stage IA|tumor_purity_bin=1
train	TCGA-LUSC	TCGA-63-A5MN	7	0.010183	immune_subtype=C6|kras_mutated=0|os_status=Dead|pfs_status=PROGRESSION|stage=Stage IIB|tp53_mutated=0|tumor_purity_bin=2
train	TCGA-LUSC	TCGA-63-A5MS	7	0.011157	immune_subtype=C6|kras_mutated=0|os_status=Alive|pfs_status=CENSORED|stage=Stage IB|tp53_mutated=1|tumor_purity_bin=2
train	TCGA-LUSC	TCGA-66-2767	7	0.006572	immune_subtype=C2|kras_mutated=0|os_status=Alive|pfs_status=CENSORED|stage=Stage IIIB|tp53_mutated=0|tumor_purity_bin=2
train	TCGA-LUSC	TCGA-66-2769	7	0.007592	immune_subtype=C1|kras_mutated=1|os_status=Dead|pfs_status=CENSORED|stage=Stage IIIB|tp53_mutated=0|tumor_purity_bin=3
train	TCGA-LUSC	TCGA-66-2778	7	0.006183	immune_subtype=C2|kras_mutated=0|os_status=Alive|pfs_status=CENSORED|stage=Stage IIIB|tp53_mutated=1|tumor_purity_bin=3
train	TCGA-LUSC	TCGA-66-2793	7	0.005893	immune_subtype=C1|kras_mutated=0|os_status=Dead|pfs_status=CENSORED|stage=Stage IIIB|tp53_mutated=1|tumor_purity_bin=8
train	TCGA-LUSC	TCGA-77-8145	7	0.006105	immune_subtype=C2|kras_mutated=0|os_status=Dead|pfs_status=PROGRESSION|stage=Stage IIIB|tp53_mutated=0|tumor_purity_bin=4
train	TCGA-LUSC	TCGA-77-A5GB	7	0.006091	immune_subtype=C1|kras_mutated=0|os_status=Dead|pfs_status=PROGRESSION|stage=Stage IB|tp53_mutated=1|tumor_purity_bin=2
train	TCGA-LUSC	TCGA-85-8048	7	0.012832	immune_subtype=C2|kras_mutated=0|os_status=Alive|pfs_status=CENSORED|stage=Stage IA|tp53_mutated=1|tumor_purity_bin=1
train	TCGA-LUSC	TCGA-85-8049	7	0.011157	immune_subtype=C6|kras_mutated=0|os_status=Alive|pfs_status=CENSORED|stage=Stage IB|tp53_mutated=1|tumor_purity_bin=2
train	TCGA-LUSC	TCGA-85-A50M	7	0.011493	immune_subtype=C1|kras_mutated=0|os_status=Dead|pfs_status=CENSORED|stage=Stage IIA|tp53_mutated=1|tumor_purity_bin=1
train	TCGA-LUSC	TCGA-96-7545	7	0.010808	immune_subtype=C6|kras_mutated=0|os_status=Dead|pfs_status=PROGRESSION|stage=Stage IA|tp53_mutated=1|tumor_purity_bin=4
train	TCGA-LUSC	TCGA-98-A53D	5	0.009301	immune_subtype=C6|os_status=Dead|pfs_status=PROGRESSION|stage=Stage IIB|tumor_purity_bin=9
train	TCGA-LUSC	TCGA-O2-A52W	7	0.003503	immune_subtype=C1|kras_mutated=0|os_status=Dead|pfs_status=CENSORED|stage=Stage I|tp53_mutated=1|tumor_purity_bin=3
train	TCGA-MESO	TCGA-3H-AB3M	7	0.004332	immune_subtype=C4|kras_mutated=0|os_status=Dead|pfs_status=PROGRESSION|stage=Stage III|tp53_mutated=0|tumor_purity_bin=8
train	TCGA-MESO	TCGA-3H-AB3S	7	0.003922	immune_subtype=C1|kras_mutated=0|os_status=Dead|pfs_status=PROGRESSION|stage=Stage II|tp53_mutated=0|tumor_purity_bin=8
train	TCGA-MESO	TCGA-3U-A98E	7	0.004492	immune_subtype=C2|kras_mutated=0|os_status=Alive|pfs_status=PROGRESSION|stage=Stage IV|tp53_mutated=1|tumor_purity_bin=8
train	TCGA-MESO	TCGA-3U-A98F	7	0.004780	immune_subtype=C4|kras_mutated=0|os_status=Dead|pfs_status=PROGRESSION|stage=Stage III|tp53_mutated=0|tumor_purity_bin=9
train	TCGA-MESO	TCGA-3U-A98G	7	0.009930	immune_subtype=C6|kras_mutated=0|os_status=Dead|pfs_status=PROGRESSION|stage=Stage IV|tp53_mutated=0|tumor_purity_bin=6
train	TCGA-MESO	TCGA-3U-A98H	7	0.010490	immune_subtype=C6|kras_mutated=0|os_status=Dead|pfs_status=PROGRESSION|stage=Stage IV|tp53_mutated=0|tumor_purity_bin=3
train	TCGA-MESO	TCGA-3U-A98I	7	0.010161	immune_subtype=C6|kras_mutated=0|os_status=Dead|pfs_status=PROGRESSION|stage=Stage IV|tp53_mutated=1|tumor_purity_bin=5
train	TCGA-MESO	TCGA-LK-A4NW	7	0.004749	immune_subtype=C2|kras_mutated=0|os_status=Dead|pfs_status=PROGRESSION|stage=Stage IV|tp53_mutated=0|tumor_purity_bin=4
train	TCGA-MESO	TCGA-LK-A4NZ	7	0.004413	immune_subtype=C2|kras_mutated=0|os_status=Dead|pfs_status=PROGRESSION|stage=Stage II|tp53_mutated=0|tumor_purity_bin=3
train	TCGA-MESO	TCGA-LK-A4O0	7	0.005075	immune_subtype=C1|kras_mutated=0|os_status=Dead|pfs_status=CENSORED|stage=Stage IA|tp53_mutated=0|tumor_purity_bin=4
train	TCGA-MESO	TCGA-LK-A4O5	7	0.009147	immune_subtype=C6|kras_mutated=0|os_status=Dead|pfs_status=PROGRESSION|stage=Stage III|tp53_mutated=0|tumor_purity_bin=6
train	TCGA-MESO	TCGA-MQ-A6BL	7	0.004941	immune_subtype=C2|kras_mutated=0|os_status=Dead|pfs_status=PROGRESSION|stage=Stage II|tp53_mutated=0|tumor_purity_bin=2
train	TCGA-MESO	TCGA-MQ-A6BQ	7	0.004050	immune_subtype=C4|kras_mutated=0|os_status=Alive|pfs_status=CENSORED|stage=Stage II|tp53_mutated=0|tumor_purity_bin=6
train	TCGA-MESO	TCGA-NQ-A57I	6	0.005983	kras_mutated=1|os_status=Dead|pfs_status=PROGRESSION|stage=Stage IB|tp53_mutated=1|tumor_purity_bin=5
train	TCGA-MESO	TCGA-SC-A6LM	7	0.005054	immune_subtype=C4|kras_mutated=0|os_status=Dead|pfs_status=PROGRESSION|stage=Stage IV|tp53_mutated=0|tumor_purity_bin=6
train	TCGA-MESO	TCGA-SC-A6LP	7	0.004092	immune_subtype=C1|kras_mutated=0|os_status=Dead|pfs_status=PROGRESSION|stage=Stage II|tp53_mutated=1|tumor_purity_bin=5
train	TCGA-MESO	TCGA-SC-A6LQ	7	0.003973	immune_subtype=C1|kras_mutated=0|os_status=Dead|pfs_status=PROGRESSION|stage=Stage III|tp53_mutated=0|tumor_purity_bin=4
train	TCGA-MESO	TCGA-SC-AA5Z	7	0.010792	immune_subtype=C6|kras_mutated=0|os_status=Alive|pfs_status=CENSORED|stage=Stage IV|tp53_mutated=1|tumor_purity_bin=2
train	TCGA-MESO	TCGA-SH-A7BC	7	0.009239	immune_subtype=C6|kras_mutated=0|os_status=Dead|pfs_status=PROGRESSION|stage=Stage III|tp53_mutated=0|tumor_purity_bin=5
train	TCGA-MESO	TCGA-SH-A7BD	7	0.004554	immune_subtype=C2|kras_mutated=0|os_status=Dead|pfs_status=PROGRESSION|stage=Stage IV|tp53_mutated=0|tumor_purity_bin=8
train	TCGA-MESO	TCGA-SH-A9CU	7	0.005050	immune_subtype=C4|kras_mutated=0|os_status=Dead|pfs_status=PROGRESSION|stage=Stage IV|tp53_mutated=0|tumor_purity_bin=7
train	TCGA-MESO	TCGA-TS-A7OU	7	0.005030	immune_subtype=C4|kras_mutated=0|os_status=Dead|pfs_status=CENSORED|stage=Stage IV|tp53_mutated=1|tumor_purity_bin=6
train	TCGA-MESO	TCGA-TS-A7OY	7	0.005424	immune_subtype=C1|kras_mutated=0|os_status=Dead|pfs_status=CENSORED|stage=Stage IV|tp53_mutated=0|tumor_purity_bin=2
train	TCGA-MESO	TCGA-TS-A7P1	7	0.003029	immune_subtype=C1|kras_mutated=0|os_status=Dead|pfs_status=PROGRESSION|stage=Stage I|tp53_mutated=0|tumor_purity_bin=8
train	TCGA-MESO	TCGA-TS-A8AI	7	0.004429	immune_subtype=C1|kras_mutated=0|os_status=Dead|pfs_status=CENSORED|stage=Stage IV|tp53_mutated=0|tumor_purity_bin=5
train	TCGA-MESO	TCGA-TS-A8AS	7	0.005899	immune_subtype=C2|kras_mutated=0|os_status=Dead|pfs_status=CENSORED|stage=Stage IA|tp53_mutated=0|tumor_purity_bin=2
train	TCGA-MESO	TCGA-UD-AABY	6	0.008459	immune_subtype=C6|kras_mutated=0|os_status=Dead|pfs_status=PROGRESSION|stage=Stage III|tp53_mutated=0
train	TCGA-MESO	TCGA-UD-AAC7	7	0.003996	immune_subtype=C1|kras_mutated=0|os_status=Dead|pfs_status=PROGRESSION|stage=Stage II|tp53_mutated=1|tumor_purity_bin=7
train	TCGA-MESO	TCGA-UT-A88C	7	0.004269	immune_subtype=C2|kras_mutated=0|os_status=Dead|pfs_status=PROGRESSION|stage=Stage III|tp53_mutated=0|tumor_purity_bin=3
train	TCGA-MESO	TCGA-UT-A88D	7	0.004251	immune_subtype=C3|kras_mutated=0|os_status=Dead|pfs_status=CENSORED|stage=Stage II|tp53_mutated=0|tumor_purity_bin=3
train	TCGA-MESO	TCGA-UT-A88G	7	0.009209	immune_subtype=C6|kras_mutated=0|os_status=Dead|pfs_status=PROGRESSION|stage=Stage III|tp53_mutated=0|tumor_purity_bin=8
train	TCGA-MESO	TCGA-UT-A97Y	7	0.004055	immune_subtype=C1|kras_mutated=0|os_status=Dead|pfs_status=PROGRESSION|stage=Stage I|tp53_mutated=0|tumor_purity_bin=2
train	TCGA-MESO	TCGA-YS-A95B	7	0.004496	immune_subtype=C1|kras_mutated=0|os_status=Dead|pfs_status=PROGRESSION|stage=Stage IV|tp53_mutated=0|tumor_purity_bin=7
train	TCGA-MESO	TCGA-YS-AA4M	7	0.012576	immune_subtype=C2|kras_mutated=0|os_status=Dead|pfs_status=PROGRESSION|stage=Stage IV|tp53_mutated=0|tumor_purity_bin=1
train	TCGA-MESO	TCGA-ZN-A9VO	7	0.004125	immune_subtype=C2|kras_mutated=0|os_status=Alive|pfs_status=CENSORED|stage=Stage IV|tp53_mutated=0|tumor_purity_bin=7
train	TCGA-MESO	TCGA-ZN-A9VV	7	0.004579	immune_subtype=C4|kras_mutated=0|os_status=Alive|pfs_status=PROGRESSION|stage=Stage III|tp53_mutated=0|tumor_purity_bin=9
train	TCGA-OV	TCGA-23-1021	6	0.002993	kras_mutated=0|os_status=Dead|pfs_status=PROGRESSION|tp53_mutated=1|tumor_grade=G3|tumor_purity_bin=9
train	TCGA-OV	TCGA-23-1027	7	0.002990	immune_subtype=C2|kras_mutated=0|os_status=Dead|pfs_status=PROGRESSION|tp53_mutated=1|tumor_grade=G3|tumor_purity_bin=8
train	TCGA-OV	TCGA-23-1113	6	0.002993	kras_mutated=0|os_status=Dead|pfs_status=PROGRESSION|tp53_mutated=1|tumor_grade=G3|tumor_purity_bin=9
train	TCGA-OV	TCGA-23-1116	6	0.003044	kras_mutated=0|os_status=Dead|pfs_status=PROGRESSION|tp53_mutated=1|tumor_grade=G3|tumor_purity_bin=3
train	TCGA-OV	TCGA-23-1123	7	0.002990	immune_subtype=C2|kras_mutated=0|os_status=Dead|pfs_status=PROGRESSION|tp53_mutated=1|tumor_grade=G3|tumor_purity_bin=8
train	TCGA-OV	TCGA-23-2077	7	0.002984	immune_subtype=C2|kras_mutated=0|os_status=Alive|pfs_status=PROGRESSION|tp53_mutated=1|tumor_grade=G3|tumor_purity_bin=4
train	TCGA-OV	TCGA-25-1313	7	0.003582	immune_subtype=C4|kras_mutated=0|os_status=Dead|pfs_status=PROGRESSION|tp53_mutated=1|tumor_grade=G3|tumor_purity_bin=5
train	TCGA-OV	TCGA-25-1314	7	0.002990	immune_subtype=C2|kras_mutated=0|os_status=Dead|pfs_status=PROGRESSION|tp53_mutated=1|tumor_grade=G3|tumor_purity_bin=8
train	TCGA-OV	TCGA-25-1315	7	0.003438	immune_subtype=C2|kras_mutated=0|os_status=Dead|pfs_status=PROGRESSION|tp53_mutated=1|tumor_grade=G3|tumor_purity_bin=9
train	TCGA-OV	TCGA-25-1316	7	0.004646	immune_subtype=C1|kras_mutated=1|os_status=Dead|pfs_status=PROGRESSION|tp53_mutated=0|tumor_grade=G3|tumor_purity_bin=9
train	TCGA-OV	TCGA-25-1318	7	0.003443	immune_subtype=C4|kras_mutated=0|os_status=Dead|pfs_status=PROGRESSION|tp53_mutated=0|tumor_grade=G3|tumor_purity_bin=5
train	TCGA-OV	TCGA-25-1319	7	0.002990	immune_subtype=C2|kras_mutated=0|os_status=Dead|pfs_status=PROGRESSION|tp53_mutated=1|tumor_grade=G3|tumor_purity_bin=8
train	TCGA-OV	TCGA-25-1321	7	0.003413	immune_subtype=C4|kras_mutated=0|os_status=Dead|pfs_status=PROGRESSION|tp53_mutated=0|tumor_grade=G3|tumor_purity_bin=8
train	TCGA-OV	TCGA-25-1322	7	0.003347	immune_subtype=C4|kras_mutated=0|os_status=Dead|pfs_status=PROGRESSION|tp53_mutated=0|tumor_grade=G3|tumor_purity_bin=7
train	TCGA-OV	TCGA-25-1328	6	0.002102	immune_subtype=C3|kras_mutated=0|os_status=Dead|pfs_status=PROGRESSION|tp53_mutated=0|tumor_grade=G3
train	TCGA-OV	TCGA-25-1625	5	0.003047	immune_subtype=C4|os_status=Dead|pfs_status=PROGRESSION|tumor_grade=G3|tumor_purity_bin=6
train	TCGA-OV	TCGA-25-1630	7	0.003444	immune_subtype=C4|kras_mutated=0|os_status=Dead|pfs_status=CENSORED|tp53_mutated=0|tumor_grade=G3|tumor_purity_bin=4
train	TCGA-OV	TCGA-25-1631	7	0.003697	immune_subtype=C4|kras_mutated=0|os_status=Dead|pfs_status=CENSORED|tp53_mutated=0|tumor_grade=G3|tumor_purity_bin=9
train	TCGA-OV	TCGA-25-1632	7	0.003860	immune_subtype=C4|kras_mutated=0|os_status=Dead|pfs_status=PROGRESSION|tp53_mutated=0|tumor_grade=G3|tumor_purity_bin=9
train	TCGA-OV	TCGA-25-1870	7	0.003413	immune_subtype=C4|kras_mutated=0|os_status=Dead|pfs_status=PROGRESSION|tp53_mutated=0|tumor_grade=G3|tumor_purity_bin=8
train	TCGA-OV	TCGA-25-1871	7	0.003306	immune_subtype=C1|kras_mutated=0|os_status=Dead|pfs_status=PROGRESSION|tp53_mutated=0|tumor_grade=G3|tumor_purity_bin=9
train	TCGA-OV	TCGA-25-2392	7	0.003419	immune_subtype=C4|kras_mutated=0|os_status=Dead|pfs_status=CENSORED|tp53_mutated=1|tumor_grade=G3|tumor_purity_bin=5
train	TCGA-OV	TCGA-25-2393	7	0.002998	immune_subtype=C1|kras_mutated=0|os_status=Dead|pfs_status=PROGRESSION|tp53_mutated=1|tumor_grade=G3|tumor_purity_bin=8
train	TCGA-OV	TCGA-25-2397	7	0.003836	immune_subtype=C4|kras_mutated=0|os_status=Dead|pfs_status=CENSORED|tp53_mutated=1|tumor_grade=G3|tumor_purity_bin=9
train	TCGA-OV	TCGA-25-2399	7	0.002990	immune_subtype=C2|kras_mutated=0|os_status=Dead|pfs_status=PROGRESSION|tp53_mutated=1|tumor_grade=G3|tumor_purity_bin=8
train	TCGA-OV	TCGA-25-2400	7	0.003552	immune_subtype=C4|kras_mutated=0|os_status=Dead|pfs_status=PROGRESSION|tp53_mutated=1|tumor_grade=G3|tumor_purity_bin=8
train	TCGA-OV	TCGA-3P-A9WA	7	0.003187	immune_subtype=C4|kras_mutated=0|os_status=Alive|pfs_status=CENSORED|tp53_mutated=1|tumor_grade=G3|tumor_purity_bin=8
train	TCGA-OV	TCGA-42-2590	6	0.002499	kras_mutated=0|os_status=Dead|pfs_status=PROGRESSION|tp53_mutated=1|tumor_grade=G2|tumor_purity_bin=7
train	TCGA-OV	TCGA-42-2591	6	0.015845	kras_mutated=0|os_status=Alive|pfs_status=CENSORED|tp53_mutated=1|tumor_grade=GX|tumor_purity_bin=9
train	TCGA-OV	TCGA-57-1583	7	0.003299	immune_subtype=C2|kras_mutated=0|os_status=Dead|pfs_status=PROGRESSION|tp53_mutated=0|tumor_grade=G3|tumor_purity_bin=9
train	TCGA-OV	TCGA-57-1993	7	0.003187	immune_subtype=C4|kras_mutated=0|os_status=Alive|pfs_status=CENSORED|tp53_mutated=1|tumor_grade=G3|tumor_purity_bin=8
train	TCGA-OV	TCGA-59-A5PD	7	0.002936	immune_subtype=C1|kras_mutated=0|os_status=Dead|pfs_status=PROGRESSION|tp53_mutated=1|tumor_grade=G3|tumor_purity_bin=6
train	TCGA-OV	TCGA-5X-AA5U	7	0.015711	immune_subtype=C1|kras_mutated=0|os_status=Alive|pfs_status=CENSORED|tp53_mutated=0|tumor_grade=GX|tumor_purity_bin=8
train	TCGA-OV	TCGA-OY-A56Q	7	0.003635	immune_subtype=C4|kras_mutated=0|os_status=Alive|pfs_status=CENSORED|tp53_mutated=1|tumor_grade=G3|tumor_purity_bin=9
train	TCGA-OV	TCGA-VG-A8LO	7	1.002765	immune_subtype=C2|kras_mutated=0|os_status=Dead|pfs_status=PROGRESSION|tp53_mutated=1|tumor_grade=GB|tumor_purity_bin=9
train	TCGA-OV	TCGA-WR-A838	7	0.003438	immune_subtype=C2|kras_mutated=0|os_status=Dead|pfs_status=PROGRESSION|tp53_mutated=1|tumor_grade=G3|tumor_purity_bin=9
train	TCGA-PAAD	TCGA-2J-AAB1	8	0.011201	immune_subtype=C6|kras_mutated=1|os_status=Dead|pfs_status=CENSORED|stage=Stage IIB|tp53_mutated=0|tumor_grade=G3|tumor_purity_bin=4
train	TCGA-PAAD	TCGA-2J-AABE	8	0.010787	immune_subtype=C6|kras_mutated=1|os_status=Alive|pfs_status=CENSORED|stage=Stage IIA|tp53_mutated=0|tumor_grade=G2|tumor_purity_bin=4
train	TCGA-PAAD	TCGA-2J-AABH	8	0.010906	immune_subtype=C6|kras_mutated=1|os_status=Alive|pfs_status=PROGRESSION|stage=Stage IIA|tp53_mutated=1|tumor_grade=G3|tumor_purity_bin=5
train	TCGA-PAAD	TCGA-2J-AABP	7	0.013181	kras_mutated=0|os_status=Alive|pfs_status=CENSORED|stage=Stage IIB|tp53_mutated=1|tumor_grade=G4|tumor_purity_bin=5
train	TCGA-PAAD	TCGA-2J-AABV	8	0.014854	immune_subtype=C1|kras_mutated=0|os_status=Dead|pfs_status=PROGRESSION|stage=Stage IIB|tp53_mutated=0|tumor_grade=G4|tumor_purity_bin=2
train	TCGA-PAAD	TCGA-2L-AAQL	8	0.012334	immune_subtype=C6|kras_mutated=1|os_status=Dead|pfs_status=PROGRESSION|stage=Stage IIB|tp53_mutated=1|tumor_grade=G3|tumor_purity_bin=2
train	TCGA-PAAD	TCGA-3A-A9I7	8	0.019008	immune_subtype=C6|kras_mutated=1|os_status=Alive|pfs_status=PROGRESSION|stage=Stage IIB|tp53_mutated=0|tumor_grade=G2|tumor_purity_bin=1
train	TCGA-PAAD	TCGA-3A-A9IL	7	0.338163	kras_mutated=0|os_status=Alive|pfs_status=CENSORED|stage=Stage 0a|tp53_mutated=0|tumor_grade=G1|tumor_purity_bin=8
train	TCGA-PAAD	TCGA-3A-A9IX	8	0.013524	immune_subtype=C3|kras_mutated=0|os_status=Alive|pfs_status=CENSORED|stage=Stage IA|tp53_mutated=1|tumor_grade=G2|tumor_purity_bin=1
train	TCGA-PAAD	TCGA-F2-A44H	8	0.010278	immune_subtype=C6|kras_mutated=0|os_status=Alive|pfs_status=CENSORED|stage=Stage IIA|tp53_mutated=0|tumor_grade=G2|tumor_purity_bin=2
train	TCGA-PAAD	TCGA-FB-A4P5	8	0.010874	immune_subtype=C6|kras_mutated=0|os_status=Dead|pfs_status=PROGRESSION|stage=Stage IIB|tp53_mutated=0|tumor_grade=G2|tumor_purity_bin=2
train	TCGA-PAAD	TCGA-FB-AAPS	8	0.010649	immune_subtype=C6|kras_mutated=0|os_status=Alive|pfs_status=CENSORED|stage=Stage IIB|tp53_mutated=1|tumor_grade=G2|tumor_purity_bin=2
train	TCGA-PAAD	TCGA-FB-AAPY	8	0.012190	immune_subtype=C6|kras_mutated=1|os_status=Dead|pfs_status=CENSORED|stage=Stage IIB|tp53_mutated=1|tumor_grade=G2|tumor_purity_bin=2
train	TCGA-PAAD	TCGA-FB-AAQ0	8	0.005414	immune_subtype=C2|kras_mutated=1|os_status=Dead|pfs_status=CENSORED|stage=Stage IIA|tp53_mutated=1|tumor_grade=G3|tumor_purity_bin=6
train	TCGA-PAAD	TCGA-FB-AAQ1	8	0.012353	immune_subtype=C6|kras_mutated=1|os_status=Dead|pfs_status=PROGRESSION|stage=Stage IIB|tp53_mutated=1|tumor_grade=G2|tumor_purity_bin=2
train	TCGA-PAAD	TCGA-FZ-5921	7	0.019668	kras_mutated=1|os_status=Dead|pfs_status=PROGRESSION|stage=Stage IIB|tp53_mutated=1|tumor_grade=GX|tumor_purity_bin=2
train	TCGA-PAAD	TCGA-FZ-5923	7	0.009935	kras_mutated=1|os_status=Dead|pfs_status=PROGRESSION|stage=Stage IV|tp53_mutated=0|tumor_grade=G1|tumor_purity_bin=2
train	TCGA-PAAD	TCGA-FZ-5926	7	0.204746	kras_mutated=1|os_status=Dead|pfs_status=PROGRESSION|stage=Stage III|tp53_mutated=1|tumor_grade=G2|tumor_purity_bin=0
train	TCGA-PAAD	TCGA-HV-A7OP	7	0.018302	kras_mutated=1|os_status=Alive|pfs_status=PROGRESSION|stage=Stage IIB|tp53_mutated=0|tumor_grade=GX|tumor_purity_bin=8
train	TCGA-PAAD	TCGA-HZ-7922	8	0.014230	immune_subtype=C6|kras_mutated=1|os_status=Alive|pfs_status=CENSORED|stage=Stage IIB|tp53_mutated=1|tumor_grade=G1|tumor_purity_bin=3
train	TCGA-PAAD	TCGA-HZ-8315	8	0.012121	immune_subtype=C6|kras_mutated=1|os_status=Dead|pfs_status=PROGRESSION|stage=Stage IIA|tp53_mutated=1|tumor_grade=G2|tumor_purity_bin=2
train	TCGA-PAAD	TCGA-HZ-8317	8	0.007218	immune_subtype=C1|kras_mutated=0|os_status=Dead|pfs_status=PROGRESSION|stage=Stage IIB|tp53_mutated=0|tumor_grade=G1|tumor_purity_bin=5
train	TCGA-PAAD	TCGA-HZ-8636	8	0.012173	immune_subtype=C6|kras_mutated=1|os_status=Dead|pfs_status=PROGRESSION|stage=Stage IV|tp53_mutated=1|tumor_grade=G3|tumor_purity_bin=5
train	TCGA-PAAD	TCGA-HZ-8638	7	0.018764	kras_mutated=0|os_status=Dead|pfs_status=CENSORED|stage=Stage IA|tp53_mutated=0|tumor_grade=GX|tumor_purity_bin=9
train	TCGA-PAAD	TCGA-HZ-A4BK	8	0.018966	immune_subtype=C6|kras_mutated=1|os_status=Alive|pfs_status=CENSORED|stage=Stage IIB|tp53_mutated=1|tumor_grade=G3|tumor_purity_bin=1
train	TCGA-PAAD	TCGA-IB-7644	8	0.006926	immune_subtype=C1|kras_mutated=1|os_status=Dead|pfs_status=PROGRESSION|stage=Stage IV|tp53_mutated=1|tumor_grade=G2|tumor_purity_bin=4
train	TCGA-PAAD	TCGA-IB-7885	8	0.012075	immune_subtype=C1|kras_mutated=0|os_status=Alive|pfs_status=CENSORED|stage=Stage IIB|tp53_mutated=0|tumor_grade=G2|tumor_purity_bin=1
train	TCGA-PAAD	TCGA-IB-7889	8	0.022118	immune_subtype=C6|kras_mutated=1|os_status=Dead|pfs_status=PROGRESSION|stage=Stage IIB|tp53_mutated=1|tumor_grade=G1|tumor_purity_bin=1
train	TCGA-PAAD	TCGA-IB-7890	8	0.007575	immune_subtype=C1|kras_mutated=1|os_status=Dead|pfs_status=PROGRESSION|stage=Stage IB|tp53_mutated=1|tumor_grade=G3|tumor_purity_bin=3
train	TCGA-PAAD	TCGA-IB-A5SQ	8	0.011495	immune_subtype=C6|kras_mutated=0|os_status=Dead|pfs_status=PROGRESSION|stage=Stage IB|tp53_mutated=0|tumor_grade=G2|tumor_purity_bin=9
train	TCGA-PAAD	TCGA-IB-AAUR	8	0.012864	immune_subtype=C6|kras_mutated=0|os_status=Alive|pfs_status=PROGRESSION|stage=Stage IIB|tp53_mutated=0|tumor_grade=G1|tumor_purity_bin=9
train	TCGA-PAAD	TCGA-US-A774	8	0.010856	immune_subtype=C6|kras_mutated=0|os_status=Dead|pfs_status=PROGRESSION|stage=Stage IIB|tp53_mutated=0|tumor_grade=G3|tumor_purity_bin=2
train	TCGA-PAAD	TCGA-US-A77G	8	0.006343	immune_subtype=C4|kras_mutated=1|os_status=Dead|pfs_status=CENSORED|stage=Stage IIB|tp53_mutated=0|tumor_grade=G2|tumor_purity_bin=4
train	TCGA-PAAD	TCGA-XD-AAUG	8	0.013049	immune_subtype=C1|kras_mutated=0|os_status=Alive|pfs_status=CENSORED|stage=Stage IV|tp53_mutated=1|tumor_grade=G2|tumor_purity_bin=1
train	TCGA-PAAD	TCGA-XD-AAUI	8	0.013912	immune_subtype=C3|kras_mutated=1|os_status=Dead|pfs_status=PROGRESSION|stage=Stage IIB|tp53_mutated=1|tumor_grade=G2|tumor_purity_bin=1
train	TCGA-PAAD	TCGA-XN-A8T3	8	0.014753	immune_subtype=C1|kras_mutated=1|os_status=Alive|pfs_status=CENSORED|stage=Stage IB|tp53_mutated=1|tumor_grade=G2|tumor_purity_bin=1
train	TCGA-PCPG	TCGA-PR-A5PF	6	0.002376	immune_subtype=C4|kras_mutated=0|os_status=Alive|pfs_status=CENSORED|tp53_mutated=0|tumor_purity_bin=8
train	TCGA-PCPG	TCGA-PR-A5PG	6	0.002539	immune_subtype=C4|kras_mutated=0|os_status=Alive|pfs_status=PROGRESSION|tp53_mutated=0|tumor_purity_bin=8
train	TCGA-PCPG	TCGA-QR-A6GT	6	0.007446	immune_subtype=C6|kras_mutated=0|os_status=Alive|pfs_status=PROGRESSION|tp53_mutated=0|tumor_purity_bin=5
train	TCGA-PCPG	TCGA-QR-A6GY	6	0.002515	immune_subtype=C4|kras_mutated=0|os_status=Alive|pfs_status=CENSORED|tp53_mutated=1|tumor_purity_bin=8
train	TCGA-PCPG	TCGA-QR-A6H2	6	0.002376	immune_subtype=C4|kras_mutated=0|os_status=Alive|pfs_status=CENSORED|tp53_mutated=0|tumor_purity_bin=8
train	TCGA-PCPG	TCGA-QR-A702	6	0.002823	immune_subtype=C4|kras_mutated=0|os_status=Alive|pfs_status=CENSORED|tp53_mutated=0|tumor_purity_bin=9
train	TCGA-PCPG	TCGA-QR-A70G	6	0.002406	immune_subtype=C4|kras_mutated=0|os_status=Alive|pfs_status=CENSORED|tp53_mutated=0|tumor_purity_bin=5
train	TCGA-PCPG	TCGA-QR-A70J	6	0.002009	immune_subtype=C2|kras_mutated=0|os_status=Alive|pfs_status=CENSORED|tp53_mutated=0|tumor_purity_bin=4
train	TCGA-PCPG	TCGA-QR-A70K	6	0.002823	immune_subtype=C4|kras_mutated=0|os_status=Alive|pfs_status=CENSORED|tp53_mutated=0|tumor_purity_bin=9
train	TCGA-PCPG	TCGA-QR-A70W	6	0.002823	immune_subtype=C4|kras_mutated=0|os_status=Alive|pfs_status=CENSORED|tp53_mutated=0|tumor_purity_bin=9
train	TCGA-PCPG	TCGA-QT-A5XJ	6	0.002426	immune_subtype=C3|kras_mutated=0|os_status=Alive|pfs_status=PROGRESSION|tp53_mutated=0|tumor_purity_bin=9
train	TCGA-PCPG	TCGA-QT-A5XM	6	0.002406	immune_subtype=C4|kras_mutated=0|os_status=Alive|pfs_status=CENSORED|tp53_mutated=0|tumor_purity_bin=5
train	TCGA-PCPG	TCGA-RT-A6Y9	6	0.002539	immune_subtype=C4|kras_mutated=0|os_status=Alive|pfs_status=PROGRESSION|tp53_mutated=0|tumor_purity_bin=8
train	TCGA-PCPG	TCGA-RW-A67V	6	0.002986	immune_subtype=C4|kras_mutated=0|os_status=Alive|pfs_status=PROGRESSION|tp53_mutated=0|tumor_purity_bin=9
train	TCGA-PCPG	TCGA-RW-A67Y	6	0.002823	immune_subtype=C4|kras_mutated=0|os_status=Alive|pfs_status=CENSORED|tp53_mutated=0|tumor_purity_bin=9
train	TCGA-PCPG	TCGA-RW-A688	6	0.004698	immune_subtype=C5|kras_mutated=0|os_status=Alive|pfs_status=PROGRESSION|tp53_mutated=0|tumor_purity_bin=9
train	TCGA-PCPG	TCGA-RW-A8AZ	6	0.002577	immune_subtype=C4|kras_mutated=0|os_status=Dead|pfs_status=CENSORED|tp53_mutated=0|tumor_purity_bin=8
train	TCGA-PCPG	TCGA-S7-A7WL	6	0.002376	immune_subtype=C4|kras_mutated=0|os_status=Alive|pfs_status=CENSORED|tp53_mutated=0|tumor_purity_bin=8
train	TCGA-PCPG	TCGA-S7-A7WR	6	0.002376	immune_subtype=C4|kras_mutated=0|os_status=Alive|pfs_status=CENSORED|tp53_mutated=0|tumor_purity_bin=8
train	TCGA-PCPG	TCGA-S7-A7WV	6	0.008278	immune_subtype=C6|kras_mutated=0|os_status=Alive|pfs_status=CENSORED|tp53_mutated=0|tumor_purity_bin=2
train	TCGA-PCPG	TCGA-SP-A6QF	6	0.002477	immune_subtype=C4|kras_mutated=0|os_status=Alive|pfs_status=PROGRESSION|tp53_mutated=0|tumor_purity_bin=6
train	TCGA-PCPG	TCGA-SP-A6QI	6	0.002376	immune_subtype=C4|kras_mutated=0|os_status=Alive|pfs_status=CENSORED|tp53_mutated=0|tumor_purity_bin=8
train	TCGA-PCPG	TCGA-SQ-A6I6	6	0.002376	immune_subtype=C4|kras_mutated=0|os_status=Alive|pfs_status=CENSORED|tp53_mutated=0|tumor_purity_bin=8
train	TCGA-PCPG	TCGA-SR-A6MX	6	0.002118	immune_subtype=C3|kras_mutated=0|os_status=Dead|pfs_status=PROGRESSION|tp53_mutated=0|tumor_purity_bin=6
train	TCGA-PCPG	TCGA-SR-A6MZ	6	0.002406	immune_subtype=C4|kras_mutated=0|os_status=Alive|pfs_status=CENSORED|tp53_mutated=0|tumor_purity_bin=5
train	TCGA-PCPG	TCGA-TT-A6YJ	6	0.002823	immune_subtype=C4|kras_mutated=0|os_status=Alive|pfs_status=CENSORED|tp53_mutated=0|tumor_purity_bin=9
train	TCGA-PCPG	TCGA-TT-A6YN	6	0.004087	immune_subtype=C5|kras_mutated=0|os_status=Alive|pfs_status=CENSORED|tp53_mutated=0|tumor_purity_bin=8
train	TCGA-PCPG	TCGA-TT-A6YO	6	0.002986	immune_subtype=C4|kras_mutated=0|os_status=Alive|pfs_status=PROGRESSION|tp53_mutated=0|tumor_purity_bin=9
train	TCGA-PCPG	TCGA-W2-A7HB	6	0.004585	immune_subtype=C5|kras_mutated=0|os_status=Alive|pfs_status=CENSORED|tp53_mutated=0|tumor_purity_bin=3
train	TCGA-PCPG	TCGA-W2-A7HF	7	0.005094	immune_subtype=C3|kras_mutated=0|os_status=Alive|pfs_status=CENSORED|stage=Stage IVA|tp53_mutated=0|tumor_purity_bin=8
train	TCGA-PCPG	TCGA-WB-A80M	6	0.002823	immune_subtype=C4|kras_mutated=0|os_status=Alive|pfs_status=CENSORED|tp53_mutated=0|tumor_purity_bin=9
train	TCGA-PCPG	TCGA-WB-A80V	6	0.002823	immune_subtype=C4|kras_mutated=0|os_status=Alive|pfs_status=CENSORED|tp53_mutated=0|tumor_purity_bin=9
train	TCGA-PCPG	TCGA-WB-A81A	6	0.004087	immune_subtype=C5|kras_mutated=0|os_status=Alive|pfs_status=CENSORED|tp53_mutated=0|tumor_purity_bin=8
train	TCGA-PCPG	TCGA-WB-A81M	6	0.002823	immune_subtype=C4|kras_mutated=0|os_status=Alive|pfs_status=CENSORED|tp53_mutated=0|tumor_purity_bin=9
train	TCGA-PCPG	TCGA-WB-A81N	6	0.002376	immune_subtype=C4|kras_mutated=0|os_status=Alive|pfs_status=CENSORED|tp53_mutated=0|tumor_purity_bin=8
train	TCGA-PCPG	TCGA-WB-A81R	6	0.002376	immune_subtype=C4|kras_mutated=0|os_status=Alive|pfs_status=CENSORED|tp53_mutated=0|tumor_purity_bin=8
train	TCGA-PRAD	TCGA-2A-A8VT	6	0.002545	immune_subtype=C4|kras_mutated=0|os_status=Alive|pfs_status=CENSORED|tp53_mutated=1|tumor_purity_bin=5
train	TCGA-PRAD	TCGA-4L-AA1F	6	0.002848	immune_subtype=C1|kras_mutated=0|os_status=Alive|pfs_status=CENSORED|tp53_mutated=0|tumor_purity_bin=2
train	TCGA-PRAD	TCGA-CH-5748	6	0.002841	immune_subtype=C3|kras_mutated=0|os_status=Alive|pfs_status=CENSORED|tp53_mutated=0|tumor_purity_bin=2
train	TCGA-PRAD	TCGA-CH-5761	6	0.002449	immune_subtype=C4|kras_mutated=0|os_status=Alive|pfs_status=CENSORED|tp53_mutated=1|tumor_purity_bin=7
train	TCGA-PRAD	TCGA-CH-5763	6	0.003922	immune_subtype=C3|kras_mutated=0|os_status=Alive|pfs_status=CENSORED|stage=Stage IA|tp53_mutated=0
train	TCGA-PRAD	TCGA-EJ-5531	6	0.002841	immune_subtype=C3|kras_mutated=0|os_status=Alive|pfs_status=CENSORED|tp53_mutated=0|tumor_purity_bin=2
train	TCGA-PRAD	TCGA-EJ-A46D	6	0.009837	immune_subtype=C3|kras_mutated=0|os_status=Alive|pfs_status=CENSORED|tp53_mutated=0|tumor_purity_bin=1
train	TCGA-PRAD	TCGA-G9-6329	6	0.002841	immune_subtype=C3|kras_mutated=0|os_status=Alive|pfs_status=CENSORED|tp53_mutated=0|tumor_purity_bin=2
train	TCGA-PRAD	TCGA-G9-6343	5	0.009391	kras_mutated=0|os_status=Alive|pfs_status=CENSORED|tp53_mutated=0|tumor_purity_bin=1
train	TCGA-PRAD	TCGA-G9-6356	6	0.002841	immune_subtype=C3|kras_mutated=0|os_status=Alive|pfs_status=CENSORED|tp53_mutated=0|tumor_purity_bin=2
train	TCGA-PRAD	TCGA-G9-6367	6	0.002841	immune_subtype=C3|kras_mutated=0|os_status=Alive|pfs_status=CENSORED|tp53_mutated=0|tumor_purity_bin=2
train	TCGA-PRAD	TCGA-G9-6371	6	0.003402	immune_subtype=C4|kras_mutated=0|os_status=Alive|pfs_status=CENSORED|tp53_mutated=0|tumor_purity_bin=2
train	TCGA-PRAD	TCGA-G9-6378	6	0.002841	immune_subtype=C3|kras_mutated=0|os_status=Alive|pfs_status=CENSORED|tp53_mutated=0|tumor_purity_bin=2
train	TCGA-PRAD	TCGA-G9-6385	6	0.002841	immune_subtype=C3|kras_mutated=0|os_status=Alive|pfs_status=CENSORED|tp53_mutated=0|tumor_purity_bin=2
train	TCGA-PRAD	TCGA-G9-7510	6	0.002980	immune_subtype=C3|kras_mutated=0|os_status=Alive|pfs_status=CENSORED|tp53_mutated=1|tumor_purity_bin=2
train	TCGA-PRAD	TCGA-G9-7519	6	0.009837	immune_subtype=C3|kras_mutated=0|os_status=Alive|pfs_status=CENSORED|tp53_mutated=0|tumor_purity_bin=1
train	TCGA-PRAD	TCGA-G9-7522	6	0.002841	immune_subtype=C3|kras_mutated=0|os_status=Alive|pfs_status=CENSORED|tp53_mutated=0|tumor_purity_bin=2
train	TCGA-PRAD	TCGA-G9-7523	6	0.002841	immune_subtype=C3|kras_mutated=0|os_status=Alive|pfs_status=CENSORED|tp53_mutated=0|tumor_purity_bin=2
train	TCGA-PRAD	TCGA-HC-7737	6	0.002841	immune_subtype=C3|kras_mutated=0|os_status=Alive|pfs_status=CENSORED|tp53_mutated=0|tumor_purity_bin=2
train	TCGA-PRAD	TCGA-HC-7740	6	0.002841	immune_subtype=C3|kras_mutated=0|os_status=Alive|pfs_status=CENSORED|tp53_mutated=0|tumor_purity_bin=2
train	TCGA-PRAD	TCGA-HC-8266	6	0.002841	immune_subtype=C3|kras_mutated=0|os_status=Alive|pfs_status=CENSORED|tp53_mutated=0|tumor_purity_bin=2
train	TCGA-PRAD	TCGA-HC-A631	6	0.002962	immune_subtype=C4|kras_mutated=0|os_status=Alive|pfs_status=CENSORED|tp53_mutated=1|tumor_purity_bin=9
train	TCGA-PRAD	TCGA-KK-A8IF	6	0.002986	immune_subtype=C4|kras_mutated=0|os_status=Alive|pfs_status=PROGRESSION|tp53_mutated=0|tumor_purity_bin=9
train	TCGA-PRAD	TCGA-KK-A8II	6	0.003187	immune_subtype=C4|kras_mutated=0|os_status=Dead|pfs_status=PROGRESSION|tp53_mutated=0|tumor_purity_bin=9
train	TCGA-PRAD	TCGA-KK-A8IL	6	0.001954	immune_subtype=C2|kras_mutated=0|os_status=Dead|pfs_status=CENSORED|tp53_mutated=0|tumor_purity_bin=6
train	TCGA-PRAD	TCGA-M7-A71Y	6	0.009837	immune_subtype=C3|kras_mutated=0|os_status=Alive|pfs_status=CENSORED|tp53_mutated=0|tumor_purity_bin=1
train	TCGA-PRAD	TCGA-M7-A721	6	0.002841	immune_subtype=C3|kras_mutated=0|os_status=Alive|pfs_status=CENSORED|tp53_mutated=0|tumor_purity_bin=2
train	TCGA-PRAD	TCGA-V1-A8MG	6	0.002841	immune_subtype=C3|kras_mutated=0|os_status=Alive|pfs_status=CENSORED|tp53_mutated=0|tumor_purity_bin=2
train	TCGA-PRAD	TCGA-X4-A8KS	6	0.002841	immune_subtype=C3|kras_mutated=0|os_status=Alive|pfs_status=CENSORED|tp53_mutated=0|tumor_purity_bin=2
train	TCGA-PRAD	TCGA-XA-A8JR	6	0.002874	immune_subtype=C4|kras_mutated=0|os_status=Alive|pfs_status=CENSORED|tp53_mutated=0|tumor_purity_bin=3
train	TCGA-PRAD	TCGA-XK-AAIV	6	0.002840	immune_subtype=C2|kras_mutated=0|os_status=Alive|pfs_status=CENSORED|tp53_mutated=0|tumor_purity_bin=2
train	TCGA-PRAD	TCGA-XK-AAIW	6	0.003464	immune_subtype=C1|kras_mutated=1|os_status=Alive|pfs_status=PROGRESSION|tp53_mutated=1|tumor_purity_bin=8
train	TCGA-PRAD	TCGA-XQ-A8TA	6	0.003187	immune_subtype=C4|kras_mutated=0|os_status=Dead|pfs_status=PROGRESSION|tp53_mutated=0|tumor_purity_bin=9
train	TCGA-PRAD	TCGA-YL-A8S9	6	0.002986	immune_subtype=C4|kras_mutated=0|os_status=Alive|pfs_status=PROGRESSION|tp53_mutated=0|tumor_purity_bin=9
train	TCGA-PRAD	TCGA-YL-A8SI	6	0.010000	immune_subtype=C3|kras_mutated=0|os_status=Alive|pfs_status=PROGRESSION|tp53_mutated=0|tumor_purity_bin=1
train	TCGA-PRAD	TCGA-YL-A9WX	6	0.003143	immune_subtype=C3|kras_mutated=0|os_status=Alive|pfs_status=PROGRESSION|tp53_mutated=1|tumor_purity_bin=2
train	TCGA-READ	TCGA-AF-2687	7	0.006992	immune_subtype=C1|kras_mutated=0|os_status=Alive|pfs_status=PROGRESSION|stage=Stage IIIC|tp53_mutated=1|tumor_purity_bin=4
train	TCGA-READ	TCGA-AF-2690	7	0.007326	immune_subtype=C2|kras_mutated=0|os_status=Dead|pfs_status=CENSORED|stage=Stage IIIC|tp53_mutated=1|tumor_purity_bin=3
train	TCGA-READ	TCGA-AF-3400	7	0.004711	immune_subtype=C4|kras_mutated=0|os_status=Alive|pfs_status=CENSORED|stage=Stage IIA|tp53_mutated=0|tumor_purity_bin=2
train	TCGA-READ	TCGA-AF-3911	7	0.006732	immune_subtype=C1|kras_mutated=0|os_status=Alive|pfs_status=PROGRESSION|stage=Stage IIIC|tp53_mutated=1|tumor_purity_bin=7
train	TCGA-READ	TCGA-AF-4110	7	0.006774	immune_subtype=C1|kras_mutated=1|os_status=Alive|pfs_status=CENSORED|stage=Stage IVA|tp53_mutated=1|tumor_purity_bin=4
train	TCGA-READ	TCGA-AF-A56L	7	0.006664	immune_subtype=C1|kras_mutated=0|os_status=Alive|pfs_status=CENSORED|stage=Stage IIIC|tp53_mutated=1|tumor_purity_bin=5
train	TCGA-READ	TCGA-AG-3594	7	0.003426	immune_subtype=C2|kras_mutated=0|os_status=Dead|pfs_status=PROGRESSION|stage=Stage IIA|tp53_mutated=0|tumor_purity_bin=6
train	TCGA-READ	TCGA-AG-3600	5	0.006125	immune_subtype=C1|os_status=Alive|pfs_status=CENSORED|stage=Stage IIIC|tumor_purity_bin=7
train	TCGA-READ	TCGA-AG-3602	7	0.006433	immune_subtype=C1|kras_mutated=0|os_status=Alive|pfs_status=CENSORED|stage=Stage IIIC|tp53_mutated=0|tumor_purity_bin=6
train	TCGA-READ	TCGA-AG-3609	5	0.006122	immune_subtype=C2|os_status=Alive|pfs_status=CENSORED|stage=Stage IIIC|tumor_purity_bin=6
train	TCGA-READ	TCGA-AG-3885	7	0.006960	immune_subtype=C3|kras_mutated=1|os_status=Alive|pfs_status=CENSORED|stage=Stage IIIB|tp53_mutated=1|tumor_purity_bin=7
train	TCGA-READ	TCGA-AG-3909	7	0.007062	immune_subtype=C1|kras_mutated=1|os_status=Alive|pfs_status=CENSORED|stage=Stage IIIB|tp53_mutated=1|tumor_purity_bin=5
train	TCGA-READ	TCGA-AG-3999	5	0.006289	immune_subtype=C1|os_status=Alive|pfs_status=PROGRESSION|stage=Stage IIIC|tumor_purity_bin=7
train	TCGA-READ	TCGA-AG-4021	7	0.006040	immune_subtype=C1|kras_mutated=1|os_status=Dead|pfs_status=PROGRESSION|stage=Stage IV|tp53_mutated=1|tumor_purity_bin=8
train	TCGA-READ	TCGA-AG-A00C	7	0.006966	immune_subtype=C1|kras_mutated=1|os_status=Alive|pfs_status=CENSORED|stage=Stage IIIB|tp53_mutated=1|tumor_purity_bin=7
train	TCGA-READ	TCGA-AG-A020	7	0.004893	immune_subtype=C1|kras_mutated=1|os_status=Alive|pfs_status=CENSORED|stage=Stage III|tp53_mutated=1|tumor_purity_bin=8
train	TCGA-READ	TCGA-AG-A02N	7	0.005036	immune_subtype=C1|kras_mutated=1|os_status=Alive|pfs_status=CENSORED|stage=Stage II|tp53_mutated=1|tumor_purity_bin=8
train	TCGA-READ	TCGA-AG-A032	7	0.007133	immune_subtype=C1|kras_mutated=1|os_status=Alive|pfs_status=PROGRESSION|stage=Stage IIIB|tp53_mutated=1|tumor_purity_bin=6
train	TCGA-READ	TCGA-AH-6643	7	0.006933	immune_subtype=C1|kras_mutated=0|os_status=Dead|pfs_status=PROGRESSION|stage=Stage IIIC|tp53_mutated=1|tumor_purity_bin=7
train	TCGA-READ	TCGA-AH-6903	7	0.006831	immune_subtype=C1|kras_mutated=1|os_status=Alive|pfs_status=CENSORED|stage=Stage IIIB|tp53_mutated=0|tumor_purity_bin=6
train	TCGA-READ	TCGA-CI-6624	7	0.003302	immune_subtype=C1|kras_mutated=0|os_status=Alive|pfs_status=CENSORED|stage=Stage I|tp53_mutated=1|tumor_purity_bin=3
train	TCGA-READ	TCGA-CL-5917	7	0.007908	immune_subtype=C1|kras_mutated=1|os_status=Alive|pfs_status=CENSORED|stage=Stage IIIC|tp53_mutated=1|tumor_purity_bin=7
train	TCGA-READ	TCGA-DC-6683	7	0.006970	immune_subtype=C1|kras_mutated=1|os_status=Alive|pfs_status=CENSORED|stage=Stage IIIB|tp53_mutated=1|tumor_purity_bin=6
train	TCGA-READ	TCGA-DY-A1DD	7	0.005893	immune_subtype=C1|kras_mutated=0|os_status=Dead|pfs_status=CENSORED|stage=Stage IIIB|tp53_mutated=1|tumor_purity_bin=8
train	TCGA-READ	TCGA-DY-A1DF	7	0.008622	immune_subtype=C1|kras_mutated=1|os_status=Dead|pfs_status=CENSORED|stage=Stage IIIC|tp53_mutated=1|tumor_purity_bin=9
train	TCGA-READ	TCGA-DY-A1DG	7	0.006051	immune_subtype=C1|kras_mutated=0|os_status=Dead|pfs_status=PROGRESSION|stage=Stage IVA|tp53_mutated=1|tumor_purity_bin=9
train	TCGA-READ	TCGA-EF-5830	7	0.004841	immune_subtype=C1|kras_mutated=1|os_status=Alive|pfs_status=CENSORED|stage=Stage IIB|tp53_mutated=1|tumor_purity_bin=8
train	TCGA-READ	TCGA-EI-6509	7	0.006797	immune_subtype=C1|kras_mutated=0|os_status=Alive|pfs_status=PROGRESSION|stage=Stage IIIC|tp53_mutated=1|tumor_purity_bin=8
train	TCGA-READ	TCGA-EI-6510	7	0.006514	immune_subtype=C1|kras_mutated=1|os_status=Alive|pfs_status=CENSORED|stage=Stage IVA|tp53_mutated=1|tumor_purity_bin=7
train	TCGA-READ	TCGA-EI-6512	7	0.006970	immune_subtype=C1|kras_mutated=1|os_status=Alive|pfs_status=CENSORED|stage=Stage IIIB|tp53_mutated=1|tumor_purity_bin=6
train	TCGA-READ	TCGA-EI-6881	7	0.005446	immune_subtype=C1|kras_mutated=1|os_status=Alive|pfs_status=CENSORED|stage=Stage IIIA|tp53_mutated=1|tumor_purity_bin=6
train	TCGA-READ	TCGA-EI-6883	7	0.021961	immune_subtype=C1|kras_mutated=0|os_status=Alive|pfs_status=CENSORED|stage=Stage IIC|tp53_mutated=1|tumor_purity_bin=8
train	TCGA-READ	TCGA-EI-6885	7	0.004530	immune_subtype=C1|kras_mutated=0|os_status=Alive|pfs_status=PROGRESSION|stage=Stage IV|tp53_mutated=1|tumor_purity_bin=5
train	TCGA-READ	TCGA-F5-6464	7	0.007030	immune_subtype=C1|kras_mutated=0|os_status=Dead|pfs_status=CENSORED|stage=Stage IIIC|tp53_mutated=1|tumor_purity_bin=4
train	TCGA-READ	TCGA-F5-6702	7	0.007241	immune_subtype=C1|kras_mutated=1|os_status=Alive|pfs_status=PROGRESSION|stage=Stage IVA|tp53_mutated=1|tumor_purity_bin=3
train	TCGA-READ	TCGA-F5-6813	7	0.006937	immune_subtype=C1|kras_mutated=0|os_status=Dead|pfs_status=PROGRESSION|stage=Stage IIIC|tp53_mutated=1|tumor_purity_bin=6
train	TCGA-SARC	TCGA-3B-A9HJ	6	0.004674	kras_mutated=0|os_status=Alive|pfs_status=CENSORED|stage=Stage IA|tp53_mutated=0|tumor_purity_bin=9
train	TCGA-SARC	TCGA-3B-A9HL	6	0.007555	immune_subtype=C6|kras_mutated=0|os_status=Dead|pfs_status=PROGRESSION|tp53_mutated=0|tumor_purity_bin=6
train	TCGA-SARC	TCGA-3B-A9I1	6	0.003327	immune_subtype=C4|kras_mutated=0|os_status=Dead|pfs_status=PROGRESSION|tp53_mutated=1|tumor_purity_bin=9
train	TCGA-SARC	TCGA-DX-A1KU	6	0.007811	immune_subtype=C6|kras_mutated=0|os_status=Dead|pfs_status=PROGRESSION|tp53_mutated=0|tumor_purity_bin=4
train	TCGA-SARC	TCGA-DX-A1KW	6	0.007453	immune_subtype=C6|kras_mutated=0|os_status=Dead|pfs_status=CENSORED|tp53_mutated=0|tumor_purity_bin=8
train	TCGA-SARC	TCGA-DX-A1L0	6	0.007616	immune_subtype=C6|kras_mutated=0|os_status=Dead|pfs_status=PROGRESSION|tp53_mutated=0|tumor_purity_bin=8
train	TCGA-SARC	TCGA-DX-A1L4	6	0.008441	immune_subtype=C6|kras_mutated=0|os_status=Alive|pfs_status=PROGRESSION|tp53_mutated=0|tumor_purity_bin=2
train	TCGA-SARC	TCGA-DX-A23T	6	0.008642	immune_subtype=C6|kras_mutated=0|os_status=Dead|pfs_status=PROGRESSION|tp53_mutated=0|tumor_purity_bin=2
train	TCGA-SARC	TCGA-DX-A23V	6	0.007811	immune_subtype=C6|kras_mutated=0|os_status=Dead|pfs_status=PROGRESSION|tp53_mutated=0|tumor_purity_bin=4
train	TCGA-SARC	TCGA-DX-A2J1	6	0.007326	immune_subtype=C6|kras_mutated=0|os_status=Alive|pfs_status=CENSORED|tp53_mutated=1|tumor_purity_bin=7
train	TCGA-SARC	TCGA-DX-A3LS	6	0.007811	immune_subtype=C6|kras_mutated=0|os_status=Dead|pfs_status=PROGRESSION|tp53_mutated=0|tumor_purity_bin=4
train	TCGA-SARC	TCGA-DX-A3LU	6	0.003512	immune_subtype=C2|kras_mutated=1|os_status=Alive|pfs_status=PROGRESSION|tp53_mutated=0|tumor_purity_bin=4
train	TCGA-SARC	TCGA-DX-A3M2	6	0.002980	immune_subtype=C2|kras_mutated=0|os_status=Alive|pfs_status=CENSORED|tp53_mutated=1|tumor_purity_bin=2
train	TCGA-SARC	TCGA-DX-A3U6	6	0.003205	immune_subtype=C3|kras_mutated=0|os_status=Dead|pfs_status=PROGRESSION|tp53_mutated=0|tumor_purity_bin=2
train	TCGA-SARC	TCGA-DX-A3UC	6	0.002986	immune_subtype=C4|kras_mutated=0|os_status=Alive|pfs_status=PROGRESSION|tp53_mutated=0|tumor_purity_bin=9
train	TCGA-SARC	TCGA-DX-A3UE	6	0.003327	immune_subtype=C4|kras_mutated=0|os_status=Dead|pfs_status=PROGRESSION|tp53_mutated=1|tumor_purity_bin=9
train	TCGA-SARC	TCGA-DX-A48R	6	0.002986	immune_subtype=C4|kras_mutated=0|os_status=Alive|pfs_status=PROGRESSION|tp53_mutated=0|tumor_purity_bin=9
train	TCGA-SARC	TCGA-DX-A6BG	6	0.003011	immune_subtype=C1|kras_mutated=0|os_status=Alive|pfs_status=PROGRESSION|tp53_mutated=0|tumor_purity_bin=2
train	TCGA-SARC	TCGA-DX-A6YU	6	0.007282	immune_subtype=C6|kras_mutated=0|os_status=Alive|pfs_status=CENSORED|tp53_mutated=0|tumor_purity_bin=5
train	TCGA-SARC	TCGA-DX-A7EN	6	0.003125	immune_subtype=C4|kras_mutated=0|os_status=Alive|pfs_status=PROGRESSION|tp53_mutated=1|tumor_purity_bin=9
train	TCGA-SARC	TCGA-DX-AB2G	5	0.006502	immune_subtype=C6|kras_mutated=0|os_status=Alive|pfs_status=CENSORED|tp53_mutated=0
train	TCGA-SARC	TCGA-DX-AB2L	5	0.006502	immune_subtype=C6|kras_mutated=0|os_status=Alive|pfs_status=CENSORED|tp53_mutated=0
train	TCGA-SARC	TCGA-FX-A2QS	6	0.007252	immune_subtype=C6|kras_mutated=0|os_status=Alive|pfs_status=CENSORED|tp53_mutated=0|tumor_purity_bin=8
train	TCGA-SARC	TCGA-HB-A43Z	7	0.003969	immune_subtype=C4|kras_mutated=0|os_status=Alive|pfs_status=PROGRESSION|stage=Stage I|tp53_mutated=1|tumor_purity_bin=9
train	TCGA-SARC	TCGA-IE-A4EI	6	0.002962	immune_subtype=C4|kras_mutated=0|os_status=Alive|pfs_status=CENSORED|tp53_mutated=1|tumor_purity_bin=9
train	TCGA-SARC	TCGA-IW-A3M6	7	1.007187	immune_subtype=C6|kras_mutated=0|os_status=Alive|pfs_status=CENSORED|stage=Stage 0is|tp53_mutated=0|tumor_purity_bin=7
train	TCGA-SARC	TCGA-KD-A5QT	6	0.002962	immune_subtype=C4|kras_mutated=0|os_status=Alive|pfs_status=CENSORED|tp53_mutated=1|tumor_purity_bin=9
train	TCGA-SARC	TCGA-LI-A9QH	6	0.003327	immune_subtype=C4|kras_mutated=0|os_status=Dead|pfs_status=PROGRESSION|tp53_mutated=1|tumor_purity_bin=9
train	TCGA-SARC	TCGA-MO-A47R	6	0.003187	immune_subtype=C4|kras_mutated=0|os_status=Dead|pfs_status=PROGRESSION|tp53_mutated=0|tumor_purity_bin=9
train	TCGA-SARC	TCGA-PC-A5DL	6	0.007453	immune_subtype=C6|kras_mutated=0|os_status=Dead|pfs_status=CENSORED|tp53_mutated=0|tumor_purity_bin=8
train	TCGA-SARC	TCGA-QQ-A5V9	6	0.007950	immune_subtype=C6|kras_mutated=0|os_status=Dead|pfs_status=PROGRESSION|tp53_mutated=1|tumor_purity_bin=4
train	TCGA-SARC	TCGA-SG-A849	7	0.003156	immune_subtype=C2|kras_mutated=0|os_status=Alive|pfs_status=CENSORED|stage=Stage I|tp53_mutated=0|tumor_purity_bin=3
train	TCGA-SARC	TCGA-WK-A8XO	6	0.002217	immune_subtype=C1|kras_mutated=0|os_status=Dead|pfs_status=PROGRESSION|tp53_mutated=0|tumor_purity_bin=5
train	TCGA-SARC	TCGA-WK-A8XY	6	0.003327	immune_subtype=C4|kras_mutated=0|os_status=Dead|pfs_status=PROGRESSION|tp53_mutated=1|tumor_purity_bin=9
train	TCGA-SARC	TCGA-WP-A9GB	6	0.003327	immune_subtype=C4|kras_mutated=0|os_status=Dead|pfs_status=PROGRESSION|tp53_mutated=1|tumor_purity_bin=9
train	TCGA-SARC	TCGA-X6-A8C4	6	0.003187	immune_subtype=C4|kras_mutated=0|os_status=Dead|pfs_status=PROGRESSION|tp53_mutated=0|tumor_purity_bin=9
train	TCGA-SKCM	TCGA-BF-A1PU	7	0.022432	immune_subtype=C1|kras_mutated=0|os_status=Alive|pfs_status=PROGRESSION|stage=Stage IIC|tp53_mutated=0|tumor_purity_bin=9
train	TCGA-SKCM	TCGA-BF-A1PV	7	0.022269	immune_subtype=C1|kras_mutated=0|os_status=Alive|pfs_status=CENSORED|stage=Stage IIC|tp53_mutated=0|tumor_purity_bin=9
train	TCGA-SKCM	TCGA-BF-A3DJ	7	0.006270	immune_subtype=C4|kras_mutated=0|os_status=Alive|pfs_status=PROGRESSION|stage=Stage IIIB|tp53_mutated=0|tumor_purity_bin=8
train	TCGA-SKCM	TCGA-D3-A2JB	5	0.085764	kras_mutated=0|os_status=Dead|stage=Stage 0|tp53_mutated=0|tumor_purity_bin=2
train	TCGA-SKCM	TCGA-D3-A2JL	6	0.101728	kras_mutated=0|os_status=Alive|pfs_status=PROGRESSION|stage=Stage I/II (NOS)|tp53_mutated=0|tumor_purity_bin=4
train	TCGA-SKCM	TCGA-D3-A3C1	6	0.101400	kras_mutated=0|os_status=Alive|pfs_status=CENSORED|stage=Stage I/II (NOS)|tp53_mutated=0|tumor_purity_bin=5
train	TCGA-SKCM	TCGA-D3-A3C3	6	0.101400	kras_mutated=0|os_status=Alive|pfs_status=CENSORED|stage=Stage I/II (NOS)|tp53_mutated=0|tumor_purity_bin=5
train	TCGA-SKCM	TCGA-D3-A3CB	6	0.102396	kras_mutated=0|os_status=Alive|pfs_status=CENSORED|stage=Stage I/II (NOS)|tp53_mutated=0|tumor_purity_bin=2
train	TCGA-SKCM	TCGA-D3-A3MO	6	0.003774	kras_mutated=0|os_status=Dead|pfs_status=PROGRESSION|stage=Stage III|tp53_mutated=0|tumor_purity_bin=9
train	TCGA-SKCM	TCGA-D3-A51E	6	0.101304	kras_mutated=0|os_status=Alive|pfs_status=CENSORED|stage=Stage I/II (NOS)|tp53_mutated=0|tumor_purity_bin=7
train	TCGA-SKCM	TCGA-D3-A51G	5	0.084611	kras_mutated=0|os_status=Alive|stage=Stage 0|tp53_mutated=1|tumor_purity_bin=7
train	TCGA-SKCM	TCGA-D3-A8GI	6	0.005865	kras_mutated=1|os_status=Dead|pfs_status=PROGRESSION|stage=Stage IA|tp53_mutated=0|tumor_purity_bin=7
train	TCGA-SKCM	TCGA-D3-A8GN	6	0.102559	kras_mutated=0|os_status=Alive|pfs_status=PROGRESSION|stage=Stage I/II (NOS)|tp53_mutated=0|tumor_purity_bin=2
train	TCGA-SKCM	TCGA-D3-A8GO	6	0.102232	kras_mutated=0|os_status=Dead|pfs_status=PROGRESSION|stage=Stage I/II (NOS)|tp53_mutated=0|tumor_purity_bin=3
train	TCGA-SKCM	TCGA-D3-A8GR	5	0.084738	kras_mutated=0|os_status=Dead|stage=Stage 0|tp53_mutated=0|tumor_purity_bin=8
train	TCGA-SKCM	TCGA-D3-A8GS	6	0.002608	kras_mutated=0|os_status=Dead|pfs_status=PROGRESSION|stage=Stage I|tp53_mutated=0|tumor_purity_bin=5
train	TCGA-SKCM	TCGA-D3-A8GV	6	0.102181	kras_mutated=0|os_status=Dead|pfs_status=PROGRESSION|stage=Stage I/II (NOS)|tp53_mutated=0|tumor_purity_bin=9
train	TCGA-SKCM	TCGA-EB-A3HV	7	0.027187	immune_subtype=C6|kras_mutated=0|os_status=Alive|pfs_status=CENSORED|stage=Stage IIC|tp53_mutated=0|tumor_purity_bin=7
train	TCGA-SKCM	TCGA-EB-A3XD	7	0.029837	immune_subtype=C3|kras_mutated=0|os_status=Alive|pfs_status=CENSORED|stage=Stage IIC|tp53_mutated=0|tumor_purity_bin=1
train	TCGA-SKCM	TCGA-EB-A3XF	7	0.022310	immune_subtype=C4|kras_mutated=0|os_status=Alive|pfs_status=CENSORED|stage=Stage IIC|tp53_mutated=0|tumor_purity_bin=7
train	TCGA-SKCM	TCGA-EB-A41B	7	0.022376	immune_subtype=C4|kras_mutated=0|os_status=Alive|pfs_status=CENSORED|stage=Stage IIC|tp53_mutated=0|tumor_purity_bin=8
train	TCGA-SKCM	TCGA-EB-A44N	7	0.022633	immune_subtype=C1|kras_mutated=0|os_status=Dead|pfs_status=PROGRESSION|stage=Stage IIC|tp53_mutated=0|tumor_purity_bin=9
train	TCGA-SKCM	TCGA-EB-A5UM	7	0.023089	immune_subtype=C3|kras_mutated=1|os_status=Alive|pfs_status=CENSORED|stage=Stage IIC|tp53_mutated=0|tumor_purity_bin=7
train	TCGA-SKCM	TCGA-EB-A6QZ	7	0.004496	immune_subtype=C4|kras_mutated=0|os_status=Dead|pfs_status=PROGRESSION|stage=Stage IIA|tp53_mutated=0|tumor_purity_bin=9
train	TCGA-SKCM	TCGA-ER-A196	7	0.022848	immune_subtype=C1|kras_mutated=0|os_status=Alive|pfs_status=CENSORED|stage=Stage IIC|tp53_mutated=0|tumor_purity_bin=2
train	TCGA-SKCM	TCGA-ER-A19K	7	0.022770	immune_subtype=C4|kras_mutated=0|os_status=Dead|pfs_status=PROGRESSION|stage=Stage IIC|tp53_mutated=0|tumor_purity_bin=5
train	TCGA-SKCM	TCGA-ER-A19T	7	0.005009	immune_subtype=C1|kras_mutated=0|os_status=Dead|pfs_status=PROGRESSION|stage=Stage IV|tp53_mutated=0|tumor_purity_bin=9
train	TCGA-SKCM	TCGA-ER-A2NE	2	0.083684	os_status=Dead|stage=Stage 0
train	TCGA-SKCM	TCGA-ER-A3ET	6	0.004019	kras_mutated=0|os_status=Dead|pfs_status=PROGRESSION|stage=Stage IIIA|tp53_mutated=1|tumor_purity_bin=6
train	TCGA-SKCM	TCGA-FR-A726	7	0.022675	immune_subtype=C4|kras_mutated=0|os_status=Dead|pfs_status=PROGRESSION|stage=Stage IIC|tp53_mutated=0|tumor_purity_bin=7
train	TCGA-SKCM	TCGA-FS-A1ZC	6	0.101734	kras_mutated=0|os_status=Dead|pfs_status=PROGRESSION|stage=Stage I/II (NOS)|tp53_mutated=0|tumor_purity_bin=8
train	TCGA-SKCM	TCGA-FS-A1ZE	6	0.022181	kras_mutated=0|os_status=Dead|pfs_status=PROGRESSION|stage=Stage IIC|tp53_mutated=0|tumor_purity_bin=9
train	TCGA-SKCM	TCGA-GF-A769	7	0.022740	immune_subtype=C4|kras_mutated=0|os_status=Dead|pfs_status=PROGRESSION|stage=Stage IIC|tp53_mutated=0|tumor_purity_bin=8
train	TCGA-SKCM	TCGA-GN-A26C	7	0.007489	immune_subtype=C2|kras_mutated=0|os_status=Dead|pfs_status=PROGRESSION|stage=Stage IIIC|tp53_mutated=1|tumor_purity_bin=3
train	TCGA-SKCM	TCGA-GN-A4U5	7	0.004749	immune_subtype=C2|kras_mutated=0|os_status=Alive|pfs_status=CENSORED|stage=Stage IB|tp53_mutated=0|tumor_purity_bin=4
train	TCGA-SKCM	TCGA-XV-AAZV	4	0.008549	immune_subtype=C6|os_status=Alive|stage=Stage II|tumor_purity_bin=5
train	TCGA-STAD	TCGA-BR-6452	9	0.012927	immune_subtype=C1|kras_mutated=0|msi_status=MSI|os_status=Alive|pfs_status=CENSORED|stage=Stage IIA|tp53_mutated=0|tumor_grade=G3|tumor_purity_bin=4
train	TCGA-STAD	TCGA-BR-6705	9	0.017810	immune_subtype=C1|kras_mutated=1|msi_status=NonMSI|os_status=Dead|pfs_status=PROGRESSION|stage=Stage IIIB|tp53_mutated=0|tumor_grade=G3|tumor_purity_bin=1
train	TCGA-STAD	TCGA-BR-6802	9	0.015624	immune_subtype=C2|kras_mutated=1|msi_status=MSI|os_status=Alive|pfs_status=PROGRESSION|stage=Stage IIIA|tp53_mutated=0|tumor_grade=G3|tumor_purity_bin=3
train	TCGA-STAD	TCGA-BR-7197	9	0.019383	immune_subtype=C1|kras_mutated=0|msi_status=NonMSI|os_status=Alive|pfs_status=CENSORED|stage=Stage II|tp53_mutated=1|tumor_grade=GX|tumor_purity_bin=6
train	TCGA-STAD	TCGA-BR-7703	9	0.015708	immune_subtype=C2|kras_mutated=1|msi_status=MSI|os_status=Alive|pfs_status=CENSORED|stage=Stage IA|tp53_mutated=1|tumor_grade=G2|tumor_purity_bin=6
train	TCGA-STAD	TCGA-BR-7707	9	0.015664	immune_subtype=C2|kras_mutated=1|msi_status=MSI|os_status=Alive|pfs_status=CENSORED|stage=Stage IB|tp53_mutated=1|tumor_grade=G3|tumor_purity_bin=5
train	TCGA-STAD	TCGA-BR-7957	9	0.021172	immune_subtype=C1|kras_mutated=0|msi_status=NonMSI|os_status=Dead|pfs_status=CENSORED|stage=Stage IV|tp53_mutated=0|tumor_grade=GX|tumor_purity_bin=2
train	TCGA-STAD	TCGA-BR-8059	9	0.015054	immune_subtype=C1|kras_mutated=1|msi_status=MSI|os_status=Dead|pfs_status=CENSORED|stage=Stage III|tp53_mutated=0|tumor_grade=G3|tumor_purity_bin=3
train	TCGA-STAD	TCGA-BR-8291	9	0.019803	immune_subtype=C3|kras_mutated=0|msi_status=NonMSI|os_status=Dead|pfs_status=CENSORED|stage=Stage IIB|tp53_mutated=0|tumor_grade=GX|tumor_purity_bin=3
train	TCGA-STAD	TCGA-BR-8297	9	0.023400	immune_subtype=C2|kras_mutated=0|msi_status=NonMSI|os_status=Alive|pfs_status=CENSORED|stage=Stage IIIC|tp53_mutated=1|tumor_grade=GX|tumor_purity_bin=2
train	TCGA-STAD	TCGA-BR-8361	9	0.016166	immune_subtype=C2|kras_mutated=0|msi_status=MSI|os_status=Alive|pfs_status=CENSORED|stage=Stage IIIC|tp53_mutated=1|tumor_grade=G3|tumor_purity_bin=6
train	TCGA-STAD	TCGA-BR-8364	9	0.017041	immune_subtype=C3|kras_mutated=0|msi_status=NonMSI|os_status=Alive|pfs_status=CENSORED|stage=Stage IIIC|tp53_mutated=0|tumor_grade=G3|tumor_purity_bin=1
train	TCGA-STAD	TCGA-BR-8372	9	0.016023	immune_subtype=C2|kras_mutated=0|msi_status=MSI|os_status=Alive|pfs_status=CENSORED|stage=Stage IIIC|tp53_mutated=0|tumor_grade=G3|tumor_purity_bin=7
train	TCGA-STAD	TCGA-BR-8382	9	0.016788	immune_subtype=C2|kras_mutated=0|msi_status=MSI|os_status=Dead|pfs_status=CENSORED|stage=Stage IIIC|tp53_mutated=0|tumor_grade=G3|tumor_purity_bin=3
train	TCGA-STAD	TCGA-BR-8384	9	0.017041	immune_subtype=C3|kras_mutated=0|msi_status=NonMSI|os_status=Alive|pfs_status=CENSORED|stage=Stage IIIC|tp53_mutated=0|tumor_grade=G3|tumor_purity_bin=1
train	TCGA-STAD	TCGA-BR-8591	9	0.017114	immune_subtype=C2|kras_mutated=0|msi_status=MSI|os_status=Alive|pfs_status=CENSORED|stage=Stage IIIC|tp53_mutated=0|tumor_grade=G3|tumor_purity_bin=2
train	TCGA-STAD	TCGA-BR-8592	9	0.016300	immune_subtype=C3|kras_mutated=0|msi_status=NonMSI|os_status=Dead|pfs_status=CENSORED|stage=Stage IIIB|tp53_mutated=0|tumor_grade=G3|tumor_purity_bin=1
train	TCGA-STAD	TCGA-CD-A4MI	9	0.017801	immune_subtype=C2|kras_mutated=0|msi_status=MSI|os_status=Dead|pfs_status=PROGRESSION|stage=Stage IIIA|tp53_mutated=0|tumor_grade=G1|tumor_purity_bin=2
train	TCGA-STAD	TCGA-CD-A4MJ	9	0.015615	immune_subtype=C2|kras_mutated=1|msi_status=MSI|os_status=Alive|pfs_status=PROGRESSION|stage=Stage IB|tp53_mutated=0|tumor_grade=G2|tumor_purity_bin=6
train	TCGA-STAD	TCGA-CG-4443	9	0.007783	immune_subtype=C4|kras_mutated=0|msi_status=NonMSI|os_status=Alive|pfs_status=CENSORED|stage=Stage IA|tp53_mutated=0|tumor_grade=G2|tumor_purity_bin=8
train	TCGA-STAD	TCGA-D7-6522	9	0.206336	immune_subtype=C3|kras_mutated=0|msi_status=NonMSI|os_status=Alive|pfs_status=CENSORED|stage=Stage IB|tp53_mutated=0|tumor_grade=G3|tumor_purity_bin=0
train	TCGA-STAD	TCGA-D7-A748	9	0.020545	immune_subtype=C6|kras_mutated=0|msi_status=NonMSI|os_status=Dead|pfs_status=PROGRESSION|stage=Stage IV|tp53_mutated=0|tumor_grade=G3|tumor_purity_bin=1
train	TCGA-STAD	TCGA-F1-6177	9	0.012277	immune_subtype=C2|kras_mutated=0|msi_status=MSI|os_status=Alive|pfs_status=CENSORED|stage=Stage I|tp53_mutated=0|tumor_grade=G2|tumor_purity_bin=8
train	TCGA-STAD	TCGA-F1-A448	9	0.015652	immune_subtype=C1|kras_mutated=0|msi_status=MSI|os_status=Alive|pfs_status=CENSORED|stage=Stage IIIB|tp53_mutated=0|tumor_grade=G3|tumor_purity_bin=3
train	TCGA-STAD	TCGA-HF-A5NB	9	0.017875	immune_subtype=C2|kras_mutated=1|msi_status=MSI|os_status=Alive|pfs_status=CENSORED|stage=Stage IIIC|tp53_mutated=0|tumor_grade=G3|tumor_purity_bin=9
train	TCGA-STAD	TCGA-HU-A4GU	9	0.013030	immune_subtype=C2|kras_mutated=0|msi_status=MSI|os_status=Alive|pfs_status=CENSORED|stage=Stage IIB|tp53_mutated=1|tumor_grade=G3|tumor_purity_bin=7
train	TCGA-STAD	TCGA-HU-A4GX	9	0.016258	immune_subtype=C2|kras_mutated=0|msi_status=MSI|os_status=Alive|pfs_status=CENSORED|stage=Stage IIIC|tp53_mutated=1|tumor_grade=G3|tumor_purity_bin=5
train	TCGA-STAD	TCGA-HU-A4H5	9	0.020248	immune_subtype=C1|kras_mutated=0|msi_status=NonMSI|os_status=Alive|pfs_status=CENSORED|stage=Stage IB|tp53_mutated=0|tumor_grade=GX|tumor_purity_bin=6
train	TCGA-STAD	TCGA-RD-A7BW	9	0.020746	immune_subtype=C6|kras_mutated=0|msi_status=NonMSI|os_status=Dead|pfs_status=CENSORED|stage=Stage IB|tp53_mutated=0|tumor_grade=G3|tumor_purity_bin=1
train	TCGA-STAD	TCGA-RD-A8N5	9	0.020232	immune_subtype=C6|kras_mutated=0|msi_status=NonMSI|os_status=Dead|pfs_status=CENSORED|stage=Stage IIIA|tp53_mutated=0|tumor_grade=G2|tumor_purity_bin=1
train	TCGA-STAD	TCGA-SW-A7EA	9	0.028650	immune_subtype=C2|kras_mutated=1|msi_status=MSI|os_status=Alive|pfs_status=CENSORED|stage=Stage IB|tp53_mutated=0|tumor_grade=GX|tumor_purity_bin=6
train	TCGA-STAD	TCGA-VQ-A8PJ	9	0.020387	immune_subtype=C1|kras_mutated=0|msi_status=NonMSI|os_status=Dead|pfs_status=PROGRESSION|stage=Stage IV|tp53_mutated=1|tumor_grade=GX|tumor_purity_bin=6
train	TCGA-STAD	TCGA-VQ-A91A	9	0.011534	immune_subtype=C1|kras_mutated=0|msi_status=NonMSI|os_status=Alive|pfs_status=PROGRESSION|stage=Stage IIIB|tp53_mutated=0|tumor_grade=G1|tumor_purity_bin=3
train	TCGA-STAD	TCGA-VQ-A91D	9	0.017746	immune_subtype=C2|kras_mutated=1|msi_status=MSI|os_status=Dead|pfs_status=PROGRESSION|stage=Stage IIIC|tp53_mutated=0|tumor_grade=G2|tumor_purity_bin=7
train	TCGA-STAD	TCGA-VQ-A91S	9	0.021371	immune_subtype=C2|kras_mutated=0|msi_status=NonMSI|os_status=Alive|pfs_status=CENSORED|stage=Stage IIIB|tp53_mutated=1|tumor_grade=GX|tumor_purity_bin=6
train	TCGA-STAD	TCGA-VQ-A94P	9	0.028463	immune_subtype=C3|kras_mutated=0|msi_status=NonMSI|os_status=Dead|pfs_status=PROGRESSION|stage=Stage IV|tp53_mutated=1|tumor_grade=GX|tumor_purity_bin=1
train	TCGA-TGCT	TCGA-2G-AAEW	7	0.026441	immune_subtype=C2|kras_mutated=1|os_status=Dead|pfs_status=PROGRESSION|stage=Stage IS|tp53_mutated=0|tumor_purity_bin=4
train	TCGA-TGCT	TCGA-2G-AAEX	7	0.024737	immune_subtype=C2|kras_mutated=0|os_status=Alive|pfs_status=CENSORED|stage=Stage IS|tp53_mutated=0|tumor_purity_bin=4
train	TCGA-TGCT	TCGA-2G-AAF1	7	0.032563	immune_subtype=C2|kras_mutated=0|os_status=Alive|pfs_status=CENSORED|stage=Stage IS|tp53_mutated=0|tumor_purity_bin=1
train	TCGA-TGCT	TCGA-2G-AAF4	7	0.004192	immune_subtype=C2|kras_mutated=1|os_status=Alive|pfs_status=CENSORED|stage=Stage I|tp53_mutated=0|tumor_purity_bin=4
train	TCGA-TGCT	TCGA-2G-AAF6	7	0.026075	immune_subtype=C2|kras_mutated=1|os_status=Alive|pfs_status=PROGRESSION|stage=Stage IS|tp53_mutated=0|tumor_purity_bin=5
train	TCGA-TGCT	TCGA-2G-AAFG	7	0.024900	immune_subtype=C2|kras_mutated=0|os_status=Alive|pfs_status=PROGRESSION|stage=Stage IS|tp53_mutated=0|tumor_purity_bin=4
train	TCGA-TGCT	TCGA-2G-AAFH	7	0.003550	immune_subtype=C2|kras_mutated=0|os_status=Alive|pfs_status=CENSORED|stage=Stage IIB|tp53_mutated=0|tumor_purity_bin=4
train	TCGA-TGCT	TCGA-2G-AAFZ	7	0.003861	immune_subtype=C1|kras_mutated=0|os_status=Alive|pfs_status=CENSORED|stage=Stage III|tp53_mutated=0|tumor_purity_bin=9
train	TCGA-TGCT	TCGA-2G-AAG3	7	0.024712	immune_subtype=C1|kras_mutated=0|os_status=Alive|pfs_status=PROGRESSION|stage=Stage IS|tp53_mutated=0|tumor_purity_bin=8
train	TCGA-TGCT	TCGA-2G-AAG5	7	0.024647	immune_subtype=C1|kras_mutated=0|os_status=Alive|pfs_status=PROGRESSION|stage=Stage IS|tp53_mutated=0|tumor_purity_bin=7
train	TCGA-TGCT	TCGA-2G-AAG6	7	0.024477	immune_subtype=C3|kras_mutated=0|os_status=Alive|pfs_status=CENSORED|stage=Stage IS|tp53_mutated=0|tumor_purity_bin=7
train	TCGA-TGCT	TCGA-2G-AAG9	7	0.006916	immune_subtype=C2|kras_mutated=1|os_status=Alive|pfs_status=CENSORED|stage=Stage IIIB|tp53_mutated=0|tumor_purity_bin=5
train	TCGA-TGCT	TCGA-2G-AAGA	7	0.003069	immune_subtype=C1|kras_mutated=0|os_status=Alive|pfs_status=CENSORED|stage=Stage IIA|tp53_mutated=0|tumor_purity_bin=6
train	TCGA-TGCT	TCGA-2G-AAGE	7	0.024705	immune_subtype=C2|kras_mutated=0|os_status=Alive|pfs_status=PROGRESSION|stage=Stage IS|tp53_mutated=0|tumor_purity_bin=8
train	TCGA-TGCT	TCGA-2G-AAGF	7	0.024712	immune_subtype=C1|kras_mutated=0|os_status=Alive|pfs_status=PROGRESSION|stage=Stage IS|tp53_mutated=0|tumor_purity_bin=8
train	TCGA-TGCT	TCGA-2G-AAGI	7	0.024735	immune_subtype=C2|kras_mutated=0|os_status=Alive|pfs_status=PROGRESSION|stage=Stage IS|tp53_mutated=0|tumor_purity_bin=5
train	TCGA-TGCT	TCGA-2G-AAGK	7	0.024735	immune_subtype=C2|kras_mutated=0|os_status=Alive|pfs_status=PROGRESSION|stage=Stage IS|tp53_mutated=0|tumor_purity_bin=5
train	TCGA-TGCT	TCGA-2G-AAGT	7	0.024712	immune_subtype=C1|kras_mutated=0|os_status=Alive|pfs_status=PROGRESSION|stage=Stage IS|tp53_mutated=0|tumor_purity_bin=8
train	TCGA-TGCT	TCGA-2G-AAGW	7	0.024996	immune_subtype=C1|kras_mutated=0|os_status=Alive|pfs_status=CENSORED|stage=Stage IS|tp53_mutated=0|tumor_purity_bin=9
train	TCGA-TGCT	TCGA-2G-AAGY	7	0.024712	immune_subtype=C1|kras_mutated=0|os_status=Alive|pfs_status=PROGRESSION|stage=Stage IS|tp53_mutated=0|tumor_purity_bin=8
train	TCGA-TGCT	TCGA-2G-AAHA	7	0.006089	immune_subtype=C2|kras_mutated=1|os_status=Alive|pfs_status=CENSORED|stage=Stage IB|tp53_mutated=0|tumor_purity_bin=4
train	TCGA-TGCT	TCGA-2G-AAKM	7	0.003694	immune_subtype=C1|kras_mutated=0|os_status=Dead|pfs_status=CENSORED|stage=Stage II|tp53_mutated=0|tumor_purity_bin=7
train	TCGA-TGCT	TCGA-2G-AAL7	7	0.024735	immune_subtype=C2|kras_mutated=0|os_status=Alive|pfs_status=PROGRESSION|stage=Stage IS|tp53_mutated=0|tumor_purity_bin=5
train	TCGA-TGCT	TCGA-4K-AA1H	7	0.007037	immune_subtype=C2|kras_mutated=1|os_status=Alive|pfs_status=CENSORED|stage=Stage IA|tp53_mutated=0|tumor_purity_bin=2
train	TCGA-TGCT	TCGA-4K-AAAL	7	0.024900	immune_subtype=C2|kras_mutated=0|os_status=Alive|pfs_status=PROGRESSION|stage=Stage IS|tp53_mutated=0|tumor_purity_bin=4
train	TCGA-TGCT	TCGA-S6-A8JW	7	0.025820	immune_subtype=C2|kras_mutated=1|os_status=Alive|pfs_status=CENSORED|stage=Stage IS|tp53_mutated=0|tumor_purity_bin=6
train	TCGA-TGCT	TCGA-SN-A84W	7	0.024996	immune_subtype=C1|kras_mutated=0|os_status=Alive|pfs_status=CENSORED|stage=Stage IS|tp53_mutated=0|tumor_purity_bin=9
train	TCGA-TGCT	TCGA-X3-A8G4	7	0.024737	immune_subtype=C2|kras_mutated=0|os_status=Alive|pfs_status=CENSORED|stage=Stage IS|tp53_mutated=0|tumor_purity_bin=4
train	TCGA-TGCT	TCGA-XE-A8H1	7	0.024737	immune_subtype=C2|kras_mutated=0|os_status=Alive|pfs_status=CENSORED|stage=Stage IS|tp53_mutated=0|tumor_purity_bin=4
train	TCGA-TGCT	TCGA-XE-A8H5	7	0.025820	immune_subtype=C2|kras_mutated=1|os_status=Alive|pfs_status=CENSORED|stage=Stage IS|tp53_mutated=0|tumor_purity_bin=6
train	TCGA-TGCT	TCGA-XE-AANJ	7	0.024735	immune_subtype=C2|kras_mutated=0|os_status=Alive|pfs_status=PROGRESSION|stage=Stage IS|tp53_mutated=0|tumor_purity_bin=5
train	TCGA-TGCT	TCGA-XY-A89B	7	0.005309	immune_subtype=C2|kras_mutated=0|os_status=Alive|pfs_status=CENSORED|stage=Stage IA|tp53_mutated=1|tumor_purity_bin=3
train	TCGA-TGCT	TCGA-XY-A9T9	7	0.026380	immune_subtype=C2|kras_mutated=1|os_status=Alive|pfs_status=CENSORED|stage=Stage IS|tp53_mutated=0|tumor_purity_bin=3
train	TCGA-TGCT	TCGA-YU-AA4L	7	0.007212	immune_subtype=C4|kras_mutated=0|os_status=Alive|pfs_status=PROGRESSION|stage=Stage IIIC|tp53_mutated=0|tumor_purity_bin=8
train	TCGA-TGCT	TCGA-ZM-AA05	7	0.023652	immune_subtype=C2|kras_mutated=1|os_status=Alive|pfs_status=CENSORED|stage=Stage IIC|tp53_mutated=0|tumor_purity_bin=3
train	TCGA-TGCT	TCGA-ZM-AA0H	7	0.025568	immune_subtype=C2|kras_mutated=0|os_status=Alive|pfs_status=CENSORED|stage=Stage IS|tp53_mutated=0|tumor_purity_bin=2
train	TCGA-THCA	TCGA-BJ-A0Z2	7	0.145283	immune_subtype=C3|kras_mutated=0|os_status=Alive|pfs_status=PROGRESSION|stage=Stage IVC|tp53_mutated=0|tumor_purity_bin=9
train	TCGA-THCA	TCGA-BJ-A0ZE	7	0.004682	immune_subtype=C3|kras_mutated=1|os_status=Alive|pfs_status=CENSORED|stage=Stage III|tp53_mutated=0|tumor_purity_bin=7
train	TCGA-THCA	TCGA-BJ-A18Z	7	0.005592	immune_subtype=C3|kras_mutated=0|os_status=Alive|pfs_status=CENSORED|stage=Stage IVA|tp53_mutated=0|tumor_purity_bin=3
train	TCGA-THCA	TCGA-BJ-A291	7	0.335083	immune_subtype=C3|kras_mutated=0|os_status=Alive|pfs_status=CENSORED|stage=Stage 0a|tp53_mutated=0|tumor_purity_bin=7
train	TCGA-THCA	TCGA-BJ-A3EZ	7	0.005541	immune_subtype=C3|kras_mutated=0|os_status=Alive|pfs_status=CENSORED|stage=Stage IVA|tp53_mutated=0|tumor_purity_bin=9
train	TCGA-THCA	TCGA-DE-A0Y3	7	0.145283	immune_subtype=C3|kras_mutated=0|os_status=Alive|pfs_status=PROGRESSION|stage=Stage IVC|tp53_mutated=0|tumor_purity_bin=9
train	TCGA-THCA	TCGA-DE-A4MD	7	0.005704	immune_subtype=C3|kras_mutated=0|os_status=Alive|pfs_status=PROGRESSION|stage=Stage IVA|tp53_mutated=0|tumor_purity_bin=9
train	TCGA-THCA	TCGA-DJ-A1QM	7	0.010680	immune_subtype=C3|kras_mutated=0|os_status=Alive|pfs_status=CENSORED|stage=Stage I|tp53_mutated=0|tumor_purity_bin=1
train	TCGA-THCA	TCGA-DJ-A2PW	7	0.003905	immune_subtype=C2|kras_mutated=0|os_status=Alive|pfs_status=CENSORED|stage=Stage III|tp53_mutated=0|tumor_purity_bin=3
train	TCGA-THCA	TCGA-DJ-A2PX	7	0.010680	immune_subtype=C3|kras_mutated=0|os_status=Alive|pfs_status=CENSORED|stage=Stage I|tp53_mutated=0|tumor_purity_bin=1
train	TCGA-THCA	TCGA-DJ-A3UO	7	0.005752	immune_subtype=C4|kras_mutated=0|os_status=Alive|pfs_status=PROGRESSION|stage=Stage IVA|tp53_mutated=0|tumor_purity_bin=7
train	TCGA-THCA	TCGA-DJ-A3VF	7	0.005592	immune_subtype=C3|kras_mutated=0|os_status=Alive|pfs_status=CENSORED|stage=Stage IVA|tp53_mutated=0|tumor_purity_bin=3
train	TCGA-THCA	TCGA-DO-A2HM	7	0.013115	immune_subtype=C3|kras_mutated=0|os_status=Alive|pfs_status=CENSORED|stage=Stage IVA|tp53_mutated=0|tumor_purity_bin=1
train	TCGA-THCA	TCGA-E8-A418	7	0.005654	immune_subtype=C4|kras_mutated=0|os_status=Alive|pfs_status=CENSORED|stage=Stage IVA|tp53_mutated=0|tumor_purity_bin=8
train	TCGA-THCA	TCGA-EL-A3CS	7	0.005458	immune_subtype=C3|kras_mutated=0|os_status=Dead|pfs_status=PROGRESSION|stage=Stage IVA|tp53_mutated=0|tumor_purity_bin=8
train	TCGA-THCA	TCGA-EL-A3GP	7	0.008783	immune_subtype=C6|kras_mutated=0|os_status=Alive|pfs_status=CENSORED|stage=Stage III|tp53_mutated=0|tumor_purity_bin=6
train	TCGA-THCA	TCGA-EL-A3H4	7	0.005589	immune_subtype=C4|kras_mutated=0|os_status=Alive|pfs_status=CENSORED|stage=Stage IVA|tp53_mutated=0|tumor_purity_bin=7
train	TCGA-THCA	TCGA-EL-A3MX	7	0.144975	immune_subtype=C3|kras_mutated=0|os_status=Dead|pfs_status=PROGRESSION|stage=Stage IVC|tp53_mutated=0|tumor_purity_bin=6
train	TCGA-THCA	TCGA-EL-A3MY	7	0.145067	immune_subtype=C3|kras_mutated=0|os_status=Dead|pfs_status=PROGRESSION|stage=Stage IVC|tp53_mutated=0|tumor_purity_bin=5
train	TCGA-THCA	TCGA-EM-A1YB	7	0.003629	immune_subtype=C3|kras_mutated=0|os_status=Alive|pfs_status=CENSORED|stage=Stage II|tp53_mutated=1|tumor_purity_bin=6
train	TCGA-THCA	TCGA-EM-A22P	7	0.005289	immune_subtype=C3|kras_mutated=0|os_status=Alive|pfs_status=CENSORED|stage=Stage IVA|tp53_mutated=0|tumor_purity_bin=4
train	TCGA-THCA	TCGA-EM-A2CN	7	0.145120	immune_subtype=C3|kras_mutated=0|os_status=Alive|pfs_status=CENSORED|stage=Stage IVC|tp53_mutated=0|tumor_purity_bin=9
train	TCGA-THCA	TCGA-EM-A2CO	7	0.003746	immune_subtype=C3|kras_mutated=0|os_status=Alive|pfs_status=CENSORED|stage=Stage II|tp53_mutated=0|tumor_purity_bin=4
train	TCGA-THCA	TCGA-EM-A2OX	7	0.005289	immune_subtype=C3|kras_mutated=0|os_status=Alive|pfs_status=CENSORED|stage=Stage IVA|tp53_mutated=0|tumor_purity_bin=4
train	TCGA-THCA	TCGA-EM-A3FM	7	0.005196	immune_subtype=C3|kras_mutated=0|os_status=Alive|pfs_status=PROGRESSION|stage=Stage IVA|tp53_mutated=0|tumor_purity_bin=6
train	TCGA-THCA	TCGA-EM-A4FM	7	0.005124	immune_subtype=C3|kras_mutated=0|os_status=Alive|pfs_status=CENSORED|stage=Stage IVA|tp53_mutated=0|tumor_purity_bin=5
train	TCGA-THCA	TCGA-ET-A3BT	7	0.005704	immune_subtype=C3|kras_mutated=0|os_status=Alive|pfs_status=PROGRESSION|stage=Stage IVA|tp53_mutated=0|tumor_purity_bin=9
train	TCGA-THCA	TCGA-ET-A3BV	7	0.003772	immune_subtype=C1|kras_mutated=0|os_status=Alive|pfs_status=PROGRESSION|stage=Stage III|tp53_mutated=0|tumor_purity_bin=4
train	TCGA-THCA	TCGA-FE-A22Z	7	0.005192	immune_subtype=C3|kras_mutated=0|os_status=Alive|pfs_status=PROGRESSION|stage=Stage IVA|tp53_mutated=0|tumor_purity_bin=7
train	TCGA-THCA	TCGA-FE-A231	7	0.005541	immune_subtype=C3|kras_mutated=0|os_status=Alive|pfs_status=CENSORED|stage=Stage IVA|tp53_mutated=0|tumor_purity_bin=9
train	TCGA-THCA	TCGA-FY-A3R6	7	0.005289	immune_subtype=C3|kras_mutated=0|os_status=Alive|pfs_status=CENSORED|stage=Stage IVA|tp53_mutated=0|tumor_purity_bin=4
train	TCGA-THCA	TCGA-J8-A3YD	7	0.004433	immune_subtype=C3|kras_mutated=0|os_status=Alive|pfs_status=CENSORED|stage=Stage III|tp53_mutated=0|tumor_purity_bin=2
train	TCGA-THCA	TCGA-J8-A4HY	7	0.005289	immune_subtype=C3|kras_mutated=0|os_status=Alive|pfs_status=CENSORED|stage=Stage IVA|tp53_mutated=0|tumor_purity_bin=4
train	TCGA-THCA	TCGA-KS-A4I5	7	0.005685	immune_subtype=C4|kras_mutated=0|os_status=Alive|pfs_status=CENSORED|stage=Stage IVA|tp53_mutated=0|tumor_purity_bin=5
train	TCGA-THCA	TCGA-L6-A4ET	7	0.145120	immune_subtype=C3|kras_mutated=0|os_status=Alive|pfs_status=CENSORED|stage=Stage IVC|tp53_mutated=0|tumor_purity_bin=9
train	TCGA-THCA	TCGA-MK-A4N6	7	0.008543	immune_subtype=C6|kras_mutated=0|os_status=Alive|pfs_status=CENSORED|stage=Stage I|tp53_mutated=0|tumor_purity_bin=9
train	TCGA-THYM	TCGA-3G-AB19	5	0.001669	kras_mutated=0|os_status=Dead|pfs_status=PROGRESSION|tp53_mutated=0|tumor_purity_bin=7
train	TCGA-THYM	TCGA-4V-A9QI	5	0.002396	kras_mutated=0|os_status=Alive|pfs_status=CENSORED|tp53_mutated=0|tumor_purity_bin=2
train	TCGA-THYM	TCGA-4V-A9QN	5	0.001533	kras_mutated=0|os_status=Alive|pfs_status=PROGRESSION|tp53_mutated=0|tumor_purity_bin=8
train	TCGA-THYM	TCGA-4V-A9QR	5	0.002396	kras_mutated=0|os_status=Alive|pfs_status=CENSORED|tp53_mutated=0|tumor_purity_bin=2
train	TCGA-THYM	TCGA-4V-A9QT	5	0.002396	kras_mutated=0|os_status=Alive|pfs_status=CENSORED|tp53_mutated=0|tumor_purity_bin=2
train	TCGA-THYM	TCGA-4V-A9QU	5	0.002396	kras_mutated=0|os_status=Alive|pfs_status=CENSORED|tp53_mutated=0|tumor_purity_bin=2
train	TCGA-THYM	TCGA-4V-A9QX	5	0.009391	kras_mutated=0|os_status=Alive|pfs_status=CENSORED|tp53_mutated=0|tumor_purity_bin=1
train	TCGA-THYM	TCGA-5U-AB0F	5	0.002396	kras_mutated=0|os_status=Alive|pfs_status=CENSORED|tp53_mutated=0|tumor_purity_bin=2
train	TCGA-THYM	TCGA-X7-A8D7	5	0.002559	kras_mutated=0|os_status=Alive|pfs_status=PROGRESSION|tp53_mutated=0|tumor_purity_bin=2
train	TCGA-THYM	TCGA-X7-A8DB	5	0.002396	kras_mutated=0|os_status=Alive|pfs_status=CENSORED|tp53_mutated=0|tumor_purity_bin=2
train	TCGA-THYM	TCGA-X7-A8DJ	5	0.002396	kras_mutated=0|os_status=Alive|pfs_status=CENSORED|tp53_mutated=0|tumor_purity_bin=2
train	TCGA-THYM	TCGA-X7-A8M6	5	0.002559	kras_mutated=0|os_status=Alive|pfs_status=PROGRESSION|tp53_mutated=0|tumor_purity_bin=2
train	TCGA-THYM	TCGA-XM-A8R9	5	0.002396	kras_mutated=0|os_status=Alive|pfs_status=CENSORED|tp53_mutated=0|tumor_purity_bin=2
train	TCGA-THYM	TCGA-XM-A8RC	5	0.009391	kras_mutated=0|os_status=Alive|pfs_status=CENSORED|tp53_mutated=0|tumor_purity_bin=1
train	TCGA-THYM	TCGA-XU-A92R	5	0.002396	kras_mutated=0|os_status=Alive|pfs_status=CENSORED|tp53_mutated=0|tumor_purity_bin=2
train	TCGA-THYM	TCGA-XU-A92X	5	0.002396	kras_mutated=0|os_status=Alive|pfs_status=CENSORED|tp53_mutated=0|tumor_purity_bin=2
train	TCGA-THYM	TCGA-XU-A92Y	5	0.002760	kras_mutated=0|os_status=Dead|pfs_status=PROGRESSION|tp53_mutated=0|tumor_purity_bin=2
train	TCGA-THYM	TCGA-XU-A932	5	0.009391	kras_mutated=0|os_status=Alive|pfs_status=CENSORED|tp53_mutated=0|tumor_purity_bin=1
train	TCGA-THYM	TCGA-XU-AAXX	5	0.002396	kras_mutated=0|os_status=Alive|pfs_status=CENSORED|tp53_mutated=0|tumor_purity_bin=2
train	TCGA-THYM	TCGA-XU-AAY0	5	0.002396	kras_mutated=0|os_status=Alive|pfs_status=CENSORED|tp53_mutated=0|tumor_purity_bin=2
train	TCGA-THYM	TCGA-YT-A95H	5	0.002396	kras_mutated=0|os_status=Alive|pfs_status=CENSORED|tp53_mutated=0|tumor_purity_bin=2
train	TCGA-THYM	TCGA-ZB-A961	5	0.001601	kras_mutated=0|os_status=Dead|pfs_status=CENSORED|tp53_mutated=0|tumor_purity_bin=5
train	TCGA-THYM	TCGA-ZB-A966	5	0.001812	kras_mutated=0|os_status=Dead|pfs_status=PROGRESSION|tp53_mutated=1|tumor_purity_bin=6
train	TCGA-THYM	TCGA-ZB-A96A	5	0.002396	kras_mutated=0|os_status=Alive|pfs_status=CENSORED|tp53_mutated=0|tumor_purity_bin=2
train	TCGA-THYM	TCGA-ZB-A96B	5	0.002559	kras_mutated=0|os_status=Alive|pfs_status=PROGRESSION|tp53_mutated=0|tumor_purity_bin=2
train	TCGA-THYM	TCGA-ZB-A96D	5	0.002396	kras_mutated=0|os_status=Alive|pfs_status=CENSORED|tp53_mutated=0|tumor_purity_bin=2
train	TCGA-THYM	TCGA-ZB-A96F	5	0.002396	kras_mutated=0|os_status=Alive|pfs_status=CENSORED|tp53_mutated=0|tumor_purity_bin=2
train	TCGA-THYM	TCGA-ZB-A96G	5	0.002396	kras_mutated=0|os_status=Alive|pfs_status=CENSORED|tp53_mutated=0|tumor_purity_bin=2
train	TCGA-THYM	TCGA-ZB-A96H	5	0.003157	kras_mutated=1|os_status=Alive|pfs_status=CENSORED|tp53_mutated=0|tumor_purity_bin=9
train	TCGA-THYM	TCGA-ZB-A96O	5	0.002396	kras_mutated=0|os_status=Alive|pfs_status=CENSORED|tp53_mutated=0|tumor_purity_bin=2
train	TCGA-THYM	TCGA-ZB-A96P	5	0.002396	kras_mutated=0|os_status=Alive|pfs_status=CENSORED|tp53_mutated=0|tumor_purity_bin=2
train	TCGA-THYM	TCGA-ZB-A96R	5	0.002396	kras_mutated=0|os_status=Alive|pfs_status=CENSORED|tp53_mutated=0|tumor_purity_bin=2
train	TCGA-THYM	TCGA-ZC-AAA7	5	0.002232	kras_mutated=0|os_status=Dead|pfs_status=PROGRESSION|tp53_mutated=0|tumor_purity_bin=3
train	TCGA-THYM	TCGA-ZC-AAAA	5	0.002559	kras_mutated=0|os_status=Alive|pfs_status=PROGRESSION|tp53_mutated=0|tumor_purity_bin=2
train	TCGA-THYM	TCGA-ZC-AAAF	5	0.002396	kras_mutated=0|os_status=Alive|pfs_status=CENSORED|tp53_mutated=0|tumor_purity_bin=2
train	TCGA-THYM	TCGA-ZC-AAAH	5	0.002559	kras_mutated=0|os_status=Alive|pfs_status=PROGRESSION|tp53_mutated=0|tumor_purity_bin=2
train	TCGA-UCEC	TCGA-A5-A0GM	8	0.007018	immune_subtype=C1|kras_mutated=0|os_status=Alive|pfs_status=CENSORED|stage=Stage II|tp53_mutated=0|tumor_grade=G1|tumor_purity_bin=8
train	TCGA-UCEC	TCGA-A5-A0GP	7	0.006560	immune_subtype=C1|kras_mutated=1|os_status=Alive|pfs_status=CENSORED|tp53_mutated=0|tumor_grade=G1|tumor_purity_bin=6
train	TCGA-UCEC	TCGA-AP-A05N	7	0.005930	immune_subtype=C1|kras_mutated=0|os_status=Dead|pfs_status=CENSORED|tp53_mutated=0|tumor_grade=G1|tumor_purity_bin=9
train	TCGA-UCEC	TCGA-AP-A05P	7	0.006816	immune_subtype=C1|kras_mutated=1|os_status=Alive|pfs_status=CENSORED|tp53_mutated=0|tumor_grade=G1|tumor_purity_bin=4
train	TCGA-UCEC	TCGA-AP-A0LL	7	0.005886	immune_subtype=C3|kras_mutated=0|os_status=Alive|pfs_status=PROGRESSION|tp53_mutated=0|tumor_grade=G1|tumor_purity_bin=9
train	TCGA-UCEC	TCGA-AP-A1DM	7	0.006556	immune_subtype=C1|kras_mutated=1|os_status=Alive|pfs_status=CENSORED|tp53_mutated=0|tumor_grade=G1|tumor_purity_bin=7
train	TCGA-UCEC	TCGA-AX-A05U	7	0.005729	immune_subtype=C1|kras_mutated=0|os_status=Alive|pfs_status=CENSORED|tp53_mutated=0|tumor_grade=G1|tumor_purity_bin=9
train	TCGA-UCEC	TCGA-AX-A05W	7	0.006553	immune_subtype=C2|kras_mutated=1|os_status=Alive|pfs_status=CENSORED|tp53_mutated=0|tumor_grade=G1|tumor_purity_bin=6
train	TCGA-UCEC	TCGA-AX-A05Y	7	0.006447	immune_subtype=C4|kras_mutated=0|os_status=Alive|pfs_status=PROGRESSION|tp53_mutated=0|tumor_grade=G1|tumor_purity_bin=9
train	TCGA-UCEC	TCGA-AX-A062	7	0.005729	immune_subtype=C1|kras_mutated=0|os_status=Alive|pfs_status=CENSORED|tp53_mutated=0|tumor_grade=G1|tumor_purity_bin=9
train	TCGA-UCEC	TCGA-B5-A0JS	7	0.006553	immune_subtype=C3|kras_mutated=1|os_status=Alive|pfs_status=CENSORED|tp53_mutated=0|tumor_grade=G1|tumor_purity_bin=6
train	TCGA-UCEC	TCGA-B5-A0K3	7	0.004265	immune_subtype=C2|kras_mutated=1|os_status=Dead|pfs_status=PROGRESSION|tp53_mutated=1|tumor_grade=G3|tumor_purity_bin=7
train	TCGA-UCEC	TCGA-B5-A0K6	7	0.006550	immune_subtype=C3|kras_mutated=1|os_status=Alive|pfs_status=CENSORED|tp53_mutated=0|tumor_grade=G1|tumor_purity_bin=7
train	TCGA-UCEC	TCGA-B5-A11M	6	0.005865	immune_subtype=C3|kras_mutated=1|os_status=Alive|pfs_status=CENSORED|tp53_mutated=0|tumor_grade=G1
train	TCGA-UCEC	TCGA-B5-A11N	7	0.006784	immune_subtype=C2|kras_mutated=1|os_status=Alive|pfs_status=CENSORED|tp53_mutated=1|tumor_grade=G1|tumor_purity_bin=5
train	TCGA-UCEC	TCGA-B5-A11O	7	0.007283	immune_subtype=C1|kras_mutated=1|os_status=Alive|pfs_status=PROGRESSION|tp53_mutated=0|tumor_grade=G1|tumor_purity_bin=3
train	TCGA-UCEC	TCGA-BG-A0MC	7	0.006553	immune_subtype=C3|kras_mutated=1|os_status=Alive|pfs_status=CENSORED|tp53_mutated=0|tumor_grade=G1|tumor_purity_bin=6
train	TCGA-UCEC	TCGA-BG-A0MO	7	0.006301	immune_subtype=C2|kras_mutated=0|os_status=Alive|pfs_status=CENSORED|tp53_mutated=0|tumor_grade=G1|tumor_purity_bin=2
train	TCGA-UCEC	TCGA-BG-A0VW	7	0.006560	immune_subtype=C1|kras_mutated=1|os_status=Alive|pfs_status=CENSORED|tp53_mutated=0|tumor_grade=G1|tumor_purity_bin=6
train	TCGA-UCEC	TCGA-BG-A0VZ	7	0.006556	immune_subtype=C1|kras_mutated=1|os_status=Alive|pfs_status=CENSORED|tp53_mutated=0|tumor_grade=G1|tumor_purity_bin=7
train	TCGA-UCEC	TCGA-BG-A220	2	0.002525	os_status=Alive|stage=Stage IV
train	TCGA-UCEC	TCGA-BS-A0TC	7	0.006550	immune_subtype=C3|kras_mutated=1|os_status=Alive|pfs_status=CENSORED|tp53_mutated=0|tumor_grade=G1|tumor_purity_bin=7
train	TCGA-UCEC	TCGA-BS-A0U8	7	0.006621	immune_subtype=C1|kras_mutated=1|os_status=Alive|pfs_status=CENSORED|tp53_mutated=0|tumor_grade=G1|tumor_purity_bin=8
train	TCGA-UCEC	TCGA-BS-A0UL	7	0.007112	immune_subtype=C2|kras_mutated=1|os_status=Alive|pfs_status=CENSORED|tp53_mutated=0|tumor_grade=G1|tumor_purity_bin=3
train	TCGA-UCEC	TCGA-BS-A0V4	7	0.006550	immune_subtype=C3|kras_mutated=1|os_status=Alive|pfs_status=CENSORED|tp53_mutated=0|tumor_grade=G1|tumor_purity_bin=7
train	TCGA-UCEC	TCGA-BS-A0V7	7	0.013078	immune_subtype=C6|kras_mutated=1|os_status=Alive|pfs_status=CENSORED|tp53_mutated=0|tumor_grade=G1|tumor_purity_bin=2
train	TCGA-UCEC	TCGA-D1-A15W	7	0.006560	immune_subtype=C1|kras_mutated=1|os_status=Alive|pfs_status=CENSORED|tp53_mutated=0|tumor_grade=G1|tumor_purity_bin=6
train	TCGA-UCEC	TCGA-D1-A15X	7	0.005865	immune_subtype=C2|kras_mutated=1|os_status=Alive|pfs_status=CENSORED|tp53_mutated=0|tumor_grade=HIGH GRADE|tumor_purity_bin=5
train	TCGA-UCEC	TCGA-D1-A16G	7	0.005504	immune_subtype=C1|kras_mutated=0|os_status=Dead|pfs_status=PROGRESSION|tp53_mutated=1|tumor_grade=HIGH GRADE|tumor_purity_bin=3
train	TCGA-UCEC	TCGA-D1-A16Y	7	0.007314	immune_subtype=C4|kras_mutated=1|os_status=Alive|pfs_status=CENSORED|tp53_mutated=1|tumor_grade=G1|tumor_purity_bin=8
train	TCGA-UCEC	TCGA-D1-A17H	7	0.006549	immune_subtype=C2|kras_mutated=1|os_status=Alive|pfs_status=CENSORED|tp53_mutated=0|tumor_grade=G1|tumor_purity_bin=7
train	TCGA-UCEC	TCGA-D1-A1O5	7	0.005729	immune_subtype=C1|kras_mutated=0|os_status=Alive|pfs_status=CENSORED|tp53_mutated=0|tumor_grade=G1|tumor_purity_bin=9
train	TCGA-UCEC	TCGA-EY-A1GT	6	0.005871	immune_subtype=C1|kras_mutated=1|os_status=Alive|pfs_status=CENSORED|tp53_mutated=0|tumor_grade=G1
train	TCGA-UCEC	TCGA-EY-A1GX	7	0.003879	immune_subtype=C4|kras_mutated=0|os_status=Dead|pfs_status=PROGRESSION|tp53_mutated=0|tumor_grade=G2|tumor_purity_bin=9
train	TCGA-UCEC	TCGA-EY-A548	7	0.006553	immune_subtype=C2|kras_mutated=1|os_status=Alive|pfs_status=CENSORED|tp53_mutated=0|tumor_grade=G1|tumor_purity_bin=6
train	TCGA-UCEC	TCGA-QF-A5YT	7	0.005729	immune_subtype=C1|kras_mutated=0|os_status=Alive|pfs_status=CENSORED|tp53_mutated=0|tumor_grade=G1|tumor_purity_bin=9
train	TCGA-UCS	TCGA-N5-A4RD	6	0.002773	immune_subtype=C1|kras_mutated=0|os_status=Dead|pfs_status=PROGRESSION|tp53_mutated=1|tumor_purity_bin=9
train	TCGA-UCS	TCGA-N5-A4RF	6	0.003228	immune_subtype=C2|kras_mutated=1|os_status=Alive|pfs_status=CENSORED|tp53_mutated=1|tumor_purity_bin=7
train	TCGA-UCS	TCGA-N5-A4RJ	6	0.002325	immune_subtype=C1|kras_mutated=0|os_status=Dead|pfs_status=PROGRESSION|tp53_mutated=1|tumor_purity_bin=8
train	TCGA-UCS	TCGA-N5-A4RN	6	0.002571	immune_subtype=C1|kras_mutated=0|os_status=Alive|pfs_status=PROGRESSION|tp53_mutated=1|tumor_purity_bin=9
train	TCGA-UCS	TCGA-N5-A4RO	6	0.002773	immune_subtype=C1|kras_mutated=0|os_status=Dead|pfs_status=PROGRESSION|tp53_mutated=1|tumor_purity_bin=9
train	TCGA-UCS	TCGA-N5-A4RS	6	0.004112	immune_subtype=C1|kras_mutated=1|os_status=Dead|pfs_status=PROGRESSION|tp53_mutated=1|tumor_purity_bin=9
train	TCGA-UCS	TCGA-N5-A4RT	6	0.002401	immune_subtype=C2|kras_mutated=0|os_status=Alive|pfs_status=CENSORED|tp53_mutated=1|tumor_purity_bin=9
train	TCGA-UCS	TCGA-N5-A4RU	6	0.002260	immune_subtype=C1|kras_mutated=0|os_status=Dead|pfs_status=PROGRESSION|tp53_mutated=1|tumor_purity_bin=7
train	TCGA-UCS	TCGA-N5-A59E	6	0.002773	immune_subtype=C1|kras_mutated=0|os_status=Dead|pfs_status=PROGRESSION|tp53_mutated=1|tumor_purity_bin=9
train	TCGA-UCS	TCGA-N6-A4V9	6	0.003740	immune_subtype=C2|kras_mutated=1|os_status=Alive|pfs_status=CENSORED|tp53_mutated=1|tumor_purity_bin=9
train	TCGA-UCS	TCGA-N6-A4VC	6	0.003665	immune_subtype=C1|kras_mutated=1|os_status=Dead|pfs_status=PROGRESSION|tp53_mutated=1|tumor_purity_bin=8
train	TCGA-UCS	TCGA-N6-A4VE	6	0.002765	immune_subtype=C2|kras_mutated=0|os_status=Dead|pfs_status=PROGRESSION|tp53_mutated=1|tumor_purity_bin=9
train	TCGA-UCS	TCGA-N7-A4Y5	6	0.002773	immune_subtype=C1|kras_mutated=0|os_status=Dead|pfs_status=PROGRESSION|tp53_mutated=1|tumor_purity_bin=9
train	TCGA-UCS	TCGA-N7-A4Y8	6	0.002773	immune_subtype=C1|kras_mutated=0|os_status=Dead|pfs_status=PROGRESSION|tp53_mutated=1|tumor_purity_bin=9
train	TCGA-UCS	TCGA-N7-A59B	6	0.002401	immune_subtype=C2|kras_mutated=0|os_status=Alive|pfs_status=CENSORED|tp53_mutated=1|tumor_purity_bin=9
train	TCGA-UCS	TCGA-N8-A4PI	6	0.002814	immune_subtype=C4|kras_mutated=0|os_status=Dead|pfs_status=PROGRESSION|tp53_mutated=1|tumor_purity_bin=7
train	TCGA-UCS	TCGA-N8-A4PL	6	0.004112	immune_subtype=C1|kras_mutated=1|os_status=Dead|pfs_status=PROGRESSION|tp53_mutated=1|tumor_purity_bin=9
train	TCGA-UCS	TCGA-N8-A4PM	6	0.002571	immune_subtype=C1|kras_mutated=0|os_status=Alive|pfs_status=PROGRESSION|tp53_mutated=1|tumor_purity_bin=9
train	TCGA-UCS	TCGA-N8-A4PN	6	0.002408	immune_subtype=C1|kras_mutated=0|os_status=Alive|pfs_status=CENSORED|tp53_mutated=1|tumor_purity_bin=9
train	TCGA-UCS	TCGA-N8-A4PO	6	0.002571	immune_subtype=C1|kras_mutated=0|os_status=Alive|pfs_status=PROGRESSION|tp53_mutated=1|tumor_purity_bin=9
train	TCGA-UCS	TCGA-N8-A4PP	7	0.003657	immune_subtype=C2|kras_mutated=0|os_status=Dead|pfs_status=PROGRESSION|stage=Stage IIA|tp53_mutated=1|tumor_purity_bin=5
train	TCGA-UCS	TCGA-N8-A4PQ	6	0.001892	immune_subtype=C2|kras_mutated=0|os_status=Alive|pfs_status=CENSORED|tp53_mutated=1|tumor_purity_bin=6
train	TCGA-UCS	TCGA-N8-A56S	6	0.002260	immune_subtype=C1|kras_mutated=0|os_status=Dead|pfs_status=PROGRESSION|tp53_mutated=1|tumor_purity_bin=7
train	TCGA-UCS	TCGA-N9-A4PZ	6	0.002318	immune_subtype=C2|kras_mutated=0|os_status=Dead|pfs_status=PROGRESSION|tp53_mutated=1|tumor_purity_bin=8
train	TCGA-UCS	TCGA-N9-A4Q1	6	0.002325	immune_subtype=C1|kras_mutated=0|os_status=Dead|pfs_status=PROGRESSION|tp53_mutated=1|tumor_purity_bin=8
train	TCGA-UCS	TCGA-N9-A4Q3	6	0.003464	immune_subtype=C1|kras_mutated=1|os_status=Alive|pfs_status=PROGRESSION|tp53_mutated=1|tumor_purity_bin=8
train	TCGA-UCS	TCGA-N9-A4Q4	6	0.002408	immune_subtype=C1|kras_mutated=0|os_status=Alive|pfs_status=CENSORED|tp53_mutated=1|tumor_purity_bin=9
train	TCGA-UCS	TCGA-N9-A4Q7	6	0.002452	immune_subtype=C2|kras_mutated=0|os_status=Alive|pfs_status=CENSORED|tp53_mutated=1|tumor_purity_bin=3
train	TCGA-UCS	TCGA-N9-A4Q8	6	0.002325	immune_subtype=C1|kras_mutated=0|os_status=Dead|pfs_status=PROGRESSION|tp53_mutated=1|tumor_purity_bin=8
train	TCGA-UCS	TCGA-NA-A4QX	6	0.002260	immune_subtype=C1|kras_mutated=0|os_status=Dead|pfs_status=PROGRESSION|tp53_mutated=1|tumor_purity_bin=7
train	TCGA-UCS	TCGA-NA-A4R1	6	0.002773	immune_subtype=C1|kras_mutated=0|os_status=Dead|pfs_status=PROGRESSION|tp53_mutated=1|tumor_purity_bin=9
train	TCGA-UCS	TCGA-NA-A5I1	6	0.002325	immune_subtype=C1|kras_mutated=0|os_status=Dead|pfs_status=PROGRESSION|tp53_mutated=1|tumor_purity_bin=8
train	TCGA-UCS	TCGA-ND-A4WA	6	0.002470	immune_subtype=C1|kras_mutated=0|os_status=Dead|pfs_status=CENSORED|tp53_mutated=0|tumor_purity_bin=9
train	TCGA-UCS	TCGA-ND-A4WF	6	0.002633	immune_subtype=C1|kras_mutated=0|os_status=Dead|pfs_status=PROGRESSION|tp53_mutated=0|tumor_purity_bin=9
train	TCGA-UCS	TCGA-NG-A4VU	6	0.003327	immune_subtype=C4|kras_mutated=0|os_status=Dead|pfs_status=PROGRESSION|tp53_mutated=1|tumor_purity_bin=9
train	TCGA-UCS	TCGA-NG-A4VW	6	0.002684	immune_subtype=C1|kras_mutated=0|os_status=Dead|pfs_status=PROGRESSION|tp53_mutated=0|tumor_purity_bin=3
train	TCGA-UVM	TCGA-RZ-AB0B	7	0.004839	immune_subtype=C3|kras_mutated=0|os_status=Dead|pfs_status=CENSORED|stage=Stage IV|tp53_mutated=0|tumor_purity_bin=9
train	TCGA-UVM	TCGA-V4-A9E5	7	0.006554	immune_subtype=C4|kras_mutated=0|os_status=Alive|pfs_status=CENSORED|stage=Stage IIIB|tp53_mutated=0|tumor_purity_bin=9
train	TCGA-UVM	TCGA-V4-A9E9	7	0.005031	immune_subtype=C4|kras_mutated=0|os_status=Alive|pfs_status=CENSORED|stage=Stage IIIA|tp53_mutated=0|tumor_purity_bin=9
train	TCGA-UVM	TCGA-V4-A9EA	7	0.005031	immune_subtype=C4|kras_mutated=0|os_status=Alive|pfs_status=CENSORED|stage=Stage IIIA|tp53_mutated=0|tumor_purity_bin=9
train	TCGA-UVM	TCGA-V4-A9EC	7	0.004364	immune_subtype=C4|kras_mutated=0|os_status=Alive|pfs_status=CENSORED|stage=Stage IIB|tp53_mutated=0|tumor_purity_bin=9
train	TCGA-UVM	TCGA-V4-A9ED	7	0.004470	immune_subtype=C3|kras_mutated=0|os_status=Alive|pfs_status=CENSORED|stage=Stage IIIA|tp53_mutated=0|tumor_purity_bin=9
train	TCGA-UVM	TCGA-V4-A9EE	7	0.004728	immune_subtype=C4|kras_mutated=0|os_status=Dead|pfs_status=PROGRESSION|stage=Stage IIB|tp53_mutated=0|tumor_purity_bin=9
train	TCGA-UVM	TCGA-V4-A9EF	7	0.006554	immune_subtype=C4|kras_mutated=0|os_status=Alive|pfs_status=CENSORED|stage=Stage IIIB|tp53_mutated=0|tumor_purity_bin=9
train	TCGA-UVM	TCGA-V4-A9EH	7	0.006042	immune_subtype=C4|kras_mutated=0|os_status=Alive|pfs_status=CENSORED|stage=Stage IIIB|tp53_mutated=0|tumor_purity_bin=7
train	TCGA-UVM	TCGA-V4-A9EJ	7	0.004364	immune_subtype=C4|kras_mutated=0|os_status=Alive|pfs_status=CENSORED|stage=Stage IIB|tp53_mutated=0|tumor_purity_bin=9
train	TCGA-UVM	TCGA-V4-A9EL	7	0.004746	immune_subtype=C4|kras_mutated=0|os_status=Alive|pfs_status=PROGRESSION|stage=Stage IIIA|tp53_mutated=0|tumor_purity_bin=8
train	TCGA-UVM	TCGA-V4-A9EM	7	0.005031	immune_subtype=C4|kras_mutated=0|os_status=Alive|pfs_status=CENSORED|stage=Stage IIIA|tp53_mutated=0|tumor_purity_bin=9
train	TCGA-UVM	TCGA-V4-A9EO	7	0.005031	immune_subtype=C4|kras_mutated=0|os_status=Alive|pfs_status=CENSORED|stage=Stage IIIA|tp53_mutated=0|tumor_purity_bin=9
train	TCGA-UVM	TCGA-V4-A9EQ	7	0.005395	immune_subtype=C4|kras_mutated=0|os_status=Dead|pfs_status=PROGRESSION|stage=Stage IIIA|tp53_mutated=0|tumor_purity_bin=9
train	TCGA-UVM	TCGA-V4-A9EV	7	0.004322	immune_subtype=C3|kras_mutated=0|os_status=Dead|pfs_status=PROGRESSION|stage=Stage IIIA|tp53_mutated=0|tumor_purity_bin=7
train	TCGA-UVM	TCGA-V4-A9EY	7	0.004522	immune_subtype=C4|kras_mutated=0|os_status=Alive|pfs_status=CENSORED|stage=Stage IIIA|tp53_mutated=0|tumor_purity_bin=6
train	TCGA-UVM	TCGA-V4-A9EZ	7	0.004364	immune_subtype=C4|kras_mutated=0|os_status=Alive|pfs_status=CENSORED|stage=Stage IIB|tp53_mutated=0|tumor_purity_bin=9
train	TCGA-UVM	TCGA-V4-A9F0	7	0.005911	immune_subtype=C3|kras_mutated=0|os_status=Dead|pfs_status=PROGRESSION|stage=Stage IIIB|tp53_mutated=0|tumor_purity_bin=8
train	TCGA-UVM	TCGA-V4-A9F2	7	0.004470	immune_subtype=C3|kras_mutated=0|os_status=Alive|pfs_status=CENSORED|stage=Stage IIIA|tp53_mutated=0|tumor_purity_bin=9
train	TCGA-UVM	TCGA-V4-A9F4	7	0.005031	immune_subtype=C4|kras_mutated=0|os_status=Alive|pfs_status=CENSORED|stage=Stage IIIA|tp53_mutated=0|tumor_purity_bin=9
train	TCGA-UVM	TCGA-V4-A9F8	7	0.004470	immune_subtype=C3|kras_mutated=0|os_status=Alive|pfs_status=CENSORED|stage=Stage IIIA|tp53_mutated=0|tumor_purity_bin=9
train	TCGA-UVM	TCGA-VD-A8K7	7	0.005031	immune_subtype=C4|kras_mutated=0|os_status=Alive|pfs_status=CENSORED|stage=Stage IIIA|tp53_mutated=0|tumor_purity_bin=9
train	TCGA-UVM	TCGA-VD-A8KA	7	0.004527	immune_subtype=C4|kras_mutated=0|os_status=Alive|pfs_status=PROGRESSION|stage=Stage IIB|tp53_mutated=0|tumor_purity_bin=9
train	TCGA-UVM	TCGA-VD-A8KF	7	0.006919	immune_subtype=C4|kras_mutated=0|os_status=Dead|pfs_status=PROGRESSION|stage=Stage IIIB|tp53_mutated=0|tumor_purity_bin=9
train	TCGA-UVM	TCGA-VD-A8KH	7	0.006554	immune_subtype=C4|kras_mutated=0|os_status=Alive|pfs_status=CENSORED|stage=Stage IIIB|tp53_mutated=0|tumor_purity_bin=9
train	TCGA-UVM	TCGA-VD-A8KJ	7	0.004364	immune_subtype=C4|kras_mutated=0|os_status=Alive|pfs_status=CENSORED|stage=Stage IIB|tp53_mutated=0|tumor_purity_bin=9
train	TCGA-UVM	TCGA-VD-A8KK	7	0.004470	immune_subtype=C3|kras_mutated=0|os_status=Alive|pfs_status=CENSORED|stage=Stage IIIA|tp53_mutated=0|tumor_purity_bin=9
train	TCGA-UVM	TCGA-VD-A8KM	7	0.003551	immune_subtype=C3|kras_mutated=0|os_status=Alive|pfs_status=CENSORED|stage=Stage IIB|tp53_mutated=0|tumor_purity_bin=4
train	TCGA-UVM	TCGA-WC-A87T	7	0.004080	immune_subtype=C4|kras_mutated=0|os_status=Alive|pfs_status=PROGRESSION|stage=Stage IIB|tp53_mutated=0|tumor_purity_bin=8
train	TCGA-UVM	TCGA-WC-A87U	7	0.005395	immune_subtype=C4|kras_mutated=0|os_status=Dead|pfs_status=PROGRESSION|stage=Stage IIIA|tp53_mutated=0|tumor_purity_bin=9
train	TCGA-UVM	TCGA-WC-A880	7	0.005031	immune_subtype=C4|kras_mutated=0|os_status=Alive|pfs_status=CENSORED|stage=Stage IIIA|tp53_mutated=0|tumor_purity_bin=9
train	TCGA-UVM	TCGA-WC-A883	7	0.005395	immune_subtype=C4|kras_mutated=0|os_status=Dead|pfs_status=PROGRESSION|stage=Stage IIIA|tp53_mutated=0|tumor_purity_bin=9
train	TCGA-UVM	TCGA-WC-A88A	7	0.005563	immune_subtype=C4|kras_mutated=0|os_status=Dead|pfs_status=PROGRESSION|stage=Stage IV|tp53_mutated=0|tumor_purity_bin=9
train	TCGA-UVM	TCGA-WC-AA9A	7	0.004496	immune_subtype=C4|kras_mutated=0|os_status=Dead|pfs_status=PROGRESSION|stage=Stage IIA|tp53_mutated=0|tumor_purity_bin=9
train	TCGA-UVM	TCGA-YZ-A982	7	0.008266	immune_subtype=C5|kras_mutated=0|os_status=Alive|pfs_status=CENSORED|stage=Stage IIIB|tp53_mutated=0|tumor_purity_bin=9
train	TCGA-UVM	TCGA-YZ-A985	7	0.005031	immune_subtype=C4|kras_mutated=0|os_status=Alive|pfs_status=CENSORED|stage=Stage IIIA|tp53_mutated=0|tumor_purity_bin=9
