split_name	split	label	hpv_status	case_id	slide_key	sample_id	project_dir	h5_path	hpv_source	hpv_conflict	hpv_score_viral	hpv_status_from_viral_threshold6
split_4	test	0	HPV-	TCGA-BA-4078	TCGA-BA-4078-01Z-00-DX1	TCGA-BA-4078-01	TCGA-HNSC	/research/projects/mllab/WSI/extracted_features/TCGA-HNSC/TCGA-BA-4078-01Z-00-DX1.B190F43D-3313-496B-BEF7-3798A5DE5E55.h5	cbio_subtype_hnsc	0	0.956195	HPV-
split_4	test	0	HPV-	TCGA-BA-5556	TCGA-BA-5556-01Z-00-DX1	TCGA-BA-5556-01	TCGA-HNSC	/research/projects/mllab/WSI/extracted_features/TCGA-HNSC/TCGA-BA-5556-01Z-00-DX1.6941a8fa-2f68-41d8-8661-82601570d901.h5	cbio_subtype_hnsc	0	1.859543	HPV-
split_4	test	0	HPV-	TCGA-BA-6871	TCGA-BA-6871-01Z-00-DX1	TCGA-BA-6871-01	TCGA-HNSC	/research/projects/mllab/WSI/extracted_features/TCGA-HNSC/TCGA-BA-6871-01Z-00-DX1.4d9ca329-f8d5-4c31-a20f-9d4fba728326.h5	cbio_subtype_hnsc	0	1.176596	HPV-
split_4	test	0	HPV-	TCGA-BA-A6D8	TCGA-BA-A6D8-01Z-00-DX1	TCGA-BA-A6D8-01	TCGA-HNSC	/research/projects/mllab/WSI/extracted_features/TCGA-HNSC/TCGA-BA-A6D8-01Z-00-DX1.0198253B-84AC-484E-9A58-F7CF8AEBE922.h5	cbio_subtype_hnsc	0	0.740382	HPV-
split_4	test	0	HPV-	TCGA-BA-A6DJ	TCGA-BA-A6DJ-01Z-00-DX1	TCGA-BA-A6DJ-01	TCGA-HNSC	/research/projects/mllab/WSI/extracted_features/TCGA-HNSC/TCGA-BA-A6DJ-01Z-00-DX1.F83A347E-4442-4F06-9715-32E4C4E1A4FA.h5	cbio_subtype_hnsc	0	1.317998	HPV-
split_4	test	0	HPV-	TCGA-BB-7870	TCGA-BB-7870-01Z-00-DX1	TCGA-BB-7870-01	TCGA-HNSC	/research/projects/mllab/WSI/extracted_features/TCGA-HNSC/TCGA-BB-7870-01Z-00-DX1.6b49c1c8-19c4-4e0c-b4b5-f7e9e1ba782c.h5	cbio_subtype_hnsc	0	2.447340	HPV-
split_4	test	0	HPV-	TCGA-CN-4730	TCGA-CN-4730-01Z-00-DX1	TCGA-CN-4730-01	TCGA-HNSC	/research/projects/mllab/WSI/extracted_features/TCGA-HNSC/TCGA-CN-4730-01Z-00-DX1.a76280e8-6591-4d51-afc9-2f01e87346ab.h5	cbio_subtype_hnsc	0	1.515280	HPV-
split_4	test	0	HPV-	TCGA-CN-5359	TCGA-CN-5359-01Z-00-DX1	TCGA-CN-5359-01	TCGA-HNSC	/research/projects/mllab/WSI/extracted_features/TCGA-HNSC/TCGA-CN-5359-01Z-00-DX1.30a19cad-c2b0-4c5f-bd5d-89aa8ac2bb91.h5	cbio_subtype_hnsc	0	1.202748	HPV-
split_4	test	0	HPV-	TCGA-CN-5360	TCGA-CN-5360-01Z-00-DX1	TCGA-CN-5360-01	TCGA-HNSC	/research/projects/mllab/WSI/extracted_features/TCGA-HNSC/TCGA-CN-5360-01Z-00-DX1.d3657b07-9ea0-41fc-b858-c9a1497340c8.h5	cbio_subtype_hnsc	0	0.996703	HPV-
split_4	test	0	HPV-	TCGA-CN-5366	TCGA-CN-5366-01Z-00-DX1	TCGA-CN-5366-01	TCGA-HNSC	/research/projects/mllab/WSI/extracted_features/TCGA-HNSC/TCGA-CN-5366-01Z-00-DX1.dcc14c44-6dd1-48a1-a21c-736c6b9551e1.h5	cbio_subtype_hnsc	0	1.157775	HPV-
split_4	test	0	HPV-	TCGA-CN-5367	TCGA-CN-5367-01Z-00-DX1	TCGA-CN-5367-01	TCGA-HNSC	/research/projects/mllab/WSI/extracted_features/TCGA-HNSC/TCGA-CN-5367-01Z-00-DX1.5b09e54e-4140-4709-bc60-e201f9a72b24.h5	cbio_subtype_hnsc	0	1.493251	HPV-
split_4	test	0	HPV-	TCGA-CN-5373	TCGA-CN-5373-01Z-00-DX1	TCGA-CN-5373-01	TCGA-HNSC	/research/projects/mllab/WSI/extracted_features/TCGA-HNSC/TCGA-CN-5373-01Z-00-DX1.c423a74f-cdb6-41b1-9483-be854827434e.h5	cbio_subtype_hnsc	0	1.311889	HPV-
split_4	test	0	HPV-	TCGA-CN-6012	TCGA-CN-6012-01Z-00-DX1	TCGA-CN-6012-01	TCGA-HNSC	/research/projects/mllab/WSI/extracted_features/TCGA-HNSC/TCGA-CN-6012-01Z-00-DX1.bd9283bb-47c7-41ab-996a-f3f5070cfc73.h5	cbio_subtype_hnsc	0	0.991028	HPV-
split_4	test	0	HPV-	TCGA-CN-6013	TCGA-CN-6013-01Z-00-DX1	TCGA-CN-6013-01	TCGA-HNSC	/research/projects/mllab/WSI/extracted_features/TCGA-HNSC/TCGA-CN-6013-01Z-00-DX1.a6f4b6de-f4b4-47e7-a2da-259b3e5e147f.h5	cbio_subtype_hnsc	0	1.096915	HPV-
split_4	test	0	HPV-	TCGA-CN-6021	TCGA-CN-6021-01Z-00-DX1	TCGA-CN-6021-01	TCGA-HNSC	/research/projects/mllab/WSI/extracted_features/TCGA-HNSC/TCGA-CN-6021-01Z-00-DX1.613eb0f9-f1ca-49a9-9bb8-7fdbb29d7665.h5	cbio_subtype_hnsc	0	0.584260	HPV-
split_4	test	0	HPV-	TCGA-CN-6024	TCGA-CN-6024-01Z-00-DX1	TCGA-CN-6024-01	TCGA-HNSC	/research/projects/mllab/WSI/extracted_features/TCGA-HNSC/TCGA-CN-6024-01Z-00-DX1.c5791a72-1ded-4723-a33a-68da0685c80b.h5	cbio_subtype_hnsc	0	0.885276	HPV-
split_4	test	0	HPV-	TCGA-CN-6992	TCGA-CN-6992-01Z-00-DX1	TCGA-CN-6992-01	TCGA-HNSC	/research/projects/mllab/WSI/extracted_features/TCGA-HNSC/TCGA-CN-6992-01Z-00-DX1.75827758-ac91-4532-8271-8b1a3d42843b.h5	cbio_subtype_hnsc	0	0.996471	HPV-
split_4	test	0	HPV-	TCGA-CQ-6220	TCGA-CQ-6220-01Z-00-DX1	TCGA-CQ-6220-01	TCGA-HNSC	/research/projects/mllab/WSI/extracted_features/TCGA-HNSC/TCGA-CQ-6220-01Z-00-DX1.f0e55c2c-bebb-4424-8ebe-75813a087d73.h5	cbio_subtype_hnsc	0	1.386905	HPV-
split_4	test	0	HPV-	TCGA-CV-5435	TCGA-CV-5435-01Z-00-DX1	TCGA-CV-5435-01	TCGA-HNSC	/research/projects/mllab/WSI/extracted_features/TCGA-HNSC/TCGA-CV-5435-01Z-00-DX1.4B9176AC-2777-44F6-92F4-1F780373CEE6.h5	cbio_subtype_hnsc	0	1.894495	HPV-
split_4	test	0	HPV-	TCGA-CV-5436	TCGA-CV-5436-01Z-00-DX1	TCGA-CV-5436-01	TCGA-HNSC	/research/projects/mllab/WSI/extracted_features/TCGA-HNSC/TCGA-CV-5436-01Z-00-DX1.2CADD695-725E-46F6-879A-AE5B86CB2104.h5	cbio_subtype_hnsc	0	2.122984	HPV-
split_4	test	0	HPV-	TCGA-CV-5439	TCGA-CV-5439-01Z-00-DX1	TCGA-CV-5439-01	TCGA-HNSC	/research/projects/mllab/WSI/extracted_features/TCGA-HNSC/TCGA-CV-5439-01Z-00-DX1.A586BF30-0873-4FCE-8275-6F08D1700D22.h5	cbio_subtype_hnsc	0	0.672408	HPV-
split_4	test	0	HPV-	TCGA-CV-5444	TCGA-CV-5444-01Z-00-DX1	TCGA-CV-5444-01	TCGA-HNSC	/research/projects/mllab/WSI/extracted_features/TCGA-HNSC/TCGA-CV-5444-01Z-00-DX1.9ED149D2-23B0-48B6-9965-322FFB56DF80.h5	cbio_subtype_hnsc	0	1.661482	HPV-
split_4	test	0	HPV-	TCGA-CV-5976	TCGA-CV-5976-01Z-00-DX1	TCGA-CV-5976-01	TCGA-HNSC	/research/projects/mllab/WSI/extracted_features/TCGA-HNSC/TCGA-CV-5976-01Z-00-DX1.9753AC13-2471-40A6-B640-FF45879AF95B.h5	cbio_subtype_hnsc	0	0.641137	HPV-
split_4	test	0	HPV-	TCGA-CV-5978	TCGA-CV-5978-01Z-00-DX1	TCGA-CV-5978-01	TCGA-HNSC	/research/projects/mllab/WSI/extracted_features/TCGA-HNSC/TCGA-CV-5978-01Z-00-DX1.E2AD0A66-3A25-467F-8768-C0FC34844C79.h5	cbio_subtype_hnsc	0	1.851251	HPV-
split_4	test	0	HPV-	TCGA-CV-6003	TCGA-CV-6003-01Z-00-DX1	TCGA-CV-6003-01	TCGA-HNSC	/research/projects/mllab/WSI/extracted_features/TCGA-HNSC/TCGA-CV-6003-01Z-00-DX1.759E4143-1027-4813-B2DC-6BA9EE1C9D14.h5	cbio_subtype_hnsc	0	0.793335	HPV-
split_4	test	0	HPV-	TCGA-CV-6936	TCGA-CV-6936-01Z-00-DX1	TCGA-CV-6936-01	TCGA-HNSC	/research/projects/mllab/WSI/extracted_features/TCGA-HNSC/TCGA-CV-6936-01Z-00-DX1.3065C974-E4DF-4BEF-9300-9E400E4513CB.h5	cbio_subtype_hnsc	0	1.458912	HPV-
split_4	test	0	HPV-	TCGA-CV-6940	TCGA-CV-6940-01Z-00-DX1	TCGA-CV-6940-01	TCGA-HNSC	/research/projects/mllab/WSI/extracted_features/TCGA-HNSC/TCGA-CV-6940-01Z-00-DX1.968ED49C-776E-49A5-A316-976809291A5E.h5	cbio_subtype_hnsc	0	0.867821	HPV-
split_4	test	0	HPV-	TCGA-CV-6952	TCGA-CV-6952-01Z-00-DX1	TCGA-CV-6952-01	TCGA-HNSC	/research/projects/mllab/WSI/extracted_features/TCGA-HNSC/TCGA-CV-6952-01Z-00-DX1.F3716B4F-DC4B-4AC0-9397-E93BFB5E7688.h5	cbio_subtype_hnsc	0	2.157334	HPV-
split_4	test	0	HPV-	TCGA-CV-6954	TCGA-CV-6954-01Z-00-DX1	TCGA-CV-6954-01	TCGA-HNSC	/research/projects/mllab/WSI/extracted_features/TCGA-HNSC/TCGA-CV-6954-01Z-00-DX1.5C50D51D-3741-4B02-AD06-95D2E0CC7570.h5	cbio_subtype_hnsc	0	1.302514	HPV-
split_4	test	0	HPV-	TCGA-CV-6959	TCGA-CV-6959-01Z-00-DX1	TCGA-CV-6959-01	TCGA-HNSC	/research/projects/mllab/WSI/extracted_features/TCGA-HNSC/TCGA-CV-6959-01Z-00-DX1.AEC54909-0A3A-43E2-966C-7410CD7488EF.h5	cbio_subtype_hnsc	0	0.961952	HPV-
split_4	test	0	HPV-	TCGA-CV-7099	TCGA-CV-7099-01Z-00-DX1	TCGA-CV-7099-01	TCGA-HNSC	/research/projects/mllab/WSI/extracted_features/TCGA-HNSC/TCGA-CV-7099-01Z-00-DX1.7FECEF6F-9690-4331-A80C-ABACC8E5BC31.h5	cbio_subtype_hnsc	0	2.774997	HPV-
split_4	test	0	HPV-	TCGA-CV-7101	TCGA-CV-7101-01Z-00-DX1	TCGA-CV-7101-01	TCGA-HNSC	/research/projects/mllab/WSI/extracted_features/TCGA-HNSC/TCGA-CV-7101-01Z-00-DX1.0EBF4A94-904A-416D-ACB3-A7E2581AD832.h5	cbio_subtype_hnsc	0	1.096947	HPV-
split_4	test	0	HPV-	TCGA-CV-7104	TCGA-CV-7104-01Z-00-DX1	TCGA-CV-7104-01	TCGA-HNSC	/research/projects/mllab/WSI/extracted_features/TCGA-HNSC/TCGA-CV-7104-01Z-00-DX1.2BE927ED-55FB-4410-8E01-64FC5FF536A0.h5	cbio_subtype_hnsc	0	2.153792	HPV-
split_4	test	0	HPV-	TCGA-CV-7178	TCGA-CV-7178-01Z-00-DX1	TCGA-CV-7178-01	TCGA-HNSC	/research/projects/mllab/WSI/extracted_features/TCGA-HNSC/TCGA-CV-7178-01Z-00-DX1.8938642C-55C3-4FAD-9106-0CA8B1040B9D.h5	cbio_subtype_hnsc	0	1.515321	HPV-
split_4	test	0	HPV-	TCGA-CV-7238	TCGA-CV-7238-01Z-00-DX1	TCGA-CV-7238-01	TCGA-HNSC	/research/projects/mllab/WSI/extracted_features/TCGA-HNSC/TCGA-CV-7238-01Z-00-DX1.125B2906-3C04-46F7-887B-044BDA3724A2.h5	cbio_subtype_hnsc	0	1.334618	HPV-
split_4	test	0	HPV-	TCGA-CV-7252	TCGA-CV-7252-01Z-00-DX1	TCGA-CV-7252-01	TCGA-HNSC	/research/projects/mllab/WSI/extracted_features/TCGA-HNSC/TCGA-CV-7252-01Z-00-DX1.01B710B3-B69F-4DE2-BF2B-06048EDA7A14.h5	cbio_subtype_hnsc	0	1.188606	HPV-
split_4	test	0	HPV-	TCGA-CV-7255	TCGA-CV-7255-01Z-00-DX1	TCGA-CV-7255-01	TCGA-HNSC	/research/projects/mllab/WSI/extracted_features/TCGA-HNSC/TCGA-CV-7255-01Z-00-DX1.11D5B324-D223-4130-9CF1-1B138519A4A1.h5	cbio_subtype_hnsc	0	1.768107	HPV-
split_4	test	0	HPV-	TCGA-CV-7407	TCGA-CV-7407-01Z-00-DX1	TCGA-CV-7407-01	TCGA-HNSC	/research/projects/mllab/WSI/extracted_features/TCGA-HNSC/TCGA-CV-7407-01Z-00-DX1.F26EB9EC-6AB2-403D-88CC-3330F37542E8.h5	cbio_subtype_hnsc	0	1.342369	HPV-
split_4	test	0	HPV-	TCGA-CV-7414	TCGA-CV-7414-01Z-00-DX1	TCGA-CV-7414-01	TCGA-HNSC	/research/projects/mllab/WSI/extracted_features/TCGA-HNSC/TCGA-CV-7414-01Z-00-DX1.B821209A-8EA4-4BA1-AEEC-8E2E330763D4.h5	cbio_subtype_hnsc	0	1.431558	HPV-
split_4	test	0	HPV-	TCGA-CV-7430	TCGA-CV-7430-01Z-00-DX1	TCGA-CV-7430-01	TCGA-HNSC	/research/projects/mllab/WSI/extracted_features/TCGA-HNSC/TCGA-CV-7430-01Z-00-DX1.B7066A1F-9D8E-4939-A468-A9A338D62D78.h5	cbio_subtype_hnsc	0	1.273096	HPV-
split_4	test	0	HPV-	TCGA-CV-7434	TCGA-CV-7434-01Z-00-DX1	TCGA-CV-7434-01	TCGA-HNSC	/research/projects/mllab/WSI/extracted_features/TCGA-HNSC/TCGA-CV-7434-01Z-00-DX1.0D68AE7B-F7E9-432D-BBFC-68D39C136845.h5	cbio_subtype_hnsc	0	2.018758	HPV-
split_4	test	0	HPV-	TCGA-CV-7440	TCGA-CV-7440-01Z-00-DX1	TCGA-CV-7440-01	TCGA-HNSC	/research/projects/mllab/WSI/extracted_features/TCGA-HNSC/TCGA-CV-7440-01Z-00-DX1.ABC0027C-EBB2-4BDF-9AE7-116D4F38DD70.h5	cbio_subtype_hnsc	0	0.722712	HPV-
split_4	test	0	HPV-	TCGA-CV-A45O	TCGA-CV-A45O-01Z-00-DX1	TCGA-CV-A45O-01	TCGA-HNSC	/research/projects/mllab/WSI/extracted_features/TCGA-HNSC/TCGA-CV-A45O-01Z-00-DX1.8CBD0CCC-C815-475D-87F9-76272F4F715B.h5	cbio_subtype_hnsc	0	0.880800	HPV-
split_4	test	0	HPV-	TCGA-CV-A45X	TCGA-CV-A45X-01Z-00-DX1	TCGA-CV-A45X-01	TCGA-HNSC	/research/projects/mllab/WSI/extracted_features/TCGA-HNSC/TCGA-CV-A45X-01Z-00-DX1.4DD5139A-A65A-4E9D-8999-B38B17EE1921.h5	cbio_subtype_hnsc	0	1.056363	HPV-
split_4	test	0	HPV-	TCGA-CV-A468	TCGA-CV-A468-01Z-00-DX1	TCGA-CV-A468-01	TCGA-HNSC	/research/projects/mllab/WSI/extracted_features/TCGA-HNSC/TCGA-CV-A468-01Z-00-DX1.4AAA23F8-C254-4076-98B3-FFC78D3CC66A.h5	cbio_subtype_hnsc	0	1.143694	HPV-
split_4	test	0	HPV-	TCGA-CV-A6K2	TCGA-CV-A6K2-01Z-00-DX1	TCGA-CV-A6K2-01	TCGA-HNSC	/research/projects/mllab/WSI/extracted_features/TCGA-HNSC/TCGA-CV-A6K2-01Z-00-DX1.C037C52C-9B5A-4F6D-8A9F-A3F771DF79F8.h5	cbio_subtype_hnsc	0	1.161162	HPV-
split_4	test	0	HPV-	TCGA-D6-8568	TCGA-D6-8568-01Z-00-DX1	TCGA-D6-8568-01	TCGA-HNSC	/research/projects/mllab/WSI/extracted_features/TCGA-HNSC/TCGA-D6-8568-01Z-00-DX1.70A20D5E-6628-4F2E-B808-D20BEB7DB3BF.h5	cbio_subtype_hnsc	0	1.218178	HPV-
split_4	test	0	HPV-	TCGA-D6-8568	TCGA-D6-8568-01Z-00-DX2	TCGA-D6-8568-01	TCGA-HNSC	/research/projects/mllab/WSI/extracted_features/TCGA-HNSC/TCGA-D6-8568-01Z-00-DX2.061A6C5A-FA4D-4DD3-A5A0-2C6ED160F869.h5	cbio_subtype_hnsc	0	1.218178	HPV-
split_4	test	0	HPV-	TCGA-D6-8569	TCGA-D6-8569-01Z-00-DX1	TCGA-D6-8569-01	TCGA-HNSC	/research/projects/mllab/WSI/extracted_features/TCGA-HNSC/TCGA-D6-8569-01Z-00-DX1.3EDD303B-A2B2-4B31-8D26-272AB383FD11.h5	cbio_subtype_hnsc	0	1.234241	HPV-
split_4	test	0	HPV-	TCGA-D6-8569	TCGA-D6-8569-01Z-00-DX2	TCGA-D6-8569-01	TCGA-HNSC	/research/projects/mllab/WSI/extracted_features/TCGA-HNSC/TCGA-D6-8569-01Z-00-DX2.F5DD75B7-58AD-4BA9-88A6-0F56124A4D44.h5	cbio_subtype_hnsc	0	1.234241	HPV-
split_4	test	0	HPV-	TCGA-D6-A6EN	TCGA-D6-A6EN-01Z-00-DX1	TCGA-D6-A6EN-01	TCGA-HNSC	/research/projects/mllab/WSI/extracted_features/TCGA-HNSC/TCGA-D6-A6EN-01Z-00-DX1.75E5EC91-8B6E-4C5F-8091-9EE8B8D14967.h5	cbio_subtype_hnsc	0	1.368126	HPV-
split_4	test	0	HPV-	TCGA-D6-A74Q	TCGA-D6-A74Q-01Z-00-DX1	TCGA-D6-A74Q-01	TCGA-HNSC	/research/projects/mllab/WSI/extracted_features/TCGA-HNSC/TCGA-D6-A74Q-01Z-00-DX1.57401CAC-050D-4DE4-819A-EC268719EA71.h5	cbio_subtype_hnsc	0	1.027663	HPV-
split_4	test	0	HPV-	TCGA-DQ-5624	TCGA-DQ-5624-01Z-00-DX1	TCGA-DQ-5624-01	TCGA-HNSC	/research/projects/mllab/WSI/extracted_features/TCGA-HNSC/TCGA-DQ-5624-01Z-00-DX1.2FBB7F46-9D34-4B79-AF37-1BD87D19036B.h5	cbio_subtype_hnsc	0	1.258708	HPV-
split_4	test	0	HPV-	TCGA-DQ-5625	TCGA-DQ-5625-01Z-00-DX1	TCGA-DQ-5625-01	TCGA-HNSC	/research/projects/mllab/WSI/extracted_features/TCGA-HNSC/TCGA-DQ-5625-01Z-00-DX1.E2AE85C9-2A2E-43BD-BE2F-D4FA94A90A8C.h5	cbio_subtype_hnsc	0	0.785933	HPV-
split_4	test	0	HPV-	TCGA-DQ-5629	TCGA-DQ-5629-01Z-00-DX1	TCGA-DQ-5629-01	TCGA-HNSC	/research/projects/mllab/WSI/extracted_features/TCGA-HNSC/TCGA-DQ-5629-01Z-00-DX1.A5FB326B-4EC1-4446-B98A-392126168863.h5	cbio_subtype_hnsc	0	0.950322	HPV-
split_4	test	0	HPV-	TCGA-F7-A61W	TCGA-F7-A61W-01Z-00-DX1	TCGA-F7-A61W-01	TCGA-HNSC	/research/projects/mllab/WSI/extracted_features/TCGA-HNSC/TCGA-F7-A61W-01Z-00-DX1.1CD8D4F9-6144-43B9-ACE4-A698CE516968.h5	cbio_subtype_hnsc	0	0.617708	HPV-
split_4	test	0	HPV-	TCGA-F7-A624	TCGA-F7-A624-01Z-00-DX1	TCGA-F7-A624-01	TCGA-HNSC	/research/projects/mllab/WSI/extracted_features/TCGA-HNSC/TCGA-F7-A624-01Z-00-DX1.5626052F-EA0A-43E0-B011-43276FA282C5.h5	cbio_subtype_hnsc	0	0.522348	HPV-
split_4	test	0	HPV-	TCGA-HD-7229	TCGA-HD-7229-01Z-00-DX1	TCGA-HD-7229-01	TCGA-HNSC	/research/projects/mllab/WSI/extracted_features/TCGA-HNSC/TCGA-HD-7229-01Z-00-DX1.9AF59F80-D653-431E-A134-840A961D96C1.h5	cbio_subtype_hnsc	0	1.108534	HPV-
split_4	test	0	HPV-	TCGA-IQ-7630	TCGA-IQ-7630-01Z-00-DX1	TCGA-IQ-7630-01	TCGA-HNSC	/research/projects/mllab/WSI/extracted_features/TCGA-HNSC/TCGA-IQ-7630-01Z-00-DX1.a0b303aa-5ffa-4d47-9fa4-df225210168e.h5	cbio_subtype_hnsc	0	1.461379	HPV-
split_4	test	0	HPV-	TCGA-IQ-7631	TCGA-IQ-7631-01Z-00-DX1	TCGA-IQ-7631-01	TCGA-HNSC	/research/projects/mllab/WSI/extracted_features/TCGA-HNSC/TCGA-IQ-7631-01Z-00-DX1.037140e2-1a55-48f3-92d1-ab3dda9b2a7b.h5	nature2015_hnsc_fallback	0	1.647750	HPV-
split_4	test	0	HPV-	TCGA-IQ-A61H	TCGA-IQ-A61H-01Z-00-DX1	TCGA-IQ-A61H-01	TCGA-HNSC	/research/projects/mllab/WSI/extracted_features/TCGA-HNSC/TCGA-IQ-A61H-01Z-00-DX1.EAB7367A-7283-4FEE-AE8E-9B81000C7C68.h5	cbio_subtype_hnsc	0	1.089773	HPV-
split_4	test	0	HPV-	TCGA-IQ-A6SH	TCGA-IQ-A6SH-01Z-00-DX1	TCGA-IQ-A6SH-01	TCGA-HNSC	/research/projects/mllab/WSI/extracted_features/TCGA-HNSC/TCGA-IQ-A6SH-01Z-00-DX1.ABD0AC83-4B41-4CC0-A044-4400F885CB9E.h5	cbio_subtype_hnsc	0	0.619044	HPV-
split_4	test	0	HPV-	TCGA-KU-A66S	TCGA-KU-A66S-01Z-00-DX1	TCGA-KU-A66S-01	TCGA-HNSC	/research/projects/mllab/WSI/extracted_features/TCGA-HNSC/TCGA-KU-A66S-01Z-00-DX1.195F55BC-4F8F-4039-8E12-4B18C53A8B04.h5	cbio_subtype_hnsc	0	1.189850	HPV-
split_4	test	0	HPV-	TCGA-P3-A6T8	TCGA-P3-A6T8-01Z-00-DX1	TCGA-P3-A6T8-01	TCGA-HNSC	/research/projects/mllab/WSI/extracted_features/TCGA-HNSC/TCGA-P3-A6T8-01Z-00-DX1.E3B6BA9A-3E96-4CCD-9C0F-52E9D27F1350.h5	cbio_subtype_hnsc	0	0.699099	HPV-
split_4	test	0	HPV-	TCGA-QK-A6II	TCGA-QK-A6II-01Z-00-DX1	TCGA-QK-A6II-01	TCGA-HNSC	/research/projects/mllab/WSI/extracted_features/TCGA-HNSC/TCGA-QK-A6II-01Z-00-DX1.26444044-1A2C-4731-9169-10C2242BCA11.h5	cbio_subtype_hnsc	0	1.410840	HPV-
split_4	test	0	HPV-	TCGA-QK-A6IJ	TCGA-QK-A6IJ-01Z-00-DX1	TCGA-QK-A6IJ-01	TCGA-HNSC	/research/projects/mllab/WSI/extracted_features/TCGA-HNSC/TCGA-QK-A6IJ-01Z-00-DX1.D45AABDE-401E-41B0-9F56-BE83421D7038.h5	cbio_subtype_hnsc	0	2.182552	HPV-
split_4	test	0	HPV-	TCGA-QK-A8Z9	TCGA-QK-A8Z9-01Z-00-DX1	TCGA-QK-A8Z9-01	TCGA-HNSC	/research/projects/mllab/WSI/extracted_features/TCGA-HNSC/TCGA-QK-A8Z9-01Z-00-DX1.41A4F270-25E0-4437-BE38-7D0D1A0FA901.h5	cbio_subtype_hnsc	0	0.637327	HPV-
split_4	test	0	HPV-	TCGA-QK-AA3K	TCGA-QK-AA3K-01Z-00-DX1	TCGA-QK-AA3K-01	TCGA-HNSC	/research/projects/mllab/WSI/extracted_features/TCGA-HNSC/TCGA-QK-AA3K-01Z-00-DX1.A7F73A27-D890-4E05-86A8-26B6F3AA2332.h5	cbio_subtype_hnsc	0	0.802570	HPV-
split_4	test	0	HPV-	TCGA-T2-A6X2	TCGA-T2-A6X2-01Z-00-DX1	TCGA-T2-A6X2-01	TCGA-HNSC	/research/projects/mllab/WSI/extracted_features/TCGA-HNSC/TCGA-T2-A6X2-01Z-00-DX1.8A72CC59-D322-4C0B-AD52-ACF91CC3B72F.h5	cbio_subtype_hnsc	0	0.596775	HPV-
split_4	test	0	HPV-	TCGA-T3-A92M	TCGA-T3-A92M-01Z-00-DX1	TCGA-T3-A92M-01	TCGA-HNSC	/research/projects/mllab/WSI/extracted_features/TCGA-HNSC/TCGA-T3-A92M-01Z-00-DX1.1B471D25-E648-4BFE-AE17-BC15ABF7E101.h5	cbio_subtype_hnsc	0	0.946192	HPV-
split_4	test	0	HPV-	TCGA-T3-A92M	TCGA-T3-A92M-01Z-00-DX2	TCGA-T3-A92M-01	TCGA-HNSC	/research/projects/mllab/WSI/extracted_features/TCGA-HNSC/TCGA-T3-A92M-01Z-00-DX2.FD2DF0AC-5A81-4D9F-8DB5-63CD5415DEAF.h5	cbio_subtype_hnsc	0	0.946192	HPV-
split_4	test	0	HPV-	TCGA-T3-A92M	TCGA-T3-A92M-01Z-00-DX3	TCGA-T3-A92M-01	TCGA-HNSC	/research/projects/mllab/WSI/extracted_features/TCGA-HNSC/TCGA-T3-A92M-01Z-00-DX3.9117ABA6-D184-4EA1-B7BA-6006427DC59D.h5	cbio_subtype_hnsc	0	0.946192	HPV-
split_4	test	0	HPV-	TCGA-UF-A71A	TCGA-UF-A71A-01Z-00-DX1	TCGA-UF-A71A-01	TCGA-HNSC	/research/projects/mllab/WSI/extracted_features/TCGA-HNSC/TCGA-UF-A71A-01Z-00-DX1.92A9BC05-EC68-444F-83ED-D8F83C9FCC02.h5	cbio_subtype_hnsc	0	0.762633	HPV-
split_4	test	0	HPV-	TCGA-UF-A71E	TCGA-UF-A71E-01Z-00-DX1	TCGA-UF-A71E-01	TCGA-HNSC	/research/projects/mllab/WSI/extracted_features/TCGA-HNSC/TCGA-UF-A71E-01Z-00-DX1.030F4733-5EBE-4E86-AC31-9A3C96A65BF5.h5	cbio_subtype_hnsc	0	0.675861	HPV-
split_4	test	0	HPV-	TCGA-UF-A7JA	TCGA-UF-A7JA-01Z-00-DX1	TCGA-UF-A7JA-01	TCGA-HNSC	/research/projects/mllab/WSI/extracted_features/TCGA-HNSC/TCGA-UF-A7JA-01Z-00-DX1.4BA7AC34-0563-45C4-AAE1-E5CD224432ED.h5	cbio_subtype_hnsc	0	0.859680	HPV-
split_4	test	0	HPV-	TCGA-UF-A7JD	TCGA-UF-A7JD-01Z-00-DX1	TCGA-UF-A7JD-01	TCGA-HNSC	/research/projects/mllab/WSI/extracted_features/TCGA-HNSC/TCGA-UF-A7JD-01Z-00-DX1.162BC8A7-BBFB-4DFD-9643-5D6D339C66B5.h5	cbio_subtype_hnsc	0	0.599234	HPV-
split_4	test	0	HPV-	TCGA-UF-A7JO	TCGA-UF-A7JO-01Z-00-DX1	TCGA-UF-A7JO-01	TCGA-HNSC	/research/projects/mllab/WSI/extracted_features/TCGA-HNSC/TCGA-UF-A7JO-01Z-00-DX1.0E47F56A-02A4-455A-8EDF-2E0DF46BD9A9.h5	cbio_subtype_hnsc	0	0.654298	HPV-
split_4	test	0	HPV-	TCGA-UF-A7JS	TCGA-UF-A7JS-01Z-00-DX1	TCGA-UF-A7JS-01	TCGA-HNSC	/research/projects/mllab/WSI/extracted_features/TCGA-HNSC/TCGA-UF-A7JS-01Z-00-DX1.1EE4C745-BEA2-469D-8E93-6D95B5CCFA62.h5	cbio_subtype_hnsc	0	3.460978	HPV-
split_4	test	1	HPV+	TCGA-CN-4741	TCGA-CN-4741-01Z-00-DX1	TCGA-CN-4741-01	TCGA-HNSC	/research/projects/mllab/WSI/extracted_features/TCGA-HNSC/TCGA-CN-4741-01Z-00-DX1.6adfce37-b5b0-44ff-834e-85059eec24c0.h5	cbio_subtype_hnsc	0	248.969589	HPV+
split_4	test	1	HPV+	TCGA-HD-8314	TCGA-HD-8314-01Z-00-DX1	TCGA-HD-8314-01	TCGA-HNSC	/research/projects/mllab/WSI/extracted_features/TCGA-HNSC/TCGA-HD-8314-01Z-00-DX1.2BB5E2CD-5F68-416F-BB93-5C35B26B44CD.h5	cbio_subtype_hnsc	0	57.248683	HPV+
split_4	test	1	HPV+	TCGA-HD-A633	TCGA-HD-A633-01Z-00-DX1	TCGA-HD-A633-01	TCGA-HNSC	/research/projects/mllab/WSI/extracted_features/TCGA-HNSC/TCGA-HD-A633-01Z-00-DX1.0E062B5C-BCD1-42FF-A48F-4EC231D705BF.h5	cbio_subtype_hnsc	0	1.332415	HPV-
split_4	test	1	HPV+	TCGA-KU-A6H7	TCGA-KU-A6H7-01Z-00-DX1	TCGA-KU-A6H7-01	TCGA-HNSC	/research/projects/mllab/WSI/extracted_features/TCGA-HNSC/TCGA-KU-A6H7-01Z-00-DX1.AFBBE7A7-6261-499F-AEC3-31AEFF1AB651.h5	cbio_subtype_hnsc	0	70.406929	HPV+
split_4	test	1	HPV+	TCGA-MZ-A6I9	TCGA-MZ-A6I9-01Z-00-DX1	TCGA-MZ-A6I9-01	TCGA-HNSC	/research/projects/mllab/WSI/extracted_features/TCGA-HNSC/TCGA-MZ-A6I9-01Z-00-DX1.478C5347-BF30-4CAA-8215-58778D79E33B.h5	cbio_subtype_hnsc	0	320.267567	HPV+
split_4	test	1	HPV+	TCGA-QK-A6IF	TCGA-QK-A6IF-01Z-00-DX1	TCGA-QK-A6IF-01	TCGA-HNSC	/research/projects/mllab/WSI/extracted_features/TCGA-HNSC/TCGA-QK-A6IF-01Z-00-DX1.7B689FEA-436B-4406-8107-0160732661B0.h5	cbio_subtype_hnsc	0	123.228453	HPV+
split_4	test	1	HPV+	TCGA-QK-A6IF	TCGA-QK-A6IF-01Z-00-DX2	TCGA-QK-A6IF-01	TCGA-HNSC	/research/projects/mllab/WSI/extracted_features/TCGA-HNSC/TCGA-QK-A6IF-01Z-00-DX2.AAF0F8C8-F5F3-4B3B-9664-31EEE893B65E.h5	cbio_subtype_hnsc	0	123.228453	HPV+
split_4	test	1	HPV+	TCGA-QK-A6V9	TCGA-QK-A6V9-01Z-00-DX1	TCGA-QK-A6V9-01	TCGA-HNSC	/research/projects/mllab/WSI/extracted_features/TCGA-HNSC/TCGA-QK-A6V9-01Z-00-DX1.0D202E91-5205-4888-A40D-381F7534B34A.h5	cbio_subtype_hnsc	0	327.213938	HPV+
split_4	test	1	HPV+	TCGA-RS-A6TP	TCGA-RS-A6TP-01Z-00-DX1	TCGA-RS-A6TP-01	TCGA-HNSC	/research/projects/mllab/WSI/extracted_features/TCGA-HNSC/TCGA-RS-A6TP-01Z-00-DX1.C8674492-472E-4EAC-8DBC-B1004C30BD9C.h5	cbio_subtype_hnsc	0	152.377408	HPV+
split_4	train	0	HPV-	TCGA-4P-AA8J	TCGA-4P-AA8J-01Z-00-DX1	TCGA-4P-AA8J-01	TCGA-HNSC	/research/projects/mllab/WSI/extracted_features/TCGA-HNSC/TCGA-4P-AA8J-01Z-00-DX1.5B44796F-D099-4076-9CAF-B40C2B83F432.h5	cbio_subtype_hnsc	0	1.165072	HPV-
split_4	train	0	HPV-	TCGA-BA-4074	TCGA-BA-4074-01Z-00-DX1	TCGA-BA-4074-01	TCGA-HNSC	/research/projects/mllab/WSI/extracted_features/TCGA-HNSC/TCGA-BA-4074-01Z-00-DX1.937DC1B1-C9A4-4E67-B5FD-A0C0C60D2628.h5	cbio_subtype_hnsc	0	0.769612	HPV-
split_4	train	0	HPV-	TCGA-BA-4076	TCGA-BA-4076-01Z-00-DX1	TCGA-BA-4076-01	TCGA-HNSC	/research/projects/mllab/WSI/extracted_features/TCGA-HNSC/TCGA-BA-4076-01Z-00-DX1.F8281BFD-6267-4DF0-BF8D-8F2C5A592A82.h5	cbio_subtype_hnsc	0	0.775370	HPV-
split_4	train	0	HPV-	TCGA-BA-5149	TCGA-BA-5149-01Z-00-DX1	TCGA-BA-5149-01	TCGA-HNSC	/research/projects/mllab/WSI/extracted_features/TCGA-HNSC/TCGA-BA-5149-01Z-00-DX1.ecb9aaa2-68b0-47e2-b96f-8cd78bf0a6fb.h5	cbio_subtype_hnsc	0	2.480578	HPV-
split_4	train	0	HPV-	TCGA-BA-5151	TCGA-BA-5151-01Z-00-DX1	TCGA-BA-5151-01	TCGA-HNSC	/research/projects/mllab/WSI/extracted_features/TCGA-HNSC/TCGA-BA-5151-01Z-00-DX1.32EE476B-128D-4153-A57C-CFA823B993A2.h5	cbio_subtype_hnsc	0	0.964914	HPV-
split_4	train	0	HPV-	TCGA-BA-5152	TCGA-BA-5152-01Z-00-DX1	TCGA-BA-5152-01	TCGA-HNSC	/research/projects/mllab/WSI/extracted_features/TCGA-HNSC/TCGA-BA-5152-01Z-00-DX1.d85d709e-8627-46d4-8558-ce5bdad2d552.h5	cbio_subtype_hnsc	0	0.727335	HPV-
split_4	train	0	HPV-	TCGA-BA-5555	TCGA-BA-5555-01Z-00-DX1	TCGA-BA-5555-01	TCGA-HNSC	/research/projects/mllab/WSI/extracted_features/TCGA-HNSC/TCGA-BA-5555-01Z-00-DX1.cffe9b77-36d4-49f1-86f8-90686c695985.h5	cbio_subtype_hnsc	0	2.123449	HPV-
split_4	train	0	HPV-	TCGA-BA-5557	TCGA-BA-5557-01Z-00-DX1	TCGA-BA-5557-01	TCGA-HNSC	/research/projects/mllab/WSI/extracted_features/TCGA-HNSC/TCGA-BA-5557-01Z-00-DX1.40be784e-d030-414f-aecf-620c0f8d9be3.h5	cbio_subtype_hnsc	0	1.890378	HPV-
split_4	train	0	HPV-	TCGA-BA-5558	TCGA-BA-5558-01Z-00-DX1	TCGA-BA-5558-01	TCGA-HNSC	/research/projects/mllab/WSI/extracted_features/TCGA-HNSC/TCGA-BA-5558-01Z-00-DX1.a134a6eb-86d6-4619-a90b-1d471e8aa348.h5	cbio_subtype_hnsc	0	2.535474	HPV-
split_4	train	0	HPV-	TCGA-BA-6868	TCGA-BA-6868-01Z-00-DX1	TCGA-BA-6868-01	TCGA-HNSC	/research/projects/mllab/WSI/extracted_features/TCGA-HNSC/TCGA-BA-6868-01Z-00-DX1.edbca656-6680-4c99-92ef-d7467f42c780.h5	cbio_subtype_hnsc	0	0.778614	HPV-
split_4	train	0	HPV-	TCGA-BA-6870	TCGA-BA-6870-01Z-00-DX1	TCGA-BA-6870-01	TCGA-HNSC	/research/projects/mllab/WSI/extracted_features/TCGA-HNSC/TCGA-BA-6870-01Z-00-DX1.261566ac-6b40-4a08-b383-ee61cbdc8672.h5	cbio_subtype_hnsc	0	0.913045	HPV-
split_4	train	0	HPV-	TCGA-BA-6872	TCGA-BA-6872-01Z-00-DX1	TCGA-BA-6872-01	TCGA-HNSC	/research/projects/mllab/WSI/extracted_features/TCGA-HNSC/TCGA-BA-6872-01Z-00-DX1.F99F6394-D319-4599-B124-D2A6692FA096.h5	cbio_subtype_hnsc	0	0.958018	HPV-
split_4	train	0	HPV-	TCGA-BA-6873	TCGA-BA-6873-01Z-00-DX1	TCGA-BA-6873-01	TCGA-HNSC	/research/projects/mllab/WSI/extracted_features/TCGA-HNSC/TCGA-BA-6873-01Z-00-DX1.F0A84DE2-7A08-44D5-9FD1-A284F55AA8C1.h5	cbio_subtype_hnsc	0	0.925283	HPV-
split_4	train	0	HPV-	TCGA-BA-7269	TCGA-BA-7269-01Z-00-DX1	TCGA-BA-7269-01	TCGA-HNSC	/research/projects/mllab/WSI/extracted_features/TCGA-HNSC/TCGA-BA-7269-01Z-00-DX1.A759601F-7513-47C6-B590-4ADAA3484CD9.h5	cbio_subtype_hnsc	0	2.893184	HPV-
split_4	train	0	HPV-	TCGA-BA-A6DA	TCGA-BA-A6DA-01Z-00-DX1	TCGA-BA-A6DA-01	TCGA-HNSC	/research/projects/mllab/WSI/extracted_features/TCGA-HNSC/TCGA-BA-A6DA-01Z-00-DX1.8BFA179A-8E8A-45DC-A036-77A7D6ABB7EA.h5	cbio_subtype_hnsc	0	2.795953	HPV-
split_4	train	0	HPV-	TCGA-BA-A6DB	TCGA-BA-A6DB-01Z-00-DX1	TCGA-BA-A6DB-01	TCGA-HNSC	/research/projects/mllab/WSI/extracted_features/TCGA-HNSC/TCGA-BA-A6DB-01Z-00-DX1.6EC4113A-D48B-4F83-84EF-1A811C67FDFE.h5	cbio_subtype_hnsc	0	0.722528	HPV-
split_4	train	0	HPV-	TCGA-BA-A6DD	TCGA-BA-A6DD-01Z-00-DX1	TCGA-BA-A6DD-01	TCGA-HNSC	/research/projects/mllab/WSI/extracted_features/TCGA-HNSC/TCGA-BA-A6DD-01Z-00-DX1.5B67DD6F-811C-4DE2-894E-C8FE4CF7FBE7.h5	cbio_subtype_hnsc	0	0.636140	HPV-
split_4	train	0	HPV-	TCGA-BA-A6DE	TCGA-BA-A6DE-01Z-00-DX1	TCGA-BA-A6DE-01	TCGA-HNSC	/research/projects/mllab/WSI/extracted_features/TCGA-HNSC/TCGA-BA-A6DE-01Z-00-DX1.3279D372-4A92-4CFA-9E52-19197934378D.h5	cbio_subtype_hnsc	0	0.752316	HPV-
split_4	train	0	HPV-	TCGA-BA-A6DG	TCGA-BA-A6DG-01Z-00-DX1	TCGA-BA-A6DG-01	TCGA-HNSC	/research/projects/mllab/WSI/extracted_features/TCGA-HNSC/TCGA-BA-A6DG-01Z-00-DX1.B227E4F2-2F78-4AD7-BD85-2A77701BACBA.h5	cbio_subtype_hnsc	0	1.191803	HPV-
split_4	train	0	HPV-	TCGA-BA-A6DI	TCGA-BA-A6DI-01Z-00-DX1	TCGA-BA-A6DI-01	TCGA-HNSC	/research/projects/mllab/WSI/extracted_features/TCGA-HNSC/TCGA-BA-A6DI-01Z-00-DX1.4EB42174-5219-43A3-AD93-64446DCE37CF.h5	cbio_subtype_hnsc	0	1.451667	HPV-
split_4	train	0	HPV-	TCGA-BA-A6DL	TCGA-BA-A6DL-01Z-00-DX1	TCGA-BA-A6DL-01	TCGA-HNSC	/research/projects/mllab/WSI/extracted_features/TCGA-HNSC/TCGA-BA-A6DL-01Z-00-DX1.A2E13153-88A9-411B-AA0F-56314E72E2CB.h5	cbio_subtype_hnsc	0	0.766234	HPV-
split_4	train	0	HPV-	TCGA-BA-A8YP	TCGA-BA-A8YP-01Z-00-DX1	TCGA-BA-A8YP-01	TCGA-HNSC	/research/projects/mllab/WSI/extracted_features/TCGA-HNSC/TCGA-BA-A8YP-01Z-00-DX1.03B95E63-2639-49F6-B8DD-AC2C2FA872B1.h5	cbio_subtype_hnsc	0	0.984310	HPV-
split_4	train	0	HPV-	TCGA-BB-4217	TCGA-BB-4217-01Z-00-DX1	TCGA-BB-4217-01	TCGA-HNSC	/research/projects/mllab/WSI/extracted_features/TCGA-HNSC/TCGA-BB-4217-01Z-00-DX1.E351C8DB-F6CB-4327-9FEC-B9001E70C913.h5	cbio_subtype_hnsc	0	2.138950	HPV-
split_4	train	0	HPV-	TCGA-BB-4224	TCGA-BB-4224-01Z-00-DX1	TCGA-BB-4224-01	TCGA-HNSC	/research/projects/mllab/WSI/extracted_features/TCGA-HNSC/TCGA-BB-4224-01Z-00-DX1.ebdb44ef-4266-40b7-bc1b-e197c9813868.h5	cbio_subtype_hnsc	0	1.300533	HPV-
split_4	train	0	HPV-	TCGA-BB-4227	TCGA-BB-4227-01Z-00-DX1	TCGA-BB-4227-01	TCGA-HNSC	/research/projects/mllab/WSI/extracted_features/TCGA-HNSC/TCGA-BB-4227-01Z-00-DX1.7475866c-90bb-4f62-b44e-adccc731cad8.h5	cbio_subtype_hnsc	0	0.986791	HPV-
split_4	train	0	HPV-	TCGA-BB-8596	TCGA-BB-8596-01Z-00-DX1	TCGA-BB-8596-01	TCGA-HNSC	/research/projects/mllab/WSI/extracted_features/TCGA-HNSC/TCGA-BB-8596-01Z-00-DX1.F354D65B-F1F9-447C-8C6A-519140FC4549.h5	cbio_subtype_hnsc	0	1.400163	HPV-
split_4	train	0	HPV-	TCGA-BB-8601	TCGA-BB-8601-01Z-00-DX1	TCGA-BB-8601-01	TCGA-HNSC	/research/projects/mllab/WSI/extracted_features/TCGA-HNSC/TCGA-BB-8601-01Z-00-DX1.A226FE85-28D7-44C1-8330-CC687677EC59.h5	cbio_subtype_hnsc	0	1.270471	HPV-
split_4	train	0	HPV-	TCGA-BB-A5HU	TCGA-BB-A5HU-01Z-00-DX1	TCGA-BB-A5HU-01	TCGA-HNSC	/research/projects/mllab/WSI/extracted_features/TCGA-HNSC/TCGA-BB-A5HU-01Z-00-DX1.B9A51FFE-D49C-478E-82C9-ABB7AA43EA4E.h5	cbio_subtype_hnsc	0	1.089800	HPV-
split_4	train	0	HPV-	TCGA-BB-A5HY	TCGA-BB-A5HY-01Z-00-DX1	TCGA-BB-A5HY-01	TCGA-HNSC	/research/projects/mllab/WSI/extracted_features/TCGA-HNSC/TCGA-BB-A5HY-01Z-00-DX1.0BDC44E8-17E5-4907-9C9B-417FF335AEC8.h5	cbio_subtype_hnsc	0	0.792309	HPV-
split_4	train	0	HPV-	TCGA-BB-A5HZ	TCGA-BB-A5HZ-01Z-00-DX1	TCGA-BB-A5HZ-01	TCGA-HNSC	/research/projects/mllab/WSI/extracted_features/TCGA-HNSC/TCGA-BB-A5HZ-01Z-00-DX1.4EAE9F9E-7118-4BDB-9FC9-344BC5E2AF46.h5	cbio_subtype_hnsc	0	1.984894	HPV-
split_4	train	0	HPV-	TCGA-BB-A6UO	TCGA-BB-A6UO-01Z-00-DX1	TCGA-BB-A6UO-01	TCGA-HNSC	/research/projects/mllab/WSI/extracted_features/TCGA-HNSC/TCGA-BB-A6UO-01Z-00-DX1.11D049DC-EFC3-47EB-B390-A694BFD304A2.h5	cbio_subtype_hnsc	0	1.277444	HPV-
split_4	train	0	HPV-	TCGA-C9-A47Z	TCGA-C9-A47Z-01Z-00-DX1	TCGA-C9-A47Z-01	TCGA-HNSC	/research/projects/mllab/WSI/extracted_features/TCGA-HNSC/TCGA-C9-A47Z-01Z-00-DX1.7999EE26-CB1A-464D-8E88-F3122F8D1A41.h5	cbio_subtype_hnsc	0	1.508570	HPV-
split_4	train	0	HPV-	TCGA-C9-A480	TCGA-C9-A480-01Z-00-DX1	TCGA-C9-A480-01	TCGA-HNSC	/research/projects/mllab/WSI/extracted_features/TCGA-HNSC/TCGA-C9-A480-01Z-00-DX1.24793EF4-30F2-46DF-A64E-52021F132EE0.h5	cbio_subtype_hnsc	0	1.322941	HPV-
split_4	train	0	HPV-	TCGA-CN-4723	TCGA-CN-4723-01Z-00-DX1	TCGA-CN-4723-01	TCGA-HNSC	/research/projects/mllab/WSI/extracted_features/TCGA-HNSC/TCGA-CN-4723-01Z-00-DX1.13483e7b-9322-4d39-8cd6-91e898bf2ee9.h5	cbio_subtype_hnsc	0	1.552018	HPV-
split_4	train	0	HPV-	TCGA-CN-4725	TCGA-CN-4725-01Z-00-DX1	TCGA-CN-4725-01	TCGA-HNSC	/research/projects/mllab/WSI/extracted_features/TCGA-HNSC/TCGA-CN-4725-01Z-00-DX1.fe518acf-cceb-4be4-b01a-63d66248d6d4.h5	cbio_subtype_hnsc	0	1.458075	HPV-
split_4	train	0	HPV-	TCGA-CN-4726	TCGA-CN-4726-01Z-00-DX1	TCGA-CN-4726-01	TCGA-HNSC	/research/projects/mllab/WSI/extracted_features/TCGA-HNSC/TCGA-CN-4726-01Z-00-DX1.0ddf44ae-1cb7-41f1-8b59-a5a689f5a71c.h5	cbio_subtype_hnsc	0	0.578317	HPV-
split_4	train	0	HPV-	TCGA-CN-4727	TCGA-CN-4727-01Z-00-DX1	TCGA-CN-4727-01	TCGA-HNSC	/research/projects/mllab/WSI/extracted_features/TCGA-HNSC/TCGA-CN-4727-01Z-00-DX1.bee9d488-0f05-4579-8c34-aa4197972bb1.h5	cbio_subtype_hnsc	0	0.885135	HPV-
split_4	train	0	HPV-	TCGA-CN-4728	TCGA-CN-4728-01Z-00-DX1	TCGA-CN-4728-01	TCGA-HNSC	/research/projects/mllab/WSI/extracted_features/TCGA-HNSC/TCGA-CN-4728-01Z-00-DX1.69fc04ce-cc6b-4c63-9322-b5ffb0056828.h5	cbio_subtype_hnsc	0	1.334659	HPV-
split_4	train	0	HPV-	TCGA-CN-4729	TCGA-CN-4729-01Z-00-DX1	TCGA-CN-4729-01	TCGA-HNSC	/research/projects/mllab/WSI/extracted_features/TCGA-HNSC/TCGA-CN-4729-01Z-00-DX1.fd5f9170-c35b-4095-aff3-4c95921e0e68.h5	cbio_subtype_hnsc	0	0.912036	HPV-
split_4	train	0	HPV-	TCGA-CN-4731	TCGA-CN-4731-01Z-00-DX1	TCGA-CN-4731-01	TCGA-HNSC	/research/projects/mllab/WSI/extracted_features/TCGA-HNSC/TCGA-CN-4731-01Z-00-DX1.07b0bf3b-77f3-4471-a63c-1afc54714a60.h5	cbio_subtype_hnsc	0	1.241708	HPV-
split_4	train	0	HPV-	TCGA-CN-4733	TCGA-CN-4733-01Z-00-DX1	TCGA-CN-4733-01	TCGA-HNSC	/research/projects/mllab/WSI/extracted_features/TCGA-HNSC/TCGA-CN-4733-01Z-00-DX1.03cccb3f-c551-450f-b00a-f808a237db0b.h5	cbio_subtype_hnsc	0	0.703706	HPV-
split_4	train	0	HPV-	TCGA-CN-4735	TCGA-CN-4735-01Z-00-DX1	TCGA-CN-4735-01	TCGA-HNSC	/research/projects/mllab/WSI/extracted_features/TCGA-HNSC/TCGA-CN-4735-01Z-00-DX1.b7d37666-bd65-4d3b-826b-97e560444956.h5	cbio_subtype_hnsc	0	0.824643	HPV-
split_4	train	0	HPV-	TCGA-CN-4736	TCGA-CN-4736-01Z-00-DX1	TCGA-CN-4736-01	TCGA-HNSC	/research/projects/mllab/WSI/extracted_features/TCGA-HNSC/TCGA-CN-4736-01Z-00-DX1.883fda2c-82bd-46c1-b220-b9961d8700cc.h5	cbio_subtype_hnsc	0	1.051975	HPV-
split_4	train	0	HPV-	TCGA-CN-4737	TCGA-CN-4737-01Z-00-DX1	TCGA-CN-4737-01	TCGA-HNSC	/research/projects/mllab/WSI/extracted_features/TCGA-HNSC/TCGA-CN-4737-01Z-00-DX1.15951662-62c1-49e1-94ea-1f4ebad55507.h5	cbio_subtype_hnsc	0	1.651526	HPV-
split_4	train	0	HPV-	TCGA-CN-4738	TCGA-CN-4738-01Z-00-DX1	TCGA-CN-4738-01	TCGA-HNSC	/research/projects/mllab/WSI/extracted_features/TCGA-HNSC/TCGA-CN-4738-01Z-00-DX1.9c456d54-0bde-4f04-ba53-17c09e692491.h5	cbio_subtype_hnsc	0	2.046373	HPV-
split_4	train	0	HPV-	TCGA-CN-4739	TCGA-CN-4739-01Z-00-DX1	TCGA-CN-4739-01	TCGA-HNSC	/research/projects/mllab/WSI/extracted_features/TCGA-HNSC/TCGA-CN-4739-01Z-00-DX1.e50266c3-606e-4103-a029-021246d4d1df.h5	cbio_subtype_hnsc	0	2.101525	HPV-
split_4	train	0	HPV-	TCGA-CN-4740	TCGA-CN-4740-01Z-00-DX1	TCGA-CN-4740-01	TCGA-HNSC	/research/projects/mllab/WSI/extracted_features/TCGA-HNSC/TCGA-CN-4740-01Z-00-DX1.f7b9f5ec-cb4e-4604-9d64-2bdc20ac5bec.h5	cbio_subtype_hnsc	0	1.238236	HPV-
split_4	train	0	HPV-	TCGA-CN-4742	TCGA-CN-4742-01Z-00-DX1	TCGA-CN-4742-01	TCGA-HNSC	/research/projects/mllab/WSI/extracted_features/TCGA-HNSC/TCGA-CN-4742-01Z-00-DX1.d03eaeac-cc05-4b13-962e-d4d10617d692.h5	cbio_subtype_hnsc	0	1.771232	HPV-
split_4	train	0	HPV-	TCGA-CN-5355	TCGA-CN-5355-01Z-00-DX1	TCGA-CN-5355-01	TCGA-HNSC	/research/projects/mllab/WSI/extracted_features/TCGA-HNSC/TCGA-CN-5355-01Z-00-DX1.8fb23e44-fc59-4191-b825-cc021807a338.h5	cbio_subtype_hnsc	0	1.325962	HPV-
split_4	train	0	HPV-	TCGA-CN-5356	TCGA-CN-5356-01Z-00-DX1	TCGA-CN-5356-01	TCGA-HNSC	/research/projects/mllab/WSI/extracted_features/TCGA-HNSC/TCGA-CN-5356-01Z-00-DX1.53360c41-d0d2-465e-8b53-ccd1a2ce248f.h5	cbio_subtype_hnsc	0	1.232769	HPV-
split_4	train	0	HPV-	TCGA-CN-5358	TCGA-CN-5358-01Z-00-DX1	TCGA-CN-5358-01	TCGA-HNSC	/research/projects/mllab/WSI/extracted_features/TCGA-HNSC/TCGA-CN-5358-01Z-00-DX1.6554cdc1-7d01-4310-a60a-79b8ed7a8679.h5	cbio_subtype_hnsc	0	1.739775	HPV-
split_4	train	0	HPV-	TCGA-CN-5363	TCGA-CN-5363-01Z-00-DX1	TCGA-CN-5363-01	TCGA-HNSC	/research/projects/mllab/WSI/extracted_features/TCGA-HNSC/TCGA-CN-5363-01Z-00-DX1.bd9c87d4-de64-4932-a90f-95888150d780.h5	cbio_subtype_hnsc	0	0.549808	HPV-
split_4	train	0	HPV-	TCGA-CN-5364	TCGA-CN-5364-01Z-00-DX1	TCGA-CN-5364-01	TCGA-HNSC	/research/projects/mllab/WSI/extracted_features/TCGA-HNSC/TCGA-CN-5364-01Z-00-DX1.caeed5d0-cd48-40f3-b81b-099637341563.h5	cbio_subtype_hnsc	0	0.879966	HPV-
split_4	train	0	HPV-	TCGA-CN-5365	TCGA-CN-5365-01Z-00-DX1	TCGA-CN-5365-01	TCGA-HNSC	/research/projects/mllab/WSI/extracted_features/TCGA-HNSC/TCGA-CN-5365-01Z-00-DX1.26a33bd0-1eb3-4774-8be6-bf8501f4a9f9.h5	cbio_subtype_hnsc	0	1.820390	HPV-
split_4	train	0	HPV-	TCGA-CN-5369	TCGA-CN-5369-01Z-00-DX1	TCGA-CN-5369-01	TCGA-HNSC	/research/projects/mllab/WSI/extracted_features/TCGA-HNSC/TCGA-CN-5369-01Z-00-DX1.be289b39-c6c2-43a6-8feb-75ad5829ec81.h5	cbio_subtype_hnsc	0	1.300913	HPV-
split_4	train	0	HPV-	TCGA-CN-6010	TCGA-CN-6010-01Z-00-DX1	TCGA-CN-6010-01	TCGA-HNSC	/research/projects/mllab/WSI/extracted_features/TCGA-HNSC/TCGA-CN-6010-01Z-00-DX1.8a82a2d0-c687-4b75-922f-b5b64b5a99df.h5	cbio_subtype_hnsc	0	2.479418	HPV-
split_4	train	0	HPV-	TCGA-CN-6011	TCGA-CN-6011-01Z-00-DX1	TCGA-CN-6011-01	TCGA-HNSC	/research/projects/mllab/WSI/extracted_features/TCGA-HNSC/TCGA-CN-6011-01Z-00-DX1.a3a73ffe-06b8-42ea-820b-9c2824d96585.h5	cbio_subtype_hnsc	0	1.410365	HPV-
split_4	train	0	HPV-	TCGA-CN-6016	TCGA-CN-6016-01Z-00-DX1	TCGA-CN-6016-01	TCGA-HNSC	/research/projects/mllab/WSI/extracted_features/TCGA-HNSC/TCGA-CN-6016-01Z-00-DX1.737054ae-50f4-42c4-b79c-c462220b12f3.h5	cbio_subtype_hnsc	0	0.617332	HPV-
split_4	train	0	HPV-	TCGA-CN-6017	TCGA-CN-6017-01Z-00-DX1	TCGA-CN-6017-01	TCGA-HNSC	/research/projects/mllab/WSI/extracted_features/TCGA-HNSC/TCGA-CN-6017-01Z-00-DX1.690fa1af-4b51-41c8-a52d-bd1341f990e9.h5	cbio_subtype_hnsc	0	0.615463	HPV-
split_4	train	0	HPV-	TCGA-CN-6018	TCGA-CN-6018-01Z-00-DX1	TCGA-CN-6018-01	TCGA-HNSC	/research/projects/mllab/WSI/extracted_features/TCGA-HNSC/TCGA-CN-6018-01Z-00-DX1.77855643-92a9-40a7-b4a8-0e32b89fc597.h5	cbio_subtype_hnsc	0	0.503067	HPV-
split_4	train	0	HPV-	TCGA-CN-6019	TCGA-CN-6019-01Z-00-DX1	TCGA-CN-6019-01	TCGA-HNSC	/research/projects/mllab/WSI/extracted_features/TCGA-HNSC/TCGA-CN-6019-01Z-00-DX1.0a01c44a-b7f4-427e-9854-fe2f0db631ab.h5	cbio_subtype_hnsc	0	0.899376	HPV-
split_4	train	0	HPV-	TCGA-CN-6020	TCGA-CN-6020-01Z-00-DX1	TCGA-CN-6020-01	TCGA-HNSC	/research/projects/mllab/WSI/extracted_features/TCGA-HNSC/TCGA-CN-6020-01Z-00-DX1.910f4ce3-873f-4712-b896-789d764513a7.h5	cbio_subtype_hnsc	0	2.658420	HPV-
split_4	train	0	HPV-	TCGA-CN-6022	TCGA-CN-6022-01Z-00-DX1	TCGA-CN-6022-01	TCGA-HNSC	/research/projects/mllab/WSI/extracted_features/TCGA-HNSC/TCGA-CN-6022-01Z-00-DX1.46951ba2-f656-41b9-95c7-a3026ddbd562.h5	cbio_subtype_hnsc	0	0.984707	HPV-
split_4	train	0	HPV-	TCGA-CN-6023	TCGA-CN-6023-01Z-00-DX1	TCGA-CN-6023-01	TCGA-HNSC	/research/projects/mllab/WSI/extracted_features/TCGA-HNSC/TCGA-CN-6023-01Z-00-DX1.abfbc2c7-109b-4b72-8645-8e4135d00306.h5	cbio_subtype_hnsc	0	0.686232	HPV-
split_4	train	0	HPV-	TCGA-CN-6988	TCGA-CN-6988-01Z-00-DX1	TCGA-CN-6988-01	TCGA-HNSC	/research/projects/mllab/WSI/extracted_features/TCGA-HNSC/TCGA-CN-6988-01Z-00-DX1.1fc4c572-3495-4f5a-9f1a-60c04096d188.h5	cbio_subtype_hnsc	0	1.300024	HPV-
split_4	train	0	HPV-	TCGA-CN-6989	TCGA-CN-6989-01Z-00-DX1	TCGA-CN-6989-01	TCGA-HNSC	/research/projects/mllab/WSI/extracted_features/TCGA-HNSC/TCGA-CN-6989-01Z-00-DX1.dd68e391-1d00-4bfc-9be9-ff5024bea237.h5	cbio_subtype_hnsc	0	0.667936	HPV-
split_4	train	0	HPV-	TCGA-CN-6994	TCGA-CN-6994-01Z-00-DX1	TCGA-CN-6994-01	TCGA-HNSC	/research/projects/mllab/WSI/extracted_features/TCGA-HNSC/TCGA-CN-6994-01Z-00-DX1.0aa71a4c-25e5-417d-86cf-ce2756e3dd8a.h5	cbio_subtype_hnsc	0	2.144536	HPV-
split_4	train	0	HPV-	TCGA-CN-6996	TCGA-CN-6996-01Z-00-DX1	TCGA-CN-6996-01	TCGA-HNSC	/research/projects/mllab/WSI/extracted_features/TCGA-HNSC/TCGA-CN-6996-01Z-00-DX1.b3a1162b-9adb-4fb2-b472-5b9781b9364d.h5	cbio_subtype_hnsc	0	1.232826	HPV-
split_4	train	0	HPV-	TCGA-CN-6997	TCGA-CN-6997-01Z-00-DX1	TCGA-CN-6997-01	TCGA-HNSC	/research/projects/mllab/WSI/extracted_features/TCGA-HNSC/TCGA-CN-6997-01Z-00-DX1.7c1686d4-7c15-4332-b962-b36b499dee85.h5	cbio_subtype_hnsc	0	1.808251	HPV-
split_4	train	0	HPV-	TCGA-CN-6998	TCGA-CN-6998-01Z-00-DX1	TCGA-CN-6998-01	TCGA-HNSC	/research/projects/mllab/WSI/extracted_features/TCGA-HNSC/TCGA-CN-6998-01Z-00-DX1.5780b8b9-0a1f-4330-889c-b345b29396b2.h5	cbio_subtype_hnsc	0	2.271504	HPV-
split_4	train	0	HPV-	TCGA-CN-A63T	TCGA-CN-A63T-01Z-00-DX1	TCGA-CN-A63T-01	TCGA-HNSC	/research/projects/mllab/WSI/extracted_features/TCGA-HNSC/TCGA-CN-A63T-01Z-00-DX1.6AF3A8E6-373B-4D7C-AEDC-CFFC3D6E0FE8.h5	cbio_subtype_hnsc	0	1.332964	HPV-
split_4	train	0	HPV-	TCGA-CN-A63U	TCGA-CN-A63U-01Z-00-DX1	TCGA-CN-A63U-01	TCGA-HNSC	/research/projects/mllab/WSI/extracted_features/TCGA-HNSC/TCGA-CN-A63U-01Z-00-DX1.90319992-2286-4136-8730-CD905A7F6CD4.h5	cbio_subtype_hnsc	0	1.166834	HPV-
split_4	train	0	HPV-	TCGA-CN-A63V	TCGA-CN-A63V-01Z-00-DX1	TCGA-CN-A63V-01	TCGA-HNSC	/research/projects/mllab/WSI/extracted_features/TCGA-HNSC/TCGA-CN-A63V-01Z-00-DX1.2421CF88-314E-42CF-8007-B6CDE06352B2.h5	cbio_subtype_hnsc	0	1.090396	HPV-
split_4	train	0	HPV-	TCGA-CN-A63W	TCGA-CN-A63W-01Z-00-DX1	TCGA-CN-A63W-01	TCGA-HNSC	/research/projects/mllab/WSI/extracted_features/TCGA-HNSC/TCGA-CN-A63W-01Z-00-DX1.57F5E8BA-E352-4AC9-A800-21DF745474B8.h5	cbio_subtype_hnsc	0	1.465169	HPV-
split_4	train	0	HPV-	TCGA-CN-A641	TCGA-CN-A641-01Z-00-DX1	TCGA-CN-A641-01	TCGA-HNSC	/research/projects/mllab/WSI/extracted_features/TCGA-HNSC/TCGA-CN-A641-01Z-00-DX1.8F04DCC2-925F-4C7D-AA85-6786ABD67AB1.h5	cbio_subtype_hnsc	0	1.291182	HPV-
split_4	train	0	HPV-	TCGA-CN-A642	TCGA-CN-A642-01Z-00-DX1	TCGA-CN-A642-01	TCGA-HNSC	/research/projects/mllab/WSI/extracted_features/TCGA-HNSC/TCGA-CN-A642-01Z-00-DX1.74FF21F1-93CA-41A9-A652-3435B0EFDAD5.h5	cbio_subtype_hnsc	0	1.395970	HPV-
split_4	train	0	HPV-	TCGA-CQ-5324	TCGA-CQ-5324-01Z-00-DX1	TCGA-CQ-5324-01	TCGA-HNSC	/research/projects/mllab/WSI/extracted_features/TCGA-HNSC/TCGA-CQ-5324-01Z-00-DX1.cb9c869f-f38b-4c0f-a332-caf9f2a1bf97.h5	cbio_subtype_hnsc	0	0.822991	HPV-
split_4	train	0	HPV-	TCGA-CQ-5325	TCGA-CQ-5325-01Z-00-DX1	TCGA-CQ-5325-01	TCGA-HNSC	/research/projects/mllab/WSI/extracted_features/TCGA-HNSC/TCGA-CQ-5325-01Z-00-DX1.3ca387f7-9683-4d6c-83d4-f9634da40126.h5	cbio_subtype_hnsc	0	0.831345	HPV-
split_4	train	0	HPV-	TCGA-CQ-5326	TCGA-CQ-5326-01Z-00-DX1	TCGA-CQ-5326-01	TCGA-HNSC	/research/projects/mllab/WSI/extracted_features/TCGA-HNSC/TCGA-CQ-5326-01Z-00-DX1.64ae8118-2657-4011-895a-3ddaa8ac0a99.h5	cbio_subtype_hnsc	0	0.746259	HPV-
split_4	train	0	HPV-	TCGA-CQ-5329	TCGA-CQ-5329-01Z-00-DX1	TCGA-CQ-5329-01	TCGA-HNSC	/research/projects/mllab/WSI/extracted_features/TCGA-HNSC/TCGA-CQ-5329-01Z-00-DX1.a91d3213-383e-4928-9d40-8cf5aecb693d.h5	cbio_subtype_hnsc	0	0.518017	HPV-
split_4	train	0	HPV-	TCGA-CQ-5330	TCGA-CQ-5330-01Z-00-DX1	TCGA-CQ-5330-01	TCGA-HNSC	/research/projects/mllab/WSI/extracted_features/TCGA-HNSC/TCGA-CQ-5330-01Z-00-DX1.a5651070-3cc9-4952-a947-8fc6aea0fde3.h5	cbio_subtype_hnsc	0	0.989674	HPV-
split_4	train	0	HPV-	TCGA-CQ-5331	TCGA-CQ-5331-01Z-00-DX1	TCGA-CQ-5331-01	TCGA-HNSC	/research/projects/mllab/WSI/extracted_features/TCGA-HNSC/TCGA-CQ-5331-01Z-00-DX1.1d10b04c-8a76-486b-84cf-cbce6601c533.h5	cbio_subtype_hnsc	0	0.743765	HPV-
split_4	train	0	HPV-	TCGA-CQ-5332	TCGA-CQ-5332-01Z-00-DX1	TCGA-CQ-5332-01	TCGA-HNSC	/research/projects/mllab/WSI/extracted_features/TCGA-HNSC/TCGA-CQ-5332-01Z-00-DX1.93c007e9-00e2-457a-8bd1-a1cea4903b65.h5	cbio_subtype_hnsc	0	1.011048	HPV-
split_4	train	0	HPV-	TCGA-CQ-5333	TCGA-CQ-5333-01Z-00-DX1	TCGA-CQ-5333-01	TCGA-HNSC	/research/projects/mllab/WSI/extracted_features/TCGA-HNSC/TCGA-CQ-5333-01Z-00-DX1.f2c97975-dd7d-4dc9-a1b9-1528184cb8ad.h5	cbio_subtype_hnsc	0	1.365057	HPV-
split_4	train	0	HPV-	TCGA-CQ-5334	TCGA-CQ-5334-01Z-00-DX1	TCGA-CQ-5334-01	TCGA-HNSC	/research/projects/mllab/WSI/extracted_features/TCGA-HNSC/TCGA-CQ-5334-01Z-00-DX1.cb4f6408-7471-4e1f-9800-b3c11c989f56.h5	cbio_subtype_hnsc	0	0.970716	HPV-
split_4	train	0	HPV-	TCGA-CQ-6218	TCGA-CQ-6218-01Z-00-DX1	TCGA-CQ-6218-01	TCGA-HNSC	/research/projects/mllab/WSI/extracted_features/TCGA-HNSC/TCGA-CQ-6218-01Z-00-DX1.666a1636-45fb-42d8-bb67-78fe4a17515d.h5	cbio_subtype_hnsc	0	0.845709	HPV-
split_4	train	0	HPV-	TCGA-CQ-6223	TCGA-CQ-6223-01Z-00-DX1	TCGA-CQ-6223-01	TCGA-HNSC	/research/projects/mllab/WSI/extracted_features/TCGA-HNSC/TCGA-CQ-6223-01Z-00-DX1.95236dd8-13fd-4462-8f8c-a91b96c96802.h5	cbio_subtype_hnsc	0	0.841341	HPV-
split_4	train	0	HPV-	TCGA-CQ-6224	TCGA-CQ-6224-01Z-00-DX1	TCGA-CQ-6224-01	TCGA-HNSC	/research/projects/mllab/WSI/extracted_features/TCGA-HNSC/TCGA-CQ-6224-01Z-00-DX1.c0d0fca6-b287-41fa-bd8a-95c99a6d9008.h5	cbio_subtype_hnsc	0	0.763423	HPV-
split_4	train	0	HPV-	TCGA-CQ-6225	TCGA-CQ-6225-01Z-00-DX1	TCGA-CQ-6225-01	TCGA-HNSC	/research/projects/mllab/WSI/extracted_features/TCGA-HNSC/TCGA-CQ-6225-01Z-00-DX1.5e255e2e-9ef8-484b-8f46-3114c5cc92b2.h5	cbio_subtype_hnsc	0	1.258575	HPV-
split_4	train	0	HPV-	TCGA-CQ-6227	TCGA-CQ-6227-01Z-00-DX1	TCGA-CQ-6227-01	TCGA-HNSC	/research/projects/mllab/WSI/extracted_features/TCGA-HNSC/TCGA-CQ-6227-01Z-00-DX1.d4e49b0f-95f0-4a4c-b96f-4c4f5b13bab5.h5	cbio_subtype_hnsc	0	1.299916	HPV-
split_4	train	0	HPV-	TCGA-CQ-6228	TCGA-CQ-6228-01Z-00-DX1	TCGA-CQ-6228-01	TCGA-HNSC	/research/projects/mllab/WSI/extracted_features/TCGA-HNSC/TCGA-CQ-6228-01Z-00-DX1.9ded8315-f765-4be1-b286-558f25033b76.h5	cbio_subtype_hnsc	0	0.697530	HPV-
split_4	train	0	HPV-	TCGA-CQ-6229	TCGA-CQ-6229-01Z-00-DX1	TCGA-CQ-6229-01	TCGA-HNSC	/research/projects/mllab/WSI/extracted_features/TCGA-HNSC/TCGA-CQ-6229-01Z-00-DX1.25c345cc-47e9-4a9f-8402-9ecf7c6b881e.h5	cbio_subtype_hnsc	0	1.657389	HPV-
split_4	train	0	HPV-	TCGA-CQ-7063	TCGA-CQ-7063-01Z-00-DX1	TCGA-CQ-7063-01	TCGA-HNSC	/research/projects/mllab/WSI/extracted_features/TCGA-HNSC/TCGA-CQ-7063-01Z-00-DX1.B89476CA-426F-4196-9693-64C27A00CB4E.h5	cbio_subtype_hnsc	0	1.449946	HPV-
split_4	train	0	HPV-	TCGA-CQ-7065	TCGA-CQ-7065-01Z-00-DX1	TCGA-CQ-7065-01	TCGA-HNSC	/research/projects/mllab/WSI/extracted_features/TCGA-HNSC/TCGA-CQ-7065-01Z-00-DX1.083ed2a3-9074-4e48-b950-7255ca54ce77.h5	cbio_subtype_hnsc	0	2.118631	HPV-
split_4	train	0	HPV-	TCGA-CQ-7068	TCGA-CQ-7068-01Z-00-DX1	TCGA-CQ-7068-01	TCGA-HNSC	/research/projects/mllab/WSI/extracted_features/TCGA-HNSC/TCGA-CQ-7068-01Z-00-DX1.4a9d6c19-4f72-4d00-97fa-70f72cd4ec0f.h5	cbio_subtype_hnsc	0	1.895604	HPV-
split_4	train	0	HPV-	TCGA-CQ-7069	TCGA-CQ-7069-01Z-00-DX1	TCGA-CQ-7069-01	TCGA-HNSC	/research/projects/mllab/WSI/extracted_features/TCGA-HNSC/TCGA-CQ-7069-01Z-00-DX1.227CEB7F-4265-42F5-B313-DB07484B51A8.h5	cbio_subtype_hnsc	0	1.268529	HPV-
split_4	train	0	HPV-	TCGA-CQ-7071	TCGA-CQ-7071-01Z-00-DX1	TCGA-CQ-7071-01	TCGA-HNSC	/research/projects/mllab/WSI/extracted_features/TCGA-HNSC/TCGA-CQ-7071-01Z-00-DX1.AEFEDFCA-0D2F-42AE-8D3F-8D9DD42F5E2D.h5	cbio_subtype_hnsc	0	0.741650	HPV-
split_4	train	0	HPV-	TCGA-CQ-7072	TCGA-CQ-7072-01Z-00-DX1	TCGA-CQ-7072-01	TCGA-HNSC	/research/projects/mllab/WSI/extracted_features/TCGA-HNSC/TCGA-CQ-7072-01Z-00-DX1.5932E8B0-B5B3-4ECC-AC61-A85FEE443536.h5	cbio_subtype_hnsc	0	1.141021	HPV-
split_4	train	0	HPV-	TCGA-CQ-A4C6	TCGA-CQ-A4C6-01Z-00-DX1	TCGA-CQ-A4C6-01	TCGA-HNSC	/research/projects/mllab/WSI/extracted_features/TCGA-HNSC/TCGA-CQ-A4C6-01Z-00-DX1.98BDE0C7-81D1-410C-A0AD-1CD98F7DFD87.h5	cbio_subtype_hnsc	0	0.677305	HPV-
split_4	train	0	HPV-	TCGA-CQ-A4C9	TCGA-CQ-A4C9-01Z-00-DX1	TCGA-CQ-A4C9-01	TCGA-HNSC	/research/projects/mllab/WSI/extracted_features/TCGA-HNSC/TCGA-CQ-A4C9-01Z-00-DX1.68D63EBF-7A3E-452C-9119-A7DC7DC2D57C.h5	cbio_subtype_hnsc	0	0.773965	HPV-
split_4	train	0	HPV-	TCGA-CQ-A4CB	TCGA-CQ-A4CB-01Z-00-DX1	TCGA-CQ-A4CB-01	TCGA-HNSC	/research/projects/mllab/WSI/extracted_features/TCGA-HNSC/TCGA-CQ-A4CB-01Z-00-DX1.5761AA04-B8D3-4DD6-B20E-55F940BC7019.h5	cbio_subtype_hnsc	0	0.831516	HPV-
split_4	train	0	HPV-	TCGA-CQ-A4CD	TCGA-CQ-A4CD-01Z-00-DX1	TCGA-CQ-A4CD-01	TCGA-HNSC	/research/projects/mllab/WSI/extracted_features/TCGA-HNSC/TCGA-CQ-A4CD-01Z-00-DX1.09FED532-92E5-442E-8DFE-615E6400A92A.h5	cbio_subtype_hnsc	0	1.362166	HPV-
split_4	train	0	HPV-	TCGA-CQ-A4CE	TCGA-CQ-A4CE-01Z-00-DX1	TCGA-CQ-A4CE-01	TCGA-HNSC	/research/projects/mllab/WSI/extracted_features/TCGA-HNSC/TCGA-CQ-A4CE-01Z-00-DX1.2E5A8284-C995-4B9F-9451-22DEC5EB2FB6.h5	cbio_subtype_hnsc	0	0.834740	HPV-
split_4	train	0	HPV-	TCGA-CQ-A4CG	TCGA-CQ-A4CG-01Z-00-DX1	TCGA-CQ-A4CG-01	TCGA-HNSC	/research/projects/mllab/WSI/extracted_features/TCGA-HNSC/TCGA-CQ-A4CG-01Z-00-DX1.ACB2AA5E-E936-4224-92DE-7C027253F9E8.h5	cbio_subtype_hnsc	0	1.191392	HPV-
split_4	train	0	HPV-	TCGA-CQ-A4CH	TCGA-CQ-A4CH-01Z-00-DX1	TCGA-CQ-A4CH-01	TCGA-HNSC	/research/projects/mllab/WSI/extracted_features/TCGA-HNSC/TCGA-CQ-A4CH-01Z-00-DX1.88CE9119-60CE-4AFB-89B8-672561803A44.h5	cbio_subtype_hnsc	0	1.007057	HPV-
split_4	train	0	HPV-	TCGA-CQ-A4CI	TCGA-CQ-A4CI-01Z-00-DX1	TCGA-CQ-A4CI-01	TCGA-HNSC	/research/projects/mllab/WSI/extracted_features/TCGA-HNSC/TCGA-CQ-A4CI-01Z-00-DX1.BDA4315B-03B2-455B-8AE6-9925987AC11F.h5	cbio_subtype_hnsc	0	0.895629	HPV-
split_4	train	0	HPV-	TCGA-CV-5430	TCGA-CV-5430-01Z-00-DX1	TCGA-CV-5430-01	TCGA-HNSC	/research/projects/mllab/WSI/extracted_features/TCGA-HNSC/TCGA-CV-5430-01Z-00-DX1.8B37061A-9238-474C-879F-9E75005DEDC7.h5	cbio_subtype_hnsc	0	0.755663	HPV-
split_4	train	0	HPV-	TCGA-CV-5431	TCGA-CV-5431-01Z-00-DX1	TCGA-CV-5431-01	TCGA-HNSC	/research/projects/mllab/WSI/extracted_features/TCGA-HNSC/TCGA-CV-5431-01Z-00-DX1.27F6CF96-195D-4811-97CC-B38A4FA80E06.h5	nature2015_hnsc_fallback	0	1.966763	HPV-
split_4	train	0	HPV-	TCGA-CV-5432	TCGA-CV-5432-01Z-00-DX1	TCGA-CV-5432-01	TCGA-HNSC	/research/projects/mllab/WSI/extracted_features/TCGA-HNSC/TCGA-CV-5432-01Z-00-DX1.D351D31C-2462-4AB2-9A38-C23EE43F8195.h5	cbio_subtype_hnsc	0	0.859905	HPV-
split_4	train	0	HPV-	TCGA-CV-5434	TCGA-CV-5434-01Z-00-DX1	TCGA-CV-5434-01	TCGA-HNSC	/research/projects/mllab/WSI/extracted_features/TCGA-HNSC/TCGA-CV-5434-01Z-00-DX1.096C8215-F997-4FFD-A9F3-22A0324B5A01.h5	cbio_subtype_hnsc	0	1.110911	HPV-
split_4	train	0	HPV-	TCGA-CV-5440	TCGA-CV-5440-01Z-00-DX1	TCGA-CV-5440-01	TCGA-HNSC	/research/projects/mllab/WSI/extracted_features/TCGA-HNSC/TCGA-CV-5440-01Z-00-DX1.7934D072-699C-4259-A4C7-E22BDF06F4B8.h5	cbio_subtype_hnsc	0	1.503526	HPV-
split_4	train	0	HPV-	TCGA-CV-5441	TCGA-CV-5441-01Z-00-DX1	TCGA-CV-5441-01	TCGA-HNSC	/research/projects/mllab/WSI/extracted_features/TCGA-HNSC/TCGA-CV-5441-01Z-00-DX1.8858F6CC-449B-4673-BC00-2DF419C4FA6D.h5	cbio_subtype_hnsc	0	1.914115	HPV-
split_4	train	0	HPV-	TCGA-CV-5966	TCGA-CV-5966-01Z-00-DX1	TCGA-CV-5966-01	TCGA-HNSC	/research/projects/mllab/WSI/extracted_features/TCGA-HNSC/TCGA-CV-5966-01Z-00-DX1.CEEEBE19-7A19-4023-9392-C1A08973B7C8.h5	cbio_subtype_hnsc	0	0.931948	HPV-
split_4	train	0	HPV-	TCGA-CV-5973	TCGA-CV-5973-01Z-00-DX1	TCGA-CV-5973-01	TCGA-HNSC	/research/projects/mllab/WSI/extracted_features/TCGA-HNSC/TCGA-CV-5973-01Z-00-DX1.D86FDE76-5EB1-4E58-9D6E-40E9AD7C5E55.h5	cbio_subtype_hnsc	0	0.876136	HPV-
split_4	train	0	HPV-	TCGA-CV-5977	TCGA-CV-5977-01Z-00-DX1	TCGA-CV-5977-01	TCGA-HNSC	/research/projects/mllab/WSI/extracted_features/TCGA-HNSC/TCGA-CV-5977-01Z-00-DX1.DF714997-E628-476C-BD4A-CEB52FEDABD3.h5	cbio_subtype_hnsc	0	1.101062	HPV-
split_4	train	0	HPV-	TCGA-CV-5979	TCGA-CV-5979-01Z-00-DX1	TCGA-CV-5979-01	TCGA-HNSC	/research/projects/mllab/WSI/extracted_features/TCGA-HNSC/TCGA-CV-5979-01Z-00-DX1.D0BE68E1-FB40-4783-97AF-8191C932A261.h5	cbio_subtype_hnsc	0	0.583308	HPV-
split_4	train	0	HPV-	TCGA-CV-6436	TCGA-CV-6436-01Z-00-DX1	TCGA-CV-6436-01	TCGA-HNSC	/research/projects/mllab/WSI/extracted_features/TCGA-HNSC/TCGA-CV-6436-01Z-00-DX1.A2BEFED8-4167-417B-9735-09A324793873.h5	cbio_subtype_hnsc	0	2.021028	HPV-
split_4	train	0	HPV-	TCGA-CV-6441	TCGA-CV-6441-01Z-00-DX1	TCGA-CV-6441-01	TCGA-HNSC	/research/projects/mllab/WSI/extracted_features/TCGA-HNSC/TCGA-CV-6441-01Z-00-DX1.F82A4394-A84E-4392-8988-60BFEAF705F9.h5	cbio_subtype_hnsc	0	0.407190	HPV-
split_4	train	0	HPV-	TCGA-CV-6933	TCGA-CV-6933-01Z-00-DX1	TCGA-CV-6933-01	TCGA-HNSC	/research/projects/mllab/WSI/extracted_features/TCGA-HNSC/TCGA-CV-6933-01Z-00-DX1.2AF4A57B-EEED-4781-8C7B-74C542D60605.h5	cbio_subtype_hnsc	0	1.111488	HPV-
split_4	train	0	HPV-	TCGA-CV-6934	TCGA-CV-6934-01Z-00-DX1	TCGA-CV-6934-01	TCGA-HNSC	/research/projects/mllab/WSI/extracted_features/TCGA-HNSC/TCGA-CV-6934-01Z-00-DX1.74872ADE-CCBF-4646-BE15-8013367683E3.h5	cbio_subtype_hnsc	0	0.765038	HPV-
split_4	train	0	HPV-	TCGA-CV-6935	TCGA-CV-6935-01Z-00-DX1	TCGA-CV-6935-01	TCGA-HNSC	/research/projects/mllab/WSI/extracted_features/TCGA-HNSC/TCGA-CV-6935-01Z-00-DX1.9C449CB2-FB6D-41D1-A4A6-3069DC84A697.h5	cbio_subtype_hnsc	0	1.497306	HPV-
split_4	train	0	HPV-	TCGA-CV-6937	TCGA-CV-6937-01Z-00-DX1	TCGA-CV-6937-01	TCGA-HNSC	/research/projects/mllab/WSI/extracted_features/TCGA-HNSC/TCGA-CV-6937-01Z-00-DX1.ED1E9F40-F6D4-4505-9E50-97D72AB169CA.h5	cbio_subtype_hnsc	0	1.789299	HPV-
split_4	train	0	HPV-	TCGA-CV-6938	TCGA-CV-6938-01Z-00-DX1	TCGA-CV-6938-01	TCGA-HNSC	/research/projects/mllab/WSI/extracted_features/TCGA-HNSC/TCGA-CV-6938-01Z-00-DX1.8D0880C1-2E01-4954-95C0-6F15FF0F0B0A.h5	cbio_subtype_hnsc	0	0.206658	HPV-
split_4	train	0	HPV-	TCGA-CV-6941	TCGA-CV-6941-01Z-00-DX1	TCGA-CV-6941-01	TCGA-HNSC	/research/projects/mllab/WSI/extracted_features/TCGA-HNSC/TCGA-CV-6941-01Z-00-DX1.10FC8106-352A-4A82-A5C0-FE2F1A054159.h5	cbio_subtype_hnsc	0	1.325629	HPV-
split_4	train	0	HPV-	TCGA-CV-6942	TCGA-CV-6942-01Z-00-DX1	TCGA-CV-6942-01	TCGA-HNSC	/research/projects/mllab/WSI/extracted_features/TCGA-HNSC/TCGA-CV-6942-01Z-00-DX1.68305A75-E773-4CAA-B77F-69848F50CB94.h5	cbio_subtype_hnsc	0	2.334870	HPV-
split_4	train	0	HPV-	TCGA-CV-6943	TCGA-CV-6943-01Z-00-DX1	TCGA-CV-6943-01	TCGA-HNSC	/research/projects/mllab/WSI/extracted_features/TCGA-HNSC/TCGA-CV-6943-01Z-00-DX1.40AC4E32-4F41-4424-9D15-A2FB9FABB104.h5	cbio_subtype_hnsc	0	1.011883	HPV-
split_4	train	0	HPV-	TCGA-CV-6945	TCGA-CV-6945-01Z-00-DX1	TCGA-CV-6945-01	TCGA-HNSC	/research/projects/mllab/WSI/extracted_features/TCGA-HNSC/TCGA-CV-6945-01Z-00-DX1.F2533BF5-3C26-43BB-A5D1-5CEA4B065D6C.h5	cbio_subtype_hnsc	0	2.459732	HPV-
split_4	train	0	HPV-	TCGA-CV-6948	TCGA-CV-6948-01Z-00-DX1	TCGA-CV-6948-01	TCGA-HNSC	/research/projects/mllab/WSI/extracted_features/TCGA-HNSC/TCGA-CV-6948-01Z-00-DX1.5FBC4FBA-681D-45AB-BE39-3976CED6A550.h5	cbio_subtype_hnsc	0	2.075995	HPV-
split_4	train	0	HPV-	TCGA-CV-6950	TCGA-CV-6950-01Z-00-DX1	TCGA-CV-6950-01	TCGA-HNSC	/research/projects/mllab/WSI/extracted_features/TCGA-HNSC/TCGA-CV-6950-01Z-00-DX1.1D8CFDF2-998C-45E2-ACDF-581B679DAD6F.h5	cbio_subtype_hnsc	0	0.705360	HPV-
split_4	train	0	HPV-	TCGA-CV-6951	TCGA-CV-6951-01Z-00-DX1	TCGA-CV-6951-01	TCGA-HNSC	/research/projects/mllab/WSI/extracted_features/TCGA-HNSC/TCGA-CV-6951-01Z-00-DX1.3C450DCF-B884-4C57-A60F-23D8C3F94CAF.h5	cbio_subtype_hnsc	0	1.328559	HPV-
split_4	train	0	HPV-	TCGA-CV-6953	TCGA-CV-6953-01Z-00-DX1	TCGA-CV-6953-01	TCGA-HNSC	/research/projects/mllab/WSI/extracted_features/TCGA-HNSC/TCGA-CV-6953-01Z-00-DX1.2CCF64F9-3DD2-493D-87A0-D9BB10D06FD7.h5	cbio_subtype_hnsc	0	1.736011	HPV-
split_4	train	0	HPV-	TCGA-CV-6955	TCGA-CV-6955-01Z-00-DX1	TCGA-CV-6955-01	TCGA-HNSC	/research/projects/mllab/WSI/extracted_features/TCGA-HNSC/TCGA-CV-6955-01Z-00-DX1.7D446665-7BBE-4D25-9320-AB52260C05F2.h5	cbio_subtype_hnsc	0	1.700954	HPV-
split_4	train	0	HPV-	TCGA-CV-6956	TCGA-CV-6956-01Z-00-DX1	TCGA-CV-6956-01	TCGA-HNSC	/research/projects/mllab/WSI/extracted_features/TCGA-HNSC/TCGA-CV-6956-01Z-00-DX1.EB7DE6CC-540E-4257-B596-80F310B93C81.h5	cbio_subtype_hnsc	0	2.571796	HPV-
split_4	train	0	HPV-	TCGA-CV-6960	TCGA-CV-6960-01Z-00-DX1	TCGA-CV-6960-01	TCGA-HNSC	/research/projects/mllab/WSI/extracted_features/TCGA-HNSC/TCGA-CV-6960-01Z-00-DX1.97F33F26-2BE3-46C2-AC9D-86F69DA2FE2D.h5	cbio_subtype_hnsc	0	1.258842	HPV-
split_4	train	0	HPV-	TCGA-CV-6962	TCGA-CV-6962-01Z-00-DX1	TCGA-CV-6962-01	TCGA-HNSC	/research/projects/mllab/WSI/extracted_features/TCGA-HNSC/TCGA-CV-6962-01Z-00-DX1.7BF8A1EF-06D7-4DC1-98F3-0A845744A90B.h5	cbio_subtype_hnsc	0	0.767469	HPV-
split_4	train	0	HPV-	TCGA-CV-7089	TCGA-CV-7089-01Z-00-DX1	TCGA-CV-7089-01	TCGA-HNSC	/research/projects/mllab/WSI/extracted_features/TCGA-HNSC/TCGA-CV-7089-01Z-00-DX1.62C30ED2-05CD-4696-B838-5B620434B4A7.h5	cbio_subtype_hnsc	0	1.211532	HPV-
split_4	train	0	HPV-	TCGA-CV-7090	TCGA-CV-7090-01Z-00-DX1	TCGA-CV-7090-01	TCGA-HNSC	/research/projects/mllab/WSI/extracted_features/TCGA-HNSC/TCGA-CV-7090-01Z-00-DX1.6DF21B0C-86F4-4ECB-A599-4F001A288E3B.h5	cbio_subtype_hnsc	0	1.364774	HPV-
split_4	train	0	HPV-	TCGA-CV-7091	TCGA-CV-7091-01Z-00-DX1	TCGA-CV-7091-01	TCGA-HNSC	/research/projects/mllab/WSI/extracted_features/TCGA-HNSC/TCGA-CV-7091-01Z-00-DX1.A10F93CD-DDCF-47E0-A78C-B13BFC4C49E1.h5	cbio_subtype_hnsc	0	1.164979	HPV-
split_4	train	0	HPV-	TCGA-CV-7095	TCGA-CV-7095-01Z-00-DX1	TCGA-CV-7095-01	TCGA-HNSC	/research/projects/mllab/WSI/extracted_features/TCGA-HNSC/TCGA-CV-7095-01Z-00-DX1.0D531563-9863-480D-9B60-1239E88A8D65.h5	cbio_subtype_hnsc	0	1.970581	HPV-
split_4	train	0	HPV-	TCGA-CV-7097	TCGA-CV-7097-01Z-00-DX1	TCGA-CV-7097-01	TCGA-HNSC	/research/projects/mllab/WSI/extracted_features/TCGA-HNSC/TCGA-CV-7097-01Z-00-DX1.2B1116BD-7DC8-41BC-B17A-B2CD607C4CA3.h5	cbio_subtype_hnsc	0	1.679637	HPV-
split_4	train	0	HPV-	TCGA-CV-7102	TCGA-CV-7102-01Z-00-DX1	TCGA-CV-7102-01	TCGA-HNSC	/research/projects/mllab/WSI/extracted_features/TCGA-HNSC/TCGA-CV-7102-01Z-00-DX1.AA1016D3-86C8-41E4-BF90-6E86C1D606E5.h5	cbio_subtype_hnsc	0	1.001575	HPV-
split_4	train	0	HPV-	TCGA-CV-7103	TCGA-CV-7103-01Z-00-DX1	TCGA-CV-7103-01	TCGA-HNSC	/research/projects/mllab/WSI/extracted_features/TCGA-HNSC/TCGA-CV-7103-01Z-00-DX1.F70ED660-29F0-4BE1-8B0C-ACCD8FF90B7F.h5	cbio_subtype_hnsc	0	1.108823	HPV-
split_4	train	0	HPV-	TCGA-CV-7177	TCGA-CV-7177-01Z-00-DX1	TCGA-CV-7177-01	TCGA-HNSC	/research/projects/mllab/WSI/extracted_features/TCGA-HNSC/TCGA-CV-7177-01Z-00-DX1.F904D98D-645B-4579-9757-28561DFEFB93.h5	cbio_subtype_hnsc	0	0.843915	HPV-
split_4	train	0	HPV-	TCGA-CV-7180	TCGA-CV-7180-01Z-00-DX1	TCGA-CV-7180-01	TCGA-HNSC	/research/projects/mllab/WSI/extracted_features/TCGA-HNSC/TCGA-CV-7180-01Z-00-DX1.9C31E39D-548C-4587-9FF1-18B1F1E0BE22.h5	cbio_subtype_hnsc	0	2.039857	HPV-
split_4	train	0	HPV-	TCGA-CV-7183	TCGA-CV-7183-01Z-00-DX1	TCGA-CV-7183-01	TCGA-HNSC	/research/projects/mllab/WSI/extracted_features/TCGA-HNSC/TCGA-CV-7183-01Z-00-DX1.B90BA26B-F922-4C10-BCA4-203E1453D4B3.h5	cbio_subtype_hnsc	0	1.233533	HPV-
split_4	train	0	HPV-	TCGA-CV-7235	TCGA-CV-7235-01Z-00-DX1	TCGA-CV-7235-01	TCGA-HNSC	/research/projects/mllab/WSI/extracted_features/TCGA-HNSC/TCGA-CV-7235-01Z-00-DX1.4779177A-2956-41BC-8324-00729FEE8B9A.h5	cbio_subtype_hnsc	0	1.217608	HPV-
split_4	train	0	HPV-	TCGA-CV-7236	TCGA-CV-7236-01Z-00-DX1	TCGA-CV-7236-01	TCGA-HNSC	/research/projects/mllab/WSI/extracted_features/TCGA-HNSC/TCGA-CV-7236-01Z-00-DX1.0755A8D7-0E79-471B-8C3B-C4CBD2733FD3.h5	cbio_subtype_hnsc	0	1.333834	HPV-
split_4	train	0	HPV-	TCGA-CV-7242	TCGA-CV-7242-01Z-00-DX1	TCGA-CV-7242-01	TCGA-HNSC	/research/projects/mllab/WSI/extracted_features/TCGA-HNSC/TCGA-CV-7242-01Z-00-DX1.DE2FE048-F989-48F8-A5CA-056DD917FA18.h5	cbio_subtype_hnsc	0	1.401794	HPV-
split_4	train	0	HPV-	TCGA-CV-7243	TCGA-CV-7243-01Z-00-DX1	TCGA-CV-7243-01	TCGA-HNSC	/research/projects/mllab/WSI/extracted_features/TCGA-HNSC/TCGA-CV-7243-01Z-00-DX1.CA696306-9918-43B2-AB96-18C96CF346F0.h5	cbio_subtype_hnsc	0	2.023841	HPV-
split_4	train	0	HPV-	TCGA-CV-7245	TCGA-CV-7245-01Z-00-DX1	TCGA-CV-7245-01	TCGA-HNSC	/research/projects/mllab/WSI/extracted_features/TCGA-HNSC/TCGA-CV-7245-01Z-00-DX1.9128EEC2-17DC-4DCA-8B91-508A0C0C52D2.h5	cbio_subtype_hnsc	0	1.366871	HPV-
split_4	train	0	HPV-	TCGA-CV-7247	TCGA-CV-7247-01Z-00-DX1	TCGA-CV-7247-01	TCGA-HNSC	/research/projects/mllab/WSI/extracted_features/TCGA-HNSC/TCGA-CV-7247-01Z-00-DX1.C4EA48AC-B844-4A4E-B2E4-31902F99FB7A.h5	cbio_subtype_hnsc	0	1.487415	HPV-
split_4	train	0	HPV-	TCGA-CV-7248	TCGA-CV-7248-01Z-00-DX1	TCGA-CV-7248-01	TCGA-HNSC	/research/projects/mllab/WSI/extracted_features/TCGA-HNSC/TCGA-CV-7248-01Z-00-DX1.2999E357-833B-4CBB-B524-1A7AA85914E6.h5	cbio_subtype_hnsc	0	1.499647	HPV-
split_4	train	0	HPV-	TCGA-CV-7250	TCGA-CV-7250-01Z-00-DX1	TCGA-CV-7250-01	TCGA-HNSC	/research/projects/mllab/WSI/extracted_features/TCGA-HNSC/TCGA-CV-7250-01Z-00-DX1.09076F2E-1DFF-4E5B-944D-53E2B778FA85.h5	cbio_subtype_hnsc	0	1.228905	HPV-
split_4	train	0	HPV-	TCGA-CV-7253	TCGA-CV-7253-01Z-00-DX1	TCGA-CV-7253-01	TCGA-HNSC	/research/projects/mllab/WSI/extracted_features/TCGA-HNSC/TCGA-CV-7253-01Z-00-DX1.DDAC4A20-D880-4D63-932A-AA1F2F9AB467.h5	cbio_subtype_hnsc	0	0.947439	HPV-
split_4	train	0	HPV-	TCGA-CV-7254	TCGA-CV-7254-01Z-00-DX1	TCGA-CV-7254-01	TCGA-HNSC	/research/projects/mllab/WSI/extracted_features/TCGA-HNSC/TCGA-CV-7254-01Z-00-DX1.ACCE315D-AA82-462C-A84E-5ECE487A179A.h5	cbio_subtype_hnsc	0	0.829002	HPV-
split_4	train	0	HPV-	TCGA-CV-7261	TCGA-CV-7261-01Z-00-DX1	TCGA-CV-7261-01	TCGA-HNSC	/research/projects/mllab/WSI/extracted_features/TCGA-HNSC/TCGA-CV-7261-01Z-00-DX1.3D2FFD24-B6EE-4FA3-ACCB-5D02215B35BA.h5	cbio_subtype_hnsc	0	1.392814	HPV-
split_4	train	0	HPV-	TCGA-CV-7263	TCGA-CV-7263-01Z-00-DX1	TCGA-CV-7263-01	TCGA-HNSC	/research/projects/mllab/WSI/extracted_features/TCGA-HNSC/TCGA-CV-7263-01Z-00-DX1.F3BC8C3D-BD3B-4663-9C3B-251ECAA4414D.h5	cbio_subtype_hnsc	0	1.399833	HPV-
split_4	train	0	HPV-	TCGA-CV-7410	TCGA-CV-7410-01Z-00-DX1	TCGA-CV-7410-01	TCGA-HNSC	/research/projects/mllab/WSI/extracted_features/TCGA-HNSC/TCGA-CV-7410-01Z-00-DX1.9C3B496C-0785-4A7D-A0AF-6264AF187CEA.h5	cbio_subtype_hnsc	0	2.067123	HPV-
split_4	train	0	HPV-	TCGA-CV-7411	TCGA-CV-7411-01Z-00-DX1	TCGA-CV-7411-01	TCGA-HNSC	/research/projects/mllab/WSI/extracted_features/TCGA-HNSC/TCGA-CV-7411-01Z-00-DX1.923C77E1-7B4D-4831-B0FB-C75A111CD5CA.h5	cbio_subtype_hnsc	0	1.138971	HPV-
split_4	train	0	HPV-	TCGA-CV-7413	TCGA-CV-7413-01Z-00-DX1	TCGA-CV-7413-01	TCGA-HNSC	/research/projects/mllab/WSI/extracted_features/TCGA-HNSC/TCGA-CV-7413-01Z-00-DX1.683B81A0-15BF-48BD-B785-BD4F23ED3021.h5	cbio_subtype_hnsc	0	1.605630	HPV-
split_4	train	0	HPV-	TCGA-CV-7415	TCGA-CV-7415-01Z-00-DX1	TCGA-CV-7415-01	TCGA-HNSC	/research/projects/mllab/WSI/extracted_features/TCGA-HNSC/TCGA-CV-7415-01Z-00-DX1.F0DCC6CF-23DC-46E7-A5E0-2546B9AEB74C.h5	cbio_subtype_hnsc	0	1.961258	HPV-
split_4	train	0	HPV-	TCGA-CV-7416	TCGA-CV-7416-01Z-00-DX1	TCGA-CV-7416-01	TCGA-HNSC	/research/projects/mllab/WSI/extracted_features/TCGA-HNSC/TCGA-CV-7416-01Z-00-DX1.6084AAA1-CBB4-448D-A902-6ADCE3D4936F.h5	cbio_subtype_hnsc	0	2.021058	HPV-
split_4	train	0	HPV-	TCGA-CV-7418	TCGA-CV-7418-01Z-00-DX1	TCGA-CV-7418-01	TCGA-HNSC	/research/projects/mllab/WSI/extracted_features/TCGA-HNSC/TCGA-CV-7418-01Z-00-DX1.2E40E4A0-7A9C-4593-987C-CB0849D41AC7.h5	cbio_subtype_hnsc	0	2.067153	HPV-
split_4	train	0	HPV-	TCGA-CV-7421	TCGA-CV-7421-01Z-00-DX1	TCGA-CV-7421-01	TCGA-HNSC	/research/projects/mllab/WSI/extracted_features/TCGA-HNSC/TCGA-CV-7421-01Z-00-DX1.297CD6B5-F3FB-446D-B505-094EEC1AB76A.h5	cbio_subtype_hnsc	0	1.198567	HPV-
split_4	train	0	HPV-	TCGA-CV-7422	TCGA-CV-7422-01Z-00-DX1	TCGA-CV-7422-01	TCGA-HNSC	/research/projects/mllab/WSI/extracted_features/TCGA-HNSC/TCGA-CV-7422-01Z-00-DX1.AD56277C-5035-4B2F-957C-CB240EFB5669.h5	cbio_subtype_hnsc	0	1.408142	HPV-
split_4	train	0	HPV-	TCGA-CV-7423	TCGA-CV-7423-01Z-00-DX1	TCGA-CV-7423-01	TCGA-HNSC	/research/projects/mllab/WSI/extracted_features/TCGA-HNSC/TCGA-CV-7423-01Z-00-DX1.B40488AA-9D45-4B58-993B-F4BF4F1ACEBF.h5	cbio_subtype_hnsc	0	1.661718	HPV-
split_4	train	0	HPV-	TCGA-CV-7424	TCGA-CV-7424-01Z-00-DX1	TCGA-CV-7424-01	TCGA-HNSC	/research/projects/mllab/WSI/extracted_features/TCGA-HNSC/TCGA-CV-7424-01Z-00-DX1.E9C70A9F-6711-449B-AE3D-C16EB86F5797.h5	cbio_subtype_hnsc	0	1.770023	HPV-
split_4	train	0	HPV-	TCGA-CV-7425	TCGA-CV-7425-01Z-00-DX1	TCGA-CV-7425-01	TCGA-HNSC	/research/projects/mllab/WSI/extracted_features/TCGA-HNSC/TCGA-CV-7425-01Z-00-DX1.D35EB305-DFB5-494D-A350-359A6CDECAC3.h5	cbio_subtype_hnsc	0	1.216123	HPV-
split_4	train	0	HPV-	TCGA-CV-7427	TCGA-CV-7427-01Z-00-DX1	TCGA-CV-7427-01	TCGA-HNSC	/research/projects/mllab/WSI/extracted_features/TCGA-HNSC/TCGA-CV-7427-01Z-00-DX1.B616E23B-3950-49B4-BB7B-B94D15580688.h5	cbio_subtype_hnsc	0	0.923162	HPV-
split_4	train	0	HPV-	TCGA-CV-7429	TCGA-CV-7429-01Z-00-DX1	TCGA-CV-7429-01	TCGA-HNSC	/research/projects/mllab/WSI/extracted_features/TCGA-HNSC/TCGA-CV-7429-01Z-00-DX1.34A438BE-1657-4965-BC1B-B22A42C1717C.h5	cbio_subtype_hnsc	0	1.024766	HPV-
split_4	train	0	HPV-	TCGA-CV-7432	TCGA-CV-7432-01Z-00-DX1	TCGA-CV-7432-01	TCGA-HNSC	/research/projects/mllab/WSI/extracted_features/TCGA-HNSC/TCGA-CV-7432-01Z-00-DX1.02BC191D-C486-4551-85A3-34A15A33CF27.h5	cbio_subtype_hnsc	0	1.288137	HPV-
split_4	train	0	HPV-	TCGA-CV-7433	TCGA-CV-7433-01Z-00-DX1	TCGA-CV-7433-01	TCGA-HNSC	/research/projects/mllab/WSI/extracted_features/TCGA-HNSC/TCGA-CV-7433-01Z-00-DX1.2EA4930A-41AE-448A-A840-134A927B52EB.h5	cbio_subtype_hnsc	0	2.125426	HPV-
split_4	train	0	HPV-	TCGA-CV-7435	TCGA-CV-7435-01Z-00-DX1	TCGA-CV-7435-01	TCGA-HNSC	/research/projects/mllab/WSI/extracted_features/TCGA-HNSC/TCGA-CV-7435-01Z-00-DX1.BE5B087F-0855-41B6-B300-FF43886B3731.h5	cbio_subtype_hnsc	0	1.116096	HPV-
split_4	train	0	HPV-	TCGA-CV-7437	TCGA-CV-7437-01Z-00-DX1	TCGA-CV-7437-01	TCGA-HNSC	/research/projects/mllab/WSI/extracted_features/TCGA-HNSC/TCGA-CV-7437-01Z-00-DX1.3A0E4FC8-40D0-4D4A-9FAE-1B6BC9F00620.h5	cbio_subtype_hnsc	0	1.081175	HPV-
split_4	train	0	HPV-	TCGA-CV-7438	TCGA-CV-7438-01Z-00-DX1	TCGA-CV-7438-01	TCGA-HNSC	/research/projects/mllab/WSI/extracted_features/TCGA-HNSC/TCGA-CV-7438-01Z-00-DX1.DE00CAA6-5750-4231-A2D3-7F8CF789E512.h5	cbio_subtype_hnsc	0	0.843742	HPV-
split_4	train	0	HPV-	TCGA-CV-A45P	TCGA-CV-A45P-01Z-00-DX1	TCGA-CV-A45P-01	TCGA-HNSC	/research/projects/mllab/WSI/extracted_features/TCGA-HNSC/TCGA-CV-A45P-01Z-00-DX1.13C5B9F1-C756-4F6C-A69F-D84DFE0DA331.h5	cbio_subtype_hnsc	0	1.124342	HPV-
split_4	train	0	HPV-	TCGA-CV-A45Q	TCGA-CV-A45Q-01Z-00-DX1	TCGA-CV-A45Q-01	TCGA-HNSC	/research/projects/mllab/WSI/extracted_features/TCGA-HNSC/TCGA-CV-A45Q-01Z-00-DX1.E14F6011-AB2C-4B4F-840B-83972A00C71F.h5	cbio_subtype_hnsc	0	4.583186	HPV-
split_4	train	0	HPV-	TCGA-CV-A45R	TCGA-CV-A45R-01Z-00-DX1	TCGA-CV-A45R-01	TCGA-HNSC	/research/projects/mllab/WSI/extracted_features/TCGA-HNSC/TCGA-CV-A45R-01Z-00-DX1.020DC147-B033-4282-976E-D254F9C19E09.h5	cbio_subtype_hnsc	0	0.731021	HPV-
split_4	train	0	HPV-	TCGA-CV-A45T	TCGA-CV-A45T-01Z-00-DX1	TCGA-CV-A45T-01	TCGA-HNSC	/research/projects/mllab/WSI/extracted_features/TCGA-HNSC/TCGA-CV-A45T-01Z-00-DX1.177325D9-205C-4F1D-B85C-E078D57F47F9.h5	cbio_subtype_hnsc	0	0.803466	HPV-
split_4	train	0	HPV-	TCGA-CV-A45U	TCGA-CV-A45U-01Z-00-DX1	TCGA-CV-A45U-01	TCGA-HNSC	/research/projects/mllab/WSI/extracted_features/TCGA-HNSC/TCGA-CV-A45U-01Z-00-DX1.ABAEB988-816B-4644-B3A8-C2A83679E28E.h5	cbio_subtype_hnsc	0	0.731504	HPV-
split_4	train	0	HPV-	TCGA-CV-A45V	TCGA-CV-A45V-01Z-00-DX1	TCGA-CV-A45V-01	TCGA-HNSC	/research/projects/mllab/WSI/extracted_features/TCGA-HNSC/TCGA-CV-A45V-01Z-00-DX1.296E8147-FE0B-49B6-9F33-EF3E3C11412A.h5	cbio_subtype_hnsc	0	0.784997	HPV-
split_4	train	0	HPV-	TCGA-CV-A45W	TCGA-CV-A45W-01Z-00-DX1	TCGA-CV-A45W-01	TCGA-HNSC	/research/projects/mllab/WSI/extracted_features/TCGA-HNSC/TCGA-CV-A45W-01Z-00-DX1.6123D9EE-BB0B-479E-9CCF-345AAD567E9C.h5	cbio_subtype_hnsc	0	0.452077	HPV-
split_4	train	0	HPV-	TCGA-CV-A45Y	TCGA-CV-A45Y-01Z-00-DX1	TCGA-CV-A45Y-01	TCGA-HNSC	/research/projects/mllab/WSI/extracted_features/TCGA-HNSC/TCGA-CV-A45Y-01Z-00-DX1.14FF40A6-2D41-418A-B908-6095ABF7FD13.h5	cbio_subtype_hnsc	0	0.880310	HPV-
split_4	train	0	HPV-	TCGA-CV-A45Z	TCGA-CV-A45Z-01Z-00-DX1	TCGA-CV-A45Z-01	TCGA-HNSC	/research/projects/mllab/WSI/extracted_features/TCGA-HNSC/TCGA-CV-A45Z-01Z-00-DX1.BAA8DD77-82AE-4441-ADDD-F41FF3476FEB.h5	cbio_subtype_hnsc	0	0.839442	HPV-
split_4	train	0	HPV-	TCGA-CV-A460	TCGA-CV-A460-01Z-00-DX1	TCGA-CV-A460-01	TCGA-HNSC	/research/projects/mllab/WSI/extracted_features/TCGA-HNSC/TCGA-CV-A460-01Z-00-DX1.EE85F1E3-B39D-43B6-A329-ED132E7B137A.h5	cbio_subtype_hnsc	0	0.681489	HPV-
split_4	train	0	HPV-	TCGA-CV-A461	TCGA-CV-A461-01Z-00-DX1	TCGA-CV-A461-01	TCGA-HNSC	/research/projects/mllab/WSI/extracted_features/TCGA-HNSC/TCGA-CV-A461-01Z-00-DX1.D594E898-5EF0-4C56-A1B8-942DB81F54C5.h5	cbio_subtype_hnsc	0	0.717927	HPV-
split_4	train	0	HPV-	TCGA-CV-A463	TCGA-CV-A463-01Z-00-DX1	TCGA-CV-A463-01	TCGA-HNSC	/research/projects/mllab/WSI/extracted_features/TCGA-HNSC/TCGA-CV-A463-01Z-00-DX1.5391495E-FADF-4F35-AA41-17CF8D80E102.h5	cbio_subtype_hnsc	0	1.363890	HPV-
split_4	train	0	HPV-	TCGA-CV-A464	TCGA-CV-A464-01Z-00-DX1	TCGA-CV-A464-01	TCGA-HNSC	/research/projects/mllab/WSI/extracted_features/TCGA-HNSC/TCGA-CV-A464-01Z-00-DX1.EB6A9C70-8C6C-4CCD-B811-087C1BAB37BE.h5	cbio_subtype_hnsc	0	1.083640	HPV-
split_4	train	0	HPV-	TCGA-CV-A465	TCGA-CV-A465-01Z-00-DX1	TCGA-CV-A465-01	TCGA-HNSC	/research/projects/mllab/WSI/extracted_features/TCGA-HNSC/TCGA-CV-A465-01Z-00-DX1.015D2361-2B4E-472F-920B-13D1F5A05525.h5	cbio_subtype_hnsc	0	1.482232	HPV-
split_4	train	0	HPV-	TCGA-CV-A6JD	TCGA-CV-A6JD-01Z-00-DX1	TCGA-CV-A6JD-01	TCGA-HNSC	/research/projects/mllab/WSI/extracted_features/TCGA-HNSC/TCGA-CV-A6JD-01Z-00-DX1.AEEF2C26-FBCB-43A9-AC34-E9C1570A1BBC.h5	cbio_subtype_hnsc	0	0.605807	HPV-
split_4	train	0	HPV-	TCGA-CV-A6JE	TCGA-CV-A6JE-01Z-00-DX1	TCGA-CV-A6JE-01	TCGA-HNSC	/research/projects/mllab/WSI/extracted_features/TCGA-HNSC/TCGA-CV-A6JE-01Z-00-DX1.20137D17-19B3-49FF-9C3D-60933157E409.h5	cbio_subtype_hnsc	0	2.774551	HPV-
split_4	train	0	HPV-	TCGA-CV-A6JM	TCGA-CV-A6JM-01Z-00-DX1	TCGA-CV-A6JM-01	TCGA-HNSC	/research/projects/mllab/WSI/extracted_features/TCGA-HNSC/TCGA-CV-A6JM-01Z-00-DX1.21D762D0-F250-4BC7-AA3B-54FBD74D1632.h5	cbio_subtype_hnsc	0	4.267106	HPV-
split_4	train	0	HPV-	TCGA-CV-A6JN	TCGA-CV-A6JN-01Z-00-DX1	TCGA-CV-A6JN-01	TCGA-HNSC	/research/projects/mllab/WSI/extracted_features/TCGA-HNSC/TCGA-CV-A6JN-01Z-00-DX1.49317AB4-850C-4A4B-B5EA-2C242B32E1DA.h5	cbio_subtype_hnsc	0	1.917239	HPV-
split_4	train	0	HPV-	TCGA-CV-A6JO	TCGA-CV-A6JO-01Z-00-DX1	TCGA-CV-A6JO-01	TCGA-HNSC	/research/projects/mllab/WSI/extracted_features/TCGA-HNSC/TCGA-CV-A6JO-01Z-00-DX1.6A0D34AE-37BA-47A5-88AF-87A273F546F4.h5	cbio_subtype_hnsc	0	1.237961	HPV-
split_4	train	0	HPV-	TCGA-CV-A6JT	TCGA-CV-A6JT-01Z-00-DX1	TCGA-CV-A6JT-01	TCGA-HNSC	/research/projects/mllab/WSI/extracted_features/TCGA-HNSC/TCGA-CV-A6JT-01Z-00-DX1.3B772BC7-ACAA-4DFF-9A51-2F954EE3B0A2.h5	cbio_subtype_hnsc	0	1.739032	HPV-
split_4	train	0	HPV-	TCGA-CV-A6JU	TCGA-CV-A6JU-01Z-00-DX1	TCGA-CV-A6JU-01	TCGA-HNSC	/research/projects/mllab/WSI/extracted_features/TCGA-HNSC/TCGA-CV-A6JU-01Z-00-DX1.35A3A1F0-9D6C-4794-B501-E56E48C51DF9.h5	cbio_subtype_hnsc	0	1.615164	HPV-
split_4	train	0	HPV-	TCGA-CV-A6JY	TCGA-CV-A6JY-01Z-00-DX1	TCGA-CV-A6JY-01	TCGA-HNSC	/research/projects/mllab/WSI/extracted_features/TCGA-HNSC/TCGA-CV-A6JY-01Z-00-DX1.0326449A-DADA-43C5-8B2C-1B3C662A3D7A.h5	cbio_subtype_hnsc	0	0.528027	HPV-
split_4	train	0	HPV-	TCGA-CV-A6JZ	TCGA-CV-A6JZ-01Z-00-DX1	TCGA-CV-A6JZ-01	TCGA-HNSC	/research/projects/mllab/WSI/extracted_features/TCGA-HNSC/TCGA-CV-A6JZ-01Z-00-DX1.05D3DB98-9279-4057-BBEF-A967933E2604.h5	cbio_subtype_hnsc	0	0.666261	HPV-
split_4	train	0	HPV-	TCGA-CV-A6K0	TCGA-CV-A6K0-01Z-00-DX1	TCGA-CV-A6K0-01	TCGA-HNSC	/research/projects/mllab/WSI/extracted_features/TCGA-HNSC/TCGA-CV-A6K0-01Z-00-DX1.C9946763-9EAE-477E-A605-905CE7E6C339.h5	cbio_subtype_hnsc	0	0.824272	HPV-
split_4	train	0	HPV-	TCGA-CV-A6K1	TCGA-CV-A6K1-01Z-00-DX1	TCGA-CV-A6K1-01	TCGA-HNSC	/research/projects/mllab/WSI/extracted_features/TCGA-HNSC/TCGA-CV-A6K1-01Z-00-DX1.EDC1AE36-E4C0-4C97-A09D-5046B1C841DA.h5	cbio_subtype_hnsc	0	1.141110	HPV-
split_4	train	0	HPV-	TCGA-CX-7082	TCGA-CX-7082-01Z-00-DX1	TCGA-CX-7082-01	TCGA-HNSC	/research/projects/mllab/WSI/extracted_features/TCGA-HNSC/TCGA-CX-7082-01Z-00-DX1.52E9EB19-A3CE-46AE-BBEB-74D2D110614F.h5	nature2015_hnsc_fallback	0	1.332279	HPV-
split_4	train	0	HPV-	TCGA-CX-7085	TCGA-CX-7085-01Z-00-DX1	TCGA-CX-7085-01	TCGA-HNSC	/research/projects/mllab/WSI/extracted_features/TCGA-HNSC/TCGA-CX-7085-01Z-00-DX1.253749E8-5D44-4E77-B7EB-26F780D83B5A.h5	cbio_subtype_hnsc	0	1.283073	HPV-
split_4	train	0	HPV-	TCGA-CX-7086	TCGA-CX-7086-01Z-00-DX1	TCGA-CX-7086-01	TCGA-HNSC	/research/projects/mllab/WSI/extracted_features/TCGA-HNSC/TCGA-CX-7086-01Z-00-DX1.DDDA3936-9488-425E-BA87-045ECB10194E.h5	cbio_subtype_hnsc	0	1.265121	HPV-
split_4	train	0	HPV-	TCGA-CX-7219	TCGA-CX-7219-01Z-00-DX1	TCGA-CX-7219-01	TCGA-HNSC	/research/projects/mllab/WSI/extracted_features/TCGA-HNSC/TCGA-CX-7219-01Z-00-DX1.281050F5-06AE-497D-8153-355FB7E8076D.h5	cbio_subtype_hnsc	0	1.359456	HPV-
split_4	train	0	HPV-	TCGA-CX-A4AQ	TCGA-CX-A4AQ-01Z-00-DX1	TCGA-CX-A4AQ-01	TCGA-HNSC	/research/projects/mllab/WSI/extracted_features/TCGA-HNSC/TCGA-CX-A4AQ-01Z-00-DX1.31ECF3F8-7BAF-4395-8163-DAC2BE88CE06.h5	cbio_subtype_hnsc	0	0.727279	HPV-
split_4	train	0	HPV-	TCGA-D6-6515	TCGA-D6-6515-01Z-00-DX1	TCGA-D6-6515-01	TCGA-HNSC	/research/projects/mllab/WSI/extracted_features/TCGA-HNSC/TCGA-D6-6515-01Z-00-DX1.5827e8bc-823d-4a7b-98c5-ddf7a8aa7f1a.h5	cbio_subtype_hnsc	0	0.672766	HPV-
split_4	train	0	HPV-	TCGA-D6-6515	TCGA-D6-6515-01Z-00-DX2	TCGA-D6-6515-01	TCGA-HNSC	/research/projects/mllab/WSI/extracted_features/TCGA-HNSC/TCGA-D6-6515-01Z-00-DX2.270E24EB-B75B-4DA4-AD7D-217DBC83A3D7.h5	cbio_subtype_hnsc	0	0.672766	HPV-
split_4	train	0	HPV-	TCGA-D6-6516	TCGA-D6-6516-01Z-00-DX1	TCGA-D6-6516-01	TCGA-HNSC	/research/projects/mllab/WSI/extracted_features/TCGA-HNSC/TCGA-D6-6516-01Z-00-DX1.4f63eddb-5f99-498f-b488-772ab5a34dc3.h5	cbio_subtype_hnsc	0	1.288438	HPV-
split_4	train	0	HPV-	TCGA-D6-6516	TCGA-D6-6516-01Z-00-DX2	TCGA-D6-6516-01	TCGA-HNSC	/research/projects/mllab/WSI/extracted_features/TCGA-HNSC/TCGA-D6-6516-01Z-00-DX2.4A6963D4-CA12-49D1-B5E8-154A191FE1C7.h5	cbio_subtype_hnsc	0	1.288438	HPV-
split_4	train	0	HPV-	TCGA-D6-6517	TCGA-D6-6517-01Z-00-DX1	TCGA-D6-6517-01	TCGA-HNSC	/research/projects/mllab/WSI/extracted_features/TCGA-HNSC/TCGA-D6-6517-01Z-00-DX1.38640ebf-b5c0-4ce3-a731-9013598ac7b4.h5	cbio_subtype_hnsc	0	0.886789	HPV-
split_4	train	0	HPV-	TCGA-D6-6517	TCGA-D6-6517-01Z-00-DX2	TCGA-D6-6517-01	TCGA-HNSC	/research/projects/mllab/WSI/extracted_features/TCGA-HNSC/TCGA-D6-6517-01Z-00-DX2.7B92189A-23C5-4EA1-989E-F9C641B49020.h5	cbio_subtype_hnsc	0	0.886789	HPV-
split_4	train	0	HPV-	TCGA-D6-6823	TCGA-D6-6823-01Z-00-DX1	TCGA-D6-6823-01	TCGA-HNSC	/research/projects/mllab/WSI/extracted_features/TCGA-HNSC/TCGA-D6-6823-01Z-00-DX1.7291f093-209b-4e88-8ceb-842f7c5707c0.h5	cbio_subtype_hnsc	0	1.220323	HPV-
split_4	train	0	HPV-	TCGA-D6-6823	TCGA-D6-6823-01Z-00-DX2	TCGA-D6-6823-01	TCGA-HNSC	/research/projects/mllab/WSI/extracted_features/TCGA-HNSC/TCGA-D6-6823-01Z-00-DX2.21CB201E-840D-48E4-8054-5594732193CD.h5	cbio_subtype_hnsc	0	1.220323	HPV-
split_4	train	0	HPV-	TCGA-D6-6824	TCGA-D6-6824-01Z-00-DX1	TCGA-D6-6824-01	TCGA-HNSC	/research/projects/mllab/WSI/extracted_features/TCGA-HNSC/TCGA-D6-6824-01Z-00-DX1.d9ac38e6-3ec6-4899-b3ea-d8197ba02055.h5	cbio_subtype_hnsc	0	1.467320	HPV-
split_4	train	0	HPV-	TCGA-D6-6824	TCGA-D6-6824-01Z-00-DX2	TCGA-D6-6824-01	TCGA-HNSC	/research/projects/mllab/WSI/extracted_features/TCGA-HNSC/TCGA-D6-6824-01Z-00-DX2.96A2C7FA-59F2-4704-ABD0-2D215C442D7C.h5	cbio_subtype_hnsc	0	1.467320	HPV-
split_4	train	0	HPV-	TCGA-D6-6825	TCGA-D6-6825-01Z-00-DX1	TCGA-D6-6825-01	TCGA-HNSC	/research/projects/mllab/WSI/extracted_features/TCGA-HNSC/TCGA-D6-6825-01Z-00-DX1.eb4d4223-48fe-40e0-901f-6a4146db9a1f.h5	cbio_subtype_hnsc	0	1.613068	HPV-
split_4	train	0	HPV-	TCGA-D6-6825	TCGA-D6-6825-01Z-00-DX2	TCGA-D6-6825-01	TCGA-HNSC	/research/projects/mllab/WSI/extracted_features/TCGA-HNSC/TCGA-D6-6825-01Z-00-DX2.988BA622-0BBB-456A-8050-B52DA96A699A.h5	cbio_subtype_hnsc	0	1.613068	HPV-
split_4	train	0	HPV-	TCGA-D6-6826	TCGA-D6-6826-01Z-00-DX1	TCGA-D6-6826-01	TCGA-HNSC	/research/projects/mllab/WSI/extracted_features/TCGA-HNSC/TCGA-D6-6826-01Z-00-DX1.9346b65d-ffc0-46ed-b68b-e18b2a43c5ea.h5	cbio_subtype_hnsc	0	1.217658	HPV-
split_4	train	0	HPV-	TCGA-D6-6826	TCGA-D6-6826-01Z-00-DX2	TCGA-D6-6826-01	TCGA-HNSC	/research/projects/mllab/WSI/extracted_features/TCGA-HNSC/TCGA-D6-6826-01Z-00-DX2.9828BD5E-B902-41B4-8ECA-0A8DDEFFFC75.h5	cbio_subtype_hnsc	0	1.217658	HPV-
split_4	train	0	HPV-	TCGA-D6-6827	TCGA-D6-6827-01Z-00-DX1	TCGA-D6-6827-01	TCGA-HNSC	/research/projects/mllab/WSI/extracted_features/TCGA-HNSC/TCGA-D6-6827-01Z-00-DX1.4606a46b-6b03-4011-b469-7328b3949727.h5	cbio_subtype_hnsc	0	0.781098	HPV-
split_4	train	0	HPV-	TCGA-D6-6827	TCGA-D6-6827-01Z-00-DX2	TCGA-D6-6827-01	TCGA-HNSC	/research/projects/mllab/WSI/extracted_features/TCGA-HNSC/TCGA-D6-6827-01Z-00-DX2.C31227BB-6152-47D7-BAF7-66F815AD25CB.h5	cbio_subtype_hnsc	0	0.781098	HPV-
split_4	train	0	HPV-	TCGA-D6-A4Z9	TCGA-D6-A4Z9-01Z-00-DX1	TCGA-D6-A4Z9-01	TCGA-HNSC	/research/projects/mllab/WSI/extracted_features/TCGA-HNSC/TCGA-D6-A4Z9-01Z-00-DX1.02AB85C7-7FF0-47C3-A38D-58FAAC3E17C6.h5	cbio_subtype_hnsc	0	1.059250	HPV-
split_4	train	0	HPV-	TCGA-D6-A4ZB	TCGA-D6-A4ZB-01Z-00-DX1	TCGA-D6-A4ZB-01	TCGA-HNSC	/research/projects/mllab/WSI/extracted_features/TCGA-HNSC/TCGA-D6-A4ZB-01Z-00-DX1.29C9A904-A3E4-4C45-B64A-10F6E4C6756B.h5	cbio_subtype_hnsc	0	0.960506	HPV-
split_4	train	0	HPV-	TCGA-D6-A6EK	TCGA-D6-A6EK-01Z-00-DX1	TCGA-D6-A6EK-01	TCGA-HNSC	/research/projects/mllab/WSI/extracted_features/TCGA-HNSC/TCGA-D6-A6EK-01Z-00-DX1.E2A056C2-ADEF-4800-86E9-1B95E5FB5F88.h5	cbio_subtype_hnsc	0	1.140442	HPV-
split_4	train	0	HPV-	TCGA-D6-A6EM	TCGA-D6-A6EM-01Z-00-DX1	TCGA-D6-A6EM-01	TCGA-HNSC	/research/projects/mllab/WSI/extracted_features/TCGA-HNSC/TCGA-D6-A6EM-01Z-00-DX1.96C63AAE-17AC-4A04-BF6C-19017B8A8030.h5	cbio_subtype_hnsc	0	0.750616	HPV-
split_4	train	0	HPV-	TCGA-D6-A6EO	TCGA-D6-A6EO-01Z-00-DX1	TCGA-D6-A6EO-01	TCGA-HNSC	/research/projects/mllab/WSI/extracted_features/TCGA-HNSC/TCGA-D6-A6EO-01Z-00-DX1.BA27720A-A991-4DE3-8111-33CE7264BADE.h5	cbio_subtype_hnsc	0	0.454251	HPV-
split_4	train	0	HPV-	TCGA-D6-A6EP	TCGA-D6-A6EP-01Z-00-DX1	TCGA-D6-A6EP-01	TCGA-HNSC	/research/projects/mllab/WSI/extracted_features/TCGA-HNSC/TCGA-D6-A6EP-01Z-00-DX1.C589624E-0713-49A5-9C9C-FE727766A0D4.h5	cbio_subtype_hnsc	0	0.526771	HPV-
split_4	train	0	HPV-	TCGA-D6-A6EQ	TCGA-D6-A6EQ-01Z-00-DX1	TCGA-D6-A6EQ-01	TCGA-HNSC	/research/projects/mllab/WSI/extracted_features/TCGA-HNSC/TCGA-D6-A6EQ-01Z-00-DX1.E6CEA0DA-E05E-416F-B876-30398A9C17C5.h5	cbio_subtype_hnsc	0	0.830443	HPV-
split_4	train	0	HPV-	TCGA-D6-A6ES	TCGA-D6-A6ES-01Z-00-DX1	TCGA-D6-A6ES-01	TCGA-HNSC	/research/projects/mllab/WSI/extracted_features/TCGA-HNSC/TCGA-D6-A6ES-01Z-00-DX1.A6B7B930-DAEC-40C5-B020-2AFB45CEBC8B.h5	cbio_subtype_hnsc	0	4.413564	HPV-
split_4	train	0	HPV-	TCGA-DQ-5630	TCGA-DQ-5630-01Z-00-DX1	TCGA-DQ-5630-01	TCGA-HNSC	/research/projects/mllab/WSI/extracted_features/TCGA-HNSC/TCGA-DQ-5630-01Z-00-DX1.07FE0581-2412-43DA-96A9-0DA192DAED3D.h5	cbio_subtype_hnsc	0	0.687204	HPV-
split_4	train	0	HPV-	TCGA-DQ-5631	TCGA-DQ-5631-01Z-00-DX1	TCGA-DQ-5631-01	TCGA-HNSC	/research/projects/mllab/WSI/extracted_features/TCGA-HNSC/TCGA-DQ-5631-01Z-00-DX1.D9B0F531-4FE9-4D96-BE74-656B2F87F922.h5	cbio_subtype_hnsc	0	1.266969	HPV-
split_4	train	0	HPV-	TCGA-DQ-7588	TCGA-DQ-7588-01Z-00-DX1	TCGA-DQ-7588-01	TCGA-HNSC	/research/projects/mllab/WSI/extracted_features/TCGA-HNSC/TCGA-DQ-7588-01Z-00-DX1.1D1253F5-7C5A-46B4-B796-7DE7ED828080.h5	cbio_subtype_hnsc	0	1.365551	HPV-
split_4	train	0	HPV-	TCGA-DQ-7592	TCGA-DQ-7592-01Z-00-DX1	TCGA-DQ-7592-01	TCGA-HNSC	/research/projects/mllab/WSI/extracted_features/TCGA-HNSC/TCGA-DQ-7592-01Z-00-DX1.DCB59CBF-0B0F-49E3-8792-BD62472D9506.h5	cbio_subtype_hnsc	0	1.661146	HPV-
split_4	train	0	HPV-	TCGA-F7-7848	TCGA-F7-7848-01Z-00-DX1	TCGA-F7-7848-01	TCGA-HNSC	/research/projects/mllab/WSI/extracted_features/TCGA-HNSC/TCGA-F7-7848-01Z-00-DX1.ddeb9cb5-c474-4fdb-a9a4-7946aca5eecf.h5	cbio_subtype_hnsc	0	1.137620	HPV-
split_4	train	0	HPV-	TCGA-F7-8298	TCGA-F7-8298-01Z-00-DX1	TCGA-F7-8298-01	TCGA-HNSC	/research/projects/mllab/WSI/extracted_features/TCGA-HNSC/TCGA-F7-8298-01Z-00-DX1.e9df5104-c9a0-43af-a2e8-86d3f4029e03.h5	cbio_subtype_hnsc	0	1.552294	HPV-
split_4	train	0	HPV-	TCGA-F7-8489	TCGA-F7-8489-01Z-00-DX1	TCGA-F7-8489-01	TCGA-HNSC	/research/projects/mllab/WSI/extracted_features/TCGA-HNSC/TCGA-F7-8489-01Z-00-DX1.07122ea3-3f1a-49f8-bfb2-be532a56ae26.h5	cbio_subtype_hnsc	0	1.406535	HPV-
split_4	train	0	HPV-	TCGA-F7-A50G	TCGA-F7-A50G-01Z-00-DX1	TCGA-F7-A50G-01	TCGA-HNSC	/research/projects/mllab/WSI/extracted_features/TCGA-HNSC/TCGA-F7-A50G-01Z-00-DX1.C64C8A3F-048F-48CD-BC77-C3C2C0FFCA3F.h5	cbio_subtype_hnsc	0	0.722178	HPV-
split_4	train	0	HPV-	TCGA-F7-A50I	TCGA-F7-A50I-01Z-00-DX1	TCGA-F7-A50I-01	TCGA-HNSC	/research/projects/mllab/WSI/extracted_features/TCGA-HNSC/TCGA-F7-A50I-01Z-00-DX1.D777F9AF-D8B8-4EFF-9961-C456EBEB967D.h5	cbio_subtype_hnsc	0	1.246582	HPV-
split_4	train	0	HPV-	TCGA-F7-A50J	TCGA-F7-A50J-01Z-00-DX1	TCGA-F7-A50J-01	TCGA-HNSC	/research/projects/mllab/WSI/extracted_features/TCGA-HNSC/TCGA-F7-A50J-01Z-00-DX1.D754F90E-8C16-4EFB-97A4-27591CBC250D.h5	cbio_subtype_hnsc	0	1.339287	HPV-
split_4	train	0	HPV-	TCGA-F7-A61S	TCGA-F7-A61S-01Z-00-DX1	TCGA-F7-A61S-01	TCGA-HNSC	/research/projects/mllab/WSI/extracted_features/TCGA-HNSC/TCGA-F7-A61S-01Z-00-DX1.BD41A8AB-B10D-4020-A00D-47A3A3827955.h5	cbio_subtype_hnsc	0	1.126598	HPV-
split_4	train	0	HPV-	TCGA-F7-A61V	TCGA-F7-A61V-01Z-00-DX1	TCGA-F7-A61V-01	TCGA-HNSC	/research/projects/mllab/WSI/extracted_features/TCGA-HNSC/TCGA-F7-A61V-01Z-00-DX1.6F80F8B8-59B1-471F-9BD0-FEB02AB314D3.h5	cbio_subtype_hnsc	0	1.137799	HPV-
split_4	train	0	HPV-	TCGA-F7-A620	TCGA-F7-A620-01Z-00-DX1	TCGA-F7-A620-01	TCGA-HNSC	/research/projects/mllab/WSI/extracted_features/TCGA-HNSC/TCGA-F7-A620-01Z-00-DX1.E0DA4A79-6F9B-4F7C-912E-4A4514DF8F49.h5	cbio_subtype_hnsc	0	1.340660	HPV-
split_4	train	0	HPV-	TCGA-F7-A622	TCGA-F7-A622-01Z-00-DX1	TCGA-F7-A622-01	TCGA-HNSC	/research/projects/mllab/WSI/extracted_features/TCGA-HNSC/TCGA-F7-A622-01Z-00-DX1.CF21E24C-ADA4-49B6-B064-A22CAC2BA770.h5	cbio_subtype_hnsc	0	1.449879	HPV-
split_4	train	0	HPV-	TCGA-F7-A623	TCGA-F7-A623-01Z-00-DX1	TCGA-F7-A623-01	TCGA-HNSC	/research/projects/mllab/WSI/extracted_features/TCGA-HNSC/TCGA-F7-A623-01Z-00-DX1.230FB4CB-F266-4E12-8BB5-EA85CF4DF98E.h5	cbio_subtype_hnsc	0	1.210718	HPV-
split_4	train	0	HPV-	TCGA-H7-A6C4	TCGA-H7-A6C4-01Z-00-DX1	TCGA-H7-A6C4-01	TCGA-HNSC	/research/projects/mllab/WSI/extracted_features/TCGA-HNSC/TCGA-H7-A6C4-01Z-00-DX1.0A41FEF9-3604-4982-BEFB-2438861C62D4.h5	cbio_subtype_hnsc	0	0.846312	HPV-
split_4	train	0	HPV-	TCGA-HD-7753	TCGA-HD-7753-01Z-00-DX1	TCGA-HD-7753-01	TCGA-HNSC	/research/projects/mllab/WSI/extracted_features/TCGA-HNSC/TCGA-HD-7753-01Z-00-DX1.0B1217AD-76F4-488A-BE50-641F00AA2DB8.h5	cbio_subtype_hnsc	0	1.712637	HPV-
split_4	train	0	HPV-	TCGA-HD-7831	TCGA-HD-7831-01Z-00-DX1	TCGA-HD-7831-01	TCGA-HNSC	/research/projects/mllab/WSI/extracted_features/TCGA-HNSC/TCGA-HD-7831-01Z-00-DX1.a723404e-c5ae-4c02-b338-4fa9801ba5ff.h5	cbio_subtype_hnsc	0	0.999465	HPV-
split_4	train	0	HPV-	TCGA-HD-8224	TCGA-HD-8224-01Z-00-DX1	TCGA-HD-8224-01	TCGA-HNSC	/research/projects/mllab/WSI/extracted_features/TCGA-HNSC/TCGA-HD-8224-01Z-00-DX1.2b08e329-bb26-4605-bb3b-b257cef561b2.h5	cbio_subtype_hnsc	0	1.265616	HPV-
split_4	train	0	HPV-	TCGA-HD-8634	TCGA-HD-8634-01Z-00-DX1	TCGA-HD-8634-01	TCGA-HNSC	/research/projects/mllab/WSI/extracted_features/TCGA-HNSC/TCGA-HD-8634-01Z-00-DX1.DD4A56A4-A557-478D-BF86-F3764583D26E.h5	cbio_subtype_hnsc	0	1.676295	HPV-
split_4	train	0	HPV-	TCGA-HD-8635	TCGA-HD-8635-01Z-00-DX1	TCGA-HD-8635-01	TCGA-HNSC	/research/projects/mllab/WSI/extracted_features/TCGA-HNSC/TCGA-HD-8635-01Z-00-DX1.3A830969-5E7F-422C-8753-E4AEFEAED6B8.h5	cbio_subtype_hnsc	0	1.349845	HPV-
split_4	train	0	HPV-	TCGA-HD-A4C1	TCGA-HD-A4C1-01Z-00-DX1	TCGA-HD-A4C1-01	TCGA-HNSC	/research/projects/mllab/WSI/extracted_features/TCGA-HNSC/TCGA-HD-A4C1-01Z-00-DX1.AAE02372-CA5D-463D-937B-B88A1C5321F9.h5	cbio_subtype_hnsc	0	0.830972	HPV-
split_4	train	0	HPV-	TCGA-HD-A6HZ	TCGA-HD-A6HZ-01Z-00-DX1	TCGA-HD-A6HZ-01	TCGA-HNSC	/research/projects/mllab/WSI/extracted_features/TCGA-HNSC/TCGA-HD-A6HZ-01Z-00-DX1.DA05A854-E793-4CEA-A18D-0D5D2C0B4FE9.h5	cbio_subtype_hnsc	0	0.763379	HPV-
split_4	train	0	HPV-	TCGA-HD-A6I0	TCGA-HD-A6I0-01Z-00-DX1	TCGA-HD-A6I0-01	TCGA-HNSC	/research/projects/mllab/WSI/extracted_features/TCGA-HNSC/TCGA-HD-A6I0-01Z-00-DX1.FB5715C4-D13D-44C6-BCCF-A4819F6C5323.h5	cbio_subtype_hnsc	0	3.235581	HPV-
split_4	train	0	HPV-	TCGA-IQ-7632	TCGA-IQ-7632-01Z-00-DX1	TCGA-IQ-7632-01	TCGA-HNSC	/research/projects/mllab/WSI/extracted_features/TCGA-HNSC/TCGA-IQ-7632-01Z-00-DX1.6c1bfb17-4ed2-4a1b-8735-0a9b1b743985.h5	cbio_subtype_hnsc	0	1.041647	HPV-
split_4	train	0	HPV-	TCGA-IQ-A61E	TCGA-IQ-A61E-01Z-00-DX1	TCGA-IQ-A61E-01	TCGA-HNSC	/research/projects/mllab/WSI/extracted_features/TCGA-HNSC/TCGA-IQ-A61E-01Z-00-DX1.92B490BD-78B3-4A36-A09D-01EDD57447F6.h5	cbio_subtype_hnsc	0	0.688551	HPV-
split_4	train	0	HPV-	TCGA-IQ-A61G	TCGA-IQ-A61G-01Z-00-DX1	TCGA-IQ-A61G-01	TCGA-HNSC	/research/projects/mllab/WSI/extracted_features/TCGA-HNSC/TCGA-IQ-A61G-01Z-00-DX1.49645FCF-B103-4FEC-8FF6-2D720D908E01.h5	cbio_subtype_hnsc	0	0.856775	HPV-
split_4	train	0	HPV-	TCGA-IQ-A61J	TCGA-IQ-A61J-01Z-00-DX1	TCGA-IQ-A61J-01	TCGA-HNSC	/research/projects/mllab/WSI/extracted_features/TCGA-HNSC/TCGA-IQ-A61J-01Z-00-DX1.EE2EEE5B-949A-441E-9FA0-60627020E29D.h5	cbio_subtype_hnsc	0	1.333731	HPV-
split_4	train	0	HPV-	TCGA-IQ-A61O	TCGA-IQ-A61O-01Z-00-DX1	TCGA-IQ-A61O-01	TCGA-HNSC	/research/projects/mllab/WSI/extracted_features/TCGA-HNSC/TCGA-IQ-A61O-01Z-00-DX1.9ECA5801-3913-45B1-845D-13674F15439E.h5	cbio_subtype_hnsc	0	1.105913	HPV-
split_4	train	0	HPV-	TCGA-IQ-A6SG	TCGA-IQ-A6SG-01Z-00-DX1	TCGA-IQ-A6SG-01	TCGA-HNSC	/research/projects/mllab/WSI/extracted_features/TCGA-HNSC/TCGA-IQ-A6SG-01Z-00-DX1.3A03D675-BE6D-49E5-9FC2-B0E4CE967D09.h5	cbio_subtype_hnsc	0	0.699052	HPV-
split_4	train	0	HPV-	TCGA-KU-A66T	TCGA-KU-A66T-01Z-00-DX1	TCGA-KU-A66T-01	TCGA-HNSC	/research/projects/mllab/WSI/extracted_features/TCGA-HNSC/TCGA-KU-A66T-01Z-00-DX1.0166566D-9742-4551-846A-92BAE7F144A9.h5	cbio_subtype_hnsc	0	0.931514	HPV-
split_4	train	0	HPV-	TCGA-KU-A6H8	TCGA-KU-A6H8-01Z-00-DX1	TCGA-KU-A6H8-01	TCGA-HNSC	/research/projects/mllab/WSI/extracted_features/TCGA-HNSC/TCGA-KU-A6H8-01Z-00-DX1.35F8655C-B91D-43CE-8E2D-FAC479E434DE.h5	cbio_subtype_hnsc	0	0.465909	HPV-
split_4	train	0	HPV-	TCGA-MT-A51W	TCGA-MT-A51W-01Z-00-DX1	TCGA-MT-A51W-01	TCGA-HNSC	/research/projects/mllab/WSI/extracted_features/TCGA-HNSC/TCGA-MT-A51W-01Z-00-DX1.92B14BE2-36B1-4A2D-A735-DE6D631006A7.h5	cbio_subtype_hnsc	0	1.011785	HPV-
split_4	train	0	HPV-	TCGA-MT-A51X	TCGA-MT-A51X-01Z-00-DX1	TCGA-MT-A51X-01	TCGA-HNSC	/research/projects/mllab/WSI/extracted_features/TCGA-HNSC/TCGA-MT-A51X-01Z-00-DX1.A7469A54-DDD5-4B3E-A437-F51FBDD8B158.h5	cbio_subtype_hnsc	0	1.025556	HPV-
split_4	train	0	HPV-	TCGA-MT-A67A	TCGA-MT-A67A-01Z-00-DX1	TCGA-MT-A67A-01	TCGA-HNSC	/research/projects/mllab/WSI/extracted_features/TCGA-HNSC/TCGA-MT-A67A-01Z-00-DX1.7C12D59B-185E-4A25-B67F-A4ECEBE3746A.h5	cbio_subtype_hnsc	0	1.502394	HPV-
split_4	train	0	HPV-	TCGA-MT-A67D	TCGA-MT-A67D-01Z-00-DX1	TCGA-MT-A67D-01	TCGA-HNSC	/research/projects/mllab/WSI/extracted_features/TCGA-HNSC/TCGA-MT-A67D-01Z-00-DX1.D7A8AEAE-5328-4C19-B29F-8172EA4EA18E.h5	cbio_subtype_hnsc	0	1.436453	HPV-
split_4	train	0	HPV-	TCGA-MT-A67F	TCGA-MT-A67F-01Z-00-DX1	TCGA-MT-A67F-01	TCGA-HNSC	/research/projects/mllab/WSI/extracted_features/TCGA-HNSC/TCGA-MT-A67F-01Z-00-DX1.2266D11A-C5E7-4D18-949E-409331EF905C.h5	cbio_subtype_hnsc	0	1.076474	HPV-
split_4	train	0	HPV-	TCGA-MT-A7BN	TCGA-MT-A7BN-01Z-00-DX1	TCGA-MT-A7BN-01	TCGA-HNSC	/research/projects/mllab/WSI/extracted_features/TCGA-HNSC/TCGA-MT-A7BN-01Z-00-DX1.C1D38B2A-7F42-4469-82C0-85F808EDEA23.h5	cbio_subtype_hnsc	0	1.028383	HPV-
split_4	train	0	HPV-	TCGA-MZ-A7D7	TCGA-MZ-A7D7-01Z-00-DX1	TCGA-MZ-A7D7-01	TCGA-HNSC	/research/projects/mllab/WSI/extracted_features/TCGA-HNSC/TCGA-MZ-A7D7-01Z-00-DX1.A9E4D12E-1B8B-4499-B805-7FBA8D69A7DA.h5	cbio_subtype_hnsc	0	0.501524	HPV-
split_4	train	0	HPV-	TCGA-P3-A5Q6	TCGA-P3-A5Q6-01Z-00-DX1	TCGA-P3-A5Q6-01	TCGA-HNSC	/research/projects/mllab/WSI/extracted_features/TCGA-HNSC/TCGA-P3-A5Q6-01Z-00-DX1.246ED957-F840-4C95-B66F-2116AD7AFF93.h5	cbio_subtype_hnsc	0	0.981500	HPV-
split_4	train	0	HPV-	TCGA-P3-A5QA	TCGA-P3-A5QA-01Z-00-DX1	TCGA-P3-A5QA-01	TCGA-HNSC	/research/projects/mllab/WSI/extracted_features/TCGA-HNSC/TCGA-P3-A5QA-01Z-00-DX1.4EA8DD62-AF4F-4872-B2AA-F40125D45D3A.h5	cbio_subtype_hnsc	0	1.235465	HPV-
split_4	train	0	HPV-	TCGA-P3-A6SX	TCGA-P3-A6SX-01Z-00-DX1	TCGA-P3-A6SX-01	TCGA-HNSC	/research/projects/mllab/WSI/extracted_features/TCGA-HNSC/TCGA-P3-A6SX-01Z-00-DX1.AB3C5814-D645-4ED3-B81D-683E9FA0BBA5.h5	cbio_subtype_hnsc	0	0.523535	HPV-
split_4	train	0	HPV-	TCGA-P3-A6T0	TCGA-P3-A6T0-01Z-00-DX1	TCGA-P3-A6T0-01	TCGA-HNSC	/research/projects/mllab/WSI/extracted_features/TCGA-HNSC/TCGA-P3-A6T0-01Z-00-DX1.7150F252-D6B7-4155-B719-EF6213D30BE0.h5	cbio_subtype_hnsc	0	0.747970	HPV-
split_4	train	0	HPV-	TCGA-P3-A6T2	TCGA-P3-A6T2-01Z-00-DX1	TCGA-P3-A6T2-01	TCGA-HNSC	/research/projects/mllab/WSI/extracted_features/TCGA-HNSC/TCGA-P3-A6T2-01Z-00-DX1.693C40C7-0980-4426-B2D2-514AC727A302.h5	cbio_subtype_hnsc	0	0.541799	HPV-
split_4	train	0	HPV-	TCGA-P3-A6T3	TCGA-P3-A6T3-01Z-00-DX1	TCGA-P3-A6T3-01	TCGA-HNSC	/research/projects/mllab/WSI/extracted_features/TCGA-HNSC/TCGA-P3-A6T3-01Z-00-DX1.EC756904-A270-44E1-8935-9B9F6C25AAB6.h5	cbio_subtype_hnsc	0	0.617234	HPV-
split_4	train	0	HPV-	TCGA-P3-A6T4	TCGA-P3-A6T4-01Z-00-DX1	TCGA-P3-A6T4-01	TCGA-HNSC	/research/projects/mllab/WSI/extracted_features/TCGA-HNSC/TCGA-P3-A6T4-01Z-00-DX1.5DC1C4B4-7BB2-44AE-8D7A-FFFA3CB4BE63.h5	cbio_subtype_hnsc	0	0.600193	HPV-
split_4	train	0	HPV-	TCGA-P3-A6T5	TCGA-P3-A6T5-01Z-00-DX1	TCGA-P3-A6T5-01	TCGA-HNSC	/research/projects/mllab/WSI/extracted_features/TCGA-HNSC/TCGA-P3-A6T5-01Z-00-DX1.0DA45A73-2A44-4894-ADFA-22974EE85D99.h5	cbio_subtype_hnsc	0	1.204626	HPV-
split_4	train	0	HPV-	TCGA-P3-A6T7	TCGA-P3-A6T7-01Z-00-DX1	TCGA-P3-A6T7-01	TCGA-HNSC	/research/projects/mllab/WSI/extracted_features/TCGA-HNSC/TCGA-P3-A6T7-01Z-00-DX1.B150E785-D8CA-4D1A-95B7-D678E5A66AFC.h5	cbio_subtype_hnsc	0	0.722247	HPV-
split_4	train	0	HPV-	TCGA-QK-A64Z	TCGA-QK-A64Z-01Z-00-DX1	TCGA-QK-A64Z-01	TCGA-HNSC	/research/projects/mllab/WSI/extracted_features/TCGA-HNSC/TCGA-QK-A64Z-01Z-00-DX1.A894D5AB-8914-412A-B719-E4ED659C8D88.h5	cbio_subtype_hnsc	0	1.441804	HPV-
split_4	train	0	HPV-	TCGA-QK-A64Z	TCGA-QK-A64Z-01Z-00-DX2	TCGA-QK-A64Z-01	TCGA-HNSC	/research/projects/mllab/WSI/extracted_features/TCGA-HNSC/TCGA-QK-A64Z-01Z-00-DX2.96E8ABB3-3925-402B-8E51-7CF8CA0C63B9.h5	cbio_subtype_hnsc	0	1.441804	HPV-
split_4	train	0	HPV-	TCGA-QK-A64Z	TCGA-QK-A64Z-01Z-00-DX3	TCGA-QK-A64Z-01	TCGA-HNSC	/research/projects/mllab/WSI/extracted_features/TCGA-HNSC/TCGA-QK-A64Z-01Z-00-DX3.4C6D6F13-08E5-41DD-BE8F-D89087D00F22.h5	cbio_subtype_hnsc	0	1.441804	HPV-
split_4	train	0	HPV-	TCGA-QK-A64Z	TCGA-QK-A64Z-01Z-00-DX4	TCGA-QK-A64Z-01	TCGA-HNSC	/research/projects/mllab/WSI/extracted_features/TCGA-HNSC/TCGA-QK-A64Z-01Z-00-DX4.370068FC-E205-494A-A5C1-0CBAFE2A28F2.h5	cbio_subtype_hnsc	0	1.441804	HPV-
split_4	train	0	HPV-	TCGA-QK-A652	TCGA-QK-A652-01Z-00-DX1	TCGA-QK-A652-01	TCGA-HNSC	/research/projects/mllab/WSI/extracted_features/TCGA-HNSC/TCGA-QK-A652-01Z-00-DX1.CCE949FD-A9F4-4EE2-8A5E-C1AED3852274.h5	cbio_subtype_hnsc	0	1.892924	HPV-
split_4	train	0	HPV-	TCGA-QK-A6IG	TCGA-QK-A6IG-01Z-00-DX1	TCGA-QK-A6IG-01	TCGA-HNSC	/research/projects/mllab/WSI/extracted_features/TCGA-HNSC/TCGA-QK-A6IG-01Z-00-DX1.857DDCAF-E225-4A1D-94C7-FEA5BCCDE35E.h5	cbio_subtype_hnsc	0	0.952851	HPV-
split_4	train	0	HPV-	TCGA-QK-A6IH	TCGA-QK-A6IH-01Z-00-DX1	TCGA-QK-A6IH-01	TCGA-HNSC	/research/projects/mllab/WSI/extracted_features/TCGA-HNSC/TCGA-QK-A6IH-01Z-00-DX1.64FBAC70-4F12-4CB4-AA19-DC00AAC18F44.h5	cbio_subtype_hnsc	0	1.885602	HPV-
split_4	train	0	HPV-	TCGA-QK-A6VB	TCGA-QK-A6VB-01Z-00-DX1	TCGA-QK-A6VB-01	TCGA-HNSC	/research/projects/mllab/WSI/extracted_features/TCGA-HNSC/TCGA-QK-A6VB-01Z-00-DX1.FE7E0C89-BB9B-479F-97B0-40B52735E8F7.h5	cbio_subtype_hnsc	0	0.420367	HPV-
split_4	train	0	HPV-	TCGA-QK-A6VC	TCGA-QK-A6VC-01Z-00-DX1	TCGA-QK-A6VC-01	TCGA-HNSC	/research/projects/mllab/WSI/extracted_features/TCGA-HNSC/TCGA-QK-A6VC-01Z-00-DX1.CC57328B-DA0D-4AFA-B88E-0938E698AD36.h5	cbio_subtype_hnsc	0	0.733276	HPV-
split_4	train	0	HPV-	TCGA-QK-A8Z7	TCGA-QK-A8Z7-01Z-00-DX1	TCGA-QK-A8Z7-01	TCGA-HNSC	/research/projects/mllab/WSI/extracted_features/TCGA-HNSC/TCGA-QK-A8Z7-01Z-00-DX1.B6D9B290-9AE2-4996-BF3A-30834C7E11EE.h5	cbio_subtype_hnsc	0	0.829372	HPV-
split_4	train	0	HPV-	TCGA-QK-A8Z8	TCGA-QK-A8Z8-01Z-00-DX1	TCGA-QK-A8Z8-01	TCGA-HNSC	/research/projects/mllab/WSI/extracted_features/TCGA-HNSC/TCGA-QK-A8Z8-01Z-00-DX1.7C01D3B3-A21A-43BF-B09A-0FC31B63CC71.h5	cbio_subtype_hnsc	0	0.788714	HPV-
split_4	train	0	HPV-	TCGA-QK-A8Z8	TCGA-QK-A8Z8-01Z-00-DX2	TCGA-QK-A8Z8-01	TCGA-HNSC	/research/projects/mllab/WSI/extracted_features/TCGA-HNSC/TCGA-QK-A8Z8-01Z-00-DX2.31A487D0-4BAE-4C99-8475-1737EFC8E4E5.h5	cbio_subtype_hnsc	0	0.788714	HPV-
split_4	train	0	HPV-	TCGA-QK-A8ZA	TCGA-QK-A8ZA-01Z-00-DX1	TCGA-QK-A8ZA-01	TCGA-HNSC	/research/projects/mllab/WSI/extracted_features/TCGA-HNSC/TCGA-QK-A8ZA-01Z-00-DX1.D169F19F-99A3-4A8C-9AE8-24C529B2CE12.h5	cbio_subtype_hnsc	0	0.804282	HPV-
split_4	train	0	HPV-	TCGA-QK-A8ZB	TCGA-QK-A8ZB-01Z-00-DX1	TCGA-QK-A8ZB-01	TCGA-HNSC	/research/projects/mllab/WSI/extracted_features/TCGA-HNSC/TCGA-QK-A8ZB-01Z-00-DX1.EBCCEFBD-C1AB-4513-979D-9D99468C4BAA.h5	cbio_subtype_hnsc	0	0.511780	HPV-
split_4	train	0	HPV-	TCGA-QK-AA3J	TCGA-QK-AA3J-01Z-00-DX1	TCGA-QK-AA3J-01	TCGA-HNSC	/research/projects/mllab/WSI/extracted_features/TCGA-HNSC/TCGA-QK-AA3J-01Z-00-DX1.ABCA519E-CF09-4FB3-812F-A977C4F0BA91.h5	cbio_subtype_hnsc	0	0.808862	HPV-
split_4	train	0	HPV-	TCGA-RS-A6TO	TCGA-RS-A6TO-01Z-00-DX1	TCGA-RS-A6TO-01	TCGA-HNSC	/research/projects/mllab/WSI/extracted_features/TCGA-HNSC/TCGA-RS-A6TO-01Z-00-DX1.394CBA89-802C-4B88-98ED-7E173BCB39EA.h5	cbio_subtype_hnsc	0	0.513862	HPV-
split_4	train	0	HPV-	TCGA-T2-A6WX	TCGA-T2-A6WX-01Z-00-DX1	TCGA-T2-A6WX-01	TCGA-HNSC	/research/projects/mllab/WSI/extracted_features/TCGA-HNSC/TCGA-T2-A6WX-01Z-00-DX1.E4C76787-98AE-439C-8021-9B7F4649601B.h5	cbio_subtype_hnsc	0	0.821270	HPV-
split_4	train	0	HPV-	TCGA-T2-A6WZ	TCGA-T2-A6WZ-01Z-00-DX1	TCGA-T2-A6WZ-01	TCGA-HNSC	/research/projects/mllab/WSI/extracted_features/TCGA-HNSC/TCGA-T2-A6WZ-01Z-00-DX1.52078A9C-735F-4781-999E-3B65EA1C4174.h5	cbio_subtype_hnsc	0	1.626800	HPV-
split_4	train	0	HPV-	TCGA-T3-A92N	TCGA-T3-A92N-01Z-00-DX1	TCGA-T3-A92N-01	TCGA-HNSC	/research/projects/mllab/WSI/extracted_features/TCGA-HNSC/TCGA-T3-A92N-01Z-00-DX1.9A75D592-5F85-45AE-9424-B032525F99D7.h5	cbio_subtype_hnsc	0	0.803666	HPV-
split_4	train	0	HPV-	TCGA-T3-A92N	TCGA-T3-A92N-01Z-00-DX2	TCGA-T3-A92N-01	TCGA-HNSC	/research/projects/mllab/WSI/extracted_features/TCGA-HNSC/TCGA-T3-A92N-01Z-00-DX2.A08786DD-AF48-4551-BF71-E41C371C97C7.h5	cbio_subtype_hnsc	0	0.803666	HPV-
split_4	train	0	HPV-	TCGA-T3-A92N	TCGA-T3-A92N-01Z-00-DX3	TCGA-T3-A92N-01	TCGA-HNSC	/research/projects/mllab/WSI/extracted_features/TCGA-HNSC/TCGA-T3-A92N-01Z-00-DX3.E58A0E28-D773-493B-8119-5883F1AA9B79.h5	cbio_subtype_hnsc	0	0.803666	HPV-
split_4	train	0	HPV-	TCGA-TN-A7HJ	TCGA-TN-A7HJ-01Z-00-DX1	TCGA-TN-A7HJ-01	TCGA-HNSC	/research/projects/mllab/WSI/extracted_features/TCGA-HNSC/TCGA-TN-A7HJ-01Z-00-DX1.60C30A65-58A2-47C5-BBB3-B4B22597B024.h5	cbio_subtype_hnsc	0	0.899818	HPV-
split_4	train	0	HPV-	TCGA-UF-A718	TCGA-UF-A718-01Z-00-DX1	TCGA-UF-A718-01	TCGA-HNSC	/research/projects/mllab/WSI/extracted_features/TCGA-HNSC/TCGA-UF-A718-01Z-00-DX1.D7364E57-41D6-4865-B194-9448FF17E1EE.h5	cbio_subtype_hnsc	0	0.541482	HPV-
split_4	train	0	HPV-	TCGA-UF-A719	TCGA-UF-A719-01Z-00-DX1	TCGA-UF-A719-01	TCGA-HNSC	/research/projects/mllab/WSI/extracted_features/TCGA-HNSC/TCGA-UF-A719-01Z-00-DX1.4C4ECC2C-C390-4C5E-A709-CF08C113F1A1.h5	cbio_subtype_hnsc	0	0.611170	HPV-
split_4	train	0	HPV-	TCGA-UF-A71B	TCGA-UF-A71B-01Z-00-DX1	TCGA-UF-A71B-01	TCGA-HNSC	/research/projects/mllab/WSI/extracted_features/TCGA-HNSC/TCGA-UF-A71B-01Z-00-DX1.CCFFEF75-2940-4B3C-AC75-ED66F1BF449E.h5	cbio_subtype_hnsc	0	0.829369	HPV-
split_4	train	0	HPV-	TCGA-UF-A71D	TCGA-UF-A71D-01Z-00-DX1	TCGA-UF-A71D-01	TCGA-HNSC	/research/projects/mllab/WSI/extracted_features/TCGA-HNSC/TCGA-UF-A71D-01Z-00-DX1.4372D70E-9EF5-444D-AA78-A64FE53519BF.h5	cbio_subtype_hnsc	0	0.596186	HPV-
split_4	train	0	HPV-	TCGA-UF-A7J9	TCGA-UF-A7J9-01Z-00-DX1	TCGA-UF-A7J9-01	TCGA-HNSC	/research/projects/mllab/WSI/extracted_features/TCGA-HNSC/TCGA-UF-A7J9-01Z-00-DX1.A9C90563-3D51-4953-9A41-0884A5634F99.h5	cbio_subtype_hnsc	0	0.905844	HPV-
split_4	train	0	HPV-	TCGA-UF-A7JC	TCGA-UF-A7JC-01Z-00-DX1	TCGA-UF-A7JC-01	TCGA-HNSC	/research/projects/mllab/WSI/extracted_features/TCGA-HNSC/TCGA-UF-A7JC-01Z-00-DX1.2A922335-3B40-4B4B-B392-48B2B8848042.h5	cbio_subtype_hnsc	0	0.628631	HPV-
split_4	train	0	HPV-	TCGA-UF-A7JF	TCGA-UF-A7JF-01Z-00-DX1	TCGA-UF-A7JF-01	TCGA-HNSC	/research/projects/mllab/WSI/extracted_features/TCGA-HNSC/TCGA-UF-A7JF-01Z-00-DX1.A0DE60C2-9C0A-42C8-84F6-F9D2EA675EEA.h5	cbio_subtype_hnsc	0	0.791936	HPV-
split_4	train	0	HPV-	TCGA-UF-A7JH	TCGA-UF-A7JH-01Z-00-DX1	TCGA-UF-A7JH-01	TCGA-HNSC	/research/projects/mllab/WSI/extracted_features/TCGA-HNSC/TCGA-UF-A7JH-01Z-00-DX1.E14157A1-F6D6-4E54-9FE1-6D1DC48C37A6.h5	cbio_subtype_hnsc	0	0.594720	HPV-
split_4	train	0	HPV-	TCGA-UF-A7JJ	TCGA-UF-A7JJ-01Z-00-DX1	TCGA-UF-A7JJ-01	TCGA-HNSC	/research/projects/mllab/WSI/extracted_features/TCGA-HNSC/TCGA-UF-A7JJ-01Z-00-DX1.C540BC43-FCAB-45DC-86BD-081CAE47A018.h5	cbio_subtype_hnsc	0	0.495937	HPV-
split_4	train	0	HPV-	TCGA-UF-A7JK	TCGA-UF-A7JK-01Z-00-DX1	TCGA-UF-A7JK-01	TCGA-HNSC	/research/projects/mllab/WSI/extracted_features/TCGA-HNSC/TCGA-UF-A7JK-01Z-00-DX1.7CEA17F6-1EAC-4B48-A08F-B81ADEBE74D5.h5	cbio_subtype_hnsc	0	0.606497	HPV-
split_4	train	0	HPV-	TCGA-UF-A7JT	TCGA-UF-A7JT-01Z-00-DX1	TCGA-UF-A7JT-01	TCGA-HNSC	/research/projects/mllab/WSI/extracted_features/TCGA-HNSC/TCGA-UF-A7JT-01Z-00-DX1.A8F8DEA4-408C-4138-AE9C-D28978E58FA3.h5	cbio_subtype_hnsc	0	0.672686	HPV-
split_4	train	0	HPV-	TCGA-UF-A7JV	TCGA-UF-A7JV-01Z-00-DX1	TCGA-UF-A7JV-01	TCGA-HNSC	/research/projects/mllab/WSI/extracted_features/TCGA-HNSC/TCGA-UF-A7JV-01Z-00-DX1.55EF22B7-002A-4CCD-BBD4-99DDE19B3EA7.h5	cbio_subtype_hnsc	0	1.091179	HPV-
split_4	train	0	HPV-	TCGA-WA-A7GZ	TCGA-WA-A7GZ-01Z-00-DX1	TCGA-WA-A7GZ-01	TCGA-HNSC	/research/projects/mllab/WSI/extracted_features/TCGA-HNSC/TCGA-WA-A7GZ-01Z-00-DX1.B9004E76-4D4B-4F69-ACA6-DFEFA05676A9.h5	cbio_subtype_hnsc	0	0.554110	HPV-
split_4	train	0	HPV-	TCGA-WA-A7GZ	TCGA-WA-A7GZ-01Z-00-DX2	TCGA-WA-A7GZ-01	TCGA-HNSC	/research/projects/mllab/WSI/extracted_features/TCGA-HNSC/TCGA-WA-A7GZ-01Z-00-DX2.2A1C2575-63E3-4CD2-861F-133E04837931.h5	cbio_subtype_hnsc	0	0.554110	HPV-
split_4	train	0	HPV-	TCGA-WA-A7H4	TCGA-WA-A7H4-01Z-00-DX1	TCGA-WA-A7H4-01	TCGA-HNSC	/research/projects/mllab/WSI/extracted_features/TCGA-HNSC/TCGA-WA-A7H4-01Z-00-DX1.7D3E529C-F062-41CB-A0D0-455BCDE63C31.h5	cbio_subtype_hnsc	0	0.437721	HPV-
split_4	train	0	HPV-	TCGA-WA-A7H4	TCGA-WA-A7H4-01Z-00-DX2	TCGA-WA-A7H4-01	TCGA-HNSC	/research/projects/mllab/WSI/extracted_features/TCGA-HNSC/TCGA-WA-A7H4-01Z-00-DX2.40997C97-F0B1-4943-8DD6-BD3F8AE3384F.h5	cbio_subtype_hnsc	0	0.437721	HPV-
split_4	train	1	HPV+	TCGA-BA-4077	TCGA-BA-4077-01Z-00-DX1	TCGA-BA-4077-01	TCGA-HNSC	/research/projects/mllab/WSI/extracted_features/TCGA-HNSC/TCGA-BA-4077-01Z-00-DX1.547A89DF-9628-4594-BEB7-20EA7C5B5A5E.h5	nature2015_hnsc_fallback	0	203.278171	HPV+
split_4	train	1	HPV+	TCGA-BA-5153	TCGA-BA-5153-01Z-00-DX1	TCGA-BA-5153-01	TCGA-HNSC	/research/projects/mllab/WSI/extracted_features/TCGA-HNSC/TCGA-BA-5153-01Z-00-DX1.045011D8-DF25-4B13-BF92-188D5EBE96CF.h5	cbio_subtype_hnsc	0	297.590627	HPV+
split_4	train	1	HPV+	TCGA-BA-5559	TCGA-BA-5559-01Z-00-DX1	TCGA-BA-5559-01	TCGA-HNSC	/research/projects/mllab/WSI/extracted_features/TCGA-HNSC/TCGA-BA-5559-01Z-00-DX1.2ef4e82a-fec2-4382-966c-ad991e5b2787.h5	cbio_subtype_hnsc	0	144.281231	HPV+
split_4	train	1	HPV+	TCGA-BB-4223	TCGA-BB-4223-01Z-00-DX1	TCGA-BB-4223-01	TCGA-HNSC	/research/projects/mllab/WSI/extracted_features/TCGA-HNSC/TCGA-BB-4223-01Z-00-DX1.8806b83e-910f-4ee8-aa83-f84e3d13155f.h5	cbio_subtype_hnsc	0	115.364965	HPV+
split_4	train	1	HPV+	TCGA-BB-4225	TCGA-BB-4225-01Z-00-DX1	TCGA-BB-4225-01	TCGA-HNSC	/research/projects/mllab/WSI/extracted_features/TCGA-HNSC/TCGA-BB-4225-01Z-00-DX1.cfce62af-e565-4673-9970-afd08767b062.h5	cbio_subtype_hnsc	0	983.549805	HPV+
split_4	train	1	HPV+	TCGA-BB-4228	TCGA-BB-4228-01Z-00-DX1	TCGA-BB-4228-01	TCGA-HNSC	/research/projects/mllab/WSI/extracted_features/TCGA-HNSC/TCGA-BB-4228-01Z-00-DX1.170b1b9a-05ac-4115-965e-56c2af944f1f.h5	cbio_subtype_hnsc	0	292.397488	HPV+
split_4	train	1	HPV+	TCGA-BB-A6UM	TCGA-BB-A6UM-01Z-00-DX1	TCGA-BB-A6UM-01	TCGA-HNSC	/research/projects/mllab/WSI/extracted_features/TCGA-HNSC/TCGA-BB-A6UM-01Z-00-DX1.403D4D0A-83F4-4D2F-9CBB-C7A1470AC565.h5	cbio_subtype_hnsc	0	46.981386	HPV+
split_4	train	1	HPV+	TCGA-CN-5374	TCGA-CN-5374-01Z-00-DX1	TCGA-CN-5374-01	TCGA-HNSC	/research/projects/mllab/WSI/extracted_features/TCGA-HNSC/TCGA-CN-5374-01Z-00-DX1.027c681b-d8d8-47fd-b0f8-917d6ddb3b83.h5	cbio_subtype_hnsc	0	122.216738	HPV+
split_4	train	1	HPV+	TCGA-CQ-5323	TCGA-CQ-5323-01Z-00-DX1	TCGA-CQ-5323-01	TCGA-HNSC	/research/projects/mllab/WSI/extracted_features/TCGA-HNSC/TCGA-CQ-5323-01Z-00-DX1.d1e62a32-5f0c-41bf-adf8-ff4e1534808c.h5	cbio_subtype_hnsc	0	60.870678	HPV+
split_4	train	1	HPV+	TCGA-CV-5442	TCGA-CV-5442-01Z-00-DX1	TCGA-CV-5442-01	TCGA-HNSC	/research/projects/mllab/WSI/extracted_features/TCGA-HNSC/TCGA-CV-5442-01Z-00-DX1.4BB38B9C-A472-4E01-B272-46D541ABBF41.h5	cbio_subtype_hnsc	0	45.663297	HPV+
split_4	train	1	HPV+	TCGA-CV-5443	TCGA-CV-5443-01Z-00-DX1	TCGA-CV-5443-01	TCGA-HNSC	/research/projects/mllab/WSI/extracted_features/TCGA-HNSC/TCGA-CV-5443-01Z-00-DX1.96E2E775-BB82-4F14-ADB4-B16EF1C7D800.h5	cbio_subtype_hnsc	0	184.136886	HPV+
split_4	train	1	HPV+	TCGA-CV-5971	TCGA-CV-5971-01Z-00-DX1	TCGA-CV-5971-01	TCGA-HNSC	/research/projects/mllab/WSI/extracted_features/TCGA-HNSC/TCGA-CV-5971-01Z-00-DX1.563DDB4B-6B91-4A52-B2B7-4A8CAF00E6A1.h5	cbio_subtype_hnsc	0	23.434299	HPV+
split_4	train	1	HPV+	TCGA-CV-6433	TCGA-CV-6433-01Z-00-DX1	TCGA-CV-6433-01	TCGA-HNSC	/research/projects/mllab/WSI/extracted_features/TCGA-HNSC/TCGA-CV-6433-01Z-00-DX1.069ACB4F-226C-40B6-A141-0E2A1788E68E.h5	cbio_subtype_hnsc	0	257.684964	HPV+
split_4	train	1	HPV+	TCGA-CV-6939	TCGA-CV-6939-01Z-00-DX1	TCGA-CV-6939-01	TCGA-HNSC	/research/projects/mllab/WSI/extracted_features/TCGA-HNSC/TCGA-CV-6939-01Z-00-DX1.20CE5EC1-FE6A-4AD2-A968-135267CAB7E0.h5	cbio_subtype_hnsc	0	111.051455	HPV+
split_4	train	1	HPV+	TCGA-CV-6961	TCGA-CV-6961-01Z-00-DX1	TCGA-CV-6961-01	TCGA-HNSC	/research/projects/mllab/WSI/extracted_features/TCGA-HNSC/TCGA-CV-6961-01Z-00-DX1.325AA036-BCD6-450E-96B2-1317C4DB2412.h5	cbio_subtype_hnsc	0	140.855072	HPV+
split_4	train	1	HPV+	TCGA-CV-7100	TCGA-CV-7100-01Z-00-DX1	TCGA-CV-7100-01	TCGA-HNSC	/research/projects/mllab/WSI/extracted_features/TCGA-HNSC/TCGA-CV-7100-01Z-00-DX1.44DFCAC1-2567-40E7-8F03-AF1FB742B012.h5	cbio_subtype_hnsc	0	289.207273	HPV+
split_4	train	1	HPV+	TCGA-CV-7406	TCGA-CV-7406-01Z-00-DX1	TCGA-CV-7406-01	TCGA-HNSC	/research/projects/mllab/WSI/extracted_features/TCGA-HNSC/TCGA-CV-7406-01Z-00-DX1.DD01FA19-8CBD-4BCF-9BC7-F23AE48FA667.h5	cbio_subtype_hnsc	0	26.174696	HPV+
split_4	train	1	HPV+	TCGA-DQ-7591	TCGA-DQ-7591-01Z-00-DX1	TCGA-DQ-7591-01	TCGA-HNSC	/research/projects/mllab/WSI/extracted_features/TCGA-HNSC/TCGA-DQ-7591-01Z-00-DX1.8304B939-542C-4D30-8C77-F705DE1311FF.h5	cbio_subtype_hnsc	0	367.521349	HPV+
split_4	train	1	HPV+	TCGA-DQ-7593	TCGA-DQ-7593-01Z-00-DX1	TCGA-DQ-7593-01	TCGA-HNSC	/research/projects/mllab/WSI/extracted_features/TCGA-HNSC/TCGA-DQ-7593-01Z-00-DX1.973A0BE2-053D-487A-90CF-C6ADB8384E8B.h5	cbio_subtype_hnsc	0	168.930118	HPV+
split_4	train	1	HPV+	TCGA-DQ-7596	TCGA-DQ-7596-01Z-00-DX1	TCGA-DQ-7596-01	TCGA-HNSC	/research/projects/mllab/WSI/extracted_features/TCGA-HNSC/TCGA-DQ-7596-01Z-00-DX1.83133BB5-B039-4D11-A9BC-20B6C70D0BD2.h5	cbio_subtype_hnsc	0	318.770618	HPV+
split_4	train	1	HPV+	TCGA-H7-A76A	TCGA-H7-A76A-01Z-00-DX1	TCGA-H7-A76A-01	TCGA-HNSC	/research/projects/mllab/WSI/extracted_features/TCGA-HNSC/TCGA-H7-A76A-01Z-00-DX1.E4D824E3-2076-4E46-83F8-9BF5283FCDEE.h5	cbio_subtype_hnsc	0	155.390786	HPV+
split_4	train	1	HPV+	TCGA-HD-7754	TCGA-HD-7754-01Z-00-DX1	TCGA-HD-7754-01	TCGA-HNSC	/research/projects/mllab/WSI/extracted_features/TCGA-HNSC/TCGA-HD-7754-01Z-00-DX1.D7E9DB5F-A293-4F4E-BA06-D807E43F0868.h5	cbio_subtype_hnsc	0	106.289345	HPV+
split_4	train	1	HPV+	TCGA-HD-7832	TCGA-HD-7832-01Z-00-DX1	TCGA-HD-7832-01	TCGA-HNSC	/research/projects/mllab/WSI/extracted_features/TCGA-HNSC/TCGA-HD-7832-01Z-00-DX1.2240D7A6-AF1F-43F9-9748-05498FEECAD5.h5	cbio_subtype_hnsc	0	123.718960	HPV+
split_4	train	1	HPV+	TCGA-HD-A634	TCGA-HD-A634-01Z-00-DX1	TCGA-HD-A634-01	TCGA-HNSC	/research/projects/mllab/WSI/extracted_features/TCGA-HNSC/TCGA-HD-A634-01Z-00-DX1.A9D1976D-E5F0-4A99-9D33-21F5C6932FEB.h5	cbio_subtype_hnsc	0	844.258784	HPV+
split_4	train	1	HPV+	TCGA-IQ-A61I	TCGA-IQ-A61I-01Z-00-DX1	TCGA-IQ-A61I-01	TCGA-HNSC	/research/projects/mllab/WSI/extracted_features/TCGA-HNSC/TCGA-IQ-A61I-01Z-00-DX1.6A796222-C609-472B-A905-C5D0521625D9.h5	cbio_subtype_hnsc	0	523.157268	HPV+
split_4	train	1	HPV+	TCGA-P3-A5Q5	TCGA-P3-A5Q5-01Z-00-DX1	TCGA-P3-A5Q5-01	TCGA-HNSC	/research/projects/mllab/WSI/extracted_features/TCGA-HNSC/TCGA-P3-A5Q5-01Z-00-DX1.A5CDF9E0-2F77-465F-B910-8FA7717F3E16.h5	cbio_subtype_hnsc	0	113.596543	HPV+
split_4	train	1	HPV+	TCGA-P3-A5QE	TCGA-P3-A5QE-01Z-00-DX1	TCGA-P3-A5QE-01	TCGA-HNSC	/research/projects/mllab/WSI/extracted_features/TCGA-HNSC/TCGA-P3-A5QE-01Z-00-DX1.AC509BDE-864F-4E38-A693-09EE13C666A5.h5	cbio_subtype_hnsc	0	522.282959	HPV+
split_4	train	1	HPV+	TCGA-P3-A5QF	TCGA-P3-A5QF-01Z-00-DX1	TCGA-P3-A5QF-01	TCGA-HNSC	/research/projects/mllab/WSI/extracted_features/TCGA-HNSC/TCGA-P3-A5QF-01Z-00-DX1.EC33D817-A9FF-4406-9FE4-12D0F37AA189.h5	cbio_subtype_hnsc	0	181.036607	HPV+
split_4	train	1	HPV+	TCGA-P3-A6SW	TCGA-P3-A6SW-01Z-00-DX1	TCGA-P3-A6SW-01	TCGA-HNSC	/research/projects/mllab/WSI/extracted_features/TCGA-HNSC/TCGA-P3-A6SW-01Z-00-DX1.254AB8E0-F6CE-4C66-959C-0619459FB5E9.h5	cbio_subtype_hnsc	0	25.548738	HPV+
split_4	train	1	HPV+	TCGA-P3-A6T6	TCGA-P3-A6T6-01Z-00-DX1	TCGA-P3-A6T6-01	TCGA-HNSC	/research/projects/mllab/WSI/extracted_features/TCGA-HNSC/TCGA-P3-A6T6-01Z-00-DX1.4873798C-A2AD-40D5-B5B3-FCF75735C4F3.h5	cbio_subtype_hnsc	0	203.240586	HPV+
split_4	train	1	HPV+	TCGA-T2-A6X0	TCGA-T2-A6X0-01Z-00-DX1	TCGA-T2-A6X0-01	TCGA-HNSC	/research/projects/mllab/WSI/extracted_features/TCGA-HNSC/TCGA-T2-A6X0-01Z-00-DX1.B745431A-B9AA-4436-BF69-59EC4D73F14A.h5	cbio_subtype_hnsc	0	71.682826	HPV+
split_4	train	1	HPV+	TCGA-TN-A7HI	TCGA-TN-A7HI-01Z-00-DX1	TCGA-TN-A7HI-01	TCGA-HNSC	/research/projects/mllab/WSI/extracted_features/TCGA-HNSC/TCGA-TN-A7HI-01Z-00-DX1.C216A80D-616A-439A-8BC0-AE6FAC938CA1.h5	cbio_subtype_hnsc	0	219.249059	HPV+
split_4	train	1	HPV+	TCGA-TN-A7HL	TCGA-TN-A7HL-01Z-00-DX1	TCGA-TN-A7HL-01	TCGA-HNSC	/research/projects/mllab/WSI/extracted_features/TCGA-HNSC/TCGA-TN-A7HL-01Z-00-DX1.CD7BE3E0-0814-499F-829E-928890BB26F3.h5	cbio_subtype_hnsc	0	75.239209	HPV+
