case_id	project_dir	tp53_mutated	kras_mutated	mutation_has_data	mutation_n_samples_with_data	mutation_source
TCGA-02-0001	TCGA-GBM	Unknown	Unknown	0	0	cbio_mutation_tp53_kras
TCGA-02-0003	TCGA-GBM	1	0	1	1	cbio_mutation_tp53_kras
TCGA-02-0004	TCGA-GBM	Unknown	Unknown	0	0	cbio_mutation_tp53_kras
TCGA-02-0006	TCGA-GBM	Unknown	Unknown	0	0	cbio_mutation_tp53_kras
TCGA-02-0007	TCGA-GBM	Unknown	Unknown	0	0	cbio_mutation_tp53_kras
TCGA-02-0009	TCGA-GBM	Unknown	Unknown	0	0	cbio_mutation_tp53_kras
TCGA-02-0010	TCGA-GBM	Unknown	Unknown	0	0	cbio_mutation_tp53_kras
TCGA-02-0011	TCGA-GBM	Unknown	Unknown	0	0	cbio_mutation_tp53_kras
TCGA-02-0014	TCGA-GBM	Unknown	Unknown	0	0	cbio_mutation_tp53_kras
TCGA-02-0015	TCGA-GBM	Unknown	Unknown	0	0	cbio_mutation_tp53_kras
TCGA-02-0016	TCGA-GBM	Unknown	Unknown	0	0	cbio_mutation_tp53_kras
TCGA-02-0021	TCGA-GBM	Unknown	Unknown	0	0	cbio_mutation_tp53_kras
TCGA-02-0023	TCGA-GBM	Unknown	Unknown	0	0	cbio_mutation_tp53_kras
TCGA-02-0024	TCGA-GBM	Unknown	Unknown	0	0	cbio_mutation_tp53_kras
TCGA-02-0025	TCGA-GBM	Unknown	Unknown	0	0	cbio_mutation_tp53_kras
TCGA-02-0026	TCGA-GBM	Unknown	Unknown	0	0	cbio_mutation_tp53_kras
TCGA-02-0027	TCGA-GBM	Unknown	Unknown	0	0	cbio_mutation_tp53_kras
TCGA-02-0033	TCGA-GBM	1	0	1	1	cbio_mutation_tp53_kras
TCGA-02-0034	TCGA-GBM	Unknown	Unknown	0	0	cbio_mutation_tp53_kras
TCGA-02-0037	TCGA-GBM	Unknown	Unknown	0	0	cbio_mutation_tp53_kras
TCGA-02-0038	TCGA-GBM	Unknown	Unknown	0	0	cbio_mutation_tp53_kras
TCGA-02-0047	TCGA-GBM	0	0	1	1	cbio_mutation_tp53_kras
TCGA-02-0048	TCGA-GBM	Unknown	Unknown	0	0	cbio_mutation_tp53_kras
TCGA-02-0052	TCGA-GBM	Unknown	Unknown	0	0	cbio_mutation_tp53_kras
TCGA-02-0054	TCGA-GBM	Unknown	Unknown	0	0	cbio_mutation_tp53_kras
TCGA-02-0058	TCGA-GBM	Unknown	Unknown	0	0	cbio_mutation_tp53_kras
TCGA-02-0068	TCGA-GBM	Unknown	Unknown	0	0	cbio_mutation_tp53_kras
TCGA-02-0069	TCGA-GBM	Unknown	Unknown	0	0	cbio_mutation_tp53_kras
TCGA-02-0070	TCGA-GBM	Unknown	Unknown	0	0	cbio_mutation_tp53_kras
TCGA-02-0071	TCGA-GBM	Unknown	Unknown	0	0	cbio_mutation_tp53_kras
TCGA-02-0074	TCGA-GBM	Unknown	Unknown	0	0	cbio_mutation_tp53_kras
TCGA-02-0075	TCGA-GBM	Unknown	Unknown	0	0	cbio_mutation_tp53_kras
TCGA-02-0079	TCGA-GBM	Unknown	Unknown	0	0	cbio_mutation_tp53_kras
TCGA-02-0085	TCGA-GBM	Unknown	Unknown	0	0	cbio_mutation_tp53_kras
TCGA-02-0086	TCGA-GBM	Unknown	Unknown	0	0	cbio_mutation_tp53_kras
TCGA-02-0099	TCGA-GBM	Unknown	Unknown	0	0	cbio_mutation_tp53_kras
TCGA-02-0115	TCGA-GBM	Unknown	Unknown	0	0	cbio_mutation_tp53_kras
TCGA-02-0258	TCGA-GBM	Unknown	Unknown	0	0	cbio_mutation_tp53_kras
TCGA-02-0266	TCGA-GBM	Unknown	Unknown	0	0	cbio_mutation_tp53_kras
TCGA-02-0269	TCGA-GBM	Unknown	Unknown	0	0	cbio_mutation_tp53_kras
TCGA-02-0281	TCGA-GBM	Unknown	Unknown	0	0	cbio_mutation_tp53_kras
TCGA-02-0285	TCGA-GBM	Unknown	Unknown	0	0	cbio_mutation_tp53_kras
TCGA-02-0289	TCGA-GBM	Unknown	Unknown	0	0	cbio_mutation_tp53_kras
TCGA-02-0317	TCGA-GBM	Unknown	Unknown	0	0	cbio_mutation_tp53_kras
TCGA-02-0321	TCGA-GBM	Unknown	Unknown	0	0	cbio_mutation_tp53_kras
TCGA-02-0325	TCGA-GBM	Unknown	Unknown	0	0	cbio_mutation_tp53_kras
TCGA-02-0326	TCGA-GBM	Unknown	Unknown	0	0	cbio_mutation_tp53_kras
TCGA-02-0330	TCGA-GBM	Unknown	Unknown	0	0	cbio_mutation_tp53_kras
TCGA-02-0332	TCGA-GBM	Unknown	Unknown	0	0	cbio_mutation_tp53_kras
TCGA-02-0333	TCGA-GBM	Unknown	Unknown	0	0	cbio_mutation_tp53_kras
TCGA-02-0337	TCGA-GBM	Unknown	Unknown	0	0	cbio_mutation_tp53_kras
TCGA-02-0338	TCGA-GBM	Unknown	Unknown	0	0	cbio_mutation_tp53_kras
TCGA-02-0339	TCGA-GBM	Unknown	Unknown	0	0	cbio_mutation_tp53_kras
TCGA-02-0422	TCGA-GBM	Unknown	Unknown	0	0	cbio_mutation_tp53_kras
TCGA-02-0430	TCGA-GBM	Unknown	Unknown	0	0	cbio_mutation_tp53_kras
TCGA-02-0432	TCGA-GBM	Unknown	Unknown	0	0	cbio_mutation_tp53_kras
TCGA-02-0439	TCGA-GBM	Unknown	Unknown	0	0	cbio_mutation_tp53_kras
TCGA-02-0440	TCGA-GBM	Unknown	Unknown	0	0	cbio_mutation_tp53_kras
TCGA-02-0446	TCGA-GBM	Unknown	Unknown	0	0	cbio_mutation_tp53_kras
TCGA-02-0451	TCGA-GBM	Unknown	Unknown	0	0	cbio_mutation_tp53_kras
TCGA-05-4244	TCGA-LUAD	0	1	1	1	cbio_mutation_tp53_kras
TCGA-05-4245	TCGA-LUAD	Unknown	Unknown	0	0	cbio_mutation_tp53_kras
TCGA-05-4249	TCGA-LUAD	0	1	1	1	cbio_mutation_tp53_kras
TCGA-05-4250	TCGA-LUAD	0	1	1	1	cbio_mutation_tp53_kras
TCGA-05-4382	TCGA-LUAD	1	0	1	1	cbio_mutation_tp53_kras
TCGA-05-4395	TCGA-LUAD	1	1	1	1	cbio_mutation_tp53_kras
TCGA-05-4396	TCGA-LUAD	1	0	1	1	cbio_mutation_tp53_kras
TCGA-05-4397	TCGA-LUAD	1	0	1	1	cbio_mutation_tp53_kras
TCGA-05-4398	TCGA-LUAD	1	0	1	1	cbio_mutation_tp53_kras
TCGA-05-4402	TCGA-LUAD	1	0	1	1	cbio_mutation_tp53_kras
TCGA-05-4403	TCGA-LUAD	0	1	1	1	cbio_mutation_tp53_kras
TCGA-05-4405	TCGA-LUAD	1	1	1	1	cbio_mutation_tp53_kras
TCGA-05-4415	TCGA-LUAD	1	1	1	1	cbio_mutation_tp53_kras
TCGA-05-4417	TCGA-LUAD	0	1	1	1	cbio_mutation_tp53_kras
TCGA-05-4418	TCGA-LUAD	0	1	1	1	cbio_mutation_tp53_kras
TCGA-05-4420	TCGA-LUAD	1	0	1	1	cbio_mutation_tp53_kras
TCGA-05-4422	TCGA-LUAD	0	0	1	1	cbio_mutation_tp53_kras
TCGA-05-4424	TCGA-LUAD	1	0	1	1	cbio_mutation_tp53_kras
TCGA-05-4426	TCGA-LUAD	1	0	1	1	cbio_mutation_tp53_kras
TCGA-05-4427	TCGA-LUAD	1	1	1	1	cbio_mutation_tp53_kras
TCGA-05-4430	TCGA-LUAD	1	0	1	1	cbio_mutation_tp53_kras
TCGA-05-4432	TCGA-LUAD	1	0	1	1	cbio_mutation_tp53_kras
TCGA-05-4433	TCGA-LUAD	1	1	1	1	cbio_mutation_tp53_kras
TCGA-05-4434	TCGA-LUAD	0	0	1	1	cbio_mutation_tp53_kras
TCGA-06-0122	TCGA-GBM	0	0	1	1	cbio_mutation_tp53_kras
TCGA-06-0124	TCGA-GBM	0	0	1	1	cbio_mutation_tp53_kras
TCGA-06-0125	TCGA-GBM	0	0	1	1	cbio_mutation_tp53_kras
TCGA-06-0126	TCGA-GBM	0	0	1	1	cbio_mutation_tp53_kras
TCGA-06-0127	TCGA-GBM	Unknown	Unknown	0	0	cbio_mutation_tp53_kras
TCGA-06-0128	TCGA-GBM	1	0	1	1	cbio_mutation_tp53_kras
TCGA-06-0129	TCGA-GBM	1	0	1	1	cbio_mutation_tp53_kras
TCGA-06-0130	TCGA-GBM	1	0	1	1	cbio_mutation_tp53_kras
TCGA-06-0133	TCGA-GBM	Unknown	Unknown	0	0	cbio_mutation_tp53_kras
TCGA-06-0137	TCGA-GBM	0	0	1	1	cbio_mutation_tp53_kras
TCGA-06-0138	TCGA-GBM	0	0	1	1	cbio_mutation_tp53_kras
TCGA-06-0139	TCGA-GBM	0	0	1	1	cbio_mutation_tp53_kras
TCGA-06-0141	TCGA-GBM	0	0	1	1	cbio_mutation_tp53_kras
TCGA-06-0143	TCGA-GBM	Unknown	Unknown	0	0	cbio_mutation_tp53_kras
TCGA-06-0145	TCGA-GBM	0	0	1	1	cbio_mutation_tp53_kras
TCGA-06-0147	TCGA-GBM	Unknown	Unknown	0	0	cbio_mutation_tp53_kras
TCGA-06-0148	TCGA-GBM	Unknown	Unknown	0	0	cbio_mutation_tp53_kras
TCGA-06-0152	TCGA-GBM	0	0	1	1	cbio_mutation_tp53_kras
TCGA-06-0154	TCGA-GBM	0	0	1	1	cbio_mutation_tp53_kras
TCGA-06-0156	TCGA-GBM	Unknown	Unknown	0	0	cbio_mutation_tp53_kras
TCGA-06-0157	TCGA-GBM	0	0	1	1	cbio_mutation_tp53_kras
TCGA-06-0158	TCGA-GBM	0	0	1	1	cbio_mutation_tp53_kras
TCGA-06-0166	TCGA-GBM	0	0	1	1	cbio_mutation_tp53_kras
TCGA-06-0168	TCGA-GBM	0	0	1	1	cbio_mutation_tp53_kras
TCGA-06-0169	TCGA-GBM	0	0	1	1	cbio_mutation_tp53_kras
TCGA-06-0171	TCGA-GBM	0	0	1	1	cbio_mutation_tp53_kras
TCGA-06-0173	TCGA-GBM	0	0	1	1	cbio_mutation_tp53_kras
TCGA-06-0174	TCGA-GBM	0	0	1	1	cbio_mutation_tp53_kras
TCGA-06-0176	TCGA-GBM	Unknown	Unknown	0	0	cbio_mutation_tp53_kras
TCGA-06-0178	TCGA-GBM	0	0	1	1	cbio_mutation_tp53_kras
TCGA-06-0184	TCGA-GBM	1	0	1	1	cbio_mutation_tp53_kras
TCGA-06-0185	TCGA-GBM	0	0	1	1	cbio_mutation_tp53_kras
TCGA-06-0187	TCGA-GBM	0	0	1	1	cbio_mutation_tp53_kras
TCGA-06-0188	TCGA-GBM	1	0	1	1	cbio_mutation_tp53_kras
TCGA-06-0189	TCGA-GBM	1	0	1	1	cbio_mutation_tp53_kras
TCGA-06-0190	TCGA-GBM	1	0	1	1	cbio_mutation_tp53_kras
TCGA-06-0192	TCGA-GBM	0	0	1	1	cbio_mutation_tp53_kras
TCGA-06-0195	TCGA-GBM	1	0	1	1	cbio_mutation_tp53_kras
TCGA-06-0197	TCGA-GBM	Unknown	Unknown	0	0	cbio_mutation_tp53_kras
TCGA-06-0201	TCGA-GBM	Unknown	Unknown	0	0	cbio_mutation_tp53_kras
TCGA-06-0206	TCGA-GBM	Unknown	Unknown	0	0	cbio_mutation_tp53_kras
TCGA-06-0208	TCGA-GBM	Unknown	Unknown	0	0	cbio_mutation_tp53_kras
TCGA-06-0209	TCGA-GBM	Unknown	Unknown	0	0	cbio_mutation_tp53_kras
TCGA-06-0210	TCGA-GBM	1	0	1	1	cbio_mutation_tp53_kras
TCGA-06-0211	TCGA-GBM	0	0	1	1	cbio_mutation_tp53_kras
TCGA-06-0213	TCGA-GBM	0	0	1	1	cbio_mutation_tp53_kras
TCGA-06-0214	TCGA-GBM	0	0	1	1	cbio_mutation_tp53_kras
TCGA-06-0216	TCGA-GBM	0	0	1	1	cbio_mutation_tp53_kras
TCGA-06-0219	TCGA-GBM	0	0	1	1	cbio_mutation_tp53_kras
TCGA-06-0221	TCGA-GBM	1	0	1	1	cbio_mutation_tp53_kras
TCGA-06-0237	TCGA-GBM	1	0	1	1	cbio_mutation_tp53_kras
TCGA-06-0238	TCGA-GBM	1	0	1	1	cbio_mutation_tp53_kras
TCGA-06-0241	TCGA-GBM	1	0	1	1	cbio_mutation_tp53_kras
TCGA-06-0644	TCGA-GBM	1	0	1	1	cbio_mutation_tp53_kras
TCGA-06-0645	TCGA-GBM	0	0	1	1	cbio_mutation_tp53_kras
TCGA-06-0646	TCGA-GBM	0	0	1	1	cbio_mutation_tp53_kras
TCGA-06-0648	TCGA-GBM	0	0	1	1	cbio_mutation_tp53_kras
TCGA-06-0649	TCGA-GBM	0	0	1	1	cbio_mutation_tp53_kras
TCGA-06-0686	TCGA-GBM	0	0	1	1	cbio_mutation_tp53_kras
TCGA-06-0743	TCGA-GBM	1	0	1	1	cbio_mutation_tp53_kras
TCGA-06-0744	TCGA-GBM	1	0	1	1	cbio_mutation_tp53_kras
TCGA-06-0745	TCGA-GBM	0	0	1	1	cbio_mutation_tp53_kras
TCGA-06-0747	TCGA-GBM	0	0	1	1	cbio_mutation_tp53_kras
TCGA-06-0749	TCGA-GBM	0	0	1	1	cbio_mutation_tp53_kras
TCGA-06-0750	TCGA-GBM	0	0	1	1	cbio_mutation_tp53_kras
TCGA-06-0875	TCGA-GBM	1	0	1	1	cbio_mutation_tp53_kras
TCGA-06-0876	TCGA-GBM	1	0	1	1	cbio_mutation_tp53_kras
TCGA-06-0877	TCGA-GBM	0	0	1	1	cbio_mutation_tp53_kras
TCGA-06-0878	TCGA-GBM	0	0	1	1	cbio_mutation_tp53_kras
TCGA-06-0879	TCGA-GBM	0	0	1	1	cbio_mutation_tp53_kras
TCGA-06-0881	TCGA-GBM	0	0	1	1	cbio_mutation_tp53_kras
TCGA-06-0882	TCGA-GBM	0	0	1	1	cbio_mutation_tp53_kras
TCGA-06-1084	TCGA-GBM	0	0	1	1	cbio_mutation_tp53_kras
TCGA-06-1086	TCGA-GBM	Unknown	Unknown	0	0	cbio_mutation_tp53_kras
TCGA-06-1087	TCGA-GBM	1	0	1	1	cbio_mutation_tp53_kras
TCGA-06-1800	TCGA-GBM	1	0	1	1	cbio_mutation_tp53_kras
TCGA-06-1801	TCGA-GBM	0	0	1	1	cbio_mutation_tp53_kras
TCGA-06-1802	TCGA-GBM	0	0	1	1	cbio_mutation_tp53_kras
TCGA-06-1805	TCGA-GBM	1	0	1	1	cbio_mutation_tp53_kras
TCGA-06-5408	TCGA-GBM	1	0	1	1	cbio_mutation_tp53_kras
TCGA-06-5410	TCGA-GBM	0	0	1	1	cbio_mutation_tp53_kras
TCGA-06-5411	TCGA-GBM	0	0	1	1	cbio_mutation_tp53_kras
TCGA-06-5412	TCGA-GBM	0	0	1	1	cbio_mutation_tp53_kras
TCGA-06-5413	TCGA-GBM	0	0	1	1	cbio_mutation_tp53_kras
TCGA-06-5414	TCGA-GBM	0	0	1	1	cbio_mutation_tp53_kras
TCGA-06-5415	TCGA-GBM	0	0	1	1	cbio_mutation_tp53_kras
TCGA-06-5416	TCGA-GBM	1	0	1	1	cbio_mutation_tp53_kras
TCGA-06-5417	TCGA-GBM	1	0	1	1	cbio_mutation_tp53_kras
TCGA-06-5418	TCGA-GBM	0	0	1	1	cbio_mutation_tp53_kras
TCGA-06-5856	TCGA-GBM	0	0	1	1	cbio_mutation_tp53_kras
TCGA-06-5858	TCGA-GBM	1	0	1	1	cbio_mutation_tp53_kras
TCGA-06-5859	TCGA-GBM	0	0	1	1	cbio_mutation_tp53_kras
TCGA-06-6388	TCGA-GBM	0	0	1	1	cbio_mutation_tp53_kras
TCGA-06-6389	TCGA-GBM	1	0	1	1	cbio_mutation_tp53_kras
TCGA-06-6390	TCGA-GBM	0	0	1	1	cbio_mutation_tp53_kras
TCGA-06-6391	TCGA-GBM	Unknown	Unknown	0	0	cbio_mutation_tp53_kras
TCGA-08-0244	TCGA-GBM	Unknown	Unknown	0	0	cbio_mutation_tp53_kras
TCGA-08-0245	TCGA-GBM	Unknown	Unknown	0	0	cbio_mutation_tp53_kras
TCGA-08-0246	TCGA-GBM	Unknown	Unknown	0	0	cbio_mutation_tp53_kras
TCGA-08-0344	TCGA-GBM	Unknown	Unknown	0	0	cbio_mutation_tp53_kras
TCGA-08-0345	TCGA-GBM	Unknown	Unknown	0	0	cbio_mutation_tp53_kras
TCGA-08-0346	TCGA-GBM	Unknown	Unknown	0	0	cbio_mutation_tp53_kras
TCGA-08-0347	TCGA-GBM	Unknown	Unknown	0	0	cbio_mutation_tp53_kras
TCGA-08-0348	TCGA-GBM	Unknown	Unknown	0	0	cbio_mutation_tp53_kras
TCGA-08-0349	TCGA-GBM	Unknown	Unknown	0	0	cbio_mutation_tp53_kras
TCGA-08-0350	TCGA-GBM	Unknown	Unknown	0	0	cbio_mutation_tp53_kras
TCGA-08-0351	TCGA-GBM	Unknown	Unknown	0	0	cbio_mutation_tp53_kras
TCGA-08-0352	TCGA-GBM	Unknown	Unknown	0	0	cbio_mutation_tp53_kras
TCGA-08-0353	TCGA-GBM	Unknown	Unknown	0	0	cbio_mutation_tp53_kras
TCGA-08-0354	TCGA-GBM	Unknown	Unknown	0	0	cbio_mutation_tp53_kras
TCGA-08-0355	TCGA-GBM	Unknown	Unknown	0	0	cbio_mutation_tp53_kras
TCGA-08-0356	TCGA-GBM	Unknown	Unknown	0	0	cbio_mutation_tp53_kras
TCGA-08-0357	TCGA-GBM	Unknown	Unknown	0	0	cbio_mutation_tp53_kras
TCGA-08-0358	TCGA-GBM	Unknown	Unknown	0	0	cbio_mutation_tp53_kras
TCGA-08-0359	TCGA-GBM	Unknown	Unknown	0	0	cbio_mutation_tp53_kras
TCGA-08-0360	TCGA-GBM	Unknown	Unknown	0	0	cbio_mutation_tp53_kras
TCGA-08-0373	TCGA-GBM	Unknown	Unknown	0	0	cbio_mutation_tp53_kras
TCGA-08-0375	TCGA-GBM	Unknown	Unknown	0	0	cbio_mutation_tp53_kras
TCGA-08-0380	TCGA-GBM	Unknown	Unknown	0	0	cbio_mutation_tp53_kras
TCGA-08-0385	TCGA-GBM	Unknown	Unknown	0	0	cbio_mutation_tp53_kras
TCGA-08-0386	TCGA-GBM	0	0	1	1	cbio_mutation_tp53_kras
TCGA-08-0389	TCGA-GBM	Unknown	Unknown	0	0	cbio_mutation_tp53_kras
TCGA-08-0390	TCGA-GBM	Unknown	Unknown	0	0	cbio_mutation_tp53_kras
TCGA-08-0392	TCGA-GBM	Unknown	Unknown	0	0	cbio_mutation_tp53_kras
TCGA-08-0509	TCGA-GBM	Unknown	Unknown	0	0	cbio_mutation_tp53_kras
TCGA-08-0510	TCGA-GBM	Unknown	Unknown	0	0	cbio_mutation_tp53_kras
TCGA-08-0511	TCGA-GBM	Unknown	Unknown	0	0	cbio_mutation_tp53_kras
TCGA-08-0512	TCGA-GBM	Unknown	Unknown	0	0	cbio_mutation_tp53_kras
TCGA-08-0514	TCGA-GBM	Unknown	Unknown	0	0	cbio_mutation_tp53_kras
TCGA-08-0516	TCGA-GBM	Unknown	Unknown	0	0	cbio_mutation_tp53_kras
TCGA-08-0517	TCGA-GBM	Unknown	Unknown	0	0	cbio_mutation_tp53_kras
TCGA-08-0518	TCGA-GBM	Unknown	Unknown	0	0	cbio_mutation_tp53_kras
TCGA-08-0520	TCGA-GBM	Unknown	Unknown	0	0	cbio_mutation_tp53_kras
TCGA-08-0521	TCGA-GBM	Unknown	Unknown	0	0	cbio_mutation_tp53_kras
TCGA-08-0522	TCGA-GBM	Unknown	Unknown	0	0	cbio_mutation_tp53_kras
TCGA-08-0524	TCGA-GBM	Unknown	Unknown	0	0	cbio_mutation_tp53_kras
TCGA-08-0525	TCGA-GBM	Unknown	Unknown	0	0	cbio_mutation_tp53_kras
TCGA-08-0529	TCGA-GBM	Unknown	Unknown	0	0	cbio_mutation_tp53_kras
TCGA-08-0531	TCGA-GBM	Unknown	Unknown	0	0	cbio_mutation_tp53_kras
TCGA-12-0615	TCGA-GBM	0	0	1	1	cbio_mutation_tp53_kras
TCGA-12-0616	TCGA-GBM	0	0	1	1	cbio_mutation_tp53_kras
TCGA-12-0618	TCGA-GBM	1	0	1	1	cbio_mutation_tp53_kras
TCGA-12-0619	TCGA-GBM	1	0	1	1	cbio_mutation_tp53_kras
TCGA-12-0620	TCGA-GBM	Unknown	Unknown	0	0	cbio_mutation_tp53_kras
TCGA-12-0654	TCGA-GBM	Unknown	Unknown	0	0	cbio_mutation_tp53_kras
TCGA-12-0656	TCGA-GBM	0	0	1	1	cbio_mutation_tp53_kras
TCGA-12-0657	TCGA-GBM	0	0	1	1	cbio_mutation_tp53_kras
TCGA-12-0662	TCGA-GBM	1	0	1	1	cbio_mutation_tp53_kras
TCGA-12-0670	TCGA-GBM	0	0	1	1	cbio_mutation_tp53_kras
TCGA-12-0688	TCGA-GBM	0	0	1	1	cbio_mutation_tp53_kras
TCGA-12-0691	TCGA-GBM	1	0	1	1	cbio_mutation_tp53_kras
TCGA-12-0692	TCGA-GBM	0	0	1	1	cbio_mutation_tp53_kras
TCGA-12-0703	TCGA-GBM	Unknown	Unknown	0	0	cbio_mutation_tp53_kras
TCGA-12-0707	TCGA-GBM	1	0	1	1	cbio_mutation_tp53_kras
TCGA-12-0769	TCGA-GBM	Unknown	Unknown	0	0	cbio_mutation_tp53_kras
TCGA-12-0772	TCGA-GBM	Unknown	Unknown	0	0	cbio_mutation_tp53_kras
TCGA-12-0773	TCGA-GBM	1	0	1	1	cbio_mutation_tp53_kras
TCGA-12-0775	TCGA-GBM	0	0	1	1	cbio_mutation_tp53_kras
TCGA-12-0776	TCGA-GBM	Unknown	Unknown	0	0	cbio_mutation_tp53_kras
TCGA-12-0778	TCGA-GBM	0	0	1	1	cbio_mutation_tp53_kras
TCGA-12-0780	TCGA-GBM	Unknown	Unknown	0	0	cbio_mutation_tp53_kras
TCGA-12-0818	TCGA-GBM	1	0	1	1	cbio_mutation_tp53_kras
TCGA-12-0819	TCGA-GBM	0	0	1	1	cbio_mutation_tp53_kras
TCGA-12-0820	TCGA-GBM	0	0	1	1	cbio_mutation_tp53_kras
TCGA-12-0821	TCGA-GBM	0	0	1	1	cbio_mutation_tp53_kras
TCGA-12-0822	TCGA-GBM	0	0	1	1	cbio_mutation_tp53_kras
TCGA-12-0826	TCGA-GBM	0	0	1	1	cbio_mutation_tp53_kras
TCGA-12-0827	TCGA-GBM	0	0	1	1	cbio_mutation_tp53_kras
TCGA-12-0828	TCGA-GBM	0	0	1	1	cbio_mutation_tp53_kras
TCGA-12-0829	TCGA-GBM	0	0	1	1	cbio_mutation_tp53_kras
TCGA-12-1088	TCGA-GBM	1	0	1	1	cbio_mutation_tp53_kras
TCGA-12-1089	TCGA-GBM	0	0	1	1	cbio_mutation_tp53_kras
TCGA-12-1090	TCGA-GBM	Unknown	Unknown	0	0	cbio_mutation_tp53_kras
TCGA-12-1091	TCGA-GBM	Unknown	Unknown	0	0	cbio_mutation_tp53_kras
TCGA-12-1092	TCGA-GBM	1	0	1	1	cbio_mutation_tp53_kras
TCGA-12-1093	TCGA-GBM	0	0	1	1	cbio_mutation_tp53_kras
TCGA-12-1094	TCGA-GBM	Unknown	Unknown	0	0	cbio_mutation_tp53_kras
TCGA-12-1095	TCGA-GBM	Unknown	Unknown	0	0	cbio_mutation_tp53_kras
TCGA-12-1096	TCGA-GBM	Unknown	Unknown	0	0	cbio_mutation_tp53_kras
TCGA-12-1097	TCGA-GBM	Unknown	Unknown	0	0	cbio_mutation_tp53_kras
TCGA-12-1098	TCGA-GBM	Unknown	Unknown	0	0	cbio_mutation_tp53_kras
TCGA-12-1099	TCGA-GBM	Unknown	Unknown	0	0	cbio_mutation_tp53_kras
TCGA-12-1598	TCGA-GBM	1	0	1	1	cbio_mutation_tp53_kras
TCGA-12-1599	TCGA-GBM	0	0	1	1	cbio_mutation_tp53_kras
TCGA-12-1600	TCGA-GBM	1	0	1	1	cbio_mutation_tp53_kras
TCGA-12-1602	TCGA-GBM	0	0	1	1	cbio_mutation_tp53_kras
TCGA-12-3644	TCGA-GBM	1	0	1	1	cbio_mutation_tp53_kras
TCGA-12-3646	TCGA-GBM	0	0	1	1	cbio_mutation_tp53_kras
TCGA-12-3648	TCGA-GBM	0	0	1	1	cbio_mutation_tp53_kras
TCGA-12-3649	TCGA-GBM	0	0	1	1	cbio_mutation_tp53_kras
TCGA-12-3650	TCGA-GBM	0	0	1	1	cbio_mutation_tp53_kras
TCGA-12-3651	TCGA-GBM	0	0	1	1	cbio_mutation_tp53_kras
TCGA-12-3652	TCGA-GBM	0	0	1	1	cbio_mutation_tp53_kras
TCGA-12-3653	TCGA-GBM	0	0	1	1	cbio_mutation_tp53_kras
TCGA-13-A5FT	TCGA-OV	1	0	1	1	cbio_mutation_tp53_kras
TCGA-13-A5FU	TCGA-OV	1	0	1	1	cbio_mutation_tp53_kras
TCGA-14-0783	TCGA-GBM	Unknown	Unknown	0	0	cbio_mutation_tp53_kras
TCGA-14-0786	TCGA-GBM	0	0	1	1	cbio_mutation_tp53_kras
TCGA-14-0787	TCGA-GBM	0	0	1	1	cbio_mutation_tp53_kras
TCGA-14-0789	TCGA-GBM	0	0	1	1	cbio_mutation_tp53_kras
TCGA-14-0813	TCGA-GBM	1	0	1	1	cbio_mutation_tp53_kras
TCGA-14-0817	TCGA-GBM	1	0	1	1	cbio_mutation_tp53_kras
TCGA-14-0867	TCGA-GBM	1	0	1	1	cbio_mutation_tp53_kras
TCGA-14-0871	TCGA-GBM	1	0	1	1	cbio_mutation_tp53_kras
TCGA-14-1034	TCGA-GBM	1	0	1	1	cbio_mutation_tp53_kras
TCGA-14-1037	TCGA-GBM	0	0	1	1	cbio_mutation_tp53_kras
TCGA-14-1396	TCGA-GBM	1	0	1	1	cbio_mutation_tp53_kras
TCGA-14-1401	TCGA-GBM	Unknown	Unknown	0	0	cbio_mutation_tp53_kras
TCGA-14-1402	TCGA-GBM	Unknown	Unknown	0	0	cbio_mutation_tp53_kras
TCGA-14-1451	TCGA-GBM	0	0	1	1	cbio_mutation_tp53_kras
TCGA-14-1452	TCGA-GBM	Unknown	Unknown	0	0	cbio_mutation_tp53_kras
TCGA-14-1453	TCGA-GBM	0	0	1	1	cbio_mutation_tp53_kras
TCGA-14-1454	TCGA-GBM	Unknown	Unknown	0	0	cbio_mutation_tp53_kras
TCGA-14-1455	TCGA-GBM	0	0	1	1	cbio_mutation_tp53_kras
TCGA-14-1458	TCGA-GBM	1	0	1	1	cbio_mutation_tp53_kras
TCGA-14-1459	TCGA-GBM	Unknown	Unknown	0	0	cbio_mutation_tp53_kras
TCGA-14-1794	TCGA-GBM	1	0	1	1	cbio_mutation_tp53_kras
TCGA-14-1795	TCGA-GBM	1	0	1	1	cbio_mutation_tp53_kras
TCGA-14-1821	TCGA-GBM	1	0	1	1	cbio_mutation_tp53_kras
TCGA-14-1823	TCGA-GBM	0	0	1	1	cbio_mutation_tp53_kras
TCGA-14-1825	TCGA-GBM	1	0	1	1	cbio_mutation_tp53_kras
TCGA-14-1827	TCGA-GBM	0	0	1	1	cbio_mutation_tp53_kras
TCGA-14-1829	TCGA-GBM	0	0	1	1	cbio_mutation_tp53_kras
TCGA-15-0742	TCGA-GBM	0	0	1	1	cbio_mutation_tp53_kras
TCGA-15-1444	TCGA-GBM	Unknown	Unknown	0	0	cbio_mutation_tp53_kras
TCGA-15-1446	TCGA-GBM	0	0	1	1	cbio_mutation_tp53_kras
TCGA-15-1447	TCGA-GBM	Unknown	Unknown	0	0	cbio_mutation_tp53_kras
TCGA-15-1449	TCGA-GBM	Unknown	Unknown	0	0	cbio_mutation_tp53_kras
TCGA-18-3406	TCGA-LUSC	1	0	1	1	cbio_mutation_tp53_kras
TCGA-18-3407	TCGA-LUSC	1	0	1	1	cbio_mutation_tp53_kras
TCGA-18-3408	TCGA-LUSC	1	0	1	1	cbio_mutation_tp53_kras
TCGA-18-3409	TCGA-LUSC	Unknown	Unknown	0	0	cbio_mutation_tp53_kras
TCGA-18-3410	TCGA-LUSC	1	0	1	1	cbio_mutation_tp53_kras
TCGA-18-3411	TCGA-LUSC	1	0	1	1	cbio_mutation_tp53_kras
TCGA-18-3412	TCGA-LUSC	1	0	1	1	cbio_mutation_tp53_kras
TCGA-18-3414	TCGA-LUSC	1	0	1	1	cbio_mutation_tp53_kras
TCGA-18-3415	TCGA-LUSC	1	0	1	1	cbio_mutation_tp53_kras
TCGA-18-3416	TCGA-LUSC	1	0	1	1	cbio_mutation_tp53_kras
TCGA-18-3417	TCGA-LUSC	1	0	1	1	cbio_mutation_tp53_kras
TCGA-18-3419	TCGA-LUSC	0	0	1	1	cbio_mutation_tp53_kras
TCGA-18-3421	TCGA-LUSC	1	0	1	1	cbio_mutation_tp53_kras
TCGA-18-4083	TCGA-LUSC	1	0	1	1	cbio_mutation_tp53_kras
TCGA-18-4086	TCGA-LUSC	0	0	1	1	cbio_mutation_tp53_kras
TCGA-18-4721	TCGA-LUSC	1	0	1	1	cbio_mutation_tp53_kras
TCGA-18-5592	TCGA-LUSC	1	0	1	1	cbio_mutation_tp53_kras
TCGA-18-5595	TCGA-LUSC	Unknown	Unknown	0	0	cbio_mutation_tp53_kras
TCGA-19-0955	TCGA-GBM	Unknown	Unknown	0	0	cbio_mutation_tp53_kras
TCGA-19-0957	TCGA-GBM	0	0	1	1	cbio_mutation_tp53_kras
TCGA-19-0960	TCGA-GBM	Unknown	Unknown	0	0	cbio_mutation_tp53_kras
TCGA-19-0962	TCGA-GBM	Unknown	Unknown	0	0	cbio_mutation_tp53_kras
TCGA-19-0963	TCGA-GBM	Unknown	Unknown	0	0	cbio_mutation_tp53_kras
TCGA-19-0964	TCGA-GBM	Unknown	Unknown	0	0	cbio_mutation_tp53_kras
TCGA-19-1385	TCGA-GBM	0	0	1	1	cbio_mutation_tp53_kras
TCGA-19-1386	TCGA-GBM	0	0	1	1	cbio_mutation_tp53_kras
TCGA-19-1387	TCGA-GBM	0	0	1	1	cbio_mutation_tp53_kras
TCGA-19-1390	TCGA-GBM	1	0	1	1	cbio_mutation_tp53_kras
TCGA-19-1392	TCGA-GBM	Unknown	Unknown	0	0	cbio_mutation_tp53_kras
TCGA-19-1786	TCGA-GBM	0	0	1	1	cbio_mutation_tp53_kras
TCGA-19-1787	TCGA-GBM	1	0	1	1	cbio_mutation_tp53_kras
TCGA-19-1788	TCGA-GBM	Unknown	Unknown	0	0	cbio_mutation_tp53_kras
TCGA-19-1789	TCGA-GBM	0	0	1	1	cbio_mutation_tp53_kras
TCGA-19-1790	TCGA-GBM	0	0	1	1	cbio_mutation_tp53_kras
TCGA-19-1791	TCGA-GBM	0	0	1	1	cbio_mutation_tp53_kras
TCGA-19-2619	TCGA-GBM	0	0	1	1	cbio_mutation_tp53_kras
TCGA-19-2620	TCGA-GBM	0	0	1	1	cbio_mutation_tp53_kras
TCGA-19-2621	TCGA-GBM	0	0	1	1	cbio_mutation_tp53_kras
TCGA-19-2623	TCGA-GBM	1	0	1	1	cbio_mutation_tp53_kras
TCGA-19-2624	TCGA-GBM	0	0	1	1	cbio_mutation_tp53_kras
TCGA-19-2625	TCGA-GBM	1	0	1	1	cbio_mutation_tp53_kras
TCGA-19-2629	TCGA-GBM	1	0	1	1	cbio_mutation_tp53_kras
TCGA-19-2631	TCGA-GBM	0	0	1	1	cbio_mutation_tp53_kras
TCGA-19-4065	TCGA-GBM	1	0	1	1	cbio_mutation_tp53_kras
TCGA-19-4068	TCGA-GBM	0	0	1	1	cbio_mutation_tp53_kras
TCGA-19-5947	TCGA-GBM	0	0	1	1	cbio_mutation_tp53_kras
TCGA-19-5950	TCGA-GBM	0	0	1	1	cbio_mutation_tp53_kras
TCGA-19-5951	TCGA-GBM	0	0	1	1	cbio_mutation_tp53_kras
TCGA-19-5952	TCGA-GBM	0	0	1	1	cbio_mutation_tp53_kras
TCGA-19-5953	TCGA-GBM	0	0	1	1	cbio_mutation_tp53_kras
TCGA-19-5954	TCGA-GBM	0	0	1	1	cbio_mutation_tp53_kras
TCGA-19-5955	TCGA-GBM	0	0	1	1	cbio_mutation_tp53_kras
TCGA-19-5956	TCGA-GBM	1	0	1	1	cbio_mutation_tp53_kras
TCGA-19-5958	TCGA-GBM	0	0	1	1	cbio_mutation_tp53_kras
TCGA-19-5959	TCGA-GBM	0	0	1	1	cbio_mutation_tp53_kras
TCGA-19-5960	TCGA-GBM	0	0	1	1	cbio_mutation_tp53_kras
TCGA-19-A60I	TCGA-GBM	0	0	1	1	cbio_mutation_tp53_kras
TCGA-19-A6J4	TCGA-GBM	0	0	1	1	cbio_mutation_tp53_kras
TCGA-19-A6J5	TCGA-GBM	1	0	1	1	cbio_mutation_tp53_kras
TCGA-21-1070	TCGA-LUSC	Unknown	Unknown	0	0	cbio_mutation_tp53_kras
TCGA-21-1071	TCGA-LUSC	0	0	1	1	cbio_mutation_tp53_kras
TCGA-21-1072	TCGA-LUSC	0	0	1	1	cbio_mutation_tp53_kras
TCGA-21-1075	TCGA-LUSC	1	0	1	1	cbio_mutation_tp53_kras
TCGA-21-1076	TCGA-LUSC	1	0	1	1	cbio_mutation_tp53_kras
TCGA-21-1077	TCGA-LUSC	Unknown	Unknown	0	0	cbio_mutation_tp53_kras
TCGA-21-1078	TCGA-LUSC	Unknown	Unknown	0	0	cbio_mutation_tp53_kras
TCGA-21-1079	TCGA-LUSC	1	0	1	1	cbio_mutation_tp53_kras
TCGA-21-1080	TCGA-LUSC	1	0	1	1	cbio_mutation_tp53_kras
TCGA-21-1081	TCGA-LUSC	0	0	1	1	cbio_mutation_tp53_kras
TCGA-21-1082	TCGA-LUSC	1	0	1	1	cbio_mutation_tp53_kras
TCGA-21-1083	TCGA-LUSC	Unknown	Unknown	0	0	cbio_mutation_tp53_kras
TCGA-21-5782	TCGA-LUSC	1	0	1	1	cbio_mutation_tp53_kras
TCGA-21-5783	TCGA-LUSC	1	1	1	1	cbio_mutation_tp53_kras
TCGA-21-5784	TCGA-LUSC	1	0	1	1	cbio_mutation_tp53_kras
TCGA-21-5786	TCGA-LUSC	1	0	1	1	cbio_mutation_tp53_kras
TCGA-21-5787	TCGA-LUSC	1	0	1	1	cbio_mutation_tp53_kras
TCGA-21-A5DI	TCGA-LUSC	Unknown	Unknown	0	0	cbio_mutation_tp53_kras
TCGA-22-0940	TCGA-LUSC	1	0	1	1	cbio_mutation_tp53_kras
TCGA-22-0944	TCGA-LUSC	1	0	1	1	cbio_mutation_tp53_kras
TCGA-22-1000	TCGA-LUSC	1	0	1	1	cbio_mutation_tp53_kras
TCGA-22-1002	TCGA-LUSC	1	0	1	1	cbio_mutation_tp53_kras
TCGA-22-1005	TCGA-LUSC	0	0	1	1	cbio_mutation_tp53_kras
TCGA-22-1011	TCGA-LUSC	1	0	1	1	cbio_mutation_tp53_kras
TCGA-22-1012	TCGA-LUSC	1	0	1	1	cbio_mutation_tp53_kras
TCGA-22-1016	TCGA-LUSC	1	0	1	1	cbio_mutation_tp53_kras
TCGA-22-1017	TCGA-LUSC	0	0	1	1	cbio_mutation_tp53_kras
TCGA-22-4591	TCGA-LUSC	0	0	1	1	cbio_mutation_tp53_kras
TCGA-22-4593	TCGA-LUSC	1	0	1	1	cbio_mutation_tp53_kras
TCGA-22-4594	TCGA-LUSC	1	0	1	1	cbio_mutation_tp53_kras
TCGA-22-4595	TCGA-LUSC	1	0	1	1	cbio_mutation_tp53_kras
TCGA-22-4596	TCGA-LUSC	0	0	1	1	cbio_mutation_tp53_kras
TCGA-22-4599	TCGA-LUSC	1	0	1	1	cbio_mutation_tp53_kras
TCGA-22-4601	TCGA-LUSC	1	0	1	1	cbio_mutation_tp53_kras
TCGA-22-4604	TCGA-LUSC	1	0	1	1	cbio_mutation_tp53_kras
TCGA-22-4605	TCGA-LUSC	1	0	1	1	cbio_mutation_tp53_kras
TCGA-22-4607	TCGA-LUSC	1	0	1	1	cbio_mutation_tp53_kras
TCGA-22-4609	TCGA-LUSC	1	0	1	1	cbio_mutation_tp53_kras
TCGA-22-4613	TCGA-LUSC	1	0	1	1	cbio_mutation_tp53_kras
TCGA-22-5471	TCGA-LUSC	1	0	1	1	cbio_mutation_tp53_kras
TCGA-22-5472	TCGA-LUSC	1	0	1	1	cbio_mutation_tp53_kras
TCGA-22-5473	TCGA-LUSC	1	0	1	1	cbio_mutation_tp53_kras
TCGA-22-5474	TCGA-LUSC	1	0	1	1	cbio_mutation_tp53_kras
TCGA-22-5477	TCGA-LUSC	1	0	1	1	cbio_mutation_tp53_kras
TCGA-22-5478	TCGA-LUSC	1	0	1	1	cbio_mutation_tp53_kras
TCGA-22-5479	TCGA-LUSC	1	0	1	1	cbio_mutation_tp53_kras
TCGA-22-5480	TCGA-LUSC	1	0	1	1	cbio_mutation_tp53_kras
TCGA-22-5481	TCGA-LUSC	1	0	1	1	cbio_mutation_tp53_kras
TCGA-22-5482	TCGA-LUSC	1	0	1	1	cbio_mutation_tp53_kras
TCGA-22-5483	TCGA-LUSC	1	0	1	1	cbio_mutation_tp53_kras
TCGA-22-5485	TCGA-LUSC	1	0	1	1	cbio_mutation_tp53_kras
TCGA-22-5489	TCGA-LUSC	1	0	1	1	cbio_mutation_tp53_kras
TCGA-22-5491	TCGA-LUSC	1	0	1	1	cbio_mutation_tp53_kras
TCGA-22-5492	TCGA-LUSC	1	0	1	1	cbio_mutation_tp53_kras
TCGA-22-A5C4	TCGA-LUSC	1	0	1	1	cbio_mutation_tp53_kras
TCGA-23-1021	TCGA-OV	1	0	1	1	cbio_mutation_tp53_kras
TCGA-23-1022	TCGA-OV	1	0	1	1	cbio_mutation_tp53_kras
TCGA-23-1023	TCGA-OV	Unknown	Unknown	0	0	cbio_mutation_tp53_kras
TCGA-23-1024	TCGA-OV	0	0	1	1	cbio_mutation_tp53_kras
TCGA-23-1026	TCGA-OV	0	0	1	1	cbio_mutation_tp53_kras
TCGA-23-1027	TCGA-OV	1	0	1	1	cbio_mutation_tp53_kras
TCGA-23-1028	TCGA-OV	0	0	1	1	cbio_mutation_tp53_kras
TCGA-23-1029	TCGA-OV	1	0	1	1	cbio_mutation_tp53_kras
TCGA-23-1030	TCGA-OV	1	0	1	1	cbio_mutation_tp53_kras
TCGA-23-1031	TCGA-OV	Unknown	Unknown	0	0	cbio_mutation_tp53_kras
TCGA-23-1032	TCGA-OV	1	0	1	1	cbio_mutation_tp53_kras
TCGA-23-1107	TCGA-OV	Unknown	Unknown	0	0	cbio_mutation_tp53_kras
TCGA-23-1109	TCGA-OV	0	0	1	1	cbio_mutation_tp53_kras
TCGA-23-1110	TCGA-OV	1	0	1	1	cbio_mutation_tp53_kras
TCGA-23-1111	TCGA-OV	1	0	1	1	cbio_mutation_tp53_kras
TCGA-23-1113	TCGA-OV	1	0	1	1	cbio_mutation_tp53_kras
TCGA-23-1114	TCGA-OV	1	0	1	1	cbio_mutation_tp53_kras
TCGA-23-1116	TCGA-OV	1	0	1	1	cbio_mutation_tp53_kras
TCGA-23-1117	TCGA-OV	1	0	1	1	cbio_mutation_tp53_kras
TCGA-23-1118	TCGA-OV	1	0	1	1	cbio_mutation_tp53_kras
TCGA-23-1119	TCGA-OV	0	0	1	1	cbio_mutation_tp53_kras
TCGA-23-1120	TCGA-OV	0	0	1	1	cbio_mutation_tp53_kras
TCGA-23-1121	TCGA-OV	1	0	1	1	cbio_mutation_tp53_kras
TCGA-23-1122	TCGA-OV	1	0	1	1	cbio_mutation_tp53_kras
TCGA-23-1123	TCGA-OV	1	0	1	1	cbio_mutation_tp53_kras
TCGA-23-1809	TCGA-OV	1	0	1	1	cbio_mutation_tp53_kras
TCGA-23-2072	TCGA-OV	1	0	1	1	cbio_mutation_tp53_kras
TCGA-23-2077	TCGA-OV	1	0	1	1	cbio_mutation_tp53_kras
TCGA-23-2078	TCGA-OV	1	0	1	1	cbio_mutation_tp53_kras
TCGA-23-2079	TCGA-OV	0	0	1	1	cbio_mutation_tp53_kras
TCGA-23-2081	TCGA-OV	0	0	1	1	cbio_mutation_tp53_kras
TCGA-23-2084	TCGA-OV	1	0	1	1	cbio_mutation_tp53_kras
TCGA-23-2641	TCGA-OV	1	0	1	1	cbio_mutation_tp53_kras
TCGA-23-2643	TCGA-OV	1	0	1	1	cbio_mutation_tp53_kras
TCGA-23-2645	TCGA-OV	1	0	1	1	cbio_mutation_tp53_kras
TCGA-23-2647	TCGA-OV	1	0	1	1	cbio_mutation_tp53_kras
TCGA-23-2649	TCGA-OV	1	0	1	1	cbio_mutation_tp53_kras
TCGA-25-1312	TCGA-OV	1	0	1	1	cbio_mutation_tp53_kras
TCGA-25-1313	TCGA-OV	1	0	1	1	cbio_mutation_tp53_kras
TCGA-25-1314	TCGA-OV	1	0	1	1	cbio_mutation_tp53_kras
TCGA-25-1315	TCGA-OV	1	0	1	1	cbio_mutation_tp53_kras
TCGA-25-1316	TCGA-OV	0	1	1	1	cbio_mutation_tp53_kras
TCGA-25-1317	TCGA-OV	Unknown	Unknown	0	0	cbio_mutation_tp53_kras
TCGA-25-1318	TCGA-OV	0	0	1	1	cbio_mutation_tp53_kras
TCGA-25-1319	TCGA-OV	1	0	1	1	cbio_mutation_tp53_kras
TCGA-25-1320	TCGA-OV	1	0	1	1	cbio_mutation_tp53_kras
TCGA-25-1321	TCGA-OV	0	0	1	1	cbio_mutation_tp53_kras
TCGA-25-1322	TCGA-OV	0	0	1	1	cbio_mutation_tp53_kras
TCGA-25-1323	TCGA-OV	1	0	1	1	cbio_mutation_tp53_kras
TCGA-25-1324	TCGA-OV	0	0	1	1	cbio_mutation_tp53_kras
TCGA-25-1325	TCGA-OV	Unknown	Unknown	0	0	cbio_mutation_tp53_kras
TCGA-25-1326	TCGA-OV	1	0	1	1	cbio_mutation_tp53_kras
TCGA-25-1328	TCGA-OV	0	0	1	1	cbio_mutation_tp53_kras
TCGA-25-1329	TCGA-OV	1	0	1	1	cbio_mutation_tp53_kras
TCGA-25-1623	TCGA-OV	0	0	1	1	cbio_mutation_tp53_kras
TCGA-25-1625	TCGA-OV	Unknown	Unknown	0	0	cbio_mutation_tp53_kras
TCGA-25-1626	TCGA-OV	0	0	1	1	cbio_mutation_tp53_kras
TCGA-25-1627	TCGA-OV	0	0	1	1	cbio_mutation_tp53_kras
TCGA-25-1628	TCGA-OV	0	0	1	1	cbio_mutation_tp53_kras
TCGA-25-1630	TCGA-OV	0	0	1	1	cbio_mutation_tp53_kras
TCGA-25-1631	TCGA-OV	0	0	1	1	cbio_mutation_tp53_kras
TCGA-25-1632	TCGA-OV	0	0	1	1	cbio_mutation_tp53_kras
TCGA-25-1633	TCGA-OV	0	0	1	1	cbio_mutation_tp53_kras
TCGA-25-1634	TCGA-OV	0	0	1	1	cbio_mutation_tp53_kras
TCGA-25-1635	TCGA-OV	0	0	1	1	cbio_mutation_tp53_kras
TCGA-25-1870	TCGA-OV	0	0	1	1	cbio_mutation_tp53_kras
TCGA-25-1871	TCGA-OV	0	0	1	1	cbio_mutation_tp53_kras
TCGA-25-1877	TCGA-OV	0	0	1	1	cbio_mutation_tp53_kras
TCGA-25-1878	TCGA-OV	Unknown	Unknown	0	0	cbio_mutation_tp53_kras
TCGA-25-2042	TCGA-OV	1	0	1	1	cbio_mutation_tp53_kras
TCGA-25-2390	TCGA-OV	Unknown	Unknown	0	0	cbio_mutation_tp53_kras
TCGA-25-2391	TCGA-OV	1	0	1	1	cbio_mutation_tp53_kras
TCGA-25-2392	TCGA-OV	1	0	1	1	cbio_mutation_tp53_kras
TCGA-25-2393	TCGA-OV	1	0	1	1	cbio_mutation_tp53_kras
TCGA-25-2396	TCGA-OV	1	0	1	1	cbio_mutation_tp53_kras
TCGA-25-2397	TCGA-OV	1	0	1	1	cbio_mutation_tp53_kras
TCGA-25-2398	TCGA-OV	0	0	1	1	cbio_mutation_tp53_kras
TCGA-25-2399	TCGA-OV	1	0	1	1	cbio_mutation_tp53_kras
TCGA-25-2400	TCGA-OV	1	0	1	1	cbio_mutation_tp53_kras
TCGA-25-2401	TCGA-OV	1	0	1	1	cbio_mutation_tp53_kras
TCGA-25-2404	TCGA-OV	1	0	1	1	cbio_mutation_tp53_kras
TCGA-25-2408	TCGA-OV	0	0	1	1	cbio_mutation_tp53_kras
TCGA-25-2409	TCGA-OV	1	0	1	1	cbio_mutation_tp53_kras
TCGA-26-1438	TCGA-GBM	Unknown	Unknown	0	0	cbio_mutation_tp53_kras
TCGA-26-1439	TCGA-GBM	0	0	1	1	cbio_mutation_tp53_kras
TCGA-26-1440	TCGA-GBM	Unknown	Unknown	0	0	cbio_mutation_tp53_kras
TCGA-26-1442	TCGA-GBM	1	0	1	1	cbio_mutation_tp53_kras
TCGA-26-1443	TCGA-GBM	Unknown	Unknown	0	0	cbio_mutation_tp53_kras
TCGA-26-1799	TCGA-GBM	0	0	1	1	cbio_mutation_tp53_kras
TCGA-26-5132	TCGA-GBM	0	0	1	1	cbio_mutation_tp53_kras
TCGA-26-5133	TCGA-GBM	1	0	1	1	cbio_mutation_tp53_kras
TCGA-26-5134	TCGA-GBM	0	0	1	1	cbio_mutation_tp53_kras
TCGA-26-5135	TCGA-GBM	0	0	1	1	cbio_mutation_tp53_kras
TCGA-26-5136	TCGA-GBM	1	0	1	1	cbio_mutation_tp53_kras
TCGA-26-5139	TCGA-GBM	0	0	1	1	cbio_mutation_tp53_kras
TCGA-26-6173	TCGA-GBM	0	0	1	1	cbio_mutation_tp53_kras
TCGA-26-6174	TCGA-GBM	0	0	1	1	cbio_mutation_tp53_kras
TCGA-26-A7UX	TCGA-GBM	0	0	1	1	cbio_mutation_tp53_kras
TCGA-27-1830	TCGA-GBM	1	0	1	1	cbio_mutation_tp53_kras
TCGA-27-1831	TCGA-GBM	0	0	1	1	cbio_mutation_tp53_kras
TCGA-27-1832	TCGA-GBM	0	0	1	1	cbio_mutation_tp53_kras
TCGA-27-1833	TCGA-GBM	0	0	1	1	cbio_mutation_tp53_kras
TCGA-27-1834	TCGA-GBM	0	0	1	1	cbio_mutation_tp53_kras
TCGA-27-1835	TCGA-GBM	1	0	1	1	cbio_mutation_tp53_kras
TCGA-27-1836	TCGA-GBM	1	0	1	1	cbio_mutation_tp53_kras
TCGA-27-1837	TCGA-GBM	0	0	1	1	cbio_mutation_tp53_kras
TCGA-27-1838	TCGA-GBM	1	0	1	1	cbio_mutation_tp53_kras
TCGA-27-2518	TCGA-GBM	0	0	1	1	cbio_mutation_tp53_kras
TCGA-27-2519	TCGA-GBM	1	0	1	1	cbio_mutation_tp53_kras
TCGA-27-2521	TCGA-GBM	1	0	1	1	cbio_mutation_tp53_kras
TCGA-27-2523	TCGA-GBM	0	0	1	1	cbio_mutation_tp53_kras
TCGA-27-2524	TCGA-GBM	0	0	1	1	cbio_mutation_tp53_kras
TCGA-27-2526	TCGA-GBM	0	0	1	1	cbio_mutation_tp53_kras
TCGA-27-2527	TCGA-GBM	0	0	1	1	cbio_mutation_tp53_kras
TCGA-27-2528	TCGA-GBM	0	0	1	1	cbio_mutation_tp53_kras
TCGA-28-1745	TCGA-GBM	Unknown	Unknown	0	0	cbio_mutation_tp53_kras
TCGA-28-1746	TCGA-GBM	1	0	1	1	cbio_mutation_tp53_kras
TCGA-28-1749	TCGA-GBM	0	0	1	1	cbio_mutation_tp53_kras
TCGA-28-1750	TCGA-GBM	0	0	1	1	cbio_mutation_tp53_kras
TCGA-28-1751	TCGA-GBM	0	0	1	1	cbio_mutation_tp53_kras
TCGA-28-1752	TCGA-GBM	1	0	1	1	cbio_mutation_tp53_kras
TCGA-28-1755	TCGA-GBM	0	0	1	1	cbio_mutation_tp53_kras
TCGA-28-1757	TCGA-GBM	0	0	1	1	cbio_mutation_tp53_kras
TCGA-28-1760	TCGA-GBM	Unknown	Unknown	0	0	cbio_mutation_tp53_kras
TCGA-2A-A8VL	TCGA-PRAD	0	0	1	1	cbio_mutation_tp53_kras
TCGA-2A-A8VO	TCGA-PRAD	0	0	1	1	cbio_mutation_tp53_kras
TCGA-2A-A8VT	TCGA-PRAD	1	0	1	1	cbio_mutation_tp53_kras
TCGA-2A-A8VV	TCGA-PRAD	0	0	1	1	cbio_mutation_tp53_kras
TCGA-2A-A8VX	TCGA-PRAD	0	0	1	1	cbio_mutation_tp53_kras
TCGA-2A-A8W1	TCGA-PRAD	0	0	1	1	cbio_mutation_tp53_kras
TCGA-2A-A8W3	TCGA-PRAD	0	0	1	1	cbio_mutation_tp53_kras
TCGA-2A-AAYF	TCGA-PRAD	0	0	1	1	cbio_mutation_tp53_kras
TCGA-2A-AAYO	TCGA-PRAD	0	0	1	1	cbio_mutation_tp53_kras
TCGA-2A-AAYU	TCGA-PRAD	0	0	1	1	cbio_mutation_tp53_kras
TCGA-2E-A9G8	TCGA-UCEC	1	0	1	1	cbio_mutation_tp53_kras
TCGA-2F-A9KO	TCGA-BLCA	0	0	1	1	cbio_mutation_tp53_kras
TCGA-2F-A9KP	TCGA-BLCA	1	0	1	1	cbio_mutation_tp53_kras
TCGA-2F-A9KQ	TCGA-BLCA	0	0	1	1	cbio_mutation_tp53_kras
TCGA-2F-A9KR	TCGA-BLCA	0	0	1	1	cbio_mutation_tp53_kras
TCGA-2F-A9KT	TCGA-BLCA	0	0	1	1	cbio_mutation_tp53_kras
TCGA-2F-A9KW	TCGA-BLCA	0	0	1	1	cbio_mutation_tp53_kras
TCGA-2G-AAEW	TCGA-TGCT	0	1	1	1	cbio_mutation_tp53_kras
TCGA-2G-AAEX	TCGA-TGCT	0	0	1	1	cbio_mutation_tp53_kras
TCGA-2G-AAF1	TCGA-TGCT	0	0	1	1	cbio_mutation_tp53_kras
TCGA-2G-AAF4	TCGA-TGCT	0	1	1	1	cbio_mutation_tp53_kras
TCGA-2G-AAF6	TCGA-TGCT	0	1	1	1	cbio_mutation_tp53_kras
TCGA-2G-AAF8	TCGA-TGCT	0	0	1	1	cbio_mutation_tp53_kras
TCGA-2G-AAFE	TCGA-TGCT	Unknown	Unknown	0	0	cbio_mutation_tp53_kras
TCGA-2G-AAFG	TCGA-TGCT	0	0	1	1	cbio_mutation_tp53_kras
TCGA-2G-AAFH	TCGA-TGCT	0	0	1	1	cbio_mutation_tp53_kras
TCGA-2G-AAFI	TCGA-TGCT	0	0	1	1	cbio_mutation_tp53_kras
TCGA-2G-AAFJ	TCGA-TGCT	0	0	1	1	cbio_mutation_tp53_kras
TCGA-2G-AAFL	TCGA-TGCT	0	0	1	1	cbio_mutation_tp53_kras
TCGA-2G-AAFM	TCGA-TGCT	0	0	1	1	cbio_mutation_tp53_kras
TCGA-2G-AAFN	TCGA-TGCT	0	0	1	1	cbio_mutation_tp53_kras
TCGA-2G-AAFO	TCGA-TGCT	0	0	1	1	cbio_mutation_tp53_kras
TCGA-2G-AAFV	TCGA-TGCT	0	0	1	1	cbio_mutation_tp53_kras
TCGA-2G-AAFY	TCGA-TGCT	0	0	1	1	cbio_mutation_tp53_kras
TCGA-2G-AAFZ	TCGA-TGCT	0	0	1	1	cbio_mutation_tp53_kras
TCGA-2G-AAG0	TCGA-TGCT	0	0	1	1	cbio_mutation_tp53_kras
TCGA-2G-AAG3	TCGA-TGCT	0	0	1	1	cbio_mutation_tp53_kras
TCGA-2G-AAG5	TCGA-TGCT	0	0	1	1	cbio_mutation_tp53_kras
TCGA-2G-AAG6	TCGA-TGCT	0	0	1	1	cbio_mutation_tp53_kras
TCGA-2G-AAG7	TCGA-TGCT	0	0	1	1	cbio_mutation_tp53_kras
TCGA-2G-AAG8	TCGA-TGCT	0	0	1	1	cbio_mutation_tp53_kras
TCGA-2G-AAG9	TCGA-TGCT	0	1	1	1	cbio_mutation_tp53_kras
TCGA-2G-AAGA	TCGA-TGCT	0	0	1	1	cbio_mutation_tp53_kras
TCGA-2G-AAGC	TCGA-TGCT	0	0	1	1	cbio_mutation_tp53_kras
TCGA-2G-AAGE	TCGA-TGCT	0	0	1	1	cbio_mutation_tp53_kras
TCGA-2G-AAGF	TCGA-TGCT	0	0	1	1	cbio_mutation_tp53_kras
TCGA-2G-AAGG	TCGA-TGCT	0	0	1	1	cbio_mutation_tp53_kras
TCGA-2G-AAGI	TCGA-TGCT	0	0	1	1	cbio_mutation_tp53_kras
TCGA-2G-AAGJ	TCGA-TGCT	0	0	1	1	cbio_mutation_tp53_kras
TCGA-2G-AAGK	TCGA-TGCT	0	0	1	1	cbio_mutation_tp53_kras
TCGA-2G-AAGM	TCGA-TGCT	0	0	1	1	cbio_mutation_tp53_kras
TCGA-2G-AAGN	TCGA-TGCT	0	0	1	1	cbio_mutation_tp53_kras
TCGA-2G-AAGO	TCGA-TGCT	0	0	1	1	cbio_mutation_tp53_kras
TCGA-2G-AAGP	TCGA-TGCT	0	0	1	1	cbio_mutation_tp53_kras
TCGA-2G-AAGS	TCGA-TGCT	0	0	1	1	cbio_mutation_tp53_kras
TCGA-2G-AAGT	TCGA-TGCT	0	0	1	1	cbio_mutation_tp53_kras
TCGA-2G-AAGV	TCGA-TGCT	0	0	1	1	cbio_mutation_tp53_kras
TCGA-2G-AAGW	TCGA-TGCT	0	0	1	1	cbio_mutation_tp53_kras
TCGA-2G-AAGX	TCGA-TGCT	0	0	1	1	cbio_mutation_tp53_kras
TCGA-2G-AAGY	TCGA-TGCT	0	0	1	1	cbio_mutation_tp53_kras
TCGA-2G-AAGZ	TCGA-TGCT	0	0	1	1	cbio_mutation_tp53_kras
TCGA-2G-AAH0	TCGA-TGCT	0	0	1	1	cbio_mutation_tp53_kras
TCGA-2G-AAH2	TCGA-TGCT	0	0	1	1	cbio_mutation_tp53_kras
TCGA-2G-AAH3	TCGA-TGCT	0	0	1	1	cbio_mutation_tp53_kras
TCGA-2G-AAH4	TCGA-TGCT	0	0	1	1	cbio_mutation_tp53_kras
TCGA-2G-AAH8	TCGA-TGCT	0	1	1	1	cbio_mutation_tp53_kras
TCGA-2G-AAHA	TCGA-TGCT	0	1	1	1	cbio_mutation_tp53_kras
TCGA-2G-AAHC	TCGA-TGCT	0	0	1	1	cbio_mutation_tp53_kras
TCGA-2G-AAHG	TCGA-TGCT	0	0	1	1	cbio_mutation_tp53_kras
TCGA-2G-AAHL	TCGA-TGCT	0	0	1	1	cbio_mutation_tp53_kras
TCGA-2G-AAHN	TCGA-TGCT	0	0	1	1	cbio_mutation_tp53_kras
TCGA-2G-AAHP	TCGA-TGCT	0	0	1	1	cbio_mutation_tp53_kras
TCGA-2G-AAHT	TCGA-TGCT	0	0	1	1	cbio_mutation_tp53_kras
TCGA-2G-AAKD	TCGA-TGCT	0	0	1	1	cbio_mutation_tp53_kras
TCGA-2G-AAKG	TCGA-TGCT	0	0	1	1	cbio_mutation_tp53_kras
TCGA-2G-AAKH	TCGA-TGCT	0	0	1	1	cbio_mutation_tp53_kras
TCGA-2G-AAKL	TCGA-TGCT	0	0	1	1	cbio_mutation_tp53_kras
TCGA-2G-AAKM	TCGA-TGCT	0	0	1	1	cbio_mutation_tp53_kras
TCGA-2G-AAKO	TCGA-TGCT	0	0	1	1	cbio_mutation_tp53_kras
TCGA-2G-AAL5	TCGA-TGCT	0	0	1	1	cbio_mutation_tp53_kras
TCGA-2G-AAL7	TCGA-TGCT	0	0	1	1	cbio_mutation_tp53_kras
TCGA-2G-AALF	TCGA-TGCT	0	0	1	1	cbio_mutation_tp53_kras
TCGA-2G-AALG	TCGA-TGCT	0	0	1	1	cbio_mutation_tp53_kras
TCGA-2G-AALN	TCGA-TGCT	0	0	1	1	cbio_mutation_tp53_kras
TCGA-2G-AALO	TCGA-TGCT	0	0	1	1	cbio_mutation_tp53_kras
TCGA-2G-AALP	TCGA-TGCT	0	0	1	1	cbio_mutation_tp53_kras
TCGA-2G-AALQ	TCGA-TGCT	0	0	1	1	cbio_mutation_tp53_kras
TCGA-2G-AALR	TCGA-TGCT	0	0	1	1	cbio_mutation_tp53_kras
TCGA-2G-AALS	TCGA-TGCT	0	0	1	1	cbio_mutation_tp53_kras
TCGA-2G-AALT	TCGA-TGCT	0	0	1	1	cbio_mutation_tp53_kras
TCGA-2G-AALW	TCGA-TGCT	0	0	1	1	cbio_mutation_tp53_kras
TCGA-2G-AALX	TCGA-TGCT	0	0	1	1	cbio_mutation_tp53_kras
TCGA-2G-AALY	TCGA-TGCT	0	0	1	1	cbio_mutation_tp53_kras
TCGA-2G-AALZ	TCGA-TGCT	0	0	1	1	cbio_mutation_tp53_kras
TCGA-2G-AAM2	TCGA-TGCT	0	0	1	1	cbio_mutation_tp53_kras
TCGA-2G-AAM3	TCGA-TGCT	0	0	1	1	cbio_mutation_tp53_kras
TCGA-2G-AAM4	TCGA-TGCT	0	0	1	1	cbio_mutation_tp53_kras
TCGA-2H-A9GF	TCGA-ESCA	1	0	1	1	cbio_mutation_tp53_kras
TCGA-2H-A9GG	TCGA-ESCA	Unknown	Unknown	0	0	cbio_mutation_tp53_kras
TCGA-2H-A9GH	TCGA-ESCA	1	0	1	1	cbio_mutation_tp53_kras
TCGA-2H-A9GI	TCGA-ESCA	0	0	1	1	cbio_mutation_tp53_kras
TCGA-2H-A9GJ	TCGA-ESCA	1	0	1	1	cbio_mutation_tp53_kras
TCGA-2H-A9GK	TCGA-ESCA	1	0	1	1	cbio_mutation_tp53_kras
TCGA-2H-A9GL	TCGA-ESCA	1	0	1	1	cbio_mutation_tp53_kras
TCGA-2H-A9GM	TCGA-ESCA	1	0	1	1	cbio_mutation_tp53_kras
TCGA-2H-A9GN	TCGA-ESCA	1	0	1	1	cbio_mutation_tp53_kras
TCGA-2H-A9GO	TCGA-ESCA	1	0	1	1	cbio_mutation_tp53_kras
TCGA-2H-A9GQ	TCGA-ESCA	1	0	1	1	cbio_mutation_tp53_kras
TCGA-2H-A9GR	TCGA-ESCA	1	0	1	1	cbio_mutation_tp53_kras
TCGA-2J-AAB1	TCGA-PAAD	0	1	1	1	cbio_mutation_tp53_kras
TCGA-2J-AAB4	TCGA-PAAD	1	1	1	1	cbio_mutation_tp53_kras
TCGA-2J-AAB6	TCGA-PAAD	1	1	1	1	cbio_mutation_tp53_kras
TCGA-2J-AAB8	TCGA-PAAD	1	1	1	1	cbio_mutation_tp53_kras
TCGA-2J-AAB9	TCGA-PAAD	1	0	1	1	cbio_mutation_tp53_kras
TCGA-2J-AABA	TCGA-PAAD	0	0	1	1	cbio_mutation_tp53_kras
TCGA-2J-AABE	TCGA-PAAD	0	1	1	1	cbio_mutation_tp53_kras
TCGA-2J-AABF	TCGA-PAAD	1	1	1	1	cbio_mutation_tp53_kras
TCGA-2J-AABH	TCGA-PAAD	1	1	1	1	cbio_mutation_tp53_kras
TCGA-2J-AABI	TCGA-PAAD	1	1	1	1	cbio_mutation_tp53_kras
TCGA-2J-AABK	TCGA-PAAD	1	1	1	1	cbio_mutation_tp53_kras
TCGA-2J-AABO	TCGA-PAAD	1	1	1	1	cbio_mutation_tp53_kras
TCGA-2J-AABP	TCGA-PAAD	1	0	1	1	cbio_mutation_tp53_kras
TCGA-2J-AABR	TCGA-PAAD	0	0	1	1	cbio_mutation_tp53_kras
TCGA-2J-AABT	TCGA-PAAD	1	1	1	1	cbio_mutation_tp53_kras
TCGA-2J-AABU	TCGA-PAAD	1	1	1	1	cbio_mutation_tp53_kras
TCGA-2J-AABV	TCGA-PAAD	0	0	1	1	cbio_mutation_tp53_kras
TCGA-2K-A9WE	TCGA-KIRP	0	0	1	1	cbio_mutation_tp53_kras
TCGA-2L-AAQA	TCGA-PAAD	1	1	1	1	cbio_mutation_tp53_kras
TCGA-2L-AAQE	TCGA-PAAD	1	1	1	1	cbio_mutation_tp53_kras
TCGA-2L-AAQI	TCGA-PAAD	1	1	1	1	cbio_mutation_tp53_kras
TCGA-2L-AAQJ	TCGA-PAAD	1	1	1	1	cbio_mutation_tp53_kras
TCGA-2L-AAQL	TCGA-PAAD	1	1	1	1	cbio_mutation_tp53_kras
TCGA-2L-AAQM	TCGA-PAAD	0	0	1	1	cbio_mutation_tp53_kras
TCGA-2V-A95S	TCGA-LIHC	0	0	1	1	cbio_mutation_tp53_kras
TCGA-2W-A8YY	TCGA-CESC	1	0	1	1	cbio_mutation_tp53_kras
TCGA-2X-A9D5	TCGA-TGCT	0	0	1	1	cbio_mutation_tp53_kras
TCGA-2X-A9D6	TCGA-TGCT	0	0	1	1	cbio_mutation_tp53_kras
TCGA-2Y-A9GS	TCGA-LIHC	1	0	1	1	cbio_mutation_tp53_kras
TCGA-2Y-A9GT	TCGA-LIHC	0	0	1	1	cbio_mutation_tp53_kras
TCGA-2Y-A9GU	TCGA-LIHC	0	0	1	1	cbio_mutation_tp53_kras
TCGA-2Y-A9GV	TCGA-LIHC	0	0	1	1	cbio_mutation_tp53_kras
TCGA-2Y-A9GW	TCGA-LIHC	0	0	1	1	cbio_mutation_tp53_kras
TCGA-2Y-A9GX	TCGA-LIHC	0	0	1	1	cbio_mutation_tp53_kras
TCGA-2Y-A9GY	TCGA-LIHC	1	0	1	1	cbio_mutation_tp53_kras
TCGA-2Y-A9GZ	TCGA-LIHC	0	0	1	1	cbio_mutation_tp53_kras
TCGA-2Y-A9H0	TCGA-LIHC	0	0	1	1	cbio_mutation_tp53_kras
TCGA-2Y-A9H1	TCGA-LIHC	0	0	1	1	cbio_mutation_tp53_kras
TCGA-2Y-A9H2	TCGA-LIHC	0	0	1	1	cbio_mutation_tp53_kras
TCGA-2Y-A9H3	TCGA-LIHC	0	0	1	1	cbio_mutation_tp53_kras
TCGA-2Y-A9H4	TCGA-LIHC	1	0	1	1	cbio_mutation_tp53_kras
TCGA-2Y-A9H5	TCGA-LIHC	0	0	1	1	cbio_mutation_tp53_kras
TCGA-2Y-A9H6	TCGA-LIHC	0	0	1	1	cbio_mutation_tp53_kras
TCGA-2Y-A9H7	TCGA-LIHC	0	1	1	1	cbio_mutation_tp53_kras
TCGA-2Y-A9H8	TCGA-LIHC	1	0	1	1	cbio_mutation_tp53_kras
TCGA-2Y-A9H9	TCGA-LIHC	0	0	1	1	cbio_mutation_tp53_kras
TCGA-2Y-A9HA	TCGA-LIHC	1	0	1	1	cbio_mutation_tp53_kras
TCGA-2Y-A9HB	TCGA-LIHC	0	0	1	1	cbio_mutation_tp53_kras
TCGA-2Z-A9J1	TCGA-KIRP	0	0	1	1	cbio_mutation_tp53_kras
TCGA-2Z-A9J2	TCGA-KIRP	0	0	1	1	cbio_mutation_tp53_kras
TCGA-2Z-A9J3	TCGA-KIRP	0	0	1	1	cbio_mutation_tp53_kras
TCGA-2Z-A9J5	TCGA-KIRP	0	0	1	1	cbio_mutation_tp53_kras
TCGA-2Z-A9J6	TCGA-KIRP	0	0	1	1	cbio_mutation_tp53_kras
TCGA-2Z-A9J7	TCGA-KIRP	0	0	1	1	cbio_mutation_tp53_kras
TCGA-2Z-A9J8	TCGA-KIRP	0	0	1	1	cbio_mutation_tp53_kras
TCGA-2Z-A9J9	TCGA-KIRP	Unknown	Unknown	0	0	cbio_mutation_tp53_kras
TCGA-2Z-A9JD	TCGA-KIRP	0	0	1	1	cbio_mutation_tp53_kras
TCGA-2Z-A9JE	TCGA-KIRP	0	0	1	1	cbio_mutation_tp53_kras
TCGA-2Z-A9JG	TCGA-KIRP	0	0	1	1	cbio_mutation_tp53_kras
TCGA-2Z-A9JI	TCGA-KIRP	0	0	1	1	cbio_mutation_tp53_kras
TCGA-2Z-A9JJ	TCGA-KIRP	0	0	1	1	cbio_mutation_tp53_kras
TCGA-2Z-A9JK	TCGA-KIRP	0	0	1	1	cbio_mutation_tp53_kras
TCGA-2Z-A9JL	TCGA-KIRP	0	0	1	1	cbio_mutation_tp53_kras
TCGA-2Z-A9JM	TCGA-KIRP	0	0	1	1	cbio_mutation_tp53_kras
TCGA-2Z-A9JN	TCGA-KIRP	0	1	1	1	cbio_mutation_tp53_kras
TCGA-2Z-A9JO	TCGA-KIRP	0	0	1	1	cbio_mutation_tp53_kras
TCGA-2Z-A9JP	TCGA-KIRP	0	0	1	1	cbio_mutation_tp53_kras
TCGA-2Z-A9JQ	TCGA-KIRP	0	0	1	1	cbio_mutation_tp53_kras
TCGA-2Z-A9JR	TCGA-KIRP	0	0	1	1	cbio_mutation_tp53_kras
TCGA-2Z-A9JS	TCGA-KIRP	0	0	1	1	cbio_mutation_tp53_kras
TCGA-2Z-A9JT	TCGA-KIRP	0	0	1	1	cbio_mutation_tp53_kras
TCGA-33-4532	TCGA-LUSC	1	0	1	1	cbio_mutation_tp53_kras
TCGA-33-4533	TCGA-LUSC	1	0	1	1	cbio_mutation_tp53_kras
TCGA-33-4538	TCGA-LUSC	1	0	1	1	cbio_mutation_tp53_kras
TCGA-33-4547	TCGA-LUSC	1	0	1	1	cbio_mutation_tp53_kras
TCGA-33-4566	TCGA-LUSC	1	0	1	1	cbio_mutation_tp53_kras
TCGA-33-4582	TCGA-LUSC	1	0	1	1	cbio_mutation_tp53_kras
TCGA-33-4583	TCGA-LUSC	1	0	1	1	cbio_mutation_tp53_kras
TCGA-33-4586	TCGA-LUSC	1	0	1	1	cbio_mutation_tp53_kras
TCGA-33-6738	TCGA-LUSC	1	0	1	1	cbio_mutation_tp53_kras
TCGA-33-A4WN	TCGA-LUSC	1	0	1	1	cbio_mutation_tp53_kras
TCGA-33-A5GW	TCGA-LUSC	1	0	1	1	cbio_mutation_tp53_kras
TCGA-33-AAS8	TCGA-LUSC	1	0	1	1	cbio_mutation_tp53_kras
TCGA-33-AASB	TCGA-LUSC	1	0	1	1	cbio_mutation_tp53_kras
TCGA-33-AASD	TCGA-LUSC	1	0	1	1	cbio_mutation_tp53_kras
TCGA-33-AASI	TCGA-LUSC	1	0	1	1	cbio_mutation_tp53_kras
TCGA-33-AASJ	TCGA-LUSC	1	0	1	1	cbio_mutation_tp53_kras
TCGA-33-AASL	TCGA-LUSC	1	0	1	1	cbio_mutation_tp53_kras
TCGA-34-2596	TCGA-LUSC	1	0	1	1	cbio_mutation_tp53_kras
TCGA-34-2600	TCGA-LUSC	1	0	1	1	cbio_mutation_tp53_kras
TCGA-34-2604	TCGA-LUSC	1	0	1	1	cbio_mutation_tp53_kras
TCGA-34-2605	TCGA-LUSC	0	0	1	1	cbio_mutation_tp53_kras
TCGA-34-5232	TCGA-LUSC	1	0	1	1	cbio_mutation_tp53_kras
TCGA-34-5240	TCGA-LUSC	1	0	1	1	cbio_mutation_tp53_kras
TCGA-34-5241	TCGA-LUSC	1	0	1	1	cbio_mutation_tp53_kras
TCGA-34-5928	TCGA-LUSC	1	0	1	1	cbio_mutation_tp53_kras
TCGA-34-5929	TCGA-LUSC	1	0	1	1	cbio_mutation_tp53_kras
TCGA-34-7107	TCGA-LUSC	1	0	1	1	cbio_mutation_tp53_kras
TCGA-34-8454	TCGA-LUSC	1	0	1	1	cbio_mutation_tp53_kras
TCGA-34-8455	TCGA-LUSC	1	0	1	1	cbio_mutation_tp53_kras
TCGA-34-A5IX	TCGA-LUSC	1	0	1	1	cbio_mutation_tp53_kras
TCGA-35-3615	TCGA-LUAD	0	1	1	1	cbio_mutation_tp53_kras
TCGA-35-4122	TCGA-LUAD	1	0	1	1	cbio_mutation_tp53_kras
TCGA-35-4123	TCGA-LUAD	1	0	1	1	cbio_mutation_tp53_kras
TCGA-35-5375	TCGA-LUAD	1	0	1	1	cbio_mutation_tp53_kras
TCGA-37-3783	TCGA-LUSC	1	0	1	1	cbio_mutation_tp53_kras
TCGA-37-3789	TCGA-LUSC	1	0	1	1	cbio_mutation_tp53_kras
TCGA-37-3792	TCGA-LUSC	1	0	1	1	cbio_mutation_tp53_kras
TCGA-37-4129	TCGA-LUSC	0	0	1	1	cbio_mutation_tp53_kras
TCGA-37-4130	TCGA-LUSC	1	0	1	1	cbio_mutation_tp53_kras
TCGA-37-4132	TCGA-LUSC	1	0	1	1	cbio_mutation_tp53_kras
TCGA-37-4133	TCGA-LUSC	1	0	1	1	cbio_mutation_tp53_kras
TCGA-37-4135	TCGA-LUSC	1	0	1	1	cbio_mutation_tp53_kras
TCGA-37-4141	TCGA-LUSC	1	0	1	1	cbio_mutation_tp53_kras
TCGA-37-5819	TCGA-LUSC	1	0	1	1	cbio_mutation_tp53_kras
TCGA-37-A5EL	TCGA-LUSC	1	0	1	1	cbio_mutation_tp53_kras
TCGA-37-A5EM	TCGA-LUSC	Unknown	Unknown	0	0	cbio_mutation_tp53_kras
TCGA-37-A5EN	TCGA-LUSC	1	0	1	1	cbio_mutation_tp53_kras
TCGA-38-4625	TCGA-LUAD	0	0	1	1	cbio_mutation_tp53_kras
TCGA-38-4626	TCGA-LUAD	0	0	1	1	cbio_mutation_tp53_kras
TCGA-38-4627	TCGA-LUAD	0	0	1	1	cbio_mutation_tp53_kras
TCGA-38-4628	TCGA-LUAD	0	0	1	1	cbio_mutation_tp53_kras
TCGA-38-4629	TCGA-LUAD	Unknown	Unknown	0	0	cbio_mutation_tp53_kras
TCGA-38-4630	TCGA-LUAD	Unknown	Unknown	0	0	cbio_mutation_tp53_kras
TCGA-38-4631	TCGA-LUAD	0	0	1	1	cbio_mutation_tp53_kras
TCGA-38-4632	TCGA-LUAD	1	0	1	1	cbio_mutation_tp53_kras
TCGA-38-6178	TCGA-LUAD	1	0	1	1	cbio_mutation_tp53_kras
TCGA-38-7271	TCGA-LUAD	0	0	1	1	cbio_mutation_tp53_kras
TCGA-38-A44F	TCGA-LUAD	0	0	1	1	cbio_mutation_tp53_kras
TCGA-39-5011	TCGA-LUSC	1	0	1	1	cbio_mutation_tp53_kras
TCGA-39-5016	TCGA-LUSC	1	0	1	1	cbio_mutation_tp53_kras
TCGA-39-5019	TCGA-LUSC	1	0	1	1	cbio_mutation_tp53_kras
TCGA-39-5021	TCGA-LUSC	1	0	1	1	cbio_mutation_tp53_kras
TCGA-39-5022	TCGA-LUSC	1	0	1	1	cbio_mutation_tp53_kras
TCGA-39-5024	TCGA-LUSC	1	0	1	1	cbio_mutation_tp53_kras
TCGA-39-5027	TCGA-LUSC	0	0	1	1	cbio_mutation_tp53_kras
TCGA-39-5028	TCGA-LUSC	1	0	1	1	cbio_mutation_tp53_kras
TCGA-39-5029	TCGA-LUSC	1	0	1	1	cbio_mutation_tp53_kras
TCGA-39-5030	TCGA-LUSC	0	0	1	1	cbio_mutation_tp53_kras
TCGA-39-5031	TCGA-LUSC	1	0	1	1	cbio_mutation_tp53_kras
TCGA-39-5034	TCGA-LUSC	1	0	1	1	cbio_mutation_tp53_kras
TCGA-39-5035	TCGA-LUSC	1	0	1	1	cbio_mutation_tp53_kras
TCGA-39-5036	TCGA-LUSC	1	0	1	1	cbio_mutation_tp53_kras
TCGA-39-5037	TCGA-LUSC	1	0	1	1	cbio_mutation_tp53_kras
TCGA-39-5039	TCGA-LUSC	1	0	1	1	cbio_mutation_tp53_kras
TCGA-39-5040	TCGA-LUSC	1	0	1	1	cbio_mutation_tp53_kras
TCGA-3A-A9I5	TCGA-PAAD	0	0	1	1	cbio_mutation_tp53_kras
TCGA-3A-A9I7	TCGA-PAAD	0	1	1	1	cbio_mutation_tp53_kras
TCGA-3A-A9I9	TCGA-PAAD	1	1	1	1	cbio_mutation_tp53_kras
TCGA-3A-A9IB	TCGA-PAAD	1	1	1	1	cbio_mutation_tp53_kras
TCGA-3A-A9IC	TCGA-PAAD	1	1	1	1	cbio_mutation_tp53_kras
TCGA-3A-A9IH	TCGA-PAAD	1	1	1	1	cbio_mutation_tp53_kras
TCGA-3A-A9IJ	TCGA-PAAD	0	0	1	1	cbio_mutation_tp53_kras
TCGA-3A-A9IL	TCGA-PAAD	0	0	1	1	cbio_mutation_tp53_kras
TCGA-3A-A9IN	TCGA-PAAD	0	0	1	1	cbio_mutation_tp53_kras
TCGA-3A-A9IO	TCGA-PAAD	0	0	1	1	cbio_mutation_tp53_kras
TCGA-3A-A9IR	TCGA-PAAD	0	0	1	1	cbio_mutation_tp53_kras
TCGA-3A-A9IS	TCGA-PAAD	0	0	1	1	cbio_mutation_tp53_kras
TCGA-3A-A9IU	TCGA-PAAD	0	1	1	1	cbio_mutation_tp53_kras
TCGA-3A-A9IV	TCGA-PAAD	0	0	1	1	cbio_mutation_tp53_kras
TCGA-3A-A9IX	TCGA-PAAD	1	0	1	1	cbio_mutation_tp53_kras
TCGA-3A-A9IZ	TCGA-PAAD	1	1	1	1	cbio_mutation_tp53_kras
TCGA-3A-A9J0	TCGA-PAAD	1	0	1	1	cbio_mutation_tp53_kras
TCGA-3B-A9HI	TCGA-SARC	0	0	1	1	cbio_mutation_tp53_kras
TCGA-3B-A9HJ	TCGA-SARC	0	0	1	1	cbio_mutation_tp53_kras
TCGA-3B-A9HL	TCGA-SARC	0	0	1	1	cbio_mutation_tp53_kras
TCGA-3B-A9HO	TCGA-SARC	0	0	1	1	cbio_mutation_tp53_kras
TCGA-3B-A9HP	TCGA-SARC	1	0	1	1	cbio_mutation_tp53_kras
TCGA-3B-A9HQ	TCGA-SARC	1	0	1	1	cbio_mutation_tp53_kras
TCGA-3B-A9HR	TCGA-SARC	0	0	1	1	cbio_mutation_tp53_kras
TCGA-3B-A9HS	TCGA-SARC	0	0	1	1	cbio_mutation_tp53_kras
TCGA-3B-A9HT	TCGA-SARC	1	0	1	1	cbio_mutation_tp53_kras
TCGA-3B-A9HU	TCGA-SARC	1	0	1	1	cbio_mutation_tp53_kras
TCGA-3B-A9HV	TCGA-SARC	1	0	1	1	cbio_mutation_tp53_kras
TCGA-3B-A9HX	TCGA-SARC	1	0	1	1	cbio_mutation_tp53_kras
TCGA-3B-A9HY	TCGA-SARC	1	0	1	1	cbio_mutation_tp53_kras
TCGA-3B-A9HZ	TCGA-SARC	1	0	1	1	cbio_mutation_tp53_kras
TCGA-3B-A9I0	TCGA-SARC	1	0	1	1	cbio_mutation_tp53_kras
TCGA-3B-A9I1	TCGA-SARC	1	0	1	1	cbio_mutation_tp53_kras
TCGA-3B-A9I3	TCGA-SARC	1	0	1	1	cbio_mutation_tp53_kras
TCGA-3C-AALI	TCGA-BRCA_IDC	1	0	1	1	cbio_mutation_tp53_kras
TCGA-3C-AALJ	TCGA-BRCA_IDC	0	0	1	1	cbio_mutation_tp53_kras
TCGA-3C-AALK	TCGA-BRCA_IDC	0	0	1	1	cbio_mutation_tp53_kras
TCGA-3E-AAAY	TCGA-PAAD	1	0	1	1	cbio_mutation_tp53_kras
TCGA-3E-AAAZ	TCGA-PAAD	0	1	1	1	cbio_mutation_tp53_kras
TCGA-3G-AB0Q	TCGA-THYM	0	0	1	1	cbio_mutation_tp53_kras
TCGA-3G-AB0T	TCGA-THYM	0	0	1	1	cbio_mutation_tp53_kras
TCGA-3G-AB19	TCGA-THYM	0	0	1	1	cbio_mutation_tp53_kras
TCGA-3H-AB3L	TCGA-MESO	1	0	1	1	cbio_mutation_tp53_kras
TCGA-3H-AB3M	TCGA-MESO	0	0	1	1	cbio_mutation_tp53_kras
TCGA-3H-AB3O	TCGA-MESO	0	0	1	1	cbio_mutation_tp53_kras
TCGA-3H-AB3S	TCGA-MESO	0	0	1	1	cbio_mutation_tp53_kras
TCGA-3H-AB3U	TCGA-MESO	0	0	1	1	cbio_mutation_tp53_kras
TCGA-3H-AB3X	TCGA-MESO	0	0	1	1	cbio_mutation_tp53_kras
TCGA-3L-AA1B	TCGA-COAD	0	0	1	1	cbio_mutation_tp53_kras
TCGA-3M-AB46	TCGA-STAD	1	1	1	1	cbio_mutation_tp53_kras
TCGA-3M-AB47	TCGA-STAD	0	0	1	1	cbio_mutation_tp53_kras
TCGA-3N-A9WB	TCGA-SKCM	Unknown	Unknown	0	0	cbio_mutation_tp53_kras
TCGA-3N-A9WC	TCGA-SKCM	Unknown	Unknown	0	0	cbio_mutation_tp53_kras
TCGA-3N-A9WD	TCGA-SKCM	Unknown	Unknown	0	0	cbio_mutation_tp53_kras
TCGA-3P-A9WA	TCGA-OV	1	0	1	1	cbio_mutation_tp53_kras
TCGA-3Q-A9WF	TCGA-THYM	0	0	1	1	cbio_mutation_tp53_kras
TCGA-3R-A8YX	TCGA-SARC	0	0	1	1	cbio_mutation_tp53_kras
TCGA-3S-A8YW	TCGA-THYM	1	0	1	1	cbio_mutation_tp53_kras
TCGA-3S-AAYX	TCGA-THYM	0	0	1	1	cbio_mutation_tp53_kras
TCGA-3T-AA9L	TCGA-THYM	0	0	1	1	cbio_mutation_tp53_kras
TCGA-3U-A98D	TCGA-MESO	0	0	1	1	cbio_mutation_tp53_kras
TCGA-3U-A98E	TCGA-MESO	1	0	1	1	cbio_mutation_tp53_kras
TCGA-3U-A98F	TCGA-MESO	0	0	1	1	cbio_mutation_tp53_kras
TCGA-3U-A98G	TCGA-MESO	0	0	1	1	cbio_mutation_tp53_kras
TCGA-3U-A98H	TCGA-MESO	0	0	1	1	cbio_mutation_tp53_kras
TCGA-3U-A98I	TCGA-MESO	1	0	1	1	cbio_mutation_tp53_kras
TCGA-3U-A98J	TCGA-MESO	0	0	1	1	cbio_mutation_tp53_kras
TCGA-3X-AAV9	TCGA-CHOL	0	0	1	1	cbio_mutation_tp53_kras
TCGA-3X-AAVA	TCGA-CHOL	0	0	1	1	cbio_mutation_tp53_kras
TCGA-3X-AAVB	TCGA-CHOL	1	1	1	1	cbio_mutation_tp53_kras
TCGA-3X-AAVC	TCGA-CHOL	1	0	1	1	cbio_mutation_tp53_kras
TCGA-3X-AAVE	TCGA-CHOL	0	0	1	1	cbio_mutation_tp53_kras
TCGA-3Z-A93Z	TCGA-KIRC	0	0	1	1	cbio_mutation_tp53_kras
TCGA-41-2571	TCGA-GBM	0	0	1	1	cbio_mutation_tp53_kras
TCGA-41-2572	TCGA-GBM	0	0	1	1	cbio_mutation_tp53_kras
TCGA-41-2573	TCGA-GBM	0	0	1	1	cbio_mutation_tp53_kras
TCGA-41-2575	TCGA-GBM	1	0	1	1	cbio_mutation_tp53_kras
TCGA-41-3392	TCGA-GBM	0	0	1	1	cbio_mutation_tp53_kras
TCGA-41-3393	TCGA-GBM	0	0	1	1	cbio_mutation_tp53_kras
TCGA-41-3915	TCGA-GBM	0	0	1	1	cbio_mutation_tp53_kras
TCGA-41-4097	TCGA-GBM	0	0	1	1	cbio_mutation_tp53_kras
TCGA-41-5651	TCGA-GBM	1	0	1	1	cbio_mutation_tp53_kras
TCGA-42-2582	TCGA-OV	1	0	1	1	cbio_mutation_tp53_kras
TCGA-42-2587	TCGA-OV	1	0	1	1	cbio_mutation_tp53_kras
TCGA-42-2588	TCGA-OV	1	0	1	1	cbio_mutation_tp53_kras
TCGA-42-2589	TCGA-OV	1	0	1	1	cbio_mutation_tp53_kras
TCGA-42-2590	TCGA-OV	1	0	1	1	cbio_mutation_tp53_kras
TCGA-42-2591	TCGA-OV	1	0	1	1	cbio_mutation_tp53_kras
TCGA-42-2593	TCGA-OV	1	0	1	1	cbio_mutation_tp53_kras
TCGA-43-2576	TCGA-LUSC	1	0	1	1	cbio_mutation_tp53_kras
TCGA-43-2578	TCGA-LUSC	0	0	1	1	cbio_mutation_tp53_kras
TCGA-43-2581	TCGA-LUSC	1	1	1	1	cbio_mutation_tp53_kras
TCGA-43-3394	TCGA-LUSC	1	0	1	1	cbio_mutation_tp53_kras
TCGA-43-3920	TCGA-LUSC	1	0	1	1	cbio_mutation_tp53_kras
TCGA-43-5668	TCGA-LUSC	1	0	1	1	cbio_mutation_tp53_kras
TCGA-43-5670	TCGA-LUSC	1	0	1	1	cbio_mutation_tp53_kras
TCGA-43-6143	TCGA-LUSC	1	0	1	1	cbio_mutation_tp53_kras
TCGA-43-6647	TCGA-LUSC	1	0	1	1	cbio_mutation_tp53_kras
TCGA-43-6770	TCGA-LUSC	1	0	1	1	cbio_mutation_tp53_kras
TCGA-43-6771	TCGA-LUSC	0	0	1	1	cbio_mutation_tp53_kras
TCGA-43-6773	TCGA-LUSC	1	0	1	1	cbio_mutation_tp53_kras
TCGA-43-7656	TCGA-LUSC	1	0	1	1	cbio_mutation_tp53_kras
TCGA-43-7657	TCGA-LUSC	0	0	1	1	cbio_mutation_tp53_kras
TCGA-43-7658	TCGA-LUSC	1	0	1	1	cbio_mutation_tp53_kras
TCGA-43-8115	TCGA-LUSC	1	0	1	1	cbio_mutation_tp53_kras
TCGA-43-A474	TCGA-LUSC	1	0	1	1	cbio_mutation_tp53_kras
TCGA-43-A475	TCGA-LUSC	1	0	1	1	cbio_mutation_tp53_kras
TCGA-43-A56U	TCGA-LUSC	0	0	1	1	cbio_mutation_tp53_kras
TCGA-43-A56V	TCGA-LUSC	1	0	1	1	cbio_mutation_tp53_kras
TCGA-44-2655	TCGA-LUAD	0	0	1	1	cbio_mutation_tp53_kras
TCGA-44-2656	TCGA-LUAD	1	0	1	1	cbio_mutation_tp53_kras
TCGA-44-2657	TCGA-LUAD	0	0	1	1	cbio_mutation_tp53_kras
TCGA-44-2659	TCGA-LUAD	1	0	1	1	cbio_mutation_tp53_kras
TCGA-44-2661	TCGA-LUAD	Unknown	Unknown	0	0	cbio_mutation_tp53_kras
TCGA-44-2662	TCGA-LUAD	1	0	1	1	cbio_mutation_tp53_kras
TCGA-44-2664	TCGA-LUAD	Unknown	Unknown	0	0	cbio_mutation_tp53_kras
TCGA-44-2665	TCGA-LUAD	0	0	1	1	cbio_mutation_tp53_kras
TCGA-44-2666	TCGA-LUAD	0	0	1	1	cbio_mutation_tp53_kras
TCGA-44-2668	TCGA-LUAD	1	0	1	1	cbio_mutation_tp53_kras
TCGA-44-3396	TCGA-LUAD	1	0	1	1	cbio_mutation_tp53_kras
TCGA-44-3398	TCGA-LUAD	0	0	1	1	cbio_mutation_tp53_kras
TCGA-44-3917	TCGA-LUAD	1	1	1	1	cbio_mutation_tp53_kras
TCGA-44-3918	TCGA-LUAD	1	0	1	1	cbio_mutation_tp53_kras
TCGA-44-3919	TCGA-LUAD	0	0	1	1	cbio_mutation_tp53_kras
TCGA-44-4112	TCGA-LUAD	0	0	1	1	cbio_mutation_tp53_kras
TCGA-44-5643	TCGA-LUAD	0	0	1	1	cbio_mutation_tp53_kras
TCGA-44-5644	TCGA-LUAD	1	0	1	1	cbio_mutation_tp53_kras
TCGA-44-5645	TCGA-LUAD	1	0	1	1	cbio_mutation_tp53_kras
TCGA-44-6144	TCGA-LUAD	1	1	1	1	cbio_mutation_tp53_kras
TCGA-44-6145	TCGA-LUAD	1	1	1	1	cbio_mutation_tp53_kras
TCGA-44-6146	TCGA-LUAD	0	1	1	1	cbio_mutation_tp53_kras
TCGA-44-6147	TCGA-LUAD	Unknown	Unknown	0	0	cbio_mutation_tp53_kras
TCGA-44-6148	TCGA-LUAD	0	0	1	1	cbio_mutation_tp53_kras
TCGA-44-6774	TCGA-LUAD	1	0	1	1	cbio_mutation_tp53_kras
TCGA-44-6775	TCGA-LUAD	1	0	1	1	cbio_mutation_tp53_kras
TCGA-44-6776	TCGA-LUAD	0	1	1	1	cbio_mutation_tp53_kras
TCGA-44-6777	TCGA-LUAD	1	0	1	1	cbio_mutation_tp53_kras
TCGA-44-6778	TCGA-LUAD	1	0	1	1	cbio_mutation_tp53_kras
TCGA-44-6779	TCGA-LUAD	1	0	1	1	cbio_mutation_tp53_kras
TCGA-44-7659	TCGA-LUAD	0	1	1	1	cbio_mutation_tp53_kras
TCGA-44-7660	TCGA-LUAD	1	0	1	1	cbio_mutation_tp53_kras
TCGA-44-7661	TCGA-LUAD	1	1	1	1	cbio_mutation_tp53_kras
TCGA-44-7662	TCGA-LUAD	1	0	1	1	cbio_mutation_tp53_kras
TCGA-44-7667	TCGA-LUAD	1	0	1	1	cbio_mutation_tp53_kras
TCGA-44-7669	TCGA-LUAD	1	0	1	1	cbio_mutation_tp53_kras
TCGA-44-7670	TCGA-LUAD	1	0	1	1	cbio_mutation_tp53_kras
TCGA-44-7671	TCGA-LUAD	0	1	1	1	cbio_mutation_tp53_kras
TCGA-44-7672	TCGA-LUAD	0	1	1	1	cbio_mutation_tp53_kras
TCGA-44-8119	TCGA-LUAD	0	0	1	1	cbio_mutation_tp53_kras
TCGA-44-A479	TCGA-LUAD	1	0	1	1	cbio_mutation_tp53_kras
TCGA-44-A47A	TCGA-LUAD	0	1	1	1	cbio_mutation_tp53_kras
TCGA-44-A47B	TCGA-LUAD	0	0	1	1	cbio_mutation_tp53_kras
TCGA-44-A47F	TCGA-LUAD	0	1	1	1	cbio_mutation_tp53_kras
TCGA-44-A47G	TCGA-LUAD	1	0	1	1	cbio_mutation_tp53_kras
TCGA-44-A4SS	TCGA-LUAD	1	0	1	1	cbio_mutation_tp53_kras
TCGA-44-A4SU	TCGA-LUAD	1	0	1	1	cbio_mutation_tp53_kras
TCGA-46-3765	TCGA-LUSC	1	0	1	1	cbio_mutation_tp53_kras
TCGA-46-3766	TCGA-LUSC	0	0	1	1	cbio_mutation_tp53_kras
TCGA-46-3767	TCGA-LUSC	1	0	1	1	cbio_mutation_tp53_kras
TCGA-46-3768	TCGA-LUSC	1	0	1	1	cbio_mutation_tp53_kras
TCGA-46-3769	TCGA-LUSC	1	0	1	1	cbio_mutation_tp53_kras
TCGA-46-6025	TCGA-LUSC	1	0	1	1	cbio_mutation_tp53_kras
TCGA-46-6026	TCGA-LUSC	1	0	1	1	cbio_mutation_tp53_kras
TCGA-49-4487	TCGA-LUAD	1	0	1	1	cbio_mutation_tp53_kras
TCGA-49-4488	TCGA-LUAD	1	0	1	1	cbio_mutation_tp53_kras
TCGA-49-4490	TCGA-LUAD	1	0	1	1	cbio_mutation_tp53_kras
TCGA-49-4494	TCGA-LUAD	0	0	1	1	cbio_mutation_tp53_kras
TCGA-49-4501	TCGA-LUAD	0	0	1	1	cbio_mutation_tp53_kras
TCGA-49-4505	TCGA-LUAD	1	1	1	1	cbio_mutation_tp53_kras
TCGA-49-4506	TCGA-LUAD	0	1	1	1	cbio_mutation_tp53_kras
TCGA-49-4507	TCGA-LUAD	0	0	1	1	cbio_mutation_tp53_kras
TCGA-49-4510	TCGA-LUAD	0	1	1	1	cbio_mutation_tp53_kras
TCGA-49-4512	TCGA-LUAD	0	0	1	1	cbio_mutation_tp53_kras
TCGA-49-4514	TCGA-LUAD	1	0	1	1	cbio_mutation_tp53_kras
TCGA-49-6742	TCGA-LUAD	0	0	1	1	cbio_mutation_tp53_kras
TCGA-49-6743	TCGA-LUAD	0	0	1	1	cbio_mutation_tp53_kras
TCGA-49-6744	TCGA-LUAD	0	0	1	1	cbio_mutation_tp53_kras
TCGA-49-6745	TCGA-LUAD	0	0	1	1	cbio_mutation_tp53_kras
TCGA-49-6761	TCGA-LUAD	0	0	1	1	cbio_mutation_tp53_kras
TCGA-49-6767	TCGA-LUAD	1	0	1	1	cbio_mutation_tp53_kras
TCGA-49-AAQV	TCGA-LUAD	1	0	1	1	cbio_mutation_tp53_kras
TCGA-49-AAR0	TCGA-LUAD	1	0	1	1	cbio_mutation_tp53_kras
TCGA-49-AAR2	TCGA-LUAD	0	0	1	1	cbio_mutation_tp53_kras
TCGA-49-AAR3	TCGA-LUAD	1	0	1	1	cbio_mutation_tp53_kras
TCGA-49-AAR4	TCGA-LUAD	1	0	1	1	cbio_mutation_tp53_kras
TCGA-49-AAR9	TCGA-LUAD	1	0	1	1	cbio_mutation_tp53_kras
TCGA-49-AARE	TCGA-LUAD	1	0	1	1	cbio_mutation_tp53_kras
TCGA-49-AARN	TCGA-LUAD	1	0	1	1	cbio_mutation_tp53_kras
TCGA-49-AARO	TCGA-LUAD	0	1	1	1	cbio_mutation_tp53_kras
TCGA-49-AARQ	TCGA-LUAD	1	1	1	1	cbio_mutation_tp53_kras
TCGA-49-AARR	TCGA-LUAD	0	0	1	1	cbio_mutation_tp53_kras
TCGA-4A-A93W	TCGA-KIRP	0	0	1	1	cbio_mutation_tp53_kras
TCGA-4A-A93X	TCGA-KIRP	0	0	1	1	cbio_mutation_tp53_kras
TCGA-4A-A93Y	TCGA-KIRP	0	0	1	1	cbio_mutation_tp53_kras
TCGA-4B-A93V	TCGA-LUAD	1	1	1	1	cbio_mutation_tp53_kras
TCGA-4C-A93U	TCGA-THCA	0	0	1	1	cbio_mutation_tp53_kras
TCGA-4E-A92E	TCGA-UCEC	0	0	1	1	cbio_mutation_tp53_kras
TCGA-4G-AAZO	TCGA-CHOL	0	0	1	1	cbio_mutation_tp53_kras
TCGA-4G-AAZT	TCGA-CHOL	0	0	1	1	cbio_mutation_tp53_kras
TCGA-4H-AAAK	TCGA-BRCA_OTHERS	0	0	1	1	cbio_mutation_tp53_kras
TCGA-4J-AA1J	TCGA-CESC	0	0	1	1	cbio_mutation_tp53_kras
TCGA-4K-AA1G	TCGA-TGCT	0	0	1	1	cbio_mutation_tp53_kras
TCGA-4K-AA1H	TCGA-TGCT	0	1	1	1	cbio_mutation_tp53_kras
TCGA-4K-AA1I	TCGA-TGCT	0	0	1	1	cbio_mutation_tp53_kras
TCGA-4K-AAAL	TCGA-TGCT	0	0	1	1	cbio_mutation_tp53_kras
TCGA-4L-AA1F	TCGA-PRAD	0	0	1	1	cbio_mutation_tp53_kras
TCGA-4N-A93T	TCGA-COAD	1	1	1	1	cbio_mutation_tp53_kras
TCGA-4P-AA8J	TCGA-HNSC	1	0	1	1	cbio_mutation_tp53_kras
TCGA-4R-AA8I	TCGA-LIHC	1	0	1	1	cbio_mutation_tp53_kras
TCGA-4T-AA8H	TCGA-COAD	0	1	1	1	cbio_mutation_tp53_kras
TCGA-4V-A9QI	TCGA-THYM	0	0	1	1	cbio_mutation_tp53_kras
TCGA-4V-A9QJ	TCGA-THYM	1	0	1	1	cbio_mutation_tp53_kras
TCGA-4V-A9QL	TCGA-THYM	0	0	1	1	cbio_mutation_tp53_kras
TCGA-4V-A9QM	TCGA-THYM	0	0	1	1	cbio_mutation_tp53_kras
TCGA-4V-A9QN	TCGA-THYM	0	0	1	1	cbio_mutation_tp53_kras
TCGA-4V-A9QQ	TCGA-THYM	0	0	1	1	cbio_mutation_tp53_kras
TCGA-4V-A9QR	TCGA-THYM	0	0	1	1	cbio_mutation_tp53_kras
TCGA-4V-A9QS	TCGA-THYM	0	0	1	1	cbio_mutation_tp53_kras
TCGA-4V-A9QT	TCGA-THYM	0	0	1	1	cbio_mutation_tp53_kras
TCGA-4V-A9QU	TCGA-THYM	0	0	1	1	cbio_mutation_tp53_kras
TCGA-4V-A9QW	TCGA-THYM	0	0	1	1	cbio_mutation_tp53_kras
TCGA-4V-A9QX	TCGA-THYM	0	0	1	1	cbio_mutation_tp53_kras
TCGA-4W-AA9R	TCGA-GBM	1	0	1	1	cbio_mutation_tp53_kras
TCGA-4W-AA9S	TCGA-GBM	0	0	1	1	cbio_mutation_tp53_kras
TCGA-4W-AA9T	TCGA-GBM	0	0	1	1	cbio_mutation_tp53_kras
TCGA-4X-A9F9	TCGA-THYM	0	0	1	1	cbio_mutation_tp53_kras
TCGA-4X-A9FA	TCGA-THYM	0	0	1	1	cbio_mutation_tp53_kras
TCGA-4X-A9FB	TCGA-THYM	0	0	1	1	cbio_mutation_tp53_kras
TCGA-4X-A9FC	TCGA-THYM	0	0	1	1	cbio_mutation_tp53_kras
TCGA-4X-A9FD	TCGA-THYM	0	0	1	1	cbio_mutation_tp53_kras
TCGA-4Z-AA7M	TCGA-BLCA	1	0	1	1	cbio_mutation_tp53_kras
TCGA-4Z-AA7N	TCGA-BLCA	0	0	1	1	cbio_mutation_tp53_kras
TCGA-4Z-AA7O	TCGA-BLCA	0	0	1	1	cbio_mutation_tp53_kras
TCGA-4Z-AA7Q	TCGA-BLCA	1	0	1	1	cbio_mutation_tp53_kras
TCGA-4Z-AA7R	TCGA-BLCA	1	0	1	1	cbio_mutation_tp53_kras
TCGA-4Z-AA7S	TCGA-BLCA	0	0	1	1	cbio_mutation_tp53_kras
TCGA-4Z-AA7W	TCGA-BLCA	1	0	1	1	cbio_mutation_tp53_kras
TCGA-4Z-AA7Y	TCGA-BLCA	0	0	1	1	cbio_mutation_tp53_kras
TCGA-4Z-AA80	TCGA-BLCA	1	0	1	1	cbio_mutation_tp53_kras
TCGA-4Z-AA81	TCGA-BLCA	0	1	1	1	cbio_mutation_tp53_kras
TCGA-4Z-AA82	TCGA-BLCA	0	0	1	1	cbio_mutation_tp53_kras
TCGA-4Z-AA83	TCGA-BLCA	0	0	1	1	cbio_mutation_tp53_kras
TCGA-4Z-AA84	TCGA-BLCA	1	0	1	1	cbio_mutation_tp53_kras
TCGA-4Z-AA86	TCGA-BLCA	1	0	1	1	cbio_mutation_tp53_kras
TCGA-4Z-AA87	TCGA-BLCA	1	0	1	1	cbio_mutation_tp53_kras
TCGA-4Z-AA89	TCGA-BLCA	0	0	1	1	cbio_mutation_tp53_kras
TCGA-50-5044	TCGA-LUAD	0	0	1	1	cbio_mutation_tp53_kras
TCGA-50-5045	TCGA-LUAD	1	0	1	1	cbio_mutation_tp53_kras
TCGA-50-5055	TCGA-LUAD	0	0	1	1	cbio_mutation_tp53_kras
TCGA-50-5066	TCGA-LUAD	1	0	1	1	cbio_mutation_tp53_kras
TCGA-50-5068	TCGA-LUAD	1	0	1	1	cbio_mutation_tp53_kras
TCGA-50-5931	TCGA-LUAD	1	0	1	1	cbio_mutation_tp53_kras
TCGA-50-5939	TCGA-LUAD	1	0	1	1	cbio_mutation_tp53_kras
TCGA-50-5942	TCGA-LUAD	0	0	1	1	cbio_mutation_tp53_kras
TCGA-50-5946	TCGA-LUAD	1	0	1	1	cbio_mutation_tp53_kras
TCGA-50-6590	TCGA-LUAD	1	0	1	1	cbio_mutation_tp53_kras
TCGA-50-6591	TCGA-LUAD	1	0	1	1	cbio_mutation_tp53_kras
TCGA-50-6593	TCGA-LUAD	1	0	1	1	cbio_mutation_tp53_kras
TCGA-50-6594	TCGA-LUAD	1	0	1	1	cbio_mutation_tp53_kras
TCGA-50-6597	TCGA-LUAD	0	0	1	1	cbio_mutation_tp53_kras
TCGA-50-6673	TCGA-LUAD	1	0	1	1	cbio_mutation_tp53_kras
TCGA-50-7109	TCGA-LUAD	0	1	1	1	cbio_mutation_tp53_kras
TCGA-50-8457	TCGA-LUAD	0	0	1	1	cbio_mutation_tp53_kras
TCGA-50-8459	TCGA-LUAD	0	1	1	1	cbio_mutation_tp53_kras
TCGA-51-4079	TCGA-LUSC	1	0	1	1	cbio_mutation_tp53_kras
TCGA-51-4080	TCGA-LUSC	1	0	1	1	cbio_mutation_tp53_kras
TCGA-51-4081	TCGA-LUSC	1	0	1	1	cbio_mutation_tp53_kras
TCGA-51-6867	TCGA-LUSC	Unknown	Unknown	0	0	cbio_mutation_tp53_kras
TCGA-52-7622	TCGA-LUSC	1	0	1	1	cbio_mutation_tp53_kras
TCGA-52-7809	TCGA-LUSC	1	0	1	1	cbio_mutation_tp53_kras
TCGA-52-7810	TCGA-LUSC	1	0	1	1	cbio_mutation_tp53_kras
TCGA-52-7811	TCGA-LUSC	0	0	1	1	cbio_mutation_tp53_kras
TCGA-52-7812	TCGA-LUSC	0	1	1	1	cbio_mutation_tp53_kras
TCGA-53-7624	TCGA-LUAD	1	0	1	1	cbio_mutation_tp53_kras
TCGA-53-7626	TCGA-LUAD	1	0	1	1	cbio_mutation_tp53_kras
TCGA-53-7813	TCGA-LUAD	0	1	1	1	cbio_mutation_tp53_kras
TCGA-53-A4EZ	TCGA-LUAD	1	0	1	1	cbio_mutation_tp53_kras
TCGA-55-1592	TCGA-LUAD	1	0	1	1	cbio_mutation_tp53_kras
TCGA-55-1594	TCGA-LUAD	1	0	1	1	cbio_mutation_tp53_kras
TCGA-55-1595	TCGA-LUAD	0	1	1	1	cbio_mutation_tp53_kras
TCGA-55-1596	TCGA-LUAD	1	0	1	1	cbio_mutation_tp53_kras
TCGA-55-5899	TCGA-LUAD	1	0	1	1	cbio_mutation_tp53_kras
TCGA-55-6543	TCGA-LUAD	0	0	1	1	cbio_mutation_tp53_kras
TCGA-55-6642	TCGA-LUAD	0	1	1	1	cbio_mutation_tp53_kras
TCGA-55-6712	TCGA-LUAD	1	0	1	1	cbio_mutation_tp53_kras
TCGA-55-6968	TCGA-LUAD	1	0	1	1	cbio_mutation_tp53_kras
TCGA-55-6969	TCGA-LUAD	1	0	1	1	cbio_mutation_tp53_kras
TCGA-55-6970	TCGA-LUAD	0	1	1	1	cbio_mutation_tp53_kras
TCGA-55-6971	TCGA-LUAD	0	0	1	1	cbio_mutation_tp53_kras
TCGA-55-6972	TCGA-LUAD	0	0	1	1	cbio_mutation_tp53_kras
TCGA-55-6975	TCGA-LUAD	1	1	1	1	cbio_mutation_tp53_kras
TCGA-55-6978	TCGA-LUAD	0	0	1	1	cbio_mutation_tp53_kras
TCGA-55-6979	TCGA-LUAD	1	0	1	1	cbio_mutation_tp53_kras
TCGA-55-6980	TCGA-LUAD	1	0	1	1	cbio_mutation_tp53_kras
TCGA-55-6981	TCGA-LUAD	0	0	1	1	cbio_mutation_tp53_kras
TCGA-55-6982	TCGA-LUAD	0	0	1	1	cbio_mutation_tp53_kras
TCGA-55-6983	TCGA-LUAD	0	1	1	1	cbio_mutation_tp53_kras
TCGA-55-6984	TCGA-LUAD	0	1	1	1	cbio_mutation_tp53_kras
TCGA-55-6985	TCGA-LUAD	1	0	1	1	cbio_mutation_tp53_kras
TCGA-55-6986	TCGA-LUAD	0	0	1	1	cbio_mutation_tp53_kras
TCGA-55-6987	TCGA-LUAD	0	0	1	1	cbio_mutation_tp53_kras
TCGA-55-7227	TCGA-LUAD	1	0	1	1	cbio_mutation_tp53_kras
TCGA-55-7281	TCGA-LUAD	0	1	1	1	cbio_mutation_tp53_kras
TCGA-55-7283	TCGA-LUAD	1	1	1	1	cbio_mutation_tp53_kras
TCGA-55-7284	TCGA-LUAD	0	1	1	1	cbio_mutation_tp53_kras
TCGA-55-7570	TCGA-LUAD	1	0	1	1	cbio_mutation_tp53_kras
TCGA-55-7573	TCGA-LUAD	1	0	1	1	cbio_mutation_tp53_kras
TCGA-55-7574	TCGA-LUAD	1	0	1	1	cbio_mutation_tp53_kras
TCGA-55-7576	TCGA-LUAD	1	1	1	1	cbio_mutation_tp53_kras
TCGA-55-7724	TCGA-LUAD	0	0	1	1	cbio_mutation_tp53_kras
TCGA-55-7725	TCGA-LUAD	0	1	1	1	cbio_mutation_tp53_kras
TCGA-55-7726	TCGA-LUAD	1	1	1	1	cbio_mutation_tp53_kras
TCGA-55-7727	TCGA-LUAD	1	0	1	1	cbio_mutation_tp53_kras
TCGA-55-7728	TCGA-LUAD	0	1	1	1	cbio_mutation_tp53_kras
TCGA-55-7815	TCGA-LUAD	0	1	1	1	cbio_mutation_tp53_kras
TCGA-55-7816	TCGA-LUAD	0	0	1	1	cbio_mutation_tp53_kras
TCGA-55-7903	TCGA-LUAD	1	0	1	1	cbio_mutation_tp53_kras
TCGA-55-7907	TCGA-LUAD	1	1	1	1	cbio_mutation_tp53_kras
TCGA-55-7910	TCGA-LUAD	1	1	1	1	cbio_mutation_tp53_kras
TCGA-55-7911	TCGA-LUAD	1	1	1	1	cbio_mutation_tp53_kras
TCGA-55-7913	TCGA-LUAD	1	0	1	1	cbio_mutation_tp53_kras
TCGA-55-7914	TCGA-LUAD	1	1	1	1	cbio_mutation_tp53_kras
TCGA-55-7994	TCGA-LUAD	1	0	1	1	cbio_mutation_tp53_kras
TCGA-55-7995	TCGA-LUAD	1	0	1	1	cbio_mutation_tp53_kras
TCGA-55-8085	TCGA-LUAD	1	0	1	1	cbio_mutation_tp53_kras
TCGA-55-8087	TCGA-LUAD	0	0	1	1	cbio_mutation_tp53_kras
TCGA-55-8089	TCGA-LUAD	1	0	1	1	cbio_mutation_tp53_kras
TCGA-55-8090	TCGA-LUAD	0	1	1	1	cbio_mutation_tp53_kras
TCGA-55-8091	TCGA-LUAD	0	0	1	1	cbio_mutation_tp53_kras
TCGA-55-8092	TCGA-LUAD	1	0	1	1	cbio_mutation_tp53_kras
TCGA-55-8094	TCGA-LUAD	1	1	1	1	cbio_mutation_tp53_kras
TCGA-55-8096	TCGA-LUAD	1	0	1	1	cbio_mutation_tp53_kras
TCGA-55-8097	TCGA-LUAD	0	1	1	1	cbio_mutation_tp53_kras
TCGA-55-8203	TCGA-LUAD	0	1	1	1	cbio_mutation_tp53_kras
TCGA-55-8204	TCGA-LUAD	1	0	1	1	cbio_mutation_tp53_kras
TCGA-55-8205	TCGA-LUAD	1	0	1	1	cbio_mutation_tp53_kras
TCGA-55-8206	TCGA-LUAD	0	0	1	1	cbio_mutation_tp53_kras
TCGA-55-8207	TCGA-LUAD	0	1	1	1	cbio_mutation_tp53_kras
TCGA-55-8208	TCGA-LUAD	1	0	1	1	cbio_mutation_tp53_kras
TCGA-55-8299	TCGA-LUAD	0	1	1	1	cbio_mutation_tp53_kras
TCGA-55-8301	TCGA-LUAD	1	0	1	1	cbio_mutation_tp53_kras
TCGA-55-8302	TCGA-LUAD	1	1	1	1	cbio_mutation_tp53_kras
TCGA-55-8505	TCGA-LUAD	0	0	1	1	cbio_mutation_tp53_kras
TCGA-55-8506	TCGA-LUAD	1	0	1	1	cbio_mutation_tp53_kras
TCGA-55-8507	TCGA-LUAD	1	0	1	1	cbio_mutation_tp53_kras
TCGA-55-8508	TCGA-LUAD	0	1	1	1	cbio_mutation_tp53_kras
TCGA-55-8510	TCGA-LUAD	1	0	1	1	cbio_mutation_tp53_kras
TCGA-55-8511	TCGA-LUAD	1	0	1	1	cbio_mutation_tp53_kras
TCGA-55-8512	TCGA-LUAD	0	1	1	1	cbio_mutation_tp53_kras
TCGA-55-8513	TCGA-LUAD	0	0	1	1	cbio_mutation_tp53_kras
TCGA-55-8514	TCGA-LUAD	1	1	1	1	cbio_mutation_tp53_kras
TCGA-55-8614	TCGA-LUAD	1	0	1	1	cbio_mutation_tp53_kras
TCGA-55-8615	TCGA-LUAD	0	1	1	1	cbio_mutation_tp53_kras
TCGA-55-8616	TCGA-LUAD	1	1	1	1	cbio_mutation_tp53_kras
TCGA-55-8619	TCGA-LUAD	0	0	1	1	cbio_mutation_tp53_kras
TCGA-55-8620	TCGA-LUAD	1	0	1	1	cbio_mutation_tp53_kras
TCGA-55-8621	TCGA-LUAD	0	0	1	1	cbio_mutation_tp53_kras
TCGA-55-A48X	TCGA-LUAD	1	0	1	1	cbio_mutation_tp53_kras
TCGA-55-A48Y	TCGA-LUAD	0	0	1	1	cbio_mutation_tp53_kras
TCGA-55-A48Z	TCGA-LUAD	1	0	1	1	cbio_mutation_tp53_kras
TCGA-55-A490	TCGA-LUAD	0	1	1	1	cbio_mutation_tp53_kras
TCGA-55-A491	TCGA-LUAD	1	0	1	1	cbio_mutation_tp53_kras
TCGA-55-A492	TCGA-LUAD	0	0	1	1	cbio_mutation_tp53_kras
TCGA-55-A493	TCGA-LUAD	1	0	1	1	cbio_mutation_tp53_kras
TCGA-55-A494	TCGA-LUAD	0	1	1	1	cbio_mutation_tp53_kras
TCGA-55-A4DF	TCGA-LUAD	1	0	1	1	cbio_mutation_tp53_kras
TCGA-55-A4DG	TCGA-LUAD	1	0	1	1	cbio_mutation_tp53_kras
TCGA-55-A57B	TCGA-LUAD	1	0	1	1	cbio_mutation_tp53_kras
TCGA-56-1622	TCGA-LUSC	1	0	1	1	cbio_mutation_tp53_kras
TCGA-56-5897	TCGA-LUSC	1	0	1	1	cbio_mutation_tp53_kras
TCGA-56-5898	TCGA-LUSC	1	0	1	1	cbio_mutation_tp53_kras
TCGA-56-6545	TCGA-LUSC	1	0	1	1	cbio_mutation_tp53_kras
TCGA-56-6546	TCGA-LUSC	1	0	1	1	cbio_mutation_tp53_kras
TCGA-56-7221	TCGA-LUSC	1	0	1	1	cbio_mutation_tp53_kras
TCGA-56-7222	TCGA-LUSC	1	0	1	1	cbio_mutation_tp53_kras
TCGA-56-7223	TCGA-LUSC	1	0	1	1	cbio_mutation_tp53_kras
TCGA-56-7579	TCGA-LUSC	1	0	1	1	cbio_mutation_tp53_kras
TCGA-56-7580	TCGA-LUSC	1	0	1	1	cbio_mutation_tp53_kras
TCGA-56-7582	TCGA-LUSC	1	0	1	1	cbio_mutation_tp53_kras
TCGA-56-7730	TCGA-LUSC	1	0	1	1	cbio_mutation_tp53_kras
TCGA-56-7731	TCGA-LUSC	0	0	1	1	cbio_mutation_tp53_kras
TCGA-56-7822	TCGA-LUSC	1	0	1	1	cbio_mutation_tp53_kras
TCGA-56-7823	TCGA-LUSC	1	0	1	1	cbio_mutation_tp53_kras
TCGA-56-8082	TCGA-LUSC	1	0	1	1	cbio_mutation_tp53_kras
TCGA-56-8083	TCGA-LUSC	1	0	1	1	cbio_mutation_tp53_kras
TCGA-56-8201	TCGA-LUSC	1	0	1	1	cbio_mutation_tp53_kras
TCGA-56-8304	TCGA-LUSC	1	0	1	1	cbio_mutation_tp53_kras
TCGA-56-8305	TCGA-LUSC	0	0	1	1	cbio_mutation_tp53_kras
TCGA-56-8307	TCGA-LUSC	1	0	1	1	cbio_mutation_tp53_kras
TCGA-56-8308	TCGA-LUSC	1	0	1	1	cbio_mutation_tp53_kras
TCGA-56-8309	TCGA-LUSC	1	0	1	1	cbio_mutation_tp53_kras
TCGA-56-8503	TCGA-LUSC	1	0	1	1	cbio_mutation_tp53_kras
TCGA-56-8504	TCGA-LUSC	1	0	1	1	cbio_mutation_tp53_kras
TCGA-56-8622	TCGA-LUSC	1	0	1	1	cbio_mutation_tp53_kras
TCGA-56-8623	TCGA-LUSC	Unknown	Unknown	0	0	cbio_mutation_tp53_kras
TCGA-56-8624	TCGA-LUSC	1	0	1	1	cbio_mutation_tp53_kras
TCGA-56-8625	TCGA-LUSC	1	0	1	1	cbio_mutation_tp53_kras
TCGA-56-8626	TCGA-LUSC	0	0	1	1	cbio_mutation_tp53_kras
TCGA-56-8628	TCGA-LUSC	1	0	1	1	cbio_mutation_tp53_kras
TCGA-56-8629	TCGA-LUSC	1	0	1	1	cbio_mutation_tp53_kras
TCGA-56-A49D	TCGA-LUSC	1	0	1	1	cbio_mutation_tp53_kras
TCGA-56-A4BW	TCGA-LUSC	1	0	1	1	cbio_mutation_tp53_kras
TCGA-56-A4BX	TCGA-LUSC	0	0	1	1	cbio_mutation_tp53_kras
TCGA-56-A4BY	TCGA-LUSC	1	0	1	1	cbio_mutation_tp53_kras
TCGA-56-A4ZJ	TCGA-LUSC	0	0	1	1	cbio_mutation_tp53_kras
TCGA-56-A4ZK	TCGA-LUSC	1	0	1	1	cbio_mutation_tp53_kras
TCGA-56-A5DR	TCGA-LUSC	0	0	1	1	cbio_mutation_tp53_kras
TCGA-56-A5DS	TCGA-LUSC	1	0	1	1	cbio_mutation_tp53_kras
TCGA-56-A62T	TCGA-LUSC	1	0	1	1	cbio_mutation_tp53_kras
TCGA-57-1582	TCGA-OV	0	0	1	1	cbio_mutation_tp53_kras
TCGA-57-1583	TCGA-OV	0	0	1	1	cbio_mutation_tp53_kras
TCGA-57-1585	TCGA-OV	0	0	1	1	cbio_mutation_tp53_kras
TCGA-57-1586	TCGA-OV	0	0	1	1	cbio_mutation_tp53_kras
TCGA-57-1992	TCGA-OV	0	0	1	1	cbio_mutation_tp53_kras
TCGA-57-1993	TCGA-OV	1	0	1	1	cbio_mutation_tp53_kras
TCGA-57-1994	TCGA-OV	1	0	1	1	cbio_mutation_tp53_kras
TCGA-58-A46J	TCGA-LUSC	1	0	1	1	cbio_mutation_tp53_kras
TCGA-58-A46K	TCGA-LUSC	1	0	1	1	cbio_mutation_tp53_kras
TCGA-58-A46L	TCGA-LUSC	1	0	1	1	cbio_mutation_tp53_kras
TCGA-58-A46M	TCGA-LUSC	1	0	1	1	cbio_mutation_tp53_kras
TCGA-58-A46N	TCGA-LUSC	1	0	1	1	cbio_mutation_tp53_kras
TCGA-59-A5PD	TCGA-OV	1	0	1	1	cbio_mutation_tp53_kras
TCGA-5B-A90C	TCGA-UCEC	1	0	1	1	cbio_mutation_tp53_kras
TCGA-5C-A9VG	TCGA-LIHC	0	0	1	1	cbio_mutation_tp53_kras
TCGA-5C-A9VH	TCGA-LIHC	0	0	1	1	cbio_mutation_tp53_kras
TCGA-5C-AAPD	TCGA-LIHC	1	0	1	1	cbio_mutation_tp53_kras
TCGA-5G-A9ZZ	TCGA-THYM	0	0	1	1	cbio_mutation_tp53_kras
TCGA-5K-AAAP	TCGA-THYM	0	0	1	1	cbio_mutation_tp53_kras
TCGA-5L-AAT0	TCGA-BRCA_OTHERS	0	0	1	1	cbio_mutation_tp53_kras
TCGA-5L-AAT1	TCGA-BRCA_OTHERS	Unknown	Unknown	0	0	cbio_mutation_tp53_kras
TCGA-5M-AAT4	TCGA-COAD	1	1	1	1	cbio_mutation_tp53_kras
TCGA-5M-AAT5	TCGA-COAD	1	1	1	1	cbio_mutation_tp53_kras
TCGA-5M-AAT6	TCGA-COAD	0	1	1	1	cbio_mutation_tp53_kras
TCGA-5M-AATE	TCGA-COAD	1	1	1	1	cbio_mutation_tp53_kras
TCGA-5N-A9KI	TCGA-BLCA	1	0	1	1	cbio_mutation_tp53_kras
TCGA-5N-A9KM	TCGA-BLCA	0	0	1	1	cbio_mutation_tp53_kras
TCGA-5P-A9JU	TCGA-KIRP	0	0	1	1	cbio_mutation_tp53_kras
TCGA-5P-A9JV	TCGA-KIRP	0	0	1	1	cbio_mutation_tp53_kras
TCGA-5P-A9JW	TCGA-KIRP	0	0	1	1	cbio_mutation_tp53_kras
TCGA-5P-A9JY	TCGA-KIRP	0	0	1	1	cbio_mutation_tp53_kras
TCGA-5P-A9JZ	TCGA-KIRP	0	0	1	1	cbio_mutation_tp53_kras
TCGA-5P-A9K0	TCGA-KIRP	0	0	1	1	cbio_mutation_tp53_kras
TCGA-5P-A9K2	TCGA-KIRP	0	0	1	1	cbio_mutation_tp53_kras
TCGA-5P-A9K3	TCGA-KIRP	1	0	1	1	cbio_mutation_tp53_kras
TCGA-5P-A9K4	TCGA-KIRP	Unknown	Unknown	0	0	cbio_mutation_tp53_kras
TCGA-5P-A9K6	TCGA-KIRP	0	0	1	1	cbio_mutation_tp53_kras
TCGA-5P-A9K8	TCGA-KIRP	0	0	1	1	cbio_mutation_tp53_kras
TCGA-5P-A9K9	TCGA-KIRP	0	0	1	1	cbio_mutation_tp53_kras
TCGA-5P-A9KE	TCGA-KIRP	0	0	1	1	cbio_mutation_tp53_kras
TCGA-5P-A9KF	TCGA-KIRP	Unknown	Unknown	0	0	cbio_mutation_tp53_kras
TCGA-5P-A9KH	TCGA-KIRP	1	0	1	1	cbio_mutation_tp53_kras
TCGA-5R-AA1C	TCGA-LIHC	0	0	1	1	cbio_mutation_tp53_kras
TCGA-5R-AA1D	TCGA-LIHC	0	0	1	1	cbio_mutation_tp53_kras
TCGA-5R-AAAM	TCGA-LIHC	0	0	1	1	cbio_mutation_tp53_kras
TCGA-5S-A9Q8	TCGA-UCEC	0	0	1	1	cbio_mutation_tp53_kras
TCGA-5T-A9QA	TCGA-BRCA_IDC	0	0	1	1	cbio_mutation_tp53_kras
TCGA-5U-AB0D	TCGA-THYM	0	0	1	1	cbio_mutation_tp53_kras
TCGA-5U-AB0E	TCGA-THYM	0	0	1	1	cbio_mutation_tp53_kras
TCGA-5U-AB0F	TCGA-THYM	0	0	1	1	cbio_mutation_tp53_kras
TCGA-5V-A9RR	TCGA-THYM	0	0	1	1	cbio_mutation_tp53_kras
TCGA-5X-AA5U	TCGA-OV	0	0	1	1	cbio_mutation_tp53_kras
TCGA-60-2695	TCGA-LUSC	1	0	1	1	cbio_mutation_tp53_kras
TCGA-60-2696	TCGA-LUSC	Unknown	Unknown	0	0	cbio_mutation_tp53_kras
TCGA-60-2697	TCGA-LUSC	0	0	1	1	cbio_mutation_tp53_kras
TCGA-60-2698	TCGA-LUSC	1	0	1	1	cbio_mutation_tp53_kras
TCGA-60-2703	TCGA-LUSC	1	0	1	1	cbio_mutation_tp53_kras
TCGA-60-2704	TCGA-LUSC	1	0	1	1	cbio_mutation_tp53_kras
TCGA-60-2706	TCGA-LUSC	0	0	1	1	cbio_mutation_tp53_kras
TCGA-60-2707	TCGA-LUSC	1	0	1	1	cbio_mutation_tp53_kras
TCGA-60-2708	TCGA-LUSC	1	0	1	1	cbio_mutation_tp53_kras
TCGA-60-2709	TCGA-LUSC	1	0	1	1	cbio_mutation_tp53_kras
TCGA-60-2710	TCGA-LUSC	1	0	1	1	cbio_mutation_tp53_kras
TCGA-60-2711	TCGA-LUSC	1	0	1	1	cbio_mutation_tp53_kras
TCGA-60-2712	TCGA-LUSC	Unknown	Unknown	0	0	cbio_mutation_tp53_kras
TCGA-60-2713	TCGA-LUSC	1	0	1	1	cbio_mutation_tp53_kras
TCGA-60-2714	TCGA-LUSC	1	0	1	1	cbio_mutation_tp53_kras
TCGA-60-2715	TCGA-LUSC	Unknown	Unknown	0	0	cbio_mutation_tp53_kras
TCGA-60-2716	TCGA-LUSC	0	0	1	1	cbio_mutation_tp53_kras
TCGA-60-2719	TCGA-LUSC	1	0	1	1	cbio_mutation_tp53_kras
TCGA-60-2720	TCGA-LUSC	1	0	1	1	cbio_mutation_tp53_kras
TCGA-60-2721	TCGA-LUSC	1	0	1	1	cbio_mutation_tp53_kras
TCGA-60-2722	TCGA-LUSC	1	0	1	1	cbio_mutation_tp53_kras
TCGA-60-2723	TCGA-LUSC	1	0	1	1	cbio_mutation_tp53_kras
TCGA-60-2724	TCGA-LUSC	1	0	1	1	cbio_mutation_tp53_kras
TCGA-60-2725	TCGA-LUSC	1	0	1	1	cbio_mutation_tp53_kras
TCGA-60-2726	TCGA-LUSC	0	0	1	1	cbio_mutation_tp53_kras
TCGA-62-A46O	TCGA-LUAD	1	0	1	1	cbio_mutation_tp53_kras
TCGA-62-A46P	TCGA-LUAD	0	0	1	1	cbio_mutation_tp53_kras
TCGA-62-A46R	TCGA-LUAD	1	1	1	1	cbio_mutation_tp53_kras
TCGA-62-A46S	TCGA-LUAD	0	1	1	1	cbio_mutation_tp53_kras
TCGA-62-A46U	TCGA-LUAD	1	0	1	1	cbio_mutation_tp53_kras
TCGA-62-A46V	TCGA-LUAD	0	0	1	1	cbio_mutation_tp53_kras
TCGA-62-A470	TCGA-LUAD	0	0	1	1	cbio_mutation_tp53_kras
TCGA-62-A471	TCGA-LUAD	1	0	1	1	cbio_mutation_tp53_kras
TCGA-62-A472	TCGA-LUAD	1	0	1	1	cbio_mutation_tp53_kras
TCGA-63-5128	TCGA-LUSC	1	0	1	1	cbio_mutation_tp53_kras
TCGA-63-5131	TCGA-LUSC	1	0	1	1	cbio_mutation_tp53_kras
TCGA-63-6202	TCGA-LUSC	1	1	1	1	cbio_mutation_tp53_kras
TCGA-63-7020	TCGA-LUSC	1	0	1	1	cbio_mutation_tp53_kras
TCGA-63-7021	TCGA-LUSC	1	0	1	1	cbio_mutation_tp53_kras
TCGA-63-7022	TCGA-LUSC	1	0	1	1	cbio_mutation_tp53_kras
TCGA-63-7023	TCGA-LUSC	0	0	1	1	cbio_mutation_tp53_kras
TCGA-63-A5M9	TCGA-LUSC	1	0	1	1	cbio_mutation_tp53_kras
TCGA-63-A5MB	TCGA-LUSC	1	0	1	1	cbio_mutation_tp53_kras
TCGA-63-A5MG	TCGA-LUSC	0	0	1	1	cbio_mutation_tp53_kras
TCGA-63-A5MH	TCGA-LUSC	1	0	1	1	cbio_mutation_tp53_kras
TCGA-63-A5MI	TCGA-LUSC	1	0	1	1	cbio_mutation_tp53_kras
TCGA-63-A5MJ	TCGA-LUSC	1	0	1	1	cbio_mutation_tp53_kras
TCGA-63-A5ML	TCGA-LUSC	1	0	1	1	cbio_mutation_tp53_kras
TCGA-63-A5MM	TCGA-LUSC	0	0	1	1	cbio_mutation_tp53_kras
TCGA-63-A5MN	TCGA-LUSC	0	0	1	1	cbio_mutation_tp53_kras
TCGA-63-A5MP	TCGA-LUSC	1	0	1	1	cbio_mutation_tp53_kras
TCGA-63-A5MR	TCGA-LUSC	1	0	1	1	cbio_mutation_tp53_kras
TCGA-63-A5MS	TCGA-LUSC	1	0	1	1	cbio_mutation_tp53_kras
TCGA-63-A5MT	TCGA-LUSC	1	0	1	1	cbio_mutation_tp53_kras
TCGA-63-A5MU	TCGA-LUSC	1	0	1	1	cbio_mutation_tp53_kras
TCGA-63-A5MV	TCGA-LUSC	1	0	1	1	cbio_mutation_tp53_kras
TCGA-63-A5MW	TCGA-LUSC	1	0	1	1	cbio_mutation_tp53_kras
TCGA-63-A5MY	TCGA-LUSC	1	0	1	1	cbio_mutation_tp53_kras
TCGA-64-1676	TCGA-LUAD	1	0	1	1	cbio_mutation_tp53_kras
TCGA-64-1677	TCGA-LUAD	1	1	1	1	cbio_mutation_tp53_kras
TCGA-64-1678	TCGA-LUAD	0	0	1	1	cbio_mutation_tp53_kras
TCGA-64-1679	TCGA-LUAD	1	0	1	1	cbio_mutation_tp53_kras
TCGA-64-1680	TCGA-LUAD	0	0	1	1	cbio_mutation_tp53_kras
TCGA-64-1681	TCGA-LUAD	1	0	1	1	cbio_mutation_tp53_kras
TCGA-64-5774	TCGA-LUAD	0	1	1	1	cbio_mutation_tp53_kras
TCGA-64-5775	TCGA-LUAD	1	1	1	1	cbio_mutation_tp53_kras
TCGA-64-5778	TCGA-LUAD	1	1	1	1	cbio_mutation_tp53_kras
TCGA-64-5779	TCGA-LUAD	0	0	1	1	cbio_mutation_tp53_kras
TCGA-64-5781	TCGA-LUAD	0	0	1	1	cbio_mutation_tp53_kras
TCGA-64-5815	TCGA-LUAD	0	1	1	1	cbio_mutation_tp53_kras
TCGA-66-2727	TCGA-LUSC	1	0	1	1	cbio_mutation_tp53_kras
TCGA-66-2734	TCGA-LUSC	1	0	1	1	cbio_mutation_tp53_kras
TCGA-66-2737	TCGA-LUSC	Unknown	Unknown	0	0	cbio_mutation_tp53_kras
TCGA-66-2742	TCGA-LUSC	1	0	1	1	cbio_mutation_tp53_kras
TCGA-66-2744	TCGA-LUSC	1	0	1	1	cbio_mutation_tp53_kras
TCGA-66-2753	TCGA-LUSC	0	0	1	1	cbio_mutation_tp53_kras
TCGA-66-2754	TCGA-LUSC	1	0	1	1	cbio_mutation_tp53_kras
TCGA-66-2755	TCGA-LUSC	1	0	1	1	cbio_mutation_tp53_kras
TCGA-66-2756	TCGA-LUSC	1	0	1	1	cbio_mutation_tp53_kras
TCGA-66-2757	TCGA-LUSC	1	0	1	1	cbio_mutation_tp53_kras
TCGA-66-2758	TCGA-LUSC	1	0	1	1	cbio_mutation_tp53_kras
TCGA-66-2759	TCGA-LUSC	1	0	1	1	cbio_mutation_tp53_kras
TCGA-66-2763	TCGA-LUSC	1	0	1	1	cbio_mutation_tp53_kras
TCGA-66-2765	TCGA-LUSC	1	0	1	1	cbio_mutation_tp53_kras
TCGA-66-2766	TCGA-LUSC	1	0	1	1	cbio_mutation_tp53_kras
TCGA-66-2767	TCGA-LUSC	0	0	1	1	cbio_mutation_tp53_kras
TCGA-66-2768	TCGA-LUSC	1	0	1	1	cbio_mutation_tp53_kras
TCGA-66-2769	TCGA-LUSC	0	1	1	1	cbio_mutation_tp53_kras
TCGA-66-2770	TCGA-LUSC	1	0	1	1	cbio_mutation_tp53_kras
TCGA-66-2771	TCGA-LUSC	0	0	1	1	cbio_mutation_tp53_kras
TCGA-66-2773	TCGA-LUSC	1	0	1	1	cbio_mutation_tp53_kras
TCGA-66-2777	TCGA-LUSC	1	0	1	1	cbio_mutation_tp53_kras
TCGA-66-2778	TCGA-LUSC	1	0	1	1	cbio_mutation_tp53_kras
TCGA-66-2780	TCGA-LUSC	0	0	1	1	cbio_mutation_tp53_kras
TCGA-66-2781	TCGA-LUSC	1	0	1	1	cbio_mutation_tp53_kras
TCGA-66-2783	TCGA-LUSC	0	0	1	1	cbio_mutation_tp53_kras
TCGA-66-2785	TCGA-LUSC	1	0	1	1	cbio_mutation_tp53_kras
TCGA-66-2786	TCGA-LUSC	1	0	1	1	cbio_mutation_tp53_kras
TCGA-66-2787	TCGA-LUSC	1	0	1	1	cbio_mutation_tp53_kras
TCGA-66-2788	TCGA-LUSC	1	0	1	1	cbio_mutation_tp53_kras
TCGA-66-2789	TCGA-LUSC	0	0	1	1	cbio_mutation_tp53_kras
TCGA-66-2790	TCGA-LUSC	0	0	1	1	cbio_mutation_tp53_kras
TCGA-66-2791	TCGA-LUSC	1	0	1	1	cbio_mutation_tp53_kras
TCGA-66-2792	TCGA-LUSC	1	0	1	1	cbio_mutation_tp53_kras
TCGA-66-2793	TCGA-LUSC	1	0	1	1	cbio_mutation_tp53_kras
TCGA-66-2794	TCGA-LUSC	1	0	1	1	cbio_mutation_tp53_kras
TCGA-66-2795	TCGA-LUSC	1	0	1	1	cbio_mutation_tp53_kras
TCGA-66-2800	TCGA-LUSC	1	0	1	1	cbio_mutation_tp53_kras
TCGA-67-3770	TCGA-LUAD	1	0	1	1	cbio_mutation_tp53_kras
TCGA-67-3771	TCGA-LUAD	1	0	1	1	cbio_mutation_tp53_kras
TCGA-67-3772	TCGA-LUAD	0	0	1	1	cbio_mutation_tp53_kras
TCGA-67-3773	TCGA-LUAD	0	1	1	1	cbio_mutation_tp53_kras
TCGA-67-3774	TCGA-LUAD	0	1	1	1	cbio_mutation_tp53_kras
TCGA-67-4679	TCGA-LUAD	0	1	1	1	cbio_mutation_tp53_kras
TCGA-67-6215	TCGA-LUAD	0	0	1	1	cbio_mutation_tp53_kras
TCGA-67-6216	TCGA-LUAD	0	0	1	1	cbio_mutation_tp53_kras
TCGA-67-6217	TCGA-LUAD	0	0	1	1	cbio_mutation_tp53_kras
TCGA-68-7755	TCGA-LUSC	0	0	1	1	cbio_mutation_tp53_kras
TCGA-68-7756	TCGA-LUSC	0	0	1	1	cbio_mutation_tp53_kras
TCGA-68-7757	TCGA-LUSC	1	0	1	1	cbio_mutation_tp53_kras
TCGA-68-8250	TCGA-LUSC	1	0	1	1	cbio_mutation_tp53_kras
TCGA-68-8251	TCGA-LUSC	0	0	1	1	cbio_mutation_tp53_kras
TCGA-68-A59I	TCGA-LUSC	0	0	1	1	cbio_mutation_tp53_kras
TCGA-68-A59J	TCGA-LUSC	1	0	1	1	cbio_mutation_tp53_kras
TCGA-69-7760	TCGA-LUAD	1	0	1	1	cbio_mutation_tp53_kras
TCGA-69-7761	TCGA-LUAD	0	0	1	1	cbio_mutation_tp53_kras
TCGA-69-7763	TCGA-LUAD	0	0	1	1	cbio_mutation_tp53_kras
TCGA-69-7764	TCGA-LUAD	0	0	1	1	cbio_mutation_tp53_kras
TCGA-69-7765	TCGA-LUAD	1	0	1	1	cbio_mutation_tp53_kras
TCGA-69-7973	TCGA-LUAD	0	1	1	1	cbio_mutation_tp53_kras
TCGA-69-7974	TCGA-LUAD	1	1	1	1	cbio_mutation_tp53_kras
TCGA-69-7978	TCGA-LUAD	1	1	1	1	cbio_mutation_tp53_kras
TCGA-69-7979	TCGA-LUAD	1	0	1	1	cbio_mutation_tp53_kras
TCGA-69-7980	TCGA-LUAD	1	1	1	1	cbio_mutation_tp53_kras
TCGA-69-8253	TCGA-LUAD	0	1	1	1	cbio_mutation_tp53_kras
TCGA-69-8254	TCGA-LUAD	0	1	1	1	cbio_mutation_tp53_kras
TCGA-69-8255	TCGA-LUAD	1	0	1	1	cbio_mutation_tp53_kras
TCGA-69-8453	TCGA-LUAD	0	0	1	1	cbio_mutation_tp53_kras
TCGA-69-A59K	TCGA-LUAD	1	0	1	1	cbio_mutation_tp53_kras
TCGA-6A-AB49	TCGA-LUSC	0	0	1	1	cbio_mutation_tp53_kras
TCGA-6D-AA2E	TCGA-KIRC	0	0	1	1	cbio_mutation_tp53_kras
TCGA-70-6722	TCGA-LUSC	1	0	1	1	cbio_mutation_tp53_kras
TCGA-70-6723	TCGA-LUSC	1	0	1	1	cbio_mutation_tp53_kras
TCGA-71-6725	TCGA-LUAD	0	0	1	1	cbio_mutation_tp53_kras
TCGA-71-8520	TCGA-LUAD	1	0	1	1	cbio_mutation_tp53_kras
TCGA-73-4658	TCGA-LUAD	0	0	1	1	cbio_mutation_tp53_kras
TCGA-73-4659	TCGA-LUAD	0	0	1	1	cbio_mutation_tp53_kras
TCGA-73-4662	TCGA-LUAD	0	1	1	1	cbio_mutation_tp53_kras
TCGA-73-4666	TCGA-LUAD	1	0	1	1	cbio_mutation_tp53_kras
TCGA-73-4668	TCGA-LUAD	0	0	1	1	cbio_mutation_tp53_kras
TCGA-73-4670	TCGA-LUAD	1	1	1	1	cbio_mutation_tp53_kras
TCGA-73-4675	TCGA-LUAD	0	0	1	1	cbio_mutation_tp53_kras
TCGA-73-4676	TCGA-LUAD	1	0	1	1	cbio_mutation_tp53_kras
TCGA-73-4677	TCGA-LUAD	0	1	1	1	cbio_mutation_tp53_kras
TCGA-73-7498	TCGA-LUAD	0	1	1	1	cbio_mutation_tp53_kras
TCGA-73-7499	TCGA-LUAD	1	0	1	1	cbio_mutation_tp53_kras
TCGA-73-A9RS	TCGA-LUAD	1	0	1	1	cbio_mutation_tp53_kras
TCGA-75-5122	TCGA-LUAD	0	0	1	1	cbio_mutation_tp53_kras
TCGA-75-5125	TCGA-LUAD	1	0	1	1	cbio_mutation_tp53_kras
TCGA-75-5126	TCGA-LUAD	0	1	1	1	cbio_mutation_tp53_kras
TCGA-75-5146	TCGA-LUAD	1	0	1	1	cbio_mutation_tp53_kras
TCGA-75-5147	TCGA-LUAD	1	0	1	1	cbio_mutation_tp53_kras
TCGA-75-6203	TCGA-LUAD	0	0	1	1	cbio_mutation_tp53_kras
TCGA-75-6205	TCGA-LUAD	0	0	1	1	cbio_mutation_tp53_kras
TCGA-75-6206	TCGA-LUAD	0	1	1	1	cbio_mutation_tp53_kras
TCGA-75-6207	TCGA-LUAD	1	0	1	1	cbio_mutation_tp53_kras
TCGA-75-6211	TCGA-LUAD	1	0	1	1	cbio_mutation_tp53_kras
TCGA-75-6212	TCGA-LUAD	0	0	1	1	cbio_mutation_tp53_kras
TCGA-75-6214	TCGA-LUAD	1	0	1	1	cbio_mutation_tp53_kras
TCGA-75-7025	TCGA-LUAD	0	0	1	1	cbio_mutation_tp53_kras
TCGA-75-7027	TCGA-LUAD	0	1	1	1	cbio_mutation_tp53_kras
TCGA-75-7030	TCGA-LUAD	0	1	1	1	cbio_mutation_tp53_kras
TCGA-75-7031	TCGA-LUAD	1	0	1	1	cbio_mutation_tp53_kras
TCGA-77-6842	TCGA-LUSC	1	0	1	1	cbio_mutation_tp53_kras
TCGA-77-6843	TCGA-LUSC	1	0	1	1	cbio_mutation_tp53_kras
TCGA-77-6844	TCGA-LUSC	1	0	1	1	cbio_mutation_tp53_kras
TCGA-77-6845	TCGA-LUSC	1	0	1	1	cbio_mutation_tp53_kras
TCGA-77-7138	TCGA-LUSC	0	0	1	1	cbio_mutation_tp53_kras
TCGA-77-7139	TCGA-LUSC	1	0	1	1	cbio_mutation_tp53_kras
TCGA-77-7140	TCGA-LUSC	1	0	1	1	cbio_mutation_tp53_kras
TCGA-77-7141	TCGA-LUSC	1	0	1	1	cbio_mutation_tp53_kras
TCGA-77-7142	TCGA-LUSC	1	0	1	1	cbio_mutation_tp53_kras
TCGA-77-7335	TCGA-LUSC	1	0	1	1	cbio_mutation_tp53_kras
TCGA-77-7337	TCGA-LUSC	1	0	1	1	cbio_mutation_tp53_kras
TCGA-77-7338	TCGA-LUSC	1	0	1	1	cbio_mutation_tp53_kras
TCGA-77-7463	TCGA-LUSC	1	0	1	1	cbio_mutation_tp53_kras
TCGA-77-7465	TCGA-LUSC	1	0	1	1	cbio_mutation_tp53_kras
TCGA-77-8007	TCGA-LUSC	1	0	1	1	cbio_mutation_tp53_kras
TCGA-77-8008	TCGA-LUSC	1	0	1	1	cbio_mutation_tp53_kras
TCGA-77-8009	TCGA-LUSC	0	0	1	1	cbio_mutation_tp53_kras
TCGA-77-8128	TCGA-LUSC	1	0	1	1	cbio_mutation_tp53_kras
TCGA-77-8130	TCGA-LUSC	1	0	1	1	cbio_mutation_tp53_kras
TCGA-77-8131	TCGA-LUSC	1	0	1	1	cbio_mutation_tp53_kras
TCGA-77-8133	TCGA-LUSC	1	0	1	1	cbio_mutation_tp53_kras
TCGA-77-8136	TCGA-LUSC	0	0	1	1	cbio_mutation_tp53_kras
TCGA-77-8138	TCGA-LUSC	1	0	1	1	cbio_mutation_tp53_kras
TCGA-77-8139	TCGA-LUSC	1	0	1	1	cbio_mutation_tp53_kras
TCGA-77-8140	TCGA-LUSC	1	0	1	1	cbio_mutation_tp53_kras
TCGA-77-8143	TCGA-LUSC	1	0	1	1	cbio_mutation_tp53_kras
TCGA-77-8144	TCGA-LUSC	1	0	1	1	cbio_mutation_tp53_kras
TCGA-77-8145	TCGA-LUSC	0	0	1	1	cbio_mutation_tp53_kras
TCGA-77-8146	TCGA-LUSC	Unknown	Unknown	0	0	cbio_mutation_tp53_kras
TCGA-77-8148	TCGA-LUSC	1	0	1	1	cbio_mutation_tp53_kras
TCGA-77-8150	TCGA-LUSC	1	0	1	1	cbio_mutation_tp53_kras
TCGA-77-8153	TCGA-LUSC	1	0	1	1	cbio_mutation_tp53_kras
TCGA-77-8154	TCGA-LUSC	1	0	1	1	cbio_mutation_tp53_kras
TCGA-77-8156	TCGA-LUSC	1	0	1	1	cbio_mutation_tp53_kras
TCGA-77-A5FZ	TCGA-LUSC	0	0	1	1	cbio_mutation_tp53_kras
TCGA-77-A5G1	TCGA-LUSC	1	0	1	1	cbio_mutation_tp53_kras
TCGA-77-A5G3	TCGA-LUSC	1	0	1	1	cbio_mutation_tp53_kras
TCGA-77-A5G6	TCGA-LUSC	1	0	1	1	cbio_mutation_tp53_kras
TCGA-77-A5G7	TCGA-LUSC	1	0	1	1	cbio_mutation_tp53_kras
TCGA-77-A5G8	TCGA-LUSC	1	0	1	1	cbio_mutation_tp53_kras
TCGA-77-A5GA	TCGA-LUSC	Unknown	Unknown	0	0	cbio_mutation_tp53_kras
TCGA-77-A5GB	TCGA-LUSC	1	0	1	1	cbio_mutation_tp53_kras
TCGA-77-A5GF	TCGA-LUSC	1	0	1	1	cbio_mutation_tp53_kras
TCGA-77-A5GH	TCGA-LUSC	1	0	1	1	cbio_mutation_tp53_kras
TCGA-78-7145	TCGA-LUAD	1	1	1	1	cbio_mutation_tp53_kras
TCGA-78-7146	TCGA-LUAD	1	0	1	1	cbio_mutation_tp53_kras
TCGA-78-7147	TCGA-LUAD	1	0	1	1	cbio_mutation_tp53_kras
TCGA-78-7148	TCGA-LUAD	0	1	1	1	cbio_mutation_tp53_kras
TCGA-78-7149	TCGA-LUAD	1	0	1	1	cbio_mutation_tp53_kras
TCGA-78-7150	TCGA-LUAD	1	0	1	1	cbio_mutation_tp53_kras
TCGA-78-7152	TCGA-LUAD	0	0	1	1	cbio_mutation_tp53_kras
TCGA-78-7153	TCGA-LUAD	0	0	1	1	cbio_mutation_tp53_kras
TCGA-78-7154	TCGA-LUAD	1	0	1	1	cbio_mutation_tp53_kras
TCGA-78-7155	TCGA-LUAD	1	0	1	1	cbio_mutation_tp53_kras
TCGA-78-7156	TCGA-LUAD	0	0	1	1	cbio_mutation_tp53_kras
TCGA-78-7158	TCGA-LUAD	0	0	1	1	cbio_mutation_tp53_kras
TCGA-78-7159	TCGA-LUAD	0	0	1	1	cbio_mutation_tp53_kras
TCGA-78-7160	TCGA-LUAD	0	1	1	1	cbio_mutation_tp53_kras
TCGA-78-7161	TCGA-LUAD	0	1	1	1	cbio_mutation_tp53_kras
TCGA-78-7163	TCGA-LUAD	0	0	1	1	cbio_mutation_tp53_kras
TCGA-78-7166	TCGA-LUAD	0	1	1	1	cbio_mutation_tp53_kras
TCGA-78-7167	TCGA-LUAD	0	1	1	1	cbio_mutation_tp53_kras
TCGA-78-7220	TCGA-LUAD	1	0	1	1	cbio_mutation_tp53_kras
TCGA-78-7535	TCGA-LUAD	1	0	1	1	cbio_mutation_tp53_kras
TCGA-78-7536	TCGA-LUAD	1	0	1	1	cbio_mutation_tp53_kras
TCGA-78-7537	TCGA-LUAD	0	0	1	1	cbio_mutation_tp53_kras
TCGA-78-7539	TCGA-LUAD	0	1	1	1	cbio_mutation_tp53_kras
TCGA-78-7540	TCGA-LUAD	1	1	1	1	cbio_mutation_tp53_kras
TCGA-78-7542	TCGA-LUAD	1	0	1	1	cbio_mutation_tp53_kras
TCGA-78-7633	TCGA-LUAD	0	0	1	1	cbio_mutation_tp53_kras
TCGA-78-8640	TCGA-LUAD	1	0	1	1	cbio_mutation_tp53_kras
TCGA-78-8648	TCGA-LUAD	0	0	1	1	cbio_mutation_tp53_kras
TCGA-78-8655	TCGA-LUAD	0	1	1	1	cbio_mutation_tp53_kras
TCGA-78-8660	TCGA-LUAD	1	0	1	1	cbio_mutation_tp53_kras
TCGA-78-8662	TCGA-LUAD	1	0	1	1	cbio_mutation_tp53_kras
TCGA-79-5596	TCGA-LUSC	1	0	1	1	cbio_mutation_tp53_kras
TCGA-80-5607	TCGA-LUAD	0	0	1	1	cbio_mutation_tp53_kras
TCGA-80-5608	TCGA-LUAD	0	1	1	1	cbio_mutation_tp53_kras
TCGA-80-5611	TCGA-LUAD	0	0	1	1	cbio_mutation_tp53_kras
TCGA-81-5910	TCGA-GBM	0	0	1	1	cbio_mutation_tp53_kras
TCGA-81-5911	TCGA-GBM	0	0	1	1	cbio_mutation_tp53_kras
TCGA-83-5908	TCGA-LUAD	1	1	1	1	cbio_mutation_tp53_kras
TCGA-85-6175	TCGA-LUSC	0	0	1	1	cbio_mutation_tp53_kras
TCGA-85-6560	TCGA-LUSC	1	0	1	1	cbio_mutation_tp53_kras
TCGA-85-6561	TCGA-LUSC	1	0	1	1	cbio_mutation_tp53_kras
TCGA-85-6798	TCGA-LUSC	1	0	1	1	cbio_mutation_tp53_kras
TCGA-85-7696	TCGA-LUSC	1	0	1	1	cbio_mutation_tp53_kras
TCGA-85-7697	TCGA-LUSC	1	0	1	1	cbio_mutation_tp53_kras
TCGA-85-7698	TCGA-LUSC	1	0	1	1	cbio_mutation_tp53_kras
TCGA-85-7699	TCGA-LUSC	1	0	1	1	cbio_mutation_tp53_kras
TCGA-85-7710	TCGA-LUSC	1	0	1	1	cbio_mutation_tp53_kras
TCGA-85-7843	TCGA-LUSC	1	0	1	1	cbio_mutation_tp53_kras
TCGA-85-7844	TCGA-LUSC	1	0	1	1	cbio_mutation_tp53_kras
TCGA-85-7950	TCGA-LUSC	1	0	1	1	cbio_mutation_tp53_kras
TCGA-85-8048	TCGA-LUSC	1	0	1	1	cbio_mutation_tp53_kras
TCGA-85-8049	TCGA-LUSC	1	0	1	1	cbio_mutation_tp53_kras
TCGA-85-8052	TCGA-LUSC	1	0	1	1	cbio_mutation_tp53_kras
TCGA-85-8070	TCGA-LUSC	1	0	1	1	cbio_mutation_tp53_kras
TCGA-85-8071	TCGA-LUSC	1	0	1	1	cbio_mutation_tp53_kras
TCGA-85-8072	TCGA-LUSC	1	0	1	1	cbio_mutation_tp53_kras
TCGA-85-8276	TCGA-LUSC	0	0	1	1	cbio_mutation_tp53_kras
TCGA-85-8277	TCGA-LUSC	1	0	1	1	cbio_mutation_tp53_kras
TCGA-85-8287	TCGA-LUSC	1	0	1	1	cbio_mutation_tp53_kras
TCGA-85-8288	TCGA-LUSC	1	0	1	1	cbio_mutation_tp53_kras
TCGA-85-8350	TCGA-LUSC	1	0	1	1	cbio_mutation_tp53_kras
TCGA-85-8351	TCGA-LUSC	1	0	1	1	cbio_mutation_tp53_kras
TCGA-85-8352	TCGA-LUSC	1	0	1	1	cbio_mutation_tp53_kras
TCGA-85-8353	TCGA-LUSC	1	0	1	1	cbio_mutation_tp53_kras
TCGA-85-8354	TCGA-LUSC	1	0	1	1	cbio_mutation_tp53_kras
TCGA-85-8355	TCGA-LUSC	1	0	1	1	cbio_mutation_tp53_kras
TCGA-85-8479	TCGA-LUSC	1	0	1	1	cbio_mutation_tp53_kras
TCGA-85-8481	TCGA-LUSC	1	0	1	1	cbio_mutation_tp53_kras
TCGA-85-8580	TCGA-LUSC	1	0	1	1	cbio_mutation_tp53_kras
TCGA-85-8582	TCGA-LUSC	1	0	1	1	cbio_mutation_tp53_kras
TCGA-85-8584	TCGA-LUSC	0	0	1	1	cbio_mutation_tp53_kras
TCGA-85-8664	TCGA-LUSC	1	0	1	1	cbio_mutation_tp53_kras
TCGA-85-8666	TCGA-LUSC	1	0	1	1	cbio_mutation_tp53_kras
TCGA-85-A4CL	TCGA-LUSC	1	0	1	1	cbio_mutation_tp53_kras
TCGA-85-A4CN	TCGA-LUSC	1	0	1	1	cbio_mutation_tp53_kras
TCGA-85-A4JB	TCGA-LUSC	1	0	1	1	cbio_mutation_tp53_kras
TCGA-85-A4JC	TCGA-LUSC	1	0	1	1	cbio_mutation_tp53_kras
TCGA-85-A4PA	TCGA-LUSC	0	0	1	1	cbio_mutation_tp53_kras
TCGA-85-A4QQ	TCGA-LUSC	1	0	1	1	cbio_mutation_tp53_kras
TCGA-85-A4QR	TCGA-LUSC	1	0	1	1	cbio_mutation_tp53_kras
TCGA-85-A50M	TCGA-LUSC	1	0	1	1	cbio_mutation_tp53_kras
TCGA-85-A50Z	TCGA-LUSC	1	0	1	1	cbio_mutation_tp53_kras
TCGA-85-A510	TCGA-LUSC	1	0	1	1	cbio_mutation_tp53_kras
TCGA-85-A511	TCGA-LUSC	1	0	1	1	cbio_mutation_tp53_kras
TCGA-85-A512	TCGA-LUSC	1	0	1	1	cbio_mutation_tp53_kras
TCGA-85-A513	TCGA-LUSC	0	0	1	1	cbio_mutation_tp53_kras
TCGA-85-A53L	TCGA-LUSC	1	0	1	1	cbio_mutation_tp53_kras
TCGA-85-A5B5	TCGA-LUSC	1	0	1	1	cbio_mutation_tp53_kras
TCGA-86-6562	TCGA-LUAD	0	0	1	1	cbio_mutation_tp53_kras
TCGA-86-6851	TCGA-LUAD	1	0	1	1	cbio_mutation_tp53_kras
TCGA-86-7701	TCGA-LUAD	1	0	1	1	cbio_mutation_tp53_kras
TCGA-86-7711	TCGA-LUAD	1	0	1	1	cbio_mutation_tp53_kras
TCGA-86-7713	TCGA-LUAD	0	1	1	1	cbio_mutation_tp53_kras
TCGA-86-7714	TCGA-LUAD	0	0	1	1	cbio_mutation_tp53_kras
TCGA-86-7953	TCGA-LUAD	0	1	1	1	cbio_mutation_tp53_kras
TCGA-86-7954	TCGA-LUAD	1	0	1	1	cbio_mutation_tp53_kras
TCGA-86-7955	TCGA-LUAD	0	0	1	1	cbio_mutation_tp53_kras
TCGA-86-8054	TCGA-LUAD	0	1	1	1	cbio_mutation_tp53_kras
TCGA-86-8055	TCGA-LUAD	1	0	1	1	cbio_mutation_tp53_kras
TCGA-86-8056	TCGA-LUAD	1	1	1	1	cbio_mutation_tp53_kras
TCGA-86-8073	TCGA-LUAD	1	0	1	1	cbio_mutation_tp53_kras
TCGA-86-8074	TCGA-LUAD	1	0	1	1	cbio_mutation_tp53_kras
TCGA-86-8075	TCGA-LUAD	1	0	1	1	cbio_mutation_tp53_kras
TCGA-86-8076	TCGA-LUAD	0	1	1	1	cbio_mutation_tp53_kras
TCGA-86-8278	TCGA-LUAD	0	0	1	1	cbio_mutation_tp53_kras
TCGA-86-8279	TCGA-LUAD	1	0	1	1	cbio_mutation_tp53_kras
TCGA-86-8280	TCGA-LUAD	1	0	1	1	cbio_mutation_tp53_kras
TCGA-86-8281	TCGA-LUAD	0	0	1	1	cbio_mutation_tp53_kras
TCGA-86-8358	TCGA-LUAD	1	0	1	1	cbio_mutation_tp53_kras
TCGA-86-8359	TCGA-LUAD	0	1	1	1	cbio_mutation_tp53_kras
TCGA-86-8585	TCGA-LUAD	1	0	1	1	cbio_mutation_tp53_kras
TCGA-86-8668	TCGA-LUAD	0	0	1	1	cbio_mutation_tp53_kras
TCGA-86-8669	TCGA-LUAD	0	0	1	1	cbio_mutation_tp53_kras
TCGA-86-8671	TCGA-LUAD	0	0	1	1	cbio_mutation_tp53_kras
TCGA-86-8672	TCGA-LUAD	1	0	1	1	cbio_mutation_tp53_kras
TCGA-86-8673	TCGA-LUAD	1	0	1	1	cbio_mutation_tp53_kras
TCGA-86-8674	TCGA-LUAD	0	1	1	1	cbio_mutation_tp53_kras
TCGA-86-A456	TCGA-LUAD	0	1	1	1	cbio_mutation_tp53_kras
TCGA-86-A4D0	TCGA-LUAD	0	0	1	1	cbio_mutation_tp53_kras
TCGA-86-A4JF	TCGA-LUAD	1	1	1	1	cbio_mutation_tp53_kras
TCGA-86-A4P7	TCGA-LUAD	1	0	1	1	cbio_mutation_tp53_kras
TCGA-86-A4P8	TCGA-LUAD	0	0	1	1	cbio_mutation_tp53_kras
TCGA-87-5896	TCGA-GBM	0	0	1	1	cbio_mutation_tp53_kras
TCGA-90-7964	TCGA-LUSC	0	0	1	1	cbio_mutation_tp53_kras
TCGA-90-A4ED	TCGA-LUSC	0	0	1	1	cbio_mutation_tp53_kras
TCGA-90-A4EE	TCGA-LUSC	1	0	1	1	cbio_mutation_tp53_kras
TCGA-90-A59Q	TCGA-LUSC	0	0	1	1	cbio_mutation_tp53_kras
TCGA-91-A4BC	TCGA-LUAD	1	0	1	1	cbio_mutation_tp53_kras
TCGA-91-A4BD	TCGA-LUAD	0	0	1	1	cbio_mutation_tp53_kras
TCGA-92-7340	TCGA-LUSC	1	0	1	1	cbio_mutation_tp53_kras
TCGA-92-7341	TCGA-LUSC	0	0	1	1	cbio_mutation_tp53_kras
TCGA-92-8063	TCGA-LUSC	1	0	1	1	cbio_mutation_tp53_kras
TCGA-92-8064	TCGA-LUSC	1	0	1	1	cbio_mutation_tp53_kras
TCGA-92-8065	TCGA-LUSC	1	0	1	1	cbio_mutation_tp53_kras
TCGA-93-7347	TCGA-LUAD	0	1	1	1	cbio_mutation_tp53_kras
TCGA-93-7348	TCGA-LUAD	0	0	1	1	cbio_mutation_tp53_kras
TCGA-93-8067	TCGA-LUAD	1	1	1	1	cbio_mutation_tp53_kras
TCGA-93-A4JN	TCGA-LUAD	1	0	1	1	cbio_mutation_tp53_kras
TCGA-93-A4JO	TCGA-LUAD	1	1	1	1	cbio_mutation_tp53_kras
TCGA-93-A4JP	TCGA-LUAD	1	0	1	1	cbio_mutation_tp53_kras
TCGA-93-A4JQ	TCGA-LUAD	0	0	1	1	cbio_mutation_tp53_kras
TCGA-94-7033	TCGA-LUSC	1	0	1	1	cbio_mutation_tp53_kras
TCGA-94-7557	TCGA-LUSC	1	0	1	1	cbio_mutation_tp53_kras
TCGA-94-7943	TCGA-LUSC	1	0	1	1	cbio_mutation_tp53_kras
TCGA-94-8035	TCGA-LUSC	1	0	1	1	cbio_mutation_tp53_kras
TCGA-94-8490	TCGA-LUSC	0	0	1	1	cbio_mutation_tp53_kras
TCGA-94-8491	TCGA-LUSC	1	0	1	1	cbio_mutation_tp53_kras
TCGA-94-A4VJ	TCGA-LUSC	1	0	1	1	cbio_mutation_tp53_kras
TCGA-94-A5I4	TCGA-LUSC	1	0	1	1	cbio_mutation_tp53_kras
TCGA-94-A5I6	TCGA-LUSC	1	0	1	1	cbio_mutation_tp53_kras
TCGA-95-7039	TCGA-LUAD	1	1	1	1	cbio_mutation_tp53_kras
TCGA-95-7043	TCGA-LUAD	1	0	1	1	cbio_mutation_tp53_kras
TCGA-95-7562	TCGA-LUAD	1	1	1	1	cbio_mutation_tp53_kras
TCGA-95-7567	TCGA-LUAD	1	1	1	1	cbio_mutation_tp53_kras
TCGA-95-7944	TCGA-LUAD	1	0	1	1	cbio_mutation_tp53_kras
TCGA-95-7947	TCGA-LUAD	1	0	1	1	cbio_mutation_tp53_kras
TCGA-95-7948	TCGA-LUAD	0	0	1	1	cbio_mutation_tp53_kras
TCGA-95-8039	TCGA-LUAD	1	0	1	1	cbio_mutation_tp53_kras
TCGA-95-8494	TCGA-LUAD	1	0	1	1	cbio_mutation_tp53_kras
TCGA-95-A4VK	TCGA-LUAD	0	1	1	1	cbio_mutation_tp53_kras
TCGA-95-A4VN	TCGA-LUAD	0	1	1	1	cbio_mutation_tp53_kras
TCGA-95-A4VP	TCGA-LUAD	0	1	1	1	cbio_mutation_tp53_kras
TCGA-96-7544	TCGA-LUSC	1	0	1	1	cbio_mutation_tp53_kras
TCGA-96-7545	TCGA-LUSC	1	0	1	1	cbio_mutation_tp53_kras
TCGA-96-8169	TCGA-LUSC	1	0	1	1	cbio_mutation_tp53_kras
TCGA-96-8170	TCGA-LUSC	1	0	1	1	cbio_mutation_tp53_kras
TCGA-96-A4JK	TCGA-LUSC	Unknown	Unknown	0	0	cbio_mutation_tp53_kras
TCGA-96-A4JL	TCGA-LUSC	0	0	1	1	cbio_mutation_tp53_kras
TCGA-97-7546	TCGA-LUAD	0	0	1	1	cbio_mutation_tp53_kras
TCGA-97-7547	TCGA-LUAD	0	0	1	1	cbio_mutation_tp53_kras
TCGA-97-7552	TCGA-LUAD	0	0	1	1	cbio_mutation_tp53_kras
TCGA-97-7553	TCGA-LUAD	1	0	1	1	cbio_mutation_tp53_kras
TCGA-97-7554	TCGA-LUAD	1	1	1	1	cbio_mutation_tp53_kras
TCGA-97-7937	TCGA-LUAD	1	0	1	1	cbio_mutation_tp53_kras
TCGA-97-7938	TCGA-LUAD	1	1	1	1	cbio_mutation_tp53_kras
TCGA-97-7941	TCGA-LUAD	0	1	1	1	cbio_mutation_tp53_kras
TCGA-97-8171	TCGA-LUAD	0	0	1	1	cbio_mutation_tp53_kras
TCGA-97-8172	TCGA-LUAD	1	0	1	1	cbio_mutation_tp53_kras
TCGA-97-8175	TCGA-LUAD	1	0	1	1	cbio_mutation_tp53_kras
TCGA-97-8177	TCGA-LUAD	0	0	1	1	cbio_mutation_tp53_kras
TCGA-97-8179	TCGA-LUAD	1	1	1	1	cbio_mutation_tp53_kras
TCGA-97-8552	TCGA-LUAD	0	0	1	1	cbio_mutation_tp53_kras
TCGA-97-A4LX	TCGA-LUAD	1	0	1	1	cbio_mutation_tp53_kras
TCGA-97-A4M0	TCGA-LUAD	0	1	1	1	cbio_mutation_tp53_kras
TCGA-97-A4M1	TCGA-LUAD	1	0	1	1	cbio_mutation_tp53_kras
TCGA-97-A4M2	TCGA-LUAD	0	0	1	1	cbio_mutation_tp53_kras
TCGA-97-A4M3	TCGA-LUAD	0	0	1	1	cbio_mutation_tp53_kras
TCGA-97-A4M5	TCGA-LUAD	0	1	1	1	cbio_mutation_tp53_kras
TCGA-97-A4M6	TCGA-LUAD	0	0	1	1	cbio_mutation_tp53_kras
TCGA-97-A4M7	TCGA-LUAD	0	0	1	1	cbio_mutation_tp53_kras
TCGA-98-7454	TCGA-LUSC	0	0	1	1	cbio_mutation_tp53_kras
TCGA-98-8020	TCGA-LUSC	1	0	1	1	cbio_mutation_tp53_kras
TCGA-98-8021	TCGA-LUSC	1	0	1	1	cbio_mutation_tp53_kras
TCGA-98-8022	TCGA-LUSC	0	0	1	1	cbio_mutation_tp53_kras
TCGA-98-8023	TCGA-LUSC	1	0	1	1	cbio_mutation_tp53_kras
TCGA-98-A538	TCGA-LUSC	1	0	1	1	cbio_mutation_tp53_kras
TCGA-98-A539	TCGA-LUSC	0	0	1	1	cbio_mutation_tp53_kras
TCGA-98-A53A	TCGA-LUSC	1	0	1	1	cbio_mutation_tp53_kras
TCGA-98-A53B	TCGA-LUSC	1	0	1	1	cbio_mutation_tp53_kras
TCGA-98-A53C	TCGA-LUSC	0	0	1	1	cbio_mutation_tp53_kras
TCGA-98-A53D	TCGA-LUSC	Unknown	Unknown	0	0	cbio_mutation_tp53_kras
TCGA-98-A53H	TCGA-LUSC	0	0	1	1	cbio_mutation_tp53_kras
TCGA-98-A53I	TCGA-LUSC	1	0	1	1	cbio_mutation_tp53_kras
TCGA-98-A53J	TCGA-LUSC	1	0	1	1	cbio_mutation_tp53_kras
TCGA-99-7458	TCGA-LUAD	1	0	1	1	cbio_mutation_tp53_kras
TCGA-99-8025	TCGA-LUAD	1	1	1	1	cbio_mutation_tp53_kras
TCGA-99-8028	TCGA-LUAD	1	1	1	1	cbio_mutation_tp53_kras
TCGA-99-8032	TCGA-LUAD	0	1	1	1	cbio_mutation_tp53_kras
TCGA-99-8033	TCGA-LUAD	1	1	1	1	cbio_mutation_tp53_kras
TCGA-99-AA5R	TCGA-LUAD	0	0	1	1	cbio_mutation_tp53_kras
TCGA-A1-A0SB	TCGA-BRCA_OTHERS	0	0	1	1	cbio_mutation_tp53_kras
TCGA-A1-A0SD	TCGA-BRCA_IDC	0	0	1	1	cbio_mutation_tp53_kras
TCGA-A1-A0SE	TCGA-BRCA_OTHERS	0	0	1	1	cbio_mutation_tp53_kras
TCGA-A1-A0SF	TCGA-BRCA_IDC	0	0	1	1	cbio_mutation_tp53_kras
TCGA-A1-A0SH	TCGA-BRCA_IDC	0	0	1	1	cbio_mutation_tp53_kras
TCGA-A1-A0SI	TCGA-BRCA_IDC	1	0	1	1	cbio_mutation_tp53_kras
TCGA-A1-A0SJ	TCGA-BRCA_IDC	0	0	1	1	cbio_mutation_tp53_kras
TCGA-A1-A0SK	TCGA-BRCA_OTHERS	1	0	1	1	cbio_mutation_tp53_kras
TCGA-A1-A0SM	TCGA-BRCA_IDC	0	0	1	1	cbio_mutation_tp53_kras
TCGA-A1-A0SN	TCGA-BRCA_IDC	0	0	1	1	cbio_mutation_tp53_kras
TCGA-A1-A0SP	TCGA-BRCA_IDC	1	0	1	1	cbio_mutation_tp53_kras
TCGA-A1-A0SQ	TCGA-BRCA_IDC	0	0	1	1	cbio_mutation_tp53_kras
TCGA-A2-A04N	TCGA-BRCA_IDC	0	0	1	1	cbio_mutation_tp53_kras
TCGA-A2-A04P	TCGA-BRCA_IDC	1	0	1	1	cbio_mutation_tp53_kras
TCGA-A2-A04Q	TCGA-BRCA_IDC	0	0	1	1	cbio_mutation_tp53_kras
TCGA-A2-A04R	TCGA-BRCA_IDC	0	0	1	1	cbio_mutation_tp53_kras
TCGA-A2-A04T	TCGA-BRCA_IDC	1	0	1	1	cbio_mutation_tp53_kras
TCGA-A2-A04U	TCGA-BRCA_IDC	1	0	1	1	cbio_mutation_tp53_kras
TCGA-A2-A04V	TCGA-BRCA_IDC	0	0	1	1	cbio_mutation_tp53_kras
TCGA-A2-A04W	TCGA-BRCA_IDC	1	0	1	1	cbio_mutation_tp53_kras
TCGA-A2-A04X	TCGA-BRCA_IDC	0	0	1	1	cbio_mutation_tp53_kras
TCGA-A2-A04Y	TCGA-BRCA_IDC	0	0	1	1	cbio_mutation_tp53_kras
TCGA-A2-A0CK	TCGA-BRCA_OTHERS	0	0	1	1	cbio_mutation_tp53_kras
TCGA-A2-A0CL	TCGA-BRCA_IDC	1	0	1	1	cbio_mutation_tp53_kras
TCGA-A2-A0CM	TCGA-BRCA_IDC	1	0	1	1	cbio_mutation_tp53_kras
TCGA-A2-A0CO	TCGA-BRCA_OTHERS	0	0	1	1	cbio_mutation_tp53_kras
TCGA-A2-A0CP	TCGA-BRCA_IDC	0	0	1	1	cbio_mutation_tp53_kras
TCGA-A2-A0CQ	TCGA-BRCA_IDC	0	0	1	1	cbio_mutation_tp53_kras
TCGA-A2-A0CR	TCGA-BRCA_OTHERS	0	0	1	1	cbio_mutation_tp53_kras
TCGA-A2-A0CS	TCGA-BRCA_IDC	0	0	1	1	cbio_mutation_tp53_kras
TCGA-A2-A0CT	TCGA-BRCA_IDC	0	0	1	1	cbio_mutation_tp53_kras
TCGA-A2-A0CU	TCGA-BRCA_IDC	0	0	1	1	cbio_mutation_tp53_kras
TCGA-A2-A0CV	TCGA-BRCA_IDC	0	0	1	1	cbio_mutation_tp53_kras
TCGA-A2-A0CW	TCGA-BRCA_IDC	1	0	1	1	cbio_mutation_tp53_kras
TCGA-A2-A0CX	TCGA-BRCA_IDC	1	0	1	1	cbio_mutation_tp53_kras
TCGA-A2-A0CY	TCGA-BRCA_IDC	Unknown	Unknown	0	0	cbio_mutation_tp53_kras
TCGA-A2-A0CZ	TCGA-BRCA_IDC	0	0	1	1	cbio_mutation_tp53_kras
TCGA-A2-A0D0	TCGA-BRCA_IDC	1	0	1	1	cbio_mutation_tp53_kras
TCGA-A2-A0D3	TCGA-BRCA_IDC	0	0	1	1	cbio_mutation_tp53_kras
TCGA-A2-A0D4	TCGA-BRCA_IDC	0	0	1	1	cbio_mutation_tp53_kras
TCGA-A2-A0EM	TCGA-BRCA_IDC	0	0	1	1	cbio_mutation_tp53_kras
TCGA-A2-A0EN	TCGA-BRCA_OTHERS	0	0	1	1	cbio_mutation_tp53_kras
TCGA-A2-A0EO	TCGA-BRCA_IDC	0	0	1	1	cbio_mutation_tp53_kras
TCGA-A2-A0EP	TCGA-BRCA_OTHERS	0	0	1	1	cbio_mutation_tp53_kras
TCGA-A2-A0EQ	TCGA-BRCA_IDC	1	0	1	1	cbio_mutation_tp53_kras
TCGA-A2-A0ER	TCGA-BRCA_IDC	0	0	1	1	cbio_mutation_tp53_kras
TCGA-A2-A0ES	TCGA-BRCA_OTHERS	0	0	1	1	cbio_mutation_tp53_kras
TCGA-A2-A0ET	TCGA-BRCA_IDC	0	0	1	1	cbio_mutation_tp53_kras
TCGA-A2-A0EU	TCGA-BRCA_IDC	0	0	1	1	cbio_mutation_tp53_kras
TCGA-A2-A0EV	TCGA-BRCA_IDC	0	0	1	1	cbio_mutation_tp53_kras
TCGA-A2-A0EW	TCGA-BRCA_OTHERS	0	0	1	1	cbio_mutation_tp53_kras
TCGA-A2-A0EX	TCGA-BRCA_OTHERS	0	0	1	1	cbio_mutation_tp53_kras
TCGA-A2-A0EY	TCGA-BRCA_IDC	1	0	1	1	cbio_mutation_tp53_kras
TCGA-A2-A0ST	TCGA-BRCA_IDC	1	0	1	1	cbio_mutation_tp53_kras
TCGA-A2-A0SU	TCGA-BRCA_IDC	0	0	1	1	cbio_mutation_tp53_kras
TCGA-A2-A0SV	TCGA-BRCA_IDC	0	0	1	1	cbio_mutation_tp53_kras
TCGA-A2-A0SW	TCGA-BRCA_IDC	1	0	1	1	cbio_mutation_tp53_kras
TCGA-A2-A0SX	TCGA-BRCA_IDC	1	0	1	1	cbio_mutation_tp53_kras
TCGA-A2-A0SY	TCGA-BRCA_OTHERS	0	0	1	1	cbio_mutation_tp53_kras
TCGA-A2-A0T0	TCGA-BRCA_IDC	0	0	1	1	cbio_mutation_tp53_kras
TCGA-A2-A0T1	TCGA-BRCA_IDC	1	0	1	1	cbio_mutation_tp53_kras
TCGA-A2-A0T2	TCGA-BRCA_IDC	1	0	1	1	cbio_mutation_tp53_kras
TCGA-A2-A0T3	TCGA-BRCA_IDC	1	0	1	1	cbio_mutation_tp53_kras
TCGA-A2-A0T4	TCGA-BRCA_OTHERS	0	0	1	1	cbio_mutation_tp53_kras
TCGA-A2-A0T5	TCGA-BRCA_IDC	0	0	1	1	cbio_mutation_tp53_kras
TCGA-A2-A0T6	TCGA-BRCA_OTHERS	0	0	1	1	cbio_mutation_tp53_kras
TCGA-A2-A0T7	TCGA-BRCA_IDC	0	0	1	1	cbio_mutation_tp53_kras
TCGA-A2-A0YC	TCGA-BRCA_IDC	0	0	1	1	cbio_mutation_tp53_kras
TCGA-A2-A0YD	TCGA-BRCA_OTHERS	0	0	1	1	cbio_mutation_tp53_kras
TCGA-A2-A0YE	TCGA-BRCA_IDC	1	0	1	1	cbio_mutation_tp53_kras
TCGA-A2-A0YF	TCGA-BRCA_IDC	0	0	1	1	cbio_mutation_tp53_kras
TCGA-A2-A0YG	TCGA-BRCA_IDC	1	0	1	1	cbio_mutation_tp53_kras
TCGA-A2-A0YH	TCGA-BRCA_IDC	1	0	1	1	cbio_mutation_tp53_kras
TCGA-A2-A0YI	TCGA-BRCA_OTHERS	0	0	1	1	cbio_mutation_tp53_kras
TCGA-A2-A0YJ	TCGA-BRCA_IDC	1	0	1	1	cbio_mutation_tp53_kras
TCGA-A2-A0YK	TCGA-BRCA_OTHERS	0	0	1	1	cbio_mutation_tp53_kras
TCGA-A2-A0YL	TCGA-BRCA_OTHERS	0	0	1	1	cbio_mutation_tp53_kras
TCGA-A2-A0YM	TCGA-BRCA_IDC	1	0	1	1	cbio_mutation_tp53_kras
TCGA-A2-A0YT	TCGA-BRCA_IDC	1	0	1	1	cbio_mutation_tp53_kras
TCGA-A2-A1FV	TCGA-BRCA_OTHERS	0	0	1	1	cbio_mutation_tp53_kras
TCGA-A2-A1FW	TCGA-BRCA_IDC	0	0	1	1	cbio_mutation_tp53_kras
TCGA-A2-A1FX	TCGA-BRCA_IDC	0	0	1	1	cbio_mutation_tp53_kras
TCGA-A2-A1FZ	TCGA-BRCA_IDC	0	0	1	1	cbio_mutation_tp53_kras
TCGA-A2-A1G0	TCGA-BRCA_IDC	0	0	1	1	cbio_mutation_tp53_kras
TCGA-A2-A1G1	TCGA-BRCA_IDC	1	0	1	1	cbio_mutation_tp53_kras
TCGA-A2-A1G4	TCGA-BRCA_IDC	0	0	1	1	cbio_mutation_tp53_kras
TCGA-A2-A1G6	TCGA-BRCA_IDC	0	0	1	1	cbio_mutation_tp53_kras
TCGA-A2-A259	TCGA-BRCA_IDC	0	0	1	1	cbio_mutation_tp53_kras
TCGA-A2-A25A	TCGA-BRCA_OTHERS	0	0	1	1	cbio_mutation_tp53_kras
TCGA-A2-A25B	TCGA-BRCA_IDC	0	0	1	1	cbio_mutation_tp53_kras
TCGA-A2-A25C	TCGA-BRCA_IDC	0	0	1	1	cbio_mutation_tp53_kras
TCGA-A2-A25D	TCGA-BRCA_OTHERS	0	0	1	1	cbio_mutation_tp53_kras
TCGA-A2-A25E	TCGA-BRCA_IDC	0	0	1	1	cbio_mutation_tp53_kras
TCGA-A2-A25F	TCGA-BRCA_IDC	0	0	1	1	cbio_mutation_tp53_kras
TCGA-A2-A3KC	TCGA-BRCA_OTHERS	0	0	1	1	cbio_mutation_tp53_kras
TCGA-A2-A3KD	TCGA-BRCA_OTHERS	0	0	1	1	cbio_mutation_tp53_kras
TCGA-A2-A3XS	TCGA-BRCA_IDC	0	0	1	1	cbio_mutation_tp53_kras
TCGA-A2-A3XT	TCGA-BRCA_IDC	1	0	1	1	cbio_mutation_tp53_kras
TCGA-A2-A3XU	TCGA-BRCA_IDC	0	0	1	1	cbio_mutation_tp53_kras
TCGA-A2-A3XV	TCGA-BRCA_IDC	1	0	1	1	cbio_mutation_tp53_kras
TCGA-A2-A3XW	TCGA-BRCA_IDC	0	0	1	1	cbio_mutation_tp53_kras
TCGA-A2-A3XX	TCGA-BRCA_IDC	1	0	1	1	cbio_mutation_tp53_kras
TCGA-A2-A3XY	TCGA-BRCA_IDC	0	0	1	1	cbio_mutation_tp53_kras
TCGA-A2-A3XZ	TCGA-BRCA_IDC	0	0	1	1	cbio_mutation_tp53_kras
TCGA-A2-A3Y0	TCGA-BRCA_IDC	1	0	1	1	cbio_mutation_tp53_kras
TCGA-A2-A4RW	TCGA-BRCA_OTHERS	0	0	1	1	cbio_mutation_tp53_kras
TCGA-A2-A4RX	TCGA-BRCA_OTHERS	Unknown	Unknown	0	0	cbio_mutation_tp53_kras
TCGA-A2-A4RY	TCGA-BRCA_OTHERS	0	0	1	1	cbio_mutation_tp53_kras
TCGA-A2-A4S0	TCGA-BRCA_OTHERS	Unknown	Unknown	0	0	cbio_mutation_tp53_kras
TCGA-A2-A4S1	TCGA-BRCA_OTHERS	1	0	1	1	cbio_mutation_tp53_kras
TCGA-A2-A4S2	TCGA-BRCA_OTHERS	0	0	1	1	cbio_mutation_tp53_kras
TCGA-A2-A4S3	TCGA-BRCA_IDC	1	0	1	1	cbio_mutation_tp53_kras
TCGA-A3-3306	TCGA-KIRC	0	0	1	1	cbio_mutation_tp53_kras
TCGA-A3-3307	TCGA-KIRC	0	0	1	1	cbio_mutation_tp53_kras
TCGA-A3-3308	TCGA-KIRC	0	0	1	1	cbio_mutation_tp53_kras
TCGA-A3-3311	TCGA-KIRC	0	0	1	1	cbio_mutation_tp53_kras
TCGA-A3-3313	TCGA-KIRC	0	0	1	1	cbio_mutation_tp53_kras
TCGA-A3-3316	TCGA-KIRC	0	0	1	1	cbio_mutation_tp53_kras
TCGA-A3-3317	TCGA-KIRC	0	0	1	1	cbio_mutation_tp53_kras
TCGA-A3-3319	TCGA-KIRC	0	0	1	1	cbio_mutation_tp53_kras
TCGA-A3-3320	TCGA-KIRC	0	0	1	1	cbio_mutation_tp53_kras
TCGA-A3-3322	TCGA-KIRC	0	0	1	1	cbio_mutation_tp53_kras
TCGA-A3-3323	TCGA-KIRC	0	0	1	1	cbio_mutation_tp53_kras
TCGA-A3-3324	TCGA-KIRC	Unknown	Unknown	0	0	cbio_mutation_tp53_kras
TCGA-A3-3325	TCGA-KIRC	0	0	1	1	cbio_mutation_tp53_kras
TCGA-A3-3326	TCGA-KIRC	0	0	1	1	cbio_mutation_tp53_kras
TCGA-A3-3328	TCGA-KIRC	Unknown	Unknown	0	0	cbio_mutation_tp53_kras
TCGA-A3-3329	TCGA-KIRC	Unknown	Unknown	0	0	cbio_mutation_tp53_kras
TCGA-A3-3331	TCGA-KIRC	0	0	1	1	cbio_mutation_tp53_kras
TCGA-A3-3335	TCGA-KIRC	0	0	1	1	cbio_mutation_tp53_kras
TCGA-A3-3336	TCGA-KIRC	Unknown	Unknown	0	0	cbio_mutation_tp53_kras
TCGA-A3-3343	TCGA-KIRC	Unknown	Unknown	0	0	cbio_mutation_tp53_kras
TCGA-A3-3346	TCGA-KIRC	1	0	1	1	cbio_mutation_tp53_kras
TCGA-A3-3347	TCGA-KIRC	0	0	1	1	cbio_mutation_tp53_kras
TCGA-A3-3349	TCGA-KIRC	0	0	1	1	cbio_mutation_tp53_kras
TCGA-A3-3351	TCGA-KIRC	Unknown	Unknown	0	0	cbio_mutation_tp53_kras
TCGA-A3-3352	TCGA-KIRC	Unknown	Unknown	0	0	cbio_mutation_tp53_kras
TCGA-A3-3357	TCGA-KIRC	0	0	1	1	cbio_mutation_tp53_kras
TCGA-A3-3358	TCGA-KIRC	0	0	1	1	cbio_mutation_tp53_kras
TCGA-A3-3359	TCGA-KIRC	Unknown	Unknown	0	0	cbio_mutation_tp53_kras
TCGA-A3-3362	TCGA-KIRC	0	0	1	1	cbio_mutation_tp53_kras
TCGA-A3-3363	TCGA-KIRC	0	0	1	1	cbio_mutation_tp53_kras
TCGA-A3-3365	TCGA-KIRC	0	0	1	1	cbio_mutation_tp53_kras
TCGA-A3-3367	TCGA-KIRC	0	0	1	1	cbio_mutation_tp53_kras
TCGA-A3-3370	TCGA-KIRC	0	0	1	1	cbio_mutation_tp53_kras
TCGA-A3-3372	TCGA-KIRC	Unknown	Unknown	0	0	cbio_mutation_tp53_kras
TCGA-A3-3373	TCGA-KIRC	0	0	1	1	cbio_mutation_tp53_kras
TCGA-A3-3374	TCGA-KIRC	0	0	1	1	cbio_mutation_tp53_kras
TCGA-A3-3376	TCGA-KIRC	0	0	1	1	cbio_mutation_tp53_kras
TCGA-A3-3378	TCGA-KIRC	0	0	1	1	cbio_mutation_tp53_kras
TCGA-A3-3380	TCGA-KIRC	0	0	1	1	cbio_mutation_tp53_kras
TCGA-A3-3382	TCGA-KIRC	0	0	1	1	cbio_mutation_tp53_kras
TCGA-A3-3383	TCGA-KIRC	0	0	1	1	cbio_mutation_tp53_kras
TCGA-A3-3385	TCGA-KIRC	0	0	1	1	cbio_mutation_tp53_kras
TCGA-A3-3387	TCGA-KIRC	0	0	1	1	cbio_mutation_tp53_kras
TCGA-A3-A6NI	TCGA-KIRC	0	0	1	1	cbio_mutation_tp53_kras
TCGA-A3-A6NJ	TCGA-KIRC	0	0	1	1	cbio_mutation_tp53_kras
TCGA-A3-A6NL	TCGA-KIRC	1	0	1	1	cbio_mutation_tp53_kras
TCGA-A3-A6NN	TCGA-KIRC	0	0	1	1	cbio_mutation_tp53_kras
TCGA-A3-A8CQ	TCGA-KIRC	0	0	1	1	cbio_mutation_tp53_kras
TCGA-A3-A8OU	TCGA-KIRC	0	0	1	1	cbio_mutation_tp53_kras
TCGA-A3-A8OV	TCGA-KIRC	0	0	1	1	cbio_mutation_tp53_kras
TCGA-A3-A8OW	TCGA-KIRC	0	0	1	1	cbio_mutation_tp53_kras
TCGA-A3-A8OX	TCGA-KIRC	0	0	1	1	cbio_mutation_tp53_kras
TCGA-A4-7286	TCGA-KIRP	0	0	1	1	cbio_mutation_tp53_kras
TCGA-A4-7287	TCGA-KIRP	0	0	1	1	cbio_mutation_tp53_kras
TCGA-A4-7288	TCGA-KIRP	0	0	1	1	cbio_mutation_tp53_kras
TCGA-A4-7583	TCGA-KIRP	0	0	1	1	cbio_mutation_tp53_kras
TCGA-A4-7584	TCGA-KIRP	0	0	1	1	cbio_mutation_tp53_kras
TCGA-A4-7585	TCGA-KIRP	0	0	1	1	cbio_mutation_tp53_kras
TCGA-A4-7732	TCGA-KIRP	0	0	1	1	cbio_mutation_tp53_kras
TCGA-A4-7734	TCGA-KIRP	0	0	1	1	cbio_mutation_tp53_kras
TCGA-A4-7828	TCGA-KIRP	0	0	1	1	cbio_mutation_tp53_kras
TCGA-A4-7915	TCGA-KIRP	0	0	1	1	cbio_mutation_tp53_kras
TCGA-A4-7996	TCGA-KIRP	0	0	1	1	cbio_mutation_tp53_kras
TCGA-A4-7997	TCGA-KIRP	0	0	1	1	cbio_mutation_tp53_kras
TCGA-A4-8098	TCGA-KIRP	0	0	1	1	cbio_mutation_tp53_kras
TCGA-A4-8310	TCGA-KIRP	0	0	1	1	cbio_mutation_tp53_kras
TCGA-A4-8311	TCGA-KIRP	0	0	1	1	cbio_mutation_tp53_kras
TCGA-A4-8312	TCGA-KIRP	0	1	1	1	cbio_mutation_tp53_kras
TCGA-A4-8515	TCGA-KIRP	0	0	1	1	cbio_mutation_tp53_kras
TCGA-A4-8516	TCGA-KIRP	Unknown	Unknown	0	0	cbio_mutation_tp53_kras
TCGA-A4-8517	TCGA-KIRP	0	0	1	1	cbio_mutation_tp53_kras
TCGA-A4-8518	TCGA-KIRP	Unknown	Unknown	0	0	cbio_mutation_tp53_kras
TCGA-A4-8630	TCGA-KIRP	0	0	1	1	cbio_mutation_tp53_kras
TCGA-A4-A48D	TCGA-KIRP	0	0	1	1	cbio_mutation_tp53_kras
TCGA-A4-A4ZT	TCGA-KIRP	0	0	1	1	cbio_mutation_tp53_kras
TCGA-A4-A57E	TCGA-KIRP	1	0	1	1	cbio_mutation_tp53_kras
TCGA-A4-A5DU	TCGA-KIRP	0	0	1	1	cbio_mutation_tp53_kras
TCGA-A4-A5XZ	TCGA-KIRP	0	0	1	1	cbio_mutation_tp53_kras
TCGA-A4-A5Y0	TCGA-KIRP	0	0	1	1	cbio_mutation_tp53_kras
TCGA-A4-A5Y1	TCGA-KIRP	0	0	1	1	cbio_mutation_tp53_kras
TCGA-A4-A6HP	TCGA-KIRP	0	0	1	1	cbio_mutation_tp53_kras
TCGA-A4-A772	TCGA-KIRP	0	0	1	1	cbio_mutation_tp53_kras
TCGA-A4-A7UZ	TCGA-KIRP	0	0	1	1	cbio_mutation_tp53_kras
TCGA-A5-A0G1	TCGA-UCEC	0	1	1	1	cbio_mutation_tp53_kras
TCGA-A5-A0G2	TCGA-UCEC	1	1	1	1	cbio_mutation_tp53_kras
TCGA-A5-A0G3	TCGA-UCEC	1	0	1	1	cbio_mutation_tp53_kras
TCGA-A5-A0G5	TCGA-UCEC	1	0	1	1	cbio_mutation_tp53_kras
TCGA-A5-A0G9	TCGA-UCEC	0	0	1	1	cbio_mutation_tp53_kras
TCGA-A5-A0GA	TCGA-UCEC	0	1	1	1	cbio_mutation_tp53_kras
TCGA-A5-A0GB	TCGA-UCEC	0	1	1	1	cbio_mutation_tp53_kras
TCGA-A5-A0GD	TCGA-UCEC	Unknown	Unknown	0	0	cbio_mutation_tp53_kras
TCGA-A5-A0GE	TCGA-UCEC	0	0	1	1	cbio_mutation_tp53_kras
TCGA-A5-A0GG	TCGA-UCEC	Unknown	Unknown	0	0	cbio_mutation_tp53_kras
TCGA-A5-A0GH	TCGA-UCEC	0	0	1	1	cbio_mutation_tp53_kras
TCGA-A5-A0GI	TCGA-UCEC	1	0	1	1	cbio_mutation_tp53_kras
TCGA-A5-A0GJ	TCGA-UCEC	1	0	1	1	cbio_mutation_tp53_kras
TCGA-A5-A0GM	TCGA-UCEC	0	0	1	1	cbio_mutation_tp53_kras
TCGA-A5-A0GN	TCGA-UCEC	0	0	1	1	cbio_mutation_tp53_kras
TCGA-A5-A0GP	TCGA-UCEC	0	1	1	1	cbio_mutation_tp53_kras
TCGA-A5-A0GQ	TCGA-UCEC	0	0	1	1	cbio_mutation_tp53_kras
TCGA-A5-A0GR	TCGA-UCEC	Unknown	Unknown	0	0	cbio_mutation_tp53_kras
TCGA-A5-A0GU	TCGA-UCEC	0	0	1	1	cbio_mutation_tp53_kras
TCGA-A5-A0GV	TCGA-UCEC	0	0	1	1	cbio_mutation_tp53_kras
TCGA-A5-A0GW	TCGA-UCEC	1	0	1	1	cbio_mutation_tp53_kras
TCGA-A5-A0GX	TCGA-UCEC	0	0	1	1	cbio_mutation_tp53_kras
TCGA-A5-A0R6	TCGA-UCEC	1	0	1	1	cbio_mutation_tp53_kras
TCGA-A5-A0R7	TCGA-UCEC	1	0	1	1	cbio_mutation_tp53_kras
TCGA-A5-A0R8	TCGA-UCEC	0	0	1	1	cbio_mutation_tp53_kras
TCGA-A5-A0R9	TCGA-UCEC	0	0	1	1	cbio_mutation_tp53_kras
TCGA-A5-A0RA	TCGA-UCEC	0	0	1	1	cbio_mutation_tp53_kras
TCGA-A5-A0VO	TCGA-UCEC	0	1	1	1	cbio_mutation_tp53_kras
TCGA-A5-A0VP	TCGA-UCEC	1	1	1	1	cbio_mutation_tp53_kras
TCGA-A5-A0VQ	TCGA-UCEC	0	0	1	1	cbio_mutation_tp53_kras
TCGA-A5-A1OF	TCGA-UCEC	1	0	1	1	cbio_mutation_tp53_kras
TCGA-A5-A1OG	TCGA-UCEC	1	0	1	1	cbio_mutation_tp53_kras
TCGA-A5-A1OH	TCGA-UCEC	0	0	1	1	cbio_mutation_tp53_kras
TCGA-A5-A1OJ	TCGA-UCEC	0	0	1	1	cbio_mutation_tp53_kras
TCGA-A5-A1OK	TCGA-UCEC	0	0	1	1	cbio_mutation_tp53_kras
TCGA-A5-A2K2	TCGA-UCEC	1	0	1	1	cbio_mutation_tp53_kras
TCGA-A5-A2K3	TCGA-UCEC	1	0	1	1	cbio_mutation_tp53_kras
TCGA-A5-A2K4	TCGA-UCEC	1	0	1	1	cbio_mutation_tp53_kras
TCGA-A5-A2K5	TCGA-UCEC	0	0	1	1	cbio_mutation_tp53_kras
TCGA-A5-A2K7	TCGA-UCEC	0	0	1	1	cbio_mutation_tp53_kras
TCGA-A5-A3LO	TCGA-UCEC	1	1	1	1	cbio_mutation_tp53_kras
TCGA-A5-A3LP	TCGA-UCEC	1	0	1	1	cbio_mutation_tp53_kras
TCGA-A5-A7WJ	TCGA-UCEC	Unknown	Unknown	0	0	cbio_mutation_tp53_kras
TCGA-A5-A7WK	TCGA-UCEC	1	0	1	1	cbio_mutation_tp53_kras
TCGA-A5-AB3J	TCGA-UCEC	0	0	1	1	cbio_mutation_tp53_kras
TCGA-A6-2671	TCGA-COAD	1	0	1	1	cbio_mutation_tp53_kras
TCGA-A6-2672	TCGA-COAD	Unknown	Unknown	0	0	cbio_mutation_tp53_kras
TCGA-A6-2674	TCGA-COAD	1	1	1	1	cbio_mutation_tp53_kras
TCGA-A6-2675	TCGA-COAD	1	0	1	1	cbio_mutation_tp53_kras
TCGA-A6-2676	TCGA-COAD	Unknown	Unknown	0	0	cbio_mutation_tp53_kras
TCGA-A6-2677	TCGA-COAD	0	0	1	1	cbio_mutation_tp53_kras
TCGA-A6-2678	TCGA-COAD	0	0	1	1	cbio_mutation_tp53_kras
TCGA-A6-2679	TCGA-COAD	Unknown	Unknown	0	0	cbio_mutation_tp53_kras
TCGA-A6-2680	TCGA-COAD	Unknown	Unknown	0	0	cbio_mutation_tp53_kras
TCGA-A6-2681	TCGA-COAD	1	1	1	1	cbio_mutation_tp53_kras
TCGA-A6-2682	TCGA-COAD	Unknown	Unknown	0	0	cbio_mutation_tp53_kras
TCGA-A6-2683	TCGA-COAD	0	0	1	1	cbio_mutation_tp53_kras
TCGA-A6-2684	TCGA-COAD	1	1	1	1	cbio_mutation_tp53_kras
TCGA-A6-2685	TCGA-COAD	1	1	1	1	cbio_mutation_tp53_kras
TCGA-A6-2686	TCGA-COAD	0	0	1	1	cbio_mutation_tp53_kras
TCGA-A6-3807	TCGA-COAD	1	0	1	1	cbio_mutation_tp53_kras
TCGA-A6-3808	TCGA-COAD	0	1	1	1	cbio_mutation_tp53_kras
TCGA-A6-3809	TCGA-COAD	0	0	1	1	cbio_mutation_tp53_kras
TCGA-A6-3810	TCGA-COAD	1	0	1	1	cbio_mutation_tp53_kras
TCGA-A6-4105	TCGA-COAD	1	1	1	1	cbio_mutation_tp53_kras
TCGA-A6-4107	TCGA-COAD	0	1	1	1	cbio_mutation_tp53_kras
TCGA-A6-5656	TCGA-COAD	1	0	1	1	cbio_mutation_tp53_kras
TCGA-A6-5657	TCGA-COAD	0	1	1	1	cbio_mutation_tp53_kras
TCGA-A6-5659	TCGA-COAD	1	1	1	1	cbio_mutation_tp53_kras
TCGA-A6-5660	TCGA-COAD	1	0	1	1	cbio_mutation_tp53_kras
TCGA-A6-5661	TCGA-COAD	0	0	1	1	cbio_mutation_tp53_kras
TCGA-A6-5662	TCGA-COAD	1	1	1	1	cbio_mutation_tp53_kras
TCGA-A6-5664	TCGA-COAD	0	1	1	1	cbio_mutation_tp53_kras
TCGA-A6-5665	TCGA-COAD	0	0	1	1	cbio_mutation_tp53_kras
TCGA-A6-5666	TCGA-COAD	0	1	1	1	cbio_mutation_tp53_kras
TCGA-A6-5667	TCGA-COAD	1	0	1	1	cbio_mutation_tp53_kras
TCGA-A6-6137	TCGA-COAD	1	0	1	1	cbio_mutation_tp53_kras
TCGA-A6-6138	TCGA-COAD	1	1	1	1	cbio_mutation_tp53_kras
TCGA-A6-6140	TCGA-COAD	Unknown	Unknown	0	0	cbio_mutation_tp53_kras
TCGA-A6-6141	TCGA-COAD	Unknown	Unknown	0	0	cbio_mutation_tp53_kras
TCGA-A6-6142	TCGA-COAD	1	0	1	1	cbio_mutation_tp53_kras
TCGA-A6-6648	TCGA-COAD	0	0	1	1	cbio_mutation_tp53_kras
TCGA-A6-6649	TCGA-COAD	1	0	1	1	cbio_mutation_tp53_kras
TCGA-A6-6650	TCGA-COAD	0	0	1	1	cbio_mutation_tp53_kras
TCGA-A6-6651	TCGA-COAD	1	0	1	1	cbio_mutation_tp53_kras
TCGA-A6-6652	TCGA-COAD	1	0	1	1	cbio_mutation_tp53_kras
TCGA-A6-6653	TCGA-COAD	0	1	1	1	cbio_mutation_tp53_kras
TCGA-A6-6654	TCGA-COAD	1	1	1	1	cbio_mutation_tp53_kras
TCGA-A6-A565	TCGA-COAD	0	0	1	1	cbio_mutation_tp53_kras
TCGA-A6-A566	TCGA-COAD	0	1	1	1	cbio_mutation_tp53_kras
TCGA-A6-A567	TCGA-COAD	1	1	1	1	cbio_mutation_tp53_kras
TCGA-A6-A56B	TCGA-COAD	1	0	1	1	cbio_mutation_tp53_kras
TCGA-A6-A5ZU	TCGA-COAD	Unknown	Unknown	0	0	cbio_mutation_tp53_kras
TCGA-A7-A0CD	TCGA-BRCA_IDC	0	0	1	1	cbio_mutation_tp53_kras
TCGA-A7-A0CE	TCGA-BRCA_IDC	1	0	1	1	cbio_mutation_tp53_kras
TCGA-A7-A0CG	TCGA-BRCA_OTHERS	0	0	1	1	cbio_mutation_tp53_kras
TCGA-A7-A0CH	TCGA-BRCA_IDC	0	0	1	1	cbio_mutation_tp53_kras
TCGA-A7-A0CJ	TCGA-BRCA_IDC	1	0	1	1	cbio_mutation_tp53_kras
TCGA-A7-A0D9	TCGA-BRCA_IDC	0	0	1	1	cbio_mutation_tp53_kras
TCGA-A7-A0DA	TCGA-BRCA_IDC	1	0	1	1	cbio_mutation_tp53_kras
TCGA-A7-A0DB	TCGA-BRCA_IDC	0	0	1	1	cbio_mutation_tp53_kras
TCGA-A7-A0DC	TCGA-BRCA_IDC	0	0	1	1	cbio_mutation_tp53_kras
TCGA-A7-A13D	TCGA-BRCA_IDC	1	0	1	1	cbio_mutation_tp53_kras
TCGA-A7-A13E	TCGA-BRCA_IDC	1	0	1	1	cbio_mutation_tp53_kras
TCGA-A7-A13F	TCGA-BRCA_IDC	0	0	1	1	cbio_mutation_tp53_kras
TCGA-A7-A13G	TCGA-BRCA_IDC	0	0	1	1	cbio_mutation_tp53_kras
TCGA-A7-A13H	TCGA-BRCA_OTHERS	Unknown	Unknown	0	0	cbio_mutation_tp53_kras
TCGA-A7-A26E	TCGA-BRCA_OTHERS	0	0	1	1	cbio_mutation_tp53_kras
TCGA-A7-A26F	TCGA-BRCA_OTHERS	1	0	1	1	cbio_mutation_tp53_kras
TCGA-A7-A26G	TCGA-BRCA_OTHERS	1	0	1	1	cbio_mutation_tp53_kras
TCGA-A7-A26H	TCGA-BRCA_IDC	0	0	1	1	cbio_mutation_tp53_kras
TCGA-A7-A26I	TCGA-BRCA_IDC	1	0	1	1	cbio_mutation_tp53_kras
TCGA-A7-A26J	TCGA-BRCA_IDC	0	0	1	1	cbio_mutation_tp53_kras
TCGA-A7-A2KD	TCGA-BRCA_IDC	1	0	1	1	cbio_mutation_tp53_kras
TCGA-A7-A3IY	TCGA-BRCA_OTHERS	Unknown	Unknown	0	0	cbio_mutation_tp53_kras
TCGA-A7-A3IZ	TCGA-BRCA_OTHERS	0	0	1	1	cbio_mutation_tp53_kras
TCGA-A7-A3J0	TCGA-BRCA_OTHERS	0	0	1	1	cbio_mutation_tp53_kras
TCGA-A7-A3J1	TCGA-BRCA_OTHERS	0	0	1	1	cbio_mutation_tp53_kras
TCGA-A7-A3RF	TCGA-BRCA_OTHERS	0	0	1	1	cbio_mutation_tp53_kras
TCGA-A7-A425	TCGA-BRCA_OTHERS	0	0	1	1	cbio_mutation_tp53_kras
TCGA-A7-A426	TCGA-BRCA_OTHERS	0	0	1	1	cbio_mutation_tp53_kras
TCGA-A7-A4SA	TCGA-BRCA_OTHERS	0	0	1	1	cbio_mutation_tp53_kras
TCGA-A7-A4SB	TCGA-BRCA_OTHERS	0	0	1	1	cbio_mutation_tp53_kras
TCGA-A7-A4SC	TCGA-BRCA_OTHERS	0	0	1	1	cbio_mutation_tp53_kras
TCGA-A7-A4SD	TCGA-BRCA_IDC	1	0	1	1	cbio_mutation_tp53_kras
TCGA-A7-A4SE	TCGA-BRCA_IDC	1	0	1	1	cbio_mutation_tp53_kras
TCGA-A7-A4SF	TCGA-BRCA_IDC	0	0	1	1	cbio_mutation_tp53_kras
TCGA-A7-A56D	TCGA-BRCA_IDC	1	0	1	1	cbio_mutation_tp53_kras
TCGA-A7-A5ZV	TCGA-BRCA_OTHERS	1	0	1	1	cbio_mutation_tp53_kras
TCGA-A7-A5ZW	TCGA-BRCA_IDC	0	0	1	1	cbio_mutation_tp53_kras
TCGA-A7-A5ZX	TCGA-BRCA_OTHERS	0	0	1	1	cbio_mutation_tp53_kras
TCGA-A7-A6VV	TCGA-BRCA_IDC	1	0	1	1	cbio_mutation_tp53_kras
TCGA-A7-A6VW	TCGA-BRCA_IDC	1	0	1	1	cbio_mutation_tp53_kras
TCGA-A7-A6VX	TCGA-BRCA_IDC	1	0	1	1	cbio_mutation_tp53_kras
TCGA-A7-A6VY	TCGA-BRCA_IDC	1	0	1	1	cbio_mutation_tp53_kras
TCGA-A8-A06N	TCGA-BRCA_IDC	0	0	1	1	cbio_mutation_tp53_kras
TCGA-A8-A06O	TCGA-BRCA_IDC	1	0	1	1	cbio_mutation_tp53_kras
TCGA-A8-A06P	TCGA-BRCA_IDC	0	0	1	1	cbio_mutation_tp53_kras
TCGA-A8-A06Q	TCGA-BRCA_IDC	1	0	1	1	cbio_mutation_tp53_kras
TCGA-A8-A06R	TCGA-BRCA_IDC	0	0	1	1	cbio_mutation_tp53_kras
TCGA-A8-A06T	TCGA-BRCA_IDC	0	0	1	1	cbio_mutation_tp53_kras
TCGA-A8-A06U	TCGA-BRCA_IDC	1	0	1	1	cbio_mutation_tp53_kras
TCGA-A8-A06X	TCGA-BRCA_IDC	0	0	1	1	cbio_mutation_tp53_kras
TCGA-A8-A06Y	TCGA-BRCA_IDC	0	0	1	1	cbio_mutation_tp53_kras
TCGA-A8-A06Z	TCGA-BRCA_IDC	1	0	1	1	cbio_mutation_tp53_kras
TCGA-A8-A075	TCGA-BRCA_IDC	1	0	1	1	cbio_mutation_tp53_kras
TCGA-A8-A076	TCGA-BRCA_IDC	0	0	1	1	cbio_mutation_tp53_kras
TCGA-A8-A079	TCGA-BRCA_IDC	1	0	1	1	cbio_mutation_tp53_kras
TCGA-A8-A07B	TCGA-BRCA_IDC	1	0	1	1	cbio_mutation_tp53_kras
TCGA-A8-A07C	TCGA-BRCA_IDC	1	0	1	1	cbio_mutation_tp53_kras
TCGA-A8-A07E	TCGA-BRCA_IDC	0	0	1	1	cbio_mutation_tp53_kras
TCGA-A8-A07F	TCGA-BRCA_IDC	0	0	1	1	cbio_mutation_tp53_kras
TCGA-A8-A07G	TCGA-BRCA_IDC	0	0	1	1	cbio_mutation_tp53_kras
TCGA-A8-A07I	TCGA-BRCA_IDC	0	0	1	1	cbio_mutation_tp53_kras
TCGA-A8-A07J	TCGA-BRCA_IDC	0	0	1	1	cbio_mutation_tp53_kras
TCGA-A8-A07L	TCGA-BRCA_IDC	0	0	1	1	cbio_mutation_tp53_kras
TCGA-A8-A07O	TCGA-BRCA_IDC	1	0	1	1	cbio_mutation_tp53_kras
TCGA-A8-A07P	TCGA-BRCA_IDC	0	0	1	1	cbio_mutation_tp53_kras
TCGA-A8-A07R	TCGA-BRCA_IDC	0	0	1	1	cbio_mutation_tp53_kras
TCGA-A8-A07S	TCGA-BRCA_OTHERS	Unknown	Unknown	0	0	cbio_mutation_tp53_kras
TCGA-A8-A07U	TCGA-BRCA_IDC	1	0	1	1	cbio_mutation_tp53_kras
TCGA-A8-A07W	TCGA-BRCA_IDC	1	0	1	1	cbio_mutation_tp53_kras
TCGA-A8-A07Z	TCGA-BRCA_IDC	0	0	1	1	cbio_mutation_tp53_kras
TCGA-A8-A081	TCGA-BRCA_IDC	1	0	1	1	cbio_mutation_tp53_kras
TCGA-A8-A082	TCGA-BRCA_IDC	0	0	1	1	cbio_mutation_tp53_kras
TCGA-A8-A083	TCGA-BRCA_IDC	0	0	1	1	cbio_mutation_tp53_kras
TCGA-A8-A084	TCGA-BRCA_IDC	Unknown	Unknown	0	0	cbio_mutation_tp53_kras
TCGA-A8-A085	TCGA-BRCA_IDC	0	0	1	1	cbio_mutation_tp53_kras
TCGA-A8-A086	TCGA-BRCA_IDC	0	0	1	1	cbio_mutation_tp53_kras
TCGA-A8-A08A	TCGA-BRCA_IDC	0	0	1	1	cbio_mutation_tp53_kras
TCGA-A8-A08B	TCGA-BRCA_IDC	0	0	1	1	cbio_mutation_tp53_kras
TCGA-A8-A08C	TCGA-BRCA_IDC	Unknown	Unknown	0	0	cbio_mutation_tp53_kras
TCGA-A8-A08F	TCGA-BRCA_IDC	Unknown	Unknown	0	0	cbio_mutation_tp53_kras
TCGA-A8-A08G	TCGA-BRCA_IDC	0	0	1	1	cbio_mutation_tp53_kras
TCGA-A8-A08H	TCGA-BRCA_IDC	0	0	1	1	cbio_mutation_tp53_kras
TCGA-A8-A08I	TCGA-BRCA_IDC	1	0	1	1	cbio_mutation_tp53_kras
TCGA-A8-A08J	TCGA-BRCA_OTHERS	0	0	1	1	cbio_mutation_tp53_kras
TCGA-A8-A08L	TCGA-BRCA_IDC	0	0	1	1	cbio_mutation_tp53_kras
TCGA-A8-A08O	TCGA-BRCA_IDC	0	0	1	1	cbio_mutation_tp53_kras
TCGA-A8-A08P	TCGA-BRCA_IDC	1	0	1	1	cbio_mutation_tp53_kras
TCGA-A8-A08R	TCGA-BRCA_IDC	1	0	1	1	cbio_mutation_tp53_kras
TCGA-A8-A08S	TCGA-BRCA_IDC	Unknown	Unknown	0	0	cbio_mutation_tp53_kras
TCGA-A8-A08T	TCGA-BRCA_IDC	0	0	1	1	cbio_mutation_tp53_kras
TCGA-A8-A08X	TCGA-BRCA_IDC	1	0	1	1	cbio_mutation_tp53_kras
TCGA-A8-A08Z	TCGA-BRCA_IDC	0	0	1	1	cbio_mutation_tp53_kras
TCGA-A8-A090	TCGA-BRCA_IDC	0	0	1	1	cbio_mutation_tp53_kras
TCGA-A8-A091	TCGA-BRCA_IDC	0	0	1	1	cbio_mutation_tp53_kras
TCGA-A8-A092	TCGA-BRCA_IDC	1	0	1	1	cbio_mutation_tp53_kras
TCGA-A8-A093	TCGA-BRCA_IDC	0	0	1	1	cbio_mutation_tp53_kras
TCGA-A8-A094	TCGA-BRCA_IDC	1	0	1	1	cbio_mutation_tp53_kras
TCGA-A8-A095	TCGA-BRCA_IDC	0	0	1	1	cbio_mutation_tp53_kras
TCGA-A8-A096	TCGA-BRCA_IDC	0	0	1	1	cbio_mutation_tp53_kras
TCGA-A8-A097	TCGA-BRCA_IDC	1	0	1	1	cbio_mutation_tp53_kras
TCGA-A8-A099	TCGA-BRCA_IDC	0	0	1	1	cbio_mutation_tp53_kras
TCGA-A8-A09A	TCGA-BRCA_IDC	0	0	1	1	cbio_mutation_tp53_kras
TCGA-A8-A09B	TCGA-BRCA_IDC	0	0	1	1	cbio_mutation_tp53_kras
TCGA-A8-A09C	TCGA-BRCA_IDC	0	0	1	1	cbio_mutation_tp53_kras
TCGA-A8-A09D	TCGA-BRCA_IDC	0	0	1	1	cbio_mutation_tp53_kras
TCGA-A8-A09E	TCGA-BRCA_IDC	Unknown	Unknown	0	0	cbio_mutation_tp53_kras
TCGA-A8-A09G	TCGA-BRCA_IDC	0	0	1	1	cbio_mutation_tp53_kras
TCGA-A8-A09I	TCGA-BRCA_IDC	0	0	1	1	cbio_mutation_tp53_kras
TCGA-A8-A09K	TCGA-BRCA_IDC	Unknown	Unknown	0	0	cbio_mutation_tp53_kras
TCGA-A8-A09M	TCGA-BRCA_IDC	0	0	1	1	cbio_mutation_tp53_kras
TCGA-A8-A09N	TCGA-BRCA_IDC	1	0	1	1	cbio_mutation_tp53_kras
TCGA-A8-A09Q	TCGA-BRCA_IDC	1	0	1	1	cbio_mutation_tp53_kras
TCGA-A8-A09R	TCGA-BRCA_IDC	0	0	1	1	cbio_mutation_tp53_kras
TCGA-A8-A09T	TCGA-BRCA_OTHERS	0	0	1	1	cbio_mutation_tp53_kras
TCGA-A8-A09V	TCGA-BRCA_OTHERS	0	0	1	1	cbio_mutation_tp53_kras
TCGA-A8-A09W	TCGA-BRCA_OTHERS	0	0	1	1	cbio_mutation_tp53_kras
TCGA-A8-A09X	TCGA-BRCA_OTHERS	1	0	1	1	cbio_mutation_tp53_kras
TCGA-A8-A09Z	TCGA-BRCA_OTHERS	0	0	1	1	cbio_mutation_tp53_kras
TCGA-A8-A0A1	TCGA-BRCA_OTHERS	0	0	1	1	cbio_mutation_tp53_kras
TCGA-A8-A0A2	TCGA-BRCA_OTHERS	0	0	1	1	cbio_mutation_tp53_kras
TCGA-A8-A0A4	TCGA-BRCA_OTHERS	0	0	1	1	cbio_mutation_tp53_kras
TCGA-A8-A0A7	TCGA-BRCA_OTHERS	0	0	1	1	cbio_mutation_tp53_kras
TCGA-A8-A0A9	TCGA-BRCA_IDC	0	0	1	1	cbio_mutation_tp53_kras
TCGA-A8-A0AB	TCGA-BRCA_OTHERS	0	0	1	1	cbio_mutation_tp53_kras
TCGA-A8-A0AD	TCGA-BRCA_OTHERS	0	0	1	1	cbio_mutation_tp53_kras
TCGA-AA-3514	TCGA-COAD	0	0	1	1	cbio_mutation_tp53_kras
TCGA-AA-3516	TCGA-COAD	Unknown	Unknown	0	0	cbio_mutation_tp53_kras
TCGA-AA-3517	TCGA-COAD	0	0	1	1	cbio_mutation_tp53_kras
TCGA-AA-3518	TCGA-COAD	Unknown	Unknown	0	0	cbio_mutation_tp53_kras
TCGA-AA-3519	TCGA-COAD	0	0	1	1	cbio_mutation_tp53_kras
TCGA-AA-3520	TCGA-COAD	0	0	1	1	cbio_mutation_tp53_kras
TCGA-AA-3521	TCGA-COAD	0	0	1	1	cbio_mutation_tp53_kras
TCGA-AA-3522	TCGA-COAD	0	0	1	1	cbio_mutation_tp53_kras
TCGA-AA-3524	TCGA-COAD	0	0	1	1	cbio_mutation_tp53_kras
TCGA-AA-3525	TCGA-COAD	Unknown	Unknown	0	0	cbio_mutation_tp53_kras
TCGA-AA-3526	TCGA-COAD	0	0	1	1	cbio_mutation_tp53_kras
TCGA-AA-3527	TCGA-COAD	0	0	1	1	cbio_mutation_tp53_kras
TCGA-AA-3529	TCGA-COAD	0	0	1	1	cbio_mutation_tp53_kras
TCGA-AA-3530	TCGA-COAD	0	1	1	1	cbio_mutation_tp53_kras
TCGA-AA-3531	TCGA-COAD	0	0	1	1	cbio_mutation_tp53_kras
TCGA-AA-3532	TCGA-COAD	0	0	1	1	cbio_mutation_tp53_kras
TCGA-AA-3534	TCGA-COAD	0	0	1	1	cbio_mutation_tp53_kras
TCGA-AA-3538	TCGA-COAD	0	0	1	1	cbio_mutation_tp53_kras
TCGA-AA-3542	TCGA-COAD	Unknown	Unknown	0	0	cbio_mutation_tp53_kras
TCGA-AA-3543	TCGA-COAD	Unknown	Unknown	0	0	cbio_mutation_tp53_kras
TCGA-AA-3544	TCGA-COAD	0	0	1	1	cbio_mutation_tp53_kras
TCGA-AA-3548	TCGA-COAD	0	0	1	1	cbio_mutation_tp53_kras
TCGA-AA-3549	TCGA-COAD	0	0	1	1	cbio_mutation_tp53_kras
TCGA-AA-3552	TCGA-COAD	Unknown	Unknown	0	0	cbio_mutation_tp53_kras
TCGA-AA-3553	TCGA-COAD	Unknown	Unknown	0	0	cbio_mutation_tp53_kras
TCGA-AA-3554	TCGA-COAD	Unknown	Unknown	0	0	cbio_mutation_tp53_kras
TCGA-AA-3555	TCGA-COAD	Unknown	Unknown	0	0	cbio_mutation_tp53_kras
TCGA-AA-3556	TCGA-COAD	Unknown	Unknown	0	0	cbio_mutation_tp53_kras
TCGA-AA-3558	TCGA-COAD	0	0	1	1	cbio_mutation_tp53_kras
TCGA-AA-3560	TCGA-COAD	0	0	1	1	cbio_mutation_tp53_kras
TCGA-AA-3561	TCGA-COAD	0	0	1	1	cbio_mutation_tp53_kras
TCGA-AA-3562	TCGA-COAD	Unknown	Unknown	0	0	cbio_mutation_tp53_kras
TCGA-AA-3664	TCGA-COAD	0	0	1	1	cbio_mutation_tp53_kras
TCGA-AA-3666	TCGA-COAD	1	0	1	1	cbio_mutation_tp53_kras
TCGA-AA-3667	TCGA-COAD	1	0	1	1	cbio_mutation_tp53_kras
TCGA-AA-3672	TCGA-COAD	Unknown	Unknown	0	0	cbio_mutation_tp53_kras
TCGA-AA-3673	TCGA-COAD	1	1	1	1	cbio_mutation_tp53_kras
TCGA-AA-3675	TCGA-COAD	0	1	1	1	cbio_mutation_tp53_kras
TCGA-AA-3678	TCGA-COAD	0	0	1	1	cbio_mutation_tp53_kras
TCGA-AA-3679	TCGA-COAD	1	0	1	1	cbio_mutation_tp53_kras
TCGA-AA-3680	TCGA-COAD	0	1	1	1	cbio_mutation_tp53_kras
TCGA-AA-3681	TCGA-COAD	1	1	1	1	cbio_mutation_tp53_kras
TCGA-AA-3684	TCGA-COAD	0	0	1	1	cbio_mutation_tp53_kras
TCGA-AA-3685	TCGA-COAD	1	0	1	1	cbio_mutation_tp53_kras
TCGA-AA-3688	TCGA-COAD	1	0	1	1	cbio_mutation_tp53_kras
TCGA-AA-3692	TCGA-COAD	0	0	1	1	cbio_mutation_tp53_kras
TCGA-AA-3693	TCGA-COAD	1	0	1	1	cbio_mutation_tp53_kras
TCGA-AA-3695	TCGA-COAD	0	1	1	1	cbio_mutation_tp53_kras
TCGA-AA-3696	TCGA-COAD	0	1	1	1	cbio_mutation_tp53_kras
TCGA-AA-3710	TCGA-COAD	Unknown	Unknown	0	0	cbio_mutation_tp53_kras
TCGA-AA-3715	TCGA-COAD	0	1	1	1	cbio_mutation_tp53_kras
TCGA-AA-3811	TCGA-COAD	1	0	1	1	cbio_mutation_tp53_kras
TCGA-AA-3812	TCGA-COAD	0	0	1	1	cbio_mutation_tp53_kras
TCGA-AA-3814	TCGA-COAD	1	1	1	1	cbio_mutation_tp53_kras
TCGA-AA-3815	TCGA-COAD	Unknown	Unknown	0	0	cbio_mutation_tp53_kras
TCGA-AA-3818	TCGA-COAD	0	1	1	1	cbio_mutation_tp53_kras
TCGA-AA-3819	TCGA-COAD	0	0	1	1	cbio_mutation_tp53_kras
TCGA-AA-3821	TCGA-COAD	0	0	1	1	cbio_mutation_tp53_kras
TCGA-AA-3831	TCGA-COAD	0	0	1	1	cbio_mutation_tp53_kras
TCGA-AA-3833	TCGA-COAD	0	0	1	1	cbio_mutation_tp53_kras
TCGA-AA-3837	TCGA-COAD	0	1	1	1	cbio_mutation_tp53_kras
TCGA-AA-3841	TCGA-COAD	1	1	1	1	cbio_mutation_tp53_kras
TCGA-AA-3842	TCGA-COAD	1	1	1	1	cbio_mutation_tp53_kras
TCGA-AA-3844	TCGA-COAD	1	1	1	1	cbio_mutation_tp53_kras
TCGA-AA-3845	TCGA-COAD	0	1	1	1	cbio_mutation_tp53_kras
TCGA-AA-3846	TCGA-COAD	0	0	1	1	cbio_mutation_tp53_kras
TCGA-AA-3848	TCGA-COAD	1	1	1	1	cbio_mutation_tp53_kras
TCGA-AA-3850	TCGA-COAD	0	0	1	1	cbio_mutation_tp53_kras
TCGA-AA-3851	TCGA-COAD	1	1	1	1	cbio_mutation_tp53_kras
TCGA-AA-3852	TCGA-COAD	0	1	1	1	cbio_mutation_tp53_kras
TCGA-AA-3854	TCGA-COAD	0	1	1	1	cbio_mutation_tp53_kras
TCGA-AA-3855	TCGA-COAD	0	0	1	1	cbio_mutation_tp53_kras
TCGA-AA-3856	TCGA-COAD	1	0	1	1	cbio_mutation_tp53_kras
TCGA-AA-3858	TCGA-COAD	1	0	1	1	cbio_mutation_tp53_kras
TCGA-AA-3860	TCGA-COAD	Unknown	Unknown	0	0	cbio_mutation_tp53_kras
TCGA-AA-3861	TCGA-COAD	Unknown	Unknown	0	0	cbio_mutation_tp53_kras
TCGA-AA-3862	TCGA-COAD	Unknown	Unknown	0	0	cbio_mutation_tp53_kras
TCGA-AA-3864	TCGA-COAD	0	1	1	1	cbio_mutation_tp53_kras
TCGA-AA-3866	TCGA-COAD	1	0	1	1	cbio_mutation_tp53_kras
TCGA-AA-3867	TCGA-COAD	1	0	1	1	cbio_mutation_tp53_kras
TCGA-AA-3869	TCGA-COAD	Unknown	Unknown	0	0	cbio_mutation_tp53_kras
TCGA-AA-3870	TCGA-COAD	Unknown	Unknown	0	0	cbio_mutation_tp53_kras
TCGA-AA-3872	TCGA-COAD	Unknown	Unknown	0	0	cbio_mutation_tp53_kras
TCGA-AA-3875	TCGA-COAD	1	0	1	1	cbio_mutation_tp53_kras
TCGA-AA-3877	TCGA-COAD	0	0	1	1	cbio_mutation_tp53_kras
TCGA-AA-3930	TCGA-COAD	Unknown	Unknown	0	0	cbio_mutation_tp53_kras
TCGA-AA-3939	TCGA-COAD	Unknown	Unknown	0	0	cbio_mutation_tp53_kras
TCGA-AA-3941	TCGA-COAD	Unknown	Unknown	0	0	cbio_mutation_tp53_kras
TCGA-AA-3947	TCGA-COAD	0	0	1	1	cbio_mutation_tp53_kras
TCGA-AA-3949	TCGA-COAD	1	0	1	1	cbio_mutation_tp53_kras
TCGA-AA-3950	TCGA-COAD	0	0	1	1	cbio_mutation_tp53_kras
TCGA-AA-3952	TCGA-COAD	0	0	1	1	cbio_mutation_tp53_kras
TCGA-AA-3955	TCGA-COAD	1	0	1	1	cbio_mutation_tp53_kras
TCGA-AA-3956	TCGA-COAD	1	0	1	1	cbio_mutation_tp53_kras
TCGA-AA-3966	TCGA-COAD	1	0	1	1	cbio_mutation_tp53_kras
TCGA-AA-3967	TCGA-COAD	Unknown	Unknown	0	0	cbio_mutation_tp53_kras
TCGA-AA-3968	TCGA-COAD	1	0	1	1	cbio_mutation_tp53_kras
TCGA-AA-3970	TCGA-COAD	Unknown	Unknown	0	0	cbio_mutation_tp53_kras
TCGA-AA-3971	TCGA-COAD	1	0	1	1	cbio_mutation_tp53_kras
TCGA-AA-3972	TCGA-COAD	Unknown	Unknown	0	0	cbio_mutation_tp53_kras
TCGA-AA-3973	TCGA-COAD	0	0	1	1	cbio_mutation_tp53_kras
TCGA-AA-3975	TCGA-COAD	1	1	1	1	cbio_mutation_tp53_kras
TCGA-AA-3976	TCGA-COAD	1	0	1	1	cbio_mutation_tp53_kras
TCGA-AA-3977	TCGA-COAD	1	1	1	1	cbio_mutation_tp53_kras
TCGA-AA-3979	TCGA-COAD	1	1	1	1	cbio_mutation_tp53_kras
TCGA-AA-3980	TCGA-COAD	1	0	1	1	cbio_mutation_tp53_kras
TCGA-AA-3982	TCGA-COAD	1	0	1	1	cbio_mutation_tp53_kras
TCGA-AA-3984	TCGA-COAD	0	0	1	1	cbio_mutation_tp53_kras
TCGA-AA-3986	TCGA-COAD	0	1	1	1	cbio_mutation_tp53_kras
TCGA-AA-3989	TCGA-COAD	0	1	1	1	cbio_mutation_tp53_kras
TCGA-AA-3994	TCGA-COAD	0	1	1	1	cbio_mutation_tp53_kras
TCGA-AA-A004	TCGA-COAD	1	0	1	1	cbio_mutation_tp53_kras
TCGA-AA-A00A	TCGA-COAD	Unknown	Unknown	0	0	cbio_mutation_tp53_kras
TCGA-AA-A00D	TCGA-COAD	Unknown	Unknown	0	0	cbio_mutation_tp53_kras
TCGA-AA-A00E	TCGA-COAD	Unknown	Unknown	0	0	cbio_mutation_tp53_kras
TCGA-AA-A00F	TCGA-COAD	Unknown	Unknown	0	0	cbio_mutation_tp53_kras
TCGA-AA-A00J	TCGA-COAD	Unknown	Unknown	0	0	cbio_mutation_tp53_kras
TCGA-AA-A00K	TCGA-COAD	Unknown	Unknown	0	0	cbio_mutation_tp53_kras
TCGA-AA-A00L	TCGA-COAD	Unknown	Unknown	0	0	cbio_mutation_tp53_kras
TCGA-AA-A00N	TCGA-COAD	0	1	1	1	cbio_mutation_tp53_kras
TCGA-AA-A00O	TCGA-COAD	Unknown	Unknown	0	0	cbio_mutation_tp53_kras
TCGA-AA-A00Q	TCGA-COAD	Unknown	Unknown	0	0	cbio_mutation_tp53_kras
TCGA-AA-A00R	TCGA-COAD	Unknown	Unknown	0	0	cbio_mutation_tp53_kras
TCGA-AA-A00U	TCGA-COAD	Unknown	Unknown	0	0	cbio_mutation_tp53_kras
TCGA-AA-A00W	TCGA-COAD	Unknown	Unknown	0	0	cbio_mutation_tp53_kras
TCGA-AA-A00Z	TCGA-COAD	0	0	1	1	cbio_mutation_tp53_kras
TCGA-AA-A010	TCGA-COAD	1	0	1	1	cbio_mutation_tp53_kras
TCGA-AA-A017	TCGA-COAD	1	0	1	1	cbio_mutation_tp53_kras
TCGA-AA-A01C	TCGA-COAD	1	0	1	1	cbio_mutation_tp53_kras
TCGA-AA-A01D	TCGA-COAD	Unknown	Unknown	0	0	cbio_mutation_tp53_kras
TCGA-AA-A01F	TCGA-COAD	Unknown	Unknown	0	0	cbio_mutation_tp53_kras
TCGA-AA-A01G	TCGA-COAD	Unknown	Unknown	0	0	cbio_mutation_tp53_kras
TCGA-AA-A01I	TCGA-COAD	0	1	1	1	cbio_mutation_tp53_kras
TCGA-AA-A01K	TCGA-COAD	Unknown	Unknown	0	0	cbio_mutation_tp53_kras
TCGA-AA-A01P	TCGA-COAD	0	0	1	1	cbio_mutation_tp53_kras
TCGA-AA-A01Q	TCGA-COAD	Unknown	Unknown	0	0	cbio_mutation_tp53_kras
TCGA-AA-A01R	TCGA-COAD	0	1	1	1	cbio_mutation_tp53_kras
TCGA-AA-A01S	TCGA-COAD	1	0	1	1	cbio_mutation_tp53_kras
TCGA-AA-A01T	TCGA-COAD	1	0	1	1	cbio_mutation_tp53_kras
TCGA-AA-A01V	TCGA-COAD	0	0	1	1	cbio_mutation_tp53_kras
TCGA-AA-A01X	TCGA-COAD	0	1	1	1	cbio_mutation_tp53_kras
TCGA-AA-A01Z	TCGA-COAD	1	1	1	1	cbio_mutation_tp53_kras
TCGA-AA-A022	TCGA-COAD	0	0	1	1	cbio_mutation_tp53_kras
TCGA-AA-A024	TCGA-COAD	0	0	1	1	cbio_mutation_tp53_kras
TCGA-AA-A029	TCGA-COAD	Unknown	Unknown	0	0	cbio_mutation_tp53_kras
TCGA-AA-A02E	TCGA-COAD	1	1	1	1	cbio_mutation_tp53_kras
TCGA-AA-A02F	TCGA-COAD	1	0	1	1	cbio_mutation_tp53_kras
TCGA-AA-A02H	TCGA-COAD	1	0	1	1	cbio_mutation_tp53_kras
TCGA-AA-A02J	TCGA-COAD	Unknown	Unknown	0	0	cbio_mutation_tp53_kras
TCGA-AA-A02K	TCGA-COAD	Unknown	Unknown	0	0	cbio_mutation_tp53_kras
TCGA-AA-A02O	TCGA-COAD	0	1	1	1	cbio_mutation_tp53_kras
TCGA-AA-A02R	TCGA-COAD	0	0	1	1	cbio_mutation_tp53_kras
TCGA-AA-A02W	TCGA-COAD	1	1	1	1	cbio_mutation_tp53_kras
TCGA-AA-A02Y	TCGA-COAD	0	1	1	1	cbio_mutation_tp53_kras
TCGA-AA-A03F	TCGA-COAD	0	1	1	1	cbio_mutation_tp53_kras
TCGA-AA-A03J	TCGA-COAD	1	1	1	1	cbio_mutation_tp53_kras
TCGA-AC-A23C	TCGA-BRCA_IDC	1	0	1	1	cbio_mutation_tp53_kras
TCGA-AC-A23E	TCGA-BRCA_IDC	0	0	1	1	cbio_mutation_tp53_kras
TCGA-AC-A23G	TCGA-BRCA_OTHERS	Unknown	Unknown	0	0	cbio_mutation_tp53_kras
TCGA-AC-A23H	TCGA-BRCA_IDC	0	0	1	1	cbio_mutation_tp53_kras
TCGA-AC-A2B8	TCGA-BRCA_OTHERS	0	0	1	1	cbio_mutation_tp53_kras
TCGA-AC-A2BK	TCGA-BRCA_IDC	1	0	1	1	cbio_mutation_tp53_kras
TCGA-AC-A2BM	TCGA-BRCA_IDC	0	0	1	1	cbio_mutation_tp53_kras
TCGA-AC-A2FB	TCGA-BRCA_OTHERS	0	0	1	1	cbio_mutation_tp53_kras
TCGA-AC-A2FE	TCGA-BRCA_OTHERS	0	0	1	1	cbio_mutation_tp53_kras
TCGA-AC-A2FF	TCGA-BRCA_OTHERS	0	0	1	1	cbio_mutation_tp53_kras
TCGA-AC-A2FG	TCGA-BRCA_OTHERS	0	0	1	1	cbio_mutation_tp53_kras
TCGA-AC-A2FK	TCGA-BRCA_OTHERS	0	0	1	1	cbio_mutation_tp53_kras
TCGA-AC-A2FM	TCGA-BRCA_OTHERS	0	0	1	1	cbio_mutation_tp53_kras
TCGA-AC-A2FO	TCGA-BRCA_OTHERS	0	0	1	1	cbio_mutation_tp53_kras
TCGA-AC-A2QH	TCGA-BRCA_OTHERS	1	0	1	1	cbio_mutation_tp53_kras
TCGA-AC-A2QI	TCGA-BRCA_OTHERS	Unknown	Unknown	0	0	cbio_mutation_tp53_kras
TCGA-AC-A2QJ	TCGA-BRCA_OTHERS	0	0	1	1	cbio_mutation_tp53_kras
TCGA-AC-A3BB	TCGA-BRCA_OTHERS	Unknown	Unknown	0	0	cbio_mutation_tp53_kras
TCGA-AC-A3EH	TCGA-BRCA_IDC	0	0	1	1	cbio_mutation_tp53_kras
TCGA-AC-A3HN	TCGA-BRCA_OTHERS	0	0	1	1	cbio_mutation_tp53_kras
TCGA-AC-A3OD	TCGA-BRCA_OTHERS	1	0	1	1	cbio_mutation_tp53_kras
TCGA-AC-A3QP	TCGA-BRCA_OTHERS	0	0	1	1	cbio_mutation_tp53_kras
TCGA-AC-A3QQ	TCGA-BRCA_OTHERS	0	0	1	1	cbio_mutation_tp53_kras
TCGA-AC-A3TM	TCGA-BRCA_OTHERS	0	0	1	1	cbio_mutation_tp53_kras
TCGA-AC-A3TN	TCGA-BRCA_OTHERS	0	0	1	1	cbio_mutation_tp53_kras
TCGA-AC-A3W5	TCGA-BRCA_OTHERS	0	0	1	1	cbio_mutation_tp53_kras
TCGA-AC-A3W6	TCGA-BRCA_OTHERS	Unknown	Unknown	0	0	cbio_mutation_tp53_kras
TCGA-AC-A3W7	TCGA-BRCA_OTHERS	0	0	1	1	cbio_mutation_tp53_kras
TCGA-AC-A3YI	TCGA-BRCA_OTHERS	0	0	1	1	cbio_mutation_tp53_kras
TCGA-AC-A3YJ	TCGA-BRCA_OTHERS	0	0	1	1	cbio_mutation_tp53_kras
TCGA-AC-A4ZE	TCGA-BRCA_OTHERS	0	0	1	1	cbio_mutation_tp53_kras
TCGA-AC-A5EH	TCGA-BRCA_IDC	1	0	1	1	cbio_mutation_tp53_kras
TCGA-AC-A5EI	TCGA-BRCA_OTHERS	0	0	1	1	cbio_mutation_tp53_kras
TCGA-AC-A5XS	TCGA-BRCA_OTHERS	0	0	1	1	cbio_mutation_tp53_kras
TCGA-AC-A5XU	TCGA-BRCA_IDC	1	0	1	1	cbio_mutation_tp53_kras
TCGA-AC-A62V	TCGA-BRCA_IDC	0	0	1	1	cbio_mutation_tp53_kras
TCGA-AC-A62X	TCGA-BRCA_IDC	1	0	1	1	cbio_mutation_tp53_kras
TCGA-AC-A62Y	TCGA-BRCA_OTHERS	0	0	1	1	cbio_mutation_tp53_kras
TCGA-AC-A6IV	TCGA-BRCA_OTHERS	0	0	1	1	cbio_mutation_tp53_kras
TCGA-AC-A6IW	TCGA-BRCA_IDC	1	0	1	1	cbio_mutation_tp53_kras
TCGA-AC-A6IX	TCGA-BRCA_OTHERS	0	0	1	1	cbio_mutation_tp53_kras
TCGA-AC-A6NO	TCGA-BRCA_IDC	0	0	1	1	cbio_mutation_tp53_kras
TCGA-AC-A7VB	TCGA-BRCA_IDC	0	0	1	1	cbio_mutation_tp53_kras
TCGA-AC-A7VC	TCGA-BRCA_OTHERS	1	0	1	1	cbio_mutation_tp53_kras
TCGA-AC-A8OP	TCGA-BRCA_IDC	0	0	1	1	cbio_mutation_tp53_kras
TCGA-AC-A8OQ	TCGA-BRCA_IDC	1	0	1	1	cbio_mutation_tp53_kras
TCGA-AC-A8OR	TCGA-BRCA_OTHERS	0	0	1	1	cbio_mutation_tp53_kras
TCGA-AC-A8OS	TCGA-BRCA_OTHERS	0	0	1	1	cbio_mutation_tp53_kras
TCGA-AD-5900	TCGA-COAD	0	0	1	1	cbio_mutation_tp53_kras
TCGA-AD-6548	TCGA-COAD	1	1	1	1	cbio_mutation_tp53_kras
TCGA-AD-6888	TCGA-COAD	1	0	1	1	cbio_mutation_tp53_kras
TCGA-AD-6889	TCGA-COAD	0	0	1	1	cbio_mutation_tp53_kras
TCGA-AD-6890	TCGA-COAD	0	0	1	1	cbio_mutation_tp53_kras
TCGA-AD-6895	TCGA-COAD	0	1	1	1	cbio_mutation_tp53_kras
TCGA-AD-6899	TCGA-COAD	1	0	1	1	cbio_mutation_tp53_kras
TCGA-AD-6901	TCGA-COAD	1	1	1	1	cbio_mutation_tp53_kras
TCGA-AD-6963	TCGA-COAD	1	0	1	1	cbio_mutation_tp53_kras
TCGA-AD-6964	TCGA-COAD	0	1	1	1	cbio_mutation_tp53_kras
TCGA-AD-6965	TCGA-COAD	1	1	1	1	cbio_mutation_tp53_kras
TCGA-AD-A5EJ	TCGA-COAD	1	0	1	1	cbio_mutation_tp53_kras
TCGA-AD-A5EK	TCGA-COAD	1	1	1	1	cbio_mutation_tp53_kras
TCGA-AF-2687	TCGA-READ	1	0	1	1	cbio_mutation_tp53_kras
TCGA-AF-2689	TCGA-READ	0	0	1	1	cbio_mutation_tp53_kras
TCGA-AF-2690	TCGA-READ	1	0	1	1	cbio_mutation_tp53_kras
TCGA-AF-2691	TCGA-READ	0	0	1	1	cbio_mutation_tp53_kras
TCGA-AF-2692	TCGA-READ	0	0	1	1	cbio_mutation_tp53_kras
TCGA-AF-2693	TCGA-READ	1	0	1	1	cbio_mutation_tp53_kras
TCGA-AF-3400	TCGA-READ	0	0	1	1	cbio_mutation_tp53_kras
TCGA-AF-3911	TCGA-READ	1	0	1	1	cbio_mutation_tp53_kras
TCGA-AF-3913	TCGA-READ	Unknown	Unknown	0	0	cbio_mutation_tp53_kras
TCGA-AF-3914	TCGA-READ	Unknown	Unknown	0	0	cbio_mutation_tp53_kras
TCGA-AF-4110	TCGA-READ	1	1	1	1	cbio_mutation_tp53_kras
TCGA-AF-5654	TCGA-READ	0	1	1	1	cbio_mutation_tp53_kras
TCGA-AF-6136	TCGA-READ	1	0	1	1	cbio_mutation_tp53_kras
TCGA-AF-6655	TCGA-READ	1	1	1	1	cbio_mutation_tp53_kras
TCGA-AF-6672	TCGA-READ	1	1	1	1	cbio_mutation_tp53_kras
TCGA-AF-A56K	TCGA-READ	1	0	1	1	cbio_mutation_tp53_kras
TCGA-AF-A56L	TCGA-READ	1	0	1	1	cbio_mutation_tp53_kras
TCGA-AF-A56N	TCGA-READ	1	0	1	1	cbio_mutation_tp53_kras
TCGA-AG-3574	TCGA-READ	0	0	1	1	cbio_mutation_tp53_kras
TCGA-AG-3575	TCGA-READ	0	0	1	1	cbio_mutation_tp53_kras
TCGA-AG-3578	TCGA-READ	Unknown	Unknown	0	0	cbio_mutation_tp53_kras
TCGA-AG-3580	TCGA-READ	0	0	1	1	cbio_mutation_tp53_kras
TCGA-AG-3581	TCGA-READ	0	0	1	1	cbio_mutation_tp53_kras
TCGA-AG-3582	TCGA-READ	Unknown	Unknown	0	0	cbio_mutation_tp53_kras
TCGA-AG-3583	TCGA-READ	0	0	1	1	cbio_mutation_tp53_kras
TCGA-AG-3584	TCGA-READ	0	0	1	1	cbio_mutation_tp53_kras
TCGA-AG-3586	TCGA-READ	Unknown	Unknown	0	0	cbio_mutation_tp53_kras
TCGA-AG-3587	TCGA-READ	Unknown	Unknown	0	0	cbio_mutation_tp53_kras
TCGA-AG-3593	TCGA-READ	Unknown	Unknown	0	0	cbio_mutation_tp53_kras
TCGA-AG-3594	TCGA-READ	0	0	1	1	cbio_mutation_tp53_kras
TCGA-AG-3598	TCGA-READ	0	0	1	1	cbio_mutation_tp53_kras
TCGA-AG-3599	TCGA-READ	0	0	1	1	cbio_mutation_tp53_kras
TCGA-AG-3600	TCGA-READ	Unknown	Unknown	0	0	cbio_mutation_tp53_kras
TCGA-AG-3601	TCGA-READ	Unknown	Unknown	0	0	cbio_mutation_tp53_kras
TCGA-AG-3602	TCGA-READ	0	0	1	1	cbio_mutation_tp53_kras
TCGA-AG-3605	TCGA-READ	0	0	1	1	cbio_mutation_tp53_kras
TCGA-AG-3608	TCGA-READ	Unknown	Unknown	0	0	cbio_mutation_tp53_kras
TCGA-AG-3609	TCGA-READ	Unknown	Unknown	0	0	cbio_mutation_tp53_kras
TCGA-AG-3611	TCGA-READ	Unknown	Unknown	0	0	cbio_mutation_tp53_kras
TCGA-AG-3612	TCGA-READ	Unknown	Unknown	0	0	cbio_mutation_tp53_kras
TCGA-AG-3726	TCGA-READ	1	1	1	1	cbio_mutation_tp53_kras
TCGA-AG-3727	TCGA-READ	0	1	1	1	cbio_mutation_tp53_kras
TCGA-AG-3728	TCGA-READ	Unknown	Unknown	0	0	cbio_mutation_tp53_kras
TCGA-AG-3878	TCGA-READ	0	1	1	1	cbio_mutation_tp53_kras
TCGA-AG-3881	TCGA-READ	0	1	1	1	cbio_mutation_tp53_kras
TCGA-AG-3882	TCGA-READ	1	0	1	1	cbio_mutation_tp53_kras
TCGA-AG-3883	TCGA-READ	1	0	1	1	cbio_mutation_tp53_kras
TCGA-AG-3885	TCGA-READ	1	1	1	1	cbio_mutation_tp53_kras
TCGA-AG-3887	TCGA-READ	0	1	1	1	cbio_mutation_tp53_kras
TCGA-AG-3890	TCGA-READ	1	0	1	1	cbio_mutation_tp53_kras
TCGA-AG-3892	TCGA-READ	0	1	1	1	cbio_mutation_tp53_kras
TCGA-AG-3893	TCGA-READ	1	0	1	1	cbio_mutation_tp53_kras
TCGA-AG-3894	TCGA-READ	0	0	1	1	cbio_mutation_tp53_kras
TCGA-AG-3896	TCGA-READ	1	1	1	1	cbio_mutation_tp53_kras
TCGA-AG-3898	TCGA-READ	1	0	1	1	cbio_mutation_tp53_kras
TCGA-AG-3901	TCGA-READ	0	1	1	1	cbio_mutation_tp53_kras
TCGA-AG-3902	TCGA-READ	1	1	1	1	cbio_mutation_tp53_kras
TCGA-AG-3906	TCGA-READ	Unknown	Unknown	0	0	cbio_mutation_tp53_kras
TCGA-AG-3909	TCGA-READ	1	1	1	1	cbio_mutation_tp53_kras
TCGA-AG-3999	TCGA-READ	Unknown	Unknown	0	0	cbio_mutation_tp53_kras
TCGA-AG-4001	TCGA-READ	1	0	1	1	cbio_mutation_tp53_kras
TCGA-AG-4005	TCGA-READ	Unknown	Unknown	0	0	cbio_mutation_tp53_kras
TCGA-AG-4007	TCGA-READ	Unknown	Unknown	0	0	cbio_mutation_tp53_kras
TCGA-AG-4008	TCGA-READ	1	1	1	1	cbio_mutation_tp53_kras
TCGA-AG-4015	TCGA-READ	1	0	1	1	cbio_mutation_tp53_kras
TCGA-AG-4021	TCGA-READ	1	1	1	1	cbio_mutation_tp53_kras
TCGA-AG-4022	TCGA-READ	1	0	1	1	cbio_mutation_tp53_kras
TCGA-AG-A002	TCGA-READ	0	0	1	1	cbio_mutation_tp53_kras
TCGA-AG-A008	TCGA-READ	0	1	1	1	cbio_mutation_tp53_kras
TCGA-AG-A00C	TCGA-READ	1	1	1	1	cbio_mutation_tp53_kras
TCGA-AG-A00H	TCGA-READ	Unknown	Unknown	0	0	cbio_mutation_tp53_kras
TCGA-AG-A00Y	TCGA-READ	1	1	1	1	cbio_mutation_tp53_kras
TCGA-AG-A011	TCGA-READ	1	0	1	1	cbio_mutation_tp53_kras
TCGA-AG-A014	TCGA-READ	Unknown	Unknown	0	0	cbio_mutation_tp53_kras
TCGA-AG-A015	TCGA-READ	0	1	1	1	cbio_mutation_tp53_kras
TCGA-AG-A016	TCGA-READ	1	0	1	1	cbio_mutation_tp53_kras
TCGA-AG-A01J	TCGA-READ	1	0	1	1	cbio_mutation_tp53_kras
TCGA-AG-A01L	TCGA-READ	1	0	1	1	cbio_mutation_tp53_kras
TCGA-AG-A01N	TCGA-READ	1	0	1	1	cbio_mutation_tp53_kras
TCGA-AG-A01W	TCGA-READ	1	1	1	1	cbio_mutation_tp53_kras
TCGA-AG-A01Y	TCGA-READ	1	0	1	1	cbio_mutation_tp53_kras
TCGA-AG-A020	TCGA-READ	1	1	1	1	cbio_mutation_tp53_kras
TCGA-AG-A023	TCGA-READ	Unknown	Unknown	0	0	cbio_mutation_tp53_kras
TCGA-AG-A025	TCGA-READ	Unknown	Unknown	0	0	cbio_mutation_tp53_kras
TCGA-AG-A026	TCGA-READ	1	0	1	1	cbio_mutation_tp53_kras
TCGA-AG-A02G	TCGA-READ	Unknown	Unknown	0	0	cbio_mutation_tp53_kras
TCGA-AG-A02N	TCGA-READ	1	1	1	1	cbio_mutation_tp53_kras
TCGA-AG-A02X	TCGA-READ	1	1	1	1	cbio_mutation_tp53_kras
TCGA-AG-A032	TCGA-READ	1	1	1	1	cbio_mutation_tp53_kras
TCGA-AG-A036	TCGA-READ	Unknown	Unknown	0	0	cbio_mutation_tp53_kras
TCGA-AH-6544	TCGA-READ	1	1	1	1	cbio_mutation_tp53_kras
TCGA-AH-6547	TCGA-READ	0	0	1	1	cbio_mutation_tp53_kras
TCGA-AH-6549	TCGA-READ	Unknown	Unknown	0	0	cbio_mutation_tp53_kras
TCGA-AH-6643	TCGA-READ	1	0	1	1	cbio_mutation_tp53_kras
TCGA-AH-6644	TCGA-READ	0	1	1	1	cbio_mutation_tp53_kras
TCGA-AH-6897	TCGA-READ	1	0	1	1	cbio_mutation_tp53_kras
TCGA-AH-6903	TCGA-READ	0	1	1	1	cbio_mutation_tp53_kras
TCGA-AJ-A23M	TCGA-UCEC	1	0	1	1	cbio_mutation_tp53_kras
TCGA-AJ-A23N	TCGA-UCEC	1	0	1	1	cbio_mutation_tp53_kras
TCGA-AJ-A2QK	TCGA-UCEC	1	0	1	1	cbio_mutation_tp53_kras
TCGA-AJ-A2QL	TCGA-UCEC	0	0	1	1	cbio_mutation_tp53_kras
TCGA-AJ-A2QM	TCGA-UCEC	1	0	1	1	cbio_mutation_tp53_kras
TCGA-AJ-A2QN	TCGA-UCEC	0	0	1	1	cbio_mutation_tp53_kras
TCGA-AJ-A2QO	TCGA-UCEC	0	1	1	1	cbio_mutation_tp53_kras
TCGA-AJ-A3BD	TCGA-UCEC	1	0	1	1	cbio_mutation_tp53_kras
TCGA-AJ-A3BF	TCGA-UCEC	1	0	1	1	cbio_mutation_tp53_kras
TCGA-AJ-A3BG	TCGA-UCEC	1	0	1	1	cbio_mutation_tp53_kras
TCGA-AJ-A3BH	TCGA-UCEC	0	0	1	1	cbio_mutation_tp53_kras
TCGA-AJ-A3BI	TCGA-UCEC	1	0	1	1	cbio_mutation_tp53_kras
TCGA-AJ-A3BK	TCGA-UCEC	0	0	1	1	cbio_mutation_tp53_kras
TCGA-AJ-A3EJ	TCGA-UCEC	1	0	1	1	cbio_mutation_tp53_kras
TCGA-AJ-A3EK	TCGA-UCEC	1	0	1	1	cbio_mutation_tp53_kras
TCGA-AJ-A3EL	TCGA-UCEC	0	0	1	1	cbio_mutation_tp53_kras
TCGA-AJ-A3EM	TCGA-UCEC	1	0	1	1	cbio_mutation_tp53_kras
TCGA-AJ-A3I9	TCGA-UCEC	1	0	1	1	cbio_mutation_tp53_kras
TCGA-AJ-A3IA	TCGA-UCEC	1	0	1	1	cbio_mutation_tp53_kras
TCGA-AJ-A3NC	TCGA-UCEC	Unknown	Unknown	0	0	cbio_mutation_tp53_kras
TCGA-AJ-A3NE	TCGA-UCEC	Unknown	Unknown	0	0	cbio_mutation_tp53_kras
TCGA-AJ-A3NF	TCGA-UCEC	1	0	1	1	cbio_mutation_tp53_kras
TCGA-AJ-A3NG	TCGA-UCEC	0	0	1	1	cbio_mutation_tp53_kras
TCGA-AJ-A3NH	TCGA-UCEC	0	0	1	1	cbio_mutation_tp53_kras
TCGA-AJ-A3OJ	TCGA-UCEC	1	0	1	1	cbio_mutation_tp53_kras
TCGA-AJ-A3OK	TCGA-UCEC	0	0	1	1	cbio_mutation_tp53_kras
TCGA-AJ-A3OL	TCGA-UCEC	1	0	1	1	cbio_mutation_tp53_kras
TCGA-AJ-A3QS	TCGA-UCEC	1	0	1	1	cbio_mutation_tp53_kras
TCGA-AJ-A3TW	TCGA-UCEC	1	0	1	1	cbio_mutation_tp53_kras
TCGA-AJ-A4ZG	TCGA-UCEC	Unknown	Unknown	0	0	cbio_mutation_tp53_kras
TCGA-AJ-A5DW	TCGA-UCEC	0	0	1	1	cbio_mutation_tp53_kras
TCGA-AJ-A6NU	TCGA-UCEC	1	0	1	1	cbio_mutation_tp53_kras
TCGA-AJ-A8CT	TCGA-UCEC	0	0	1	1	cbio_mutation_tp53_kras
TCGA-AJ-A8CV	TCGA-UCEC	0	0	1	1	cbio_mutation_tp53_kras
TCGA-AJ-A8CW	TCGA-UCEC	0	0	1	1	cbio_mutation_tp53_kras
TCGA-AK-3425	TCGA-KIRC	Unknown	Unknown	0	0	cbio_mutation_tp53_kras
TCGA-AK-3426	TCGA-KIRC	0	0	1	1	cbio_mutation_tp53_kras
TCGA-AK-3427	TCGA-KIRC	0	0	1	1	cbio_mutation_tp53_kras
TCGA-AK-3428	TCGA-KIRC	0	0	1	1	cbio_mutation_tp53_kras
TCGA-AK-3429	TCGA-KIRC	0	0	1	1	cbio_mutation_tp53_kras
TCGA-AK-3430	TCGA-KIRC	0	0	1	1	cbio_mutation_tp53_kras
TCGA-AK-3431	TCGA-KIRC	Unknown	Unknown	0	0	cbio_mutation_tp53_kras
TCGA-AK-3433	TCGA-KIRC	Unknown	Unknown	0	0	cbio_mutation_tp53_kras
TCGA-AK-3434	TCGA-KIRC	Unknown	Unknown	0	0	cbio_mutation_tp53_kras
TCGA-AK-3436	TCGA-KIRC	0	0	1	1	cbio_mutation_tp53_kras
TCGA-AK-3440	TCGA-KIRC	1	0	1	1	cbio_mutation_tp53_kras
TCGA-AK-3443	TCGA-KIRC	0	0	1	1	cbio_mutation_tp53_kras
TCGA-AK-3444	TCGA-KIRC	0	0	1	1	cbio_mutation_tp53_kras
TCGA-AK-3445	TCGA-KIRC	0	0	1	1	cbio_mutation_tp53_kras
TCGA-AK-3447	TCGA-KIRC	Unknown	Unknown	0	0	cbio_mutation_tp53_kras
TCGA-AK-3450	TCGA-KIRC	Unknown	Unknown	0	0	cbio_mutation_tp53_kras
TCGA-AK-3451	TCGA-KIRC	0	0	1	1	cbio_mutation_tp53_kras
TCGA-AK-3453	TCGA-KIRC	0	0	1	1	cbio_mutation_tp53_kras
TCGA-AK-3454	TCGA-KIRC	Unknown	Unknown	0	0	cbio_mutation_tp53_kras
TCGA-AK-3455	TCGA-KIRC	0	0	1	1	cbio_mutation_tp53_kras
TCGA-AK-3456	TCGA-KIRC	0	0	1	1	cbio_mutation_tp53_kras
TCGA-AK-3458	TCGA-KIRC	0	0	1	1	cbio_mutation_tp53_kras
TCGA-AK-3460	TCGA-KIRC	Unknown	Unknown	0	0	cbio_mutation_tp53_kras
TCGA-AK-3461	TCGA-KIRC	Unknown	Unknown	0	0	cbio_mutation_tp53_kras
TCGA-AK-3465	TCGA-KIRC	0	0	1	1	cbio_mutation_tp53_kras
TCGA-AL-3466	TCGA-KIRP	0	0	1	1	cbio_mutation_tp53_kras
TCGA-AL-3467	TCGA-KIRP	0	0	1	1	cbio_mutation_tp53_kras
TCGA-AL-3468	TCGA-KIRP	Unknown	Unknown	0	0	cbio_mutation_tp53_kras
TCGA-AL-3472	TCGA-KIRP	0	0	1	1	cbio_mutation_tp53_kras
TCGA-AL-3473	TCGA-KIRP	0	0	1	1	cbio_mutation_tp53_kras
TCGA-AL-7173	TCGA-KIRP	0	0	1	1	cbio_mutation_tp53_kras
TCGA-AL-A5DJ	TCGA-KIRP	Unknown	Unknown	0	0	cbio_mutation_tp53_kras
TCGA-AM-5820	TCGA-COAD	0	1	1	1	cbio_mutation_tp53_kras
TCGA-AM-5821	TCGA-COAD	1	0	1	1	cbio_mutation_tp53_kras
TCGA-AN-A03Y	TCGA-BRCA_IDC	0	0	1	1	cbio_mutation_tp53_kras
TCGA-AN-A041	TCGA-BRCA_IDC	0	0	1	1	cbio_mutation_tp53_kras
TCGA-AN-A046	TCGA-BRCA_IDC	1	1	1	1	cbio_mutation_tp53_kras
TCGA-AN-A0AJ	TCGA-BRCA_OTHERS	1	0	1	1	cbio_mutation_tp53_kras
TCGA-AN-A0AK	TCGA-BRCA_IDC	0	0	1	1	cbio_mutation_tp53_kras
TCGA-AN-A0AL	TCGA-BRCA_IDC	1	0	1	1	cbio_mutation_tp53_kras
TCGA-AN-A0AM	TCGA-BRCA_IDC	0	0	1	1	cbio_mutation_tp53_kras
TCGA-AN-A0AR	TCGA-BRCA_IDC	1	0	1	1	cbio_mutation_tp53_kras
TCGA-AN-A0AS	TCGA-BRCA_IDC	1	0	1	1	cbio_mutation_tp53_kras
TCGA-AN-A0AT	TCGA-BRCA_IDC	0	0	1	1	cbio_mutation_tp53_kras
TCGA-AN-A0FD	TCGA-BRCA_IDC	0	0	1	1	cbio_mutation_tp53_kras
TCGA-AN-A0FF	TCGA-BRCA_IDC	0	0	1	1	cbio_mutation_tp53_kras
TCGA-AN-A0FJ	TCGA-BRCA_IDC	1	0	1	1	cbio_mutation_tp53_kras
TCGA-AN-A0FK	TCGA-BRCA_IDC	0	0	1	1	cbio_mutation_tp53_kras
TCGA-AN-A0FL	TCGA-BRCA_IDC	1	0	1	1	cbio_mutation_tp53_kras
TCGA-AN-A0FN	TCGA-BRCA_IDC	0	0	1	1	cbio_mutation_tp53_kras
TCGA-AN-A0FS	TCGA-BRCA_IDC	0	0	1	1	cbio_mutation_tp53_kras
TCGA-AN-A0FT	TCGA-BRCA_IDC	1	0	1	1	cbio_mutation_tp53_kras
TCGA-AN-A0FV	TCGA-BRCA_IDC	1	0	1	1	cbio_mutation_tp53_kras
TCGA-AN-A0FW	TCGA-BRCA_IDC	0	0	1	1	cbio_mutation_tp53_kras
TCGA-AN-A0FX	TCGA-BRCA_IDC	1	0	1	1	cbio_mutation_tp53_kras
TCGA-AN-A0FY	TCGA-BRCA_IDC	1	0	1	1	cbio_mutation_tp53_kras
TCGA-AN-A0FZ	TCGA-BRCA_IDC	0	0	1	1	cbio_mutation_tp53_kras
TCGA-AN-A0G0	TCGA-BRCA_IDC	1	0	1	1	cbio_mutation_tp53_kras
TCGA-AN-A0XL	TCGA-BRCA_IDC	0	0	1	1	cbio_mutation_tp53_kras
TCGA-AN-A0XN	TCGA-BRCA_IDC	1	0	1	1	cbio_mutation_tp53_kras
TCGA-AN-A0XO	TCGA-BRCA_IDC	0	0	1	1	cbio_mutation_tp53_kras
TCGA-AN-A0XP	TCGA-BRCA_IDC	0	0	1	1	cbio_mutation_tp53_kras
TCGA-AN-A0XS	TCGA-BRCA_IDC	0	0	1	1	cbio_mutation_tp53_kras
TCGA-AN-A0XT	TCGA-BRCA_IDC	1	0	1	1	cbio_mutation_tp53_kras
TCGA-AN-A0XU	TCGA-BRCA_IDC	1	0	1	1	cbio_mutation_tp53_kras
TCGA-AN-A0XW	TCGA-BRCA_IDC	0	0	1	1	cbio_mutation_tp53_kras
TCGA-AO-A03L	TCGA-BRCA_IDC	1	0	1	1	cbio_mutation_tp53_kras
TCGA-AO-A03M	TCGA-BRCA_IDC	0	0	1	1	cbio_mutation_tp53_kras
TCGA-AO-A03N	TCGA-BRCA_IDC	1	0	1	1	cbio_mutation_tp53_kras
TCGA-AO-A03O	TCGA-BRCA_IDC	1	0	1	1	cbio_mutation_tp53_kras
TCGA-AO-A03P	TCGA-BRCA_IDC	0	0	1	1	cbio_mutation_tp53_kras
TCGA-AO-A03R	TCGA-BRCA_IDC	1	0	1	1	cbio_mutation_tp53_kras
TCGA-AO-A03T	TCGA-BRCA_IDC	0	0	1	1	cbio_mutation_tp53_kras
TCGA-AO-A03U	TCGA-BRCA_OTHERS	0	0	1	1	cbio_mutation_tp53_kras
TCGA-AO-A03V	TCGA-BRCA_IDC	1	0	1	1	cbio_mutation_tp53_kras
TCGA-AO-A0J2	TCGA-BRCA_IDC	1	0	1	1	cbio_mutation_tp53_kras
TCGA-AO-A0J3	TCGA-BRCA_IDC	0	0	1	1	cbio_mutation_tp53_kras
TCGA-AO-A0J4	TCGA-BRCA_IDC	1	0	1	1	cbio_mutation_tp53_kras
TCGA-AO-A0J5	TCGA-BRCA_IDC	0	0	1	1	cbio_mutation_tp53_kras
TCGA-AO-A0J6	TCGA-BRCA_IDC	1	0	1	1	cbio_mutation_tp53_kras
TCGA-AO-A0J7	TCGA-BRCA_IDC	0	0	1	1	cbio_mutation_tp53_kras
TCGA-AO-A0J8	TCGA-BRCA_OTHERS	0	0	1	1	cbio_mutation_tp53_kras
TCGA-AO-A0J9	TCGA-BRCA_OTHERS	0	0	1	1	cbio_mutation_tp53_kras
TCGA-AO-A0JA	TCGA-BRCA_IDC	0	0	1	1	cbio_mutation_tp53_kras
TCGA-AO-A0JB	TCGA-BRCA_IDC	1	0	1	1	cbio_mutation_tp53_kras
TCGA-AO-A0JC	TCGA-BRCA_IDC	0	0	1	1	cbio_mutation_tp53_kras
TCGA-AO-A0JD	TCGA-BRCA_IDC	1	0	1	1	cbio_mutation_tp53_kras
TCGA-AO-A0JE	TCGA-BRCA_IDC	1	0	1	1	cbio_mutation_tp53_kras
TCGA-AO-A0JF	TCGA-BRCA_IDC	0	0	1	1	cbio_mutation_tp53_kras
TCGA-AO-A0JG	TCGA-BRCA_IDC	0	0	1	1	cbio_mutation_tp53_kras
TCGA-AO-A0JI	TCGA-BRCA_IDC	0	0	1	1	cbio_mutation_tp53_kras
TCGA-AO-A0JJ	TCGA-BRCA_OTHERS	0	0	1	1	cbio_mutation_tp53_kras
TCGA-AO-A0JL	TCGA-BRCA_IDC	0	0	1	1	cbio_mutation_tp53_kras
TCGA-AO-A0JM	TCGA-BRCA_IDC	0	0	1	1	cbio_mutation_tp53_kras
TCGA-AO-A124	TCGA-BRCA_IDC	1	0	1	1	cbio_mutation_tp53_kras
TCGA-AO-A125	TCGA-BRCA_OTHERS	0	0	1	1	cbio_mutation_tp53_kras
TCGA-AO-A126	TCGA-BRCA_IDC	0	0	1	1	cbio_mutation_tp53_kras
TCGA-AO-A128	TCGA-BRCA_IDC	1	0	1	1	cbio_mutation_tp53_kras
TCGA-AO-A129	TCGA-BRCA_IDC	1	0	1	1	cbio_mutation_tp53_kras
TCGA-AO-A12A	TCGA-BRCA_IDC	0	0	1	1	cbio_mutation_tp53_kras
TCGA-AO-A12B	TCGA-BRCA_IDC	0	0	1	1	cbio_mutation_tp53_kras
TCGA-AO-A12C	TCGA-BRCA_IDC	Unknown	Unknown	0	0	cbio_mutation_tp53_kras
TCGA-AO-A12D	TCGA-BRCA_IDC	1	0	1	1	cbio_mutation_tp53_kras
TCGA-AO-A12E	TCGA-BRCA_OTHERS	0	0	1	1	cbio_mutation_tp53_kras
TCGA-AO-A12F	TCGA-BRCA_IDC	0	0	1	1	cbio_mutation_tp53_kras
TCGA-AO-A12G	TCGA-BRCA_IDC	1	0	1	1	cbio_mutation_tp53_kras
TCGA-AO-A12H	TCGA-BRCA_IDC	0	0	1	1	cbio_mutation_tp53_kras
TCGA-AO-A1KO	TCGA-BRCA_OTHERS	0	0	1	1	cbio_mutation_tp53_kras
TCGA-AO-A1KP	TCGA-BRCA_IDC	0	0	1	1	cbio_mutation_tp53_kras
TCGA-AO-A1KQ	TCGA-BRCA_IDC	0	0	1	1	cbio_mutation_tp53_kras
TCGA-AO-A1KR	TCGA-BRCA_IDC	0	0	1	1	cbio_mutation_tp53_kras
TCGA-AO-A1KS	TCGA-BRCA_OTHERS	0	0	1	1	cbio_mutation_tp53_kras
TCGA-AO-A1KT	TCGA-BRCA_IDC	0	0	1	1	cbio_mutation_tp53_kras
TCGA-AP-A051	TCGA-UCEC	0	0	1	1	cbio_mutation_tp53_kras
TCGA-AP-A052	TCGA-UCEC	1	0	1	1	cbio_mutation_tp53_kras
TCGA-AP-A053	TCGA-UCEC	Unknown	Unknown	0	0	cbio_mutation_tp53_kras
TCGA-AP-A054	TCGA-UCEC	1	0	1	1	cbio_mutation_tp53_kras
TCGA-AP-A056	TCGA-UCEC	0	1	1	1	cbio_mutation_tp53_kras
TCGA-AP-A059	TCGA-UCEC	1	0	1	1	cbio_mutation_tp53_kras
TCGA-AP-A05A	TCGA-UCEC	1	0	1	1	cbio_mutation_tp53_kras
TCGA-AP-A05D	TCGA-UCEC	1	0	1	1	cbio_mutation_tp53_kras
TCGA-AP-A05H	TCGA-UCEC	1	0	1	1	cbio_mutation_tp53_kras
TCGA-AP-A05J	TCGA-UCEC	1	0	1	1	cbio_mutation_tp53_kras
TCGA-AP-A05N	TCGA-UCEC	0	0	1	1	cbio_mutation_tp53_kras
TCGA-AP-A05O	TCGA-UCEC	Unknown	Unknown	0	0	cbio_mutation_tp53_kras
TCGA-AP-A05P	TCGA-UCEC	0	1	1	1	cbio_mutation_tp53_kras
TCGA-AP-A0L8	TCGA-UCEC	1	0	1	1	cbio_mutation_tp53_kras
TCGA-AP-A0L9	TCGA-UCEC	1	0	1	1	cbio_mutation_tp53_kras
TCGA-AP-A0LD	TCGA-UCEC	0	1	1	1	cbio_mutation_tp53_kras
TCGA-AP-A0LE	TCGA-UCEC	1	1	1	1	cbio_mutation_tp53_kras
TCGA-AP-A0LF	TCGA-UCEC	1	0	1	1	cbio_mutation_tp53_kras
TCGA-AP-A0LG	TCGA-UCEC	0	1	1	1	cbio_mutation_tp53_kras
TCGA-AP-A0LH	TCGA-UCEC	1	0	1	1	cbio_mutation_tp53_kras
TCGA-AP-A0LI	TCGA-UCEC	1	0	1	1	cbio_mutation_tp53_kras
TCGA-AP-A0LJ	TCGA-UCEC	0	0	1	1	cbio_mutation_tp53_kras
TCGA-AP-A0LL	TCGA-UCEC	0	0	1	1	cbio_mutation_tp53_kras
TCGA-AP-A0LM	TCGA-UCEC	0	1	1	1	cbio_mutation_tp53_kras
TCGA-AP-A0LN	TCGA-UCEC	0	0	1	1	cbio_mutation_tp53_kras
TCGA-AP-A0LO	TCGA-UCEC	0	0	1	1	cbio_mutation_tp53_kras
TCGA-AP-A0LP	TCGA-UCEC	0	0	1	1	cbio_mutation_tp53_kras
TCGA-AP-A0LQ	TCGA-UCEC	0	0	1	1	cbio_mutation_tp53_kras
TCGA-AP-A0LS	TCGA-UCEC	1	1	1	1	cbio_mutation_tp53_kras
TCGA-AP-A0LT	TCGA-UCEC	0	1	1	1	cbio_mutation_tp53_kras
TCGA-AP-A0LV	TCGA-UCEC	0	0	1	1	cbio_mutation_tp53_kras
TCGA-AP-A1DH	TCGA-UCEC	0	1	1	1	cbio_mutation_tp53_kras
TCGA-AP-A1DK	TCGA-UCEC	0	0	1	1	cbio_mutation_tp53_kras
TCGA-AP-A1DM	TCGA-UCEC	0	1	1	1	cbio_mutation_tp53_kras
TCGA-AP-A1DO	TCGA-UCEC	0	1	1	1	cbio_mutation_tp53_kras
TCGA-AP-A1DP	TCGA-UCEC	0	1	1	1	cbio_mutation_tp53_kras
TCGA-AP-A1DQ	TCGA-UCEC	1	0	1	1	cbio_mutation_tp53_kras
TCGA-AP-A1DR	TCGA-UCEC	0	1	1	1	cbio_mutation_tp53_kras
TCGA-AP-A1DV	TCGA-UCEC	0	1	1	1	cbio_mutation_tp53_kras
TCGA-AP-A1E0	TCGA-UCEC	0	0	1	1	cbio_mutation_tp53_kras
TCGA-AP-A1E1	TCGA-UCEC	0	0	1	1	cbio_mutation_tp53_kras
TCGA-AP-A1E3	TCGA-UCEC	0	1	1	1	cbio_mutation_tp53_kras
TCGA-AP-A1E4	TCGA-UCEC	0	1	1	1	cbio_mutation_tp53_kras
TCGA-AP-A3K1	TCGA-UCEC	0	0	1	1	cbio_mutation_tp53_kras
TCGA-AP-A5FX	TCGA-UCEC	0	0	1	1	cbio_mutation_tp53_kras
TCGA-AQ-A04H	TCGA-BRCA_IDC	1	0	1	1	cbio_mutation_tp53_kras
TCGA-AQ-A04J	TCGA-BRCA_IDC	1	0	1	1	cbio_mutation_tp53_kras
TCGA-AQ-A04L	TCGA-BRCA_IDC	0	0	1	1	cbio_mutation_tp53_kras
TCGA-AQ-A0Y5	TCGA-BRCA_IDC	0	0	1	1	cbio_mutation_tp53_kras
TCGA-AQ-A54N	TCGA-BRCA_IDC	0	0	1	1	cbio_mutation_tp53_kras
TCGA-AQ-A54O	TCGA-BRCA_IDC	0	0	1	1	cbio_mutation_tp53_kras
TCGA-AQ-A7U7	TCGA-BRCA_OTHERS	0	0	1	1	cbio_mutation_tp53_kras
TCGA-AR-A0TP	TCGA-BRCA_IDC	1	0	1	1	cbio_mutation_tp53_kras
TCGA-AR-A0TQ	TCGA-BRCA_IDC	0	0	1	1	cbio_mutation_tp53_kras
TCGA-AR-A0TR	TCGA-BRCA_IDC	0	0	1	1	cbio_mutation_tp53_kras
TCGA-AR-A0TS	TCGA-BRCA_IDC	1	0	1	1	cbio_mutation_tp53_kras
TCGA-AR-A0TT	TCGA-BRCA_IDC	0	0	1	1	cbio_mutation_tp53_kras
TCGA-AR-A0TU	TCGA-BRCA_IDC	0	0	1	1	cbio_mutation_tp53_kras
TCGA-AR-A0TV	TCGA-BRCA_IDC	1	0	1	1	cbio_mutation_tp53_kras
TCGA-AR-A0TW	TCGA-BRCA_IDC	0	0	1	1	cbio_mutation_tp53_kras
TCGA-AR-A0TX	TCGA-BRCA_IDC	1	0	1	1	cbio_mutation_tp53_kras
TCGA-AR-A0TY	TCGA-BRCA_IDC	0	0	1	1	cbio_mutation_tp53_kras
TCGA-AR-A0TZ	TCGA-BRCA_IDC	0	0	1	1	cbio_mutation_tp53_kras
TCGA-AR-A0U0	TCGA-BRCA_IDC	1	0	1	1	cbio_mutation_tp53_kras
TCGA-AR-A0U1	TCGA-BRCA_IDC	1	0	1	1	cbio_mutation_tp53_kras
TCGA-AR-A0U2	TCGA-BRCA_IDC	1	0	1	1	cbio_mutation_tp53_kras
TCGA-AR-A0U3	TCGA-BRCA_IDC	0	0	1	1	cbio_mutation_tp53_kras
TCGA-AR-A0U4	TCGA-BRCA_IDC	1	0	1	1	cbio_mutation_tp53_kras
TCGA-AR-A1AH	TCGA-BRCA_IDC	1	0	1	1	cbio_mutation_tp53_kras
TCGA-AR-A1AI	TCGA-BRCA_IDC	1	0	1	1	cbio_mutation_tp53_kras
TCGA-AR-A1AJ	TCGA-BRCA_IDC	1	0	1	1	cbio_mutation_tp53_kras
TCGA-AR-A1AK	TCGA-BRCA_OTHERS	0	0	1	1	cbio_mutation_tp53_kras
TCGA-AR-A1AL	TCGA-BRCA_OTHERS	0	1	1	1	cbio_mutation_tp53_kras
TCGA-AR-A1AM	TCGA-BRCA_OTHERS	Unknown	Unknown	0	0	cbio_mutation_tp53_kras
TCGA-AR-A1AN	TCGA-BRCA_IDC	1	0	1	1	cbio_mutation_tp53_kras
TCGA-AR-A1AO	TCGA-BRCA_IDC	0	0	1	1	cbio_mutation_tp53_kras
TCGA-AR-A1AP	TCGA-BRCA_IDC	1	0	1	1	cbio_mutation_tp53_kras
TCGA-AR-A1AQ	TCGA-BRCA_IDC	1	0	1	1	cbio_mutation_tp53_kras
TCGA-AR-A1AR	TCGA-BRCA_IDC	1	0	1	1	cbio_mutation_tp53_kras
TCGA-AR-A1AS	TCGA-BRCA_IDC	1	1	1	1	cbio_mutation_tp53_kras
TCGA-AR-A1AT	TCGA-BRCA_OTHERS	0	0	1	1	cbio_mutation_tp53_kras
TCGA-AR-A1AU	TCGA-BRCA_IDC	0	0	1	1	cbio_mutation_tp53_kras
TCGA-AR-A1AV	TCGA-BRCA_IDC	0	0	1	1	cbio_mutation_tp53_kras
TCGA-AR-A1AW	TCGA-BRCA_IDC	1	0	1	1	cbio_mutation_tp53_kras
TCGA-AR-A1AX	TCGA-BRCA_IDC	1	0	1	1	cbio_mutation_tp53_kras
TCGA-AR-A1AY	TCGA-BRCA_IDC	1	0	1	1	cbio_mutation_tp53_kras
TCGA-AR-A24H	TCGA-BRCA_OTHERS	0	0	1	1	cbio_mutation_tp53_kras
TCGA-AR-A24K	TCGA-BRCA_IDC	1	0	1	1	cbio_mutation_tp53_kras
TCGA-AR-A24L	TCGA-BRCA_IDC	0	0	1	1	cbio_mutation_tp53_kras
TCGA-AR-A24M	TCGA-BRCA_OTHERS	0	0	1	1	cbio_mutation_tp53_kras
TCGA-AR-A24N	TCGA-BRCA_IDC	0	0	1	1	cbio_mutation_tp53_kras
TCGA-AR-A24O	TCGA-BRCA_OTHERS	0	0	1	1	cbio_mutation_tp53_kras
TCGA-AR-A24P	TCGA-BRCA_IDC	1	0	1	1	cbio_mutation_tp53_kras
TCGA-AR-A24Q	TCGA-BRCA_IDC	1	0	1	1	cbio_mutation_tp53_kras
TCGA-AR-A24R	TCGA-BRCA_IDC	0	0	1	1	cbio_mutation_tp53_kras
TCGA-AR-A24S	TCGA-BRCA_IDC	1	0	1	1	cbio_mutation_tp53_kras
TCGA-AR-A24T	TCGA-BRCA_OTHERS	1	0	1	1	cbio_mutation_tp53_kras
TCGA-AR-A24U	TCGA-BRCA_IDC	1	0	1	1	cbio_mutation_tp53_kras
TCGA-AR-A24V	TCGA-BRCA_IDC	0	0	1	1	cbio_mutation_tp53_kras
TCGA-AR-A24W	TCGA-BRCA_IDC	0	0	1	1	cbio_mutation_tp53_kras
TCGA-AR-A24X	TCGA-BRCA_OTHERS	0	0	1	1	cbio_mutation_tp53_kras
TCGA-AR-A24Z	TCGA-BRCA_IDC	0	0	1	1	cbio_mutation_tp53_kras
TCGA-AR-A250	TCGA-BRCA_IDC	0	0	1	1	cbio_mutation_tp53_kras
TCGA-AR-A251	TCGA-BRCA_IDC	1	0	1	1	cbio_mutation_tp53_kras
TCGA-AR-A252	TCGA-BRCA_IDC	0	0	1	1	cbio_mutation_tp53_kras
TCGA-AR-A254	TCGA-BRCA_IDC	1	0	1	1	cbio_mutation_tp53_kras
TCGA-AR-A255	TCGA-BRCA_IDC	0	0	1	1	cbio_mutation_tp53_kras
TCGA-AR-A256	TCGA-BRCA_IDC	1	0	1	1	cbio_mutation_tp53_kras
TCGA-AR-A2LE	TCGA-BRCA_OTHERS	0	0	1	1	cbio_mutation_tp53_kras
TCGA-AR-A2LH	TCGA-BRCA_OTHERS	1	0	1	1	cbio_mutation_tp53_kras
TCGA-AR-A2LJ	TCGA-BRCA_OTHERS	0	0	1	1	cbio_mutation_tp53_kras
TCGA-AR-A2LK	TCGA-BRCA_OTHERS	0	0	1	1	cbio_mutation_tp53_kras
TCGA-AR-A2LL	TCGA-BRCA_OTHERS	Unknown	Unknown	0	0	cbio_mutation_tp53_kras
TCGA-AR-A2LM	TCGA-BRCA_OTHERS	0	0	1	1	cbio_mutation_tp53_kras
TCGA-AR-A2LN	TCGA-BRCA_OTHERS	0	0	1	1	cbio_mutation_tp53_kras
TCGA-AR-A2LO	TCGA-BRCA_OTHERS	0	0	1	1	cbio_mutation_tp53_kras
TCGA-AR-A2LQ	TCGA-BRCA_OTHERS	0	0	1	1	cbio_mutation_tp53_kras
TCGA-AR-A2LR	TCGA-BRCA_OTHERS	Unknown	Unknown	0	0	cbio_mutation_tp53_kras
TCGA-AR-A5QM	TCGA-BRCA_OTHERS	0	0	1	1	cbio_mutation_tp53_kras
TCGA-AR-A5QN	TCGA-BRCA_OTHERS	0	0	1	1	cbio_mutation_tp53_kras
TCGA-AR-A5QP	TCGA-BRCA_OTHERS	0	0	1	1	cbio_mutation_tp53_kras
TCGA-AR-A5QQ	TCGA-BRCA_OTHERS	1	0	1	1	cbio_mutation_tp53_kras
TCGA-AS-3777	TCGA-KIRC	0	0	1	1	cbio_mutation_tp53_kras
TCGA-AS-3778	TCGA-KIRC	0	0	1	1	cbio_mutation_tp53_kras
TCGA-AT-A5NU	TCGA-KIRP	0	0	1	1	cbio_mutation_tp53_kras
TCGA-AU-3779	TCGA-COAD	1	0	1	1	cbio_mutation_tp53_kras
TCGA-AU-6004	TCGA-COAD	0	0	1	1	cbio_mutation_tp53_kras
TCGA-AW-A1PO	TCGA-UCEC	1	0	1	1	cbio_mutation_tp53_kras
TCGA-AX-A05S	TCGA-UCEC	0	0	1	1	cbio_mutation_tp53_kras
TCGA-AX-A05T	TCGA-UCEC	0	0	1	1	cbio_mutation_tp53_kras
TCGA-AX-A05U	TCGA-UCEC	0	0	1	1	cbio_mutation_tp53_kras
TCGA-AX-A05W	TCGA-UCEC	0	1	1	1	cbio_mutation_tp53_kras
TCGA-AX-A05Y	TCGA-UCEC	0	0	1	1	cbio_mutation_tp53_kras
TCGA-AX-A05Z	TCGA-UCEC	0	0	1	1	cbio_mutation_tp53_kras
TCGA-AX-A060	TCGA-UCEC	1	1	1	1	cbio_mutation_tp53_kras
TCGA-AX-A062	TCGA-UCEC	0	0	1	1	cbio_mutation_tp53_kras
TCGA-AX-A063	TCGA-UCEC	0	0	1	1	cbio_mutation_tp53_kras
TCGA-AX-A064	TCGA-UCEC	0	0	1	1	cbio_mutation_tp53_kras
TCGA-AX-A06B	TCGA-UCEC	1	0	1	1	cbio_mutation_tp53_kras
TCGA-AX-A06D	TCGA-UCEC	Unknown	Unknown	0	0	cbio_mutation_tp53_kras
TCGA-AX-A06F	TCGA-UCEC	0	0	1	1	cbio_mutation_tp53_kras
TCGA-AX-A06L	TCGA-UCEC	0	0	1	1	cbio_mutation_tp53_kras
TCGA-AX-A0IU	TCGA-UCEC	1	0	1	1	cbio_mutation_tp53_kras
TCGA-AX-A0IW	TCGA-UCEC	1	0	1	1	cbio_mutation_tp53_kras
TCGA-AX-A0IZ	TCGA-UCEC	Unknown	Unknown	0	0	cbio_mutation_tp53_kras
TCGA-AX-A0J0	TCGA-UCEC	0	1	1	1	cbio_mutation_tp53_kras
TCGA-AX-A0J1	TCGA-UCEC	0	0	1	1	cbio_mutation_tp53_kras
TCGA-AX-A1C4	TCGA-UCEC	0	0	1	1	cbio_mutation_tp53_kras
TCGA-AX-A1C5	TCGA-UCEC	0	1	1	1	cbio_mutation_tp53_kras
TCGA-AX-A1C7	TCGA-UCEC	0	0	1	1	cbio_mutation_tp53_kras
TCGA-AX-A1C8	TCGA-UCEC	0	0	1	1	cbio_mutation_tp53_kras
TCGA-AX-A1C9	TCGA-UCEC	1	0	1	1	cbio_mutation_tp53_kras
TCGA-AX-A1CA	TCGA-UCEC	1	0	1	1	cbio_mutation_tp53_kras
TCGA-AX-A1CC	TCGA-UCEC	1	0	1	1	cbio_mutation_tp53_kras
TCGA-AX-A1CE	TCGA-UCEC	0	1	1	1	cbio_mutation_tp53_kras
TCGA-AX-A1CF	TCGA-UCEC	1	0	1	1	cbio_mutation_tp53_kras
TCGA-AX-A1CI	TCGA-UCEC	0	0	1	1	cbio_mutation_tp53_kras
TCGA-AX-A1CJ	TCGA-UCEC	0	0	1	1	cbio_mutation_tp53_kras
TCGA-AX-A1CK	TCGA-UCEC	0	0	1	1	cbio_mutation_tp53_kras
TCGA-AX-A1CN	TCGA-UCEC	0	0	1	1	cbio_mutation_tp53_kras
TCGA-AX-A1CP	TCGA-UCEC	Unknown	Unknown	0	0	cbio_mutation_tp53_kras
TCGA-AX-A2IN	TCGA-UCEC	1	0	1	1	cbio_mutation_tp53_kras
TCGA-AX-A2IO	TCGA-UCEC	1	0	1	1	cbio_mutation_tp53_kras
TCGA-AY-4070	TCGA-COAD	1	0	1	1	cbio_mutation_tp53_kras
TCGA-AY-4071	TCGA-COAD	1	0	1	1	cbio_mutation_tp53_kras
TCGA-AY-5543	TCGA-COAD	1	1	1	1	cbio_mutation_tp53_kras
TCGA-AY-6196	TCGA-COAD	1	0	1	1	cbio_mutation_tp53_kras
TCGA-AY-6197	TCGA-COAD	1	0	1	1	cbio_mutation_tp53_kras
TCGA-AY-6386	TCGA-COAD	0	1	1	1	cbio_mutation_tp53_kras
TCGA-AY-A54L	TCGA-COAD	1	1	1	1	cbio_mutation_tp53_kras
TCGA-AY-A69D	TCGA-COAD	0	1	1	1	cbio_mutation_tp53_kras
TCGA-AY-A71X	TCGA-COAD	0	1	1	1	cbio_mutation_tp53_kras
TCGA-AY-A8YK	TCGA-COAD	1	0	1	1	cbio_mutation_tp53_kras
TCGA-AZ-4308	TCGA-COAD	1	0	1	1	cbio_mutation_tp53_kras
TCGA-AZ-4313	TCGA-COAD	Unknown	Unknown	0	0	cbio_mutation_tp53_kras
TCGA-AZ-4315	TCGA-COAD	0	1	1	1	cbio_mutation_tp53_kras
TCGA-AZ-4614	TCGA-COAD	1	0	1	1	cbio_mutation_tp53_kras
TCGA-AZ-4615	TCGA-COAD	0	0	1	1	cbio_mutation_tp53_kras
TCGA-AZ-4616	TCGA-COAD	1	1	1	1	cbio_mutation_tp53_kras
TCGA-AZ-4681	TCGA-COAD	1	0	1	1	cbio_mutation_tp53_kras
TCGA-AZ-4682	TCGA-COAD	0	0	1	1	cbio_mutation_tp53_kras
TCGA-AZ-4684	TCGA-COAD	0	0	1	1	cbio_mutation_tp53_kras
TCGA-AZ-5403	TCGA-COAD	1	0	1	1	cbio_mutation_tp53_kras
TCGA-AZ-5407	TCGA-COAD	1	1	1	1	cbio_mutation_tp53_kras
TCGA-AZ-6598	TCGA-COAD	1	0	1	1	cbio_mutation_tp53_kras
TCGA-AZ-6599	TCGA-COAD	0	1	1	1	cbio_mutation_tp53_kras
TCGA-AZ-6600	TCGA-COAD	1	1	1	1	cbio_mutation_tp53_kras
TCGA-AZ-6601	TCGA-COAD	Unknown	Unknown	0	0	cbio_mutation_tp53_kras
TCGA-AZ-6603	TCGA-COAD	1	0	1	1	cbio_mutation_tp53_kras
TCGA-AZ-6605	TCGA-COAD	1	0	1	1	cbio_mutation_tp53_kras
TCGA-AZ-6606	TCGA-COAD	1	1	1	1	cbio_mutation_tp53_kras
TCGA-AZ-6607	TCGA-COAD	1	1	1	1	cbio_mutation_tp53_kras
TCGA-AZ-6608	TCGA-COAD	Unknown	Unknown	0	0	cbio_mutation_tp53_kras
TCGA-B0-4688	TCGA-KIRC	0	0	1	1	cbio_mutation_tp53_kras
TCGA-B0-4690	TCGA-KIRC	0	0	1	1	cbio_mutation_tp53_kras
TCGA-B0-4691	TCGA-KIRC	0	0	1	1	cbio_mutation_tp53_kras
TCGA-B0-4693	TCGA-KIRC	Unknown	Unknown	0	0	cbio_mutation_tp53_kras
TCGA-B0-4694	TCGA-KIRC	Unknown	Unknown	0	0	cbio_mutation_tp53_kras
TCGA-B0-4696	TCGA-KIRC	0	0	1	1	cbio_mutation_tp53_kras
TCGA-B0-4697	TCGA-KIRC	Unknown	Unknown	0	0	cbio_mutation_tp53_kras
TCGA-B0-4698	TCGA-KIRC	1	1	1	1	cbio_mutation_tp53_kras
TCGA-B0-4699	TCGA-KIRC	0	0	1	1	cbio_mutation_tp53_kras
TCGA-B0-4700	TCGA-KIRC	0	0	1	1	cbio_mutation_tp53_kras
TCGA-B0-4701	TCGA-KIRC	0	0	1	1	cbio_mutation_tp53_kras
TCGA-B0-4703	TCGA-KIRC	Unknown	Unknown	0	0	cbio_mutation_tp53_kras
TCGA-B0-4706	TCGA-KIRC	0	0	1	1	cbio_mutation_tp53_kras
TCGA-B0-4707	TCGA-KIRC	Unknown	Unknown	0	0	cbio_mutation_tp53_kras
TCGA-B0-4710	TCGA-KIRC	1	0	1	1	cbio_mutation_tp53_kras
TCGA-B0-4712	TCGA-KIRC	0	0	1	1	cbio_mutation_tp53_kras
TCGA-B0-4713	TCGA-KIRC	Unknown	Unknown	0	0	cbio_mutation_tp53_kras
TCGA-B0-4714	TCGA-KIRC	0	0	1	1	cbio_mutation_tp53_kras
TCGA-B0-4718	TCGA-KIRC	Unknown	Unknown	0	0	cbio_mutation_tp53_kras
TCGA-B0-4810	TCGA-KIRC	1	0	1	1	cbio_mutation_tp53_kras
TCGA-B0-4811	TCGA-KIRC	0	0	1	1	cbio_mutation_tp53_kras
TCGA-B0-4813	TCGA-KIRC	Unknown	Unknown	0	0	cbio_mutation_tp53_kras
TCGA-B0-4814	TCGA-KIRC	Unknown	Unknown	0	0	cbio_mutation_tp53_kras
TCGA-B0-4815	TCGA-KIRC	0	0	1	1	cbio_mutation_tp53_kras
TCGA-B0-4816	TCGA-KIRC	0	0	1	1	cbio_mutation_tp53_kras
TCGA-B0-4817	TCGA-KIRC	Unknown	Unknown	0	0	cbio_mutation_tp53_kras
TCGA-B0-4818	TCGA-KIRC	0	0	1	1	cbio_mutation_tp53_kras
TCGA-B0-4819	TCGA-KIRC	0	0	1	1	cbio_mutation_tp53_kras
TCGA-B0-4821	TCGA-KIRC	0	0	1	1	cbio_mutation_tp53_kras
TCGA-B0-4822	TCGA-KIRC	0	0	1	1	cbio_mutation_tp53_kras
TCGA-B0-4823	TCGA-KIRC	0	0	1	1	cbio_mutation_tp53_kras
TCGA-B0-4824	TCGA-KIRC	Unknown	Unknown	0	0	cbio_mutation_tp53_kras
TCGA-B0-4827	TCGA-KIRC	0	0	1	1	cbio_mutation_tp53_kras
TCGA-B0-4828	TCGA-KIRC	Unknown	Unknown	0	0	cbio_mutation_tp53_kras
TCGA-B0-4833	TCGA-KIRC	Unknown	Unknown	0	0	cbio_mutation_tp53_kras
TCGA-B0-4834	TCGA-KIRC	Unknown	Unknown	0	0	cbio_mutation_tp53_kras
TCGA-B0-4836	TCGA-KIRC	0	0	1	1	cbio_mutation_tp53_kras
TCGA-B0-4837	TCGA-KIRC	Unknown	Unknown	0	0	cbio_mutation_tp53_kras
TCGA-B0-4838	TCGA-KIRC	Unknown	Unknown	0	0	cbio_mutation_tp53_kras
TCGA-B0-4839	TCGA-KIRC	Unknown	Unknown	0	0	cbio_mutation_tp53_kras
TCGA-B0-4841	TCGA-KIRC	Unknown	Unknown	0	0	cbio_mutation_tp53_kras
TCGA-B0-4842	TCGA-KIRC	0	0	1	1	cbio_mutation_tp53_kras
TCGA-B0-4843	TCGA-KIRC	Unknown	Unknown	0	0	cbio_mutation_tp53_kras
TCGA-B0-4844	TCGA-KIRC	0	0	1	1	cbio_mutation_tp53_kras
TCGA-B0-4845	TCGA-KIRC	Unknown	Unknown	0	0	cbio_mutation_tp53_kras
TCGA-B0-4846	TCGA-KIRC	Unknown	Unknown	0	0	cbio_mutation_tp53_kras
TCGA-B0-4847	TCGA-KIRC	Unknown	Unknown	0	0	cbio_mutation_tp53_kras
TCGA-B0-4848	TCGA-KIRC	Unknown	Unknown	0	0	cbio_mutation_tp53_kras
TCGA-B0-4849	TCGA-KIRC	0	0	1	1	cbio_mutation_tp53_kras
TCGA-B0-4852	TCGA-KIRC	0	0	1	1	cbio_mutation_tp53_kras
TCGA-B0-4945	TCGA-KIRC	0	0	1	1	cbio_mutation_tp53_kras
TCGA-B0-5075	TCGA-KIRC	0	0	1	1	cbio_mutation_tp53_kras
TCGA-B0-5077	TCGA-KIRC	0	0	1	1	cbio_mutation_tp53_kras
TCGA-B0-5080	TCGA-KIRC	0	0	1	1	cbio_mutation_tp53_kras
TCGA-B0-5081	TCGA-KIRC	0	0	1	1	cbio_mutation_tp53_kras
TCGA-B0-5083	TCGA-KIRC	0	0	1	1	cbio_mutation_tp53_kras
TCGA-B0-5084	TCGA-KIRC	0	0	1	1	cbio_mutation_tp53_kras
TCGA-B0-5085	TCGA-KIRC	0	0	1	1	cbio_mutation_tp53_kras
TCGA-B0-5088	TCGA-KIRC	0	0	1	1	cbio_mutation_tp53_kras
TCGA-B0-5092	TCGA-KIRC	0	0	1	1	cbio_mutation_tp53_kras
TCGA-B0-5094	TCGA-KIRC	0	0	1	1	cbio_mutation_tp53_kras
TCGA-B0-5095	TCGA-KIRC	0	0	1	1	cbio_mutation_tp53_kras
TCGA-B0-5096	TCGA-KIRC	0	0	1	1	cbio_mutation_tp53_kras
TCGA-B0-5098	TCGA-KIRC	1	0	1	1	cbio_mutation_tp53_kras
TCGA-B0-5099	TCGA-KIRC	0	0	1	1	cbio_mutation_tp53_kras
TCGA-B0-5100	TCGA-KIRC	0	0	1	1	cbio_mutation_tp53_kras
TCGA-B0-5102	TCGA-KIRC	0	0	1	1	cbio_mutation_tp53_kras
TCGA-B0-5104	TCGA-KIRC	0	0	1	1	cbio_mutation_tp53_kras
TCGA-B0-5106	TCGA-KIRC	0	0	1	1	cbio_mutation_tp53_kras
TCGA-B0-5107	TCGA-KIRC	0	0	1	1	cbio_mutation_tp53_kras
TCGA-B0-5108	TCGA-KIRC	0	0	1	1	cbio_mutation_tp53_kras
TCGA-B0-5109	TCGA-KIRC	0	0	1	1	cbio_mutation_tp53_kras
TCGA-B0-5110	TCGA-KIRC	0	0	1	1	cbio_mutation_tp53_kras
TCGA-B0-5113	TCGA-KIRC	0	0	1	1	cbio_mutation_tp53_kras
TCGA-B0-5115	TCGA-KIRC	0	0	1	1	cbio_mutation_tp53_kras
TCGA-B0-5116	TCGA-KIRC	0	0	1	1	cbio_mutation_tp53_kras
TCGA-B0-5117	TCGA-KIRC	1	0	1	1	cbio_mutation_tp53_kras
TCGA-B0-5119	TCGA-KIRC	0	0	1	1	cbio_mutation_tp53_kras
TCGA-B0-5120	TCGA-KIRC	0	0	1	1	cbio_mutation_tp53_kras
TCGA-B0-5121	TCGA-KIRC	0	0	1	1	cbio_mutation_tp53_kras
TCGA-B0-5399	TCGA-KIRC	0	0	1	1	cbio_mutation_tp53_kras
TCGA-B0-5400	TCGA-KIRC	0	1	1	1	cbio_mutation_tp53_kras
TCGA-B0-5402	TCGA-KIRC	0	0	1	1	cbio_mutation_tp53_kras
TCGA-B0-5690	TCGA-KIRC	0	0	1	1	cbio_mutation_tp53_kras
TCGA-B0-5691	TCGA-KIRC	0	0	1	1	cbio_mutation_tp53_kras
TCGA-B0-5692	TCGA-KIRC	0	0	1	1	cbio_mutation_tp53_kras
TCGA-B0-5693	TCGA-KIRC	0	0	1	1	cbio_mutation_tp53_kras
TCGA-B0-5694	TCGA-KIRC	0	0	1	1	cbio_mutation_tp53_kras
TCGA-B0-5695	TCGA-KIRC	0	0	1	1	cbio_mutation_tp53_kras
TCGA-B0-5696	TCGA-KIRC	0	0	1	1	cbio_mutation_tp53_kras
TCGA-B0-5697	TCGA-KIRC	0	0	1	1	cbio_mutation_tp53_kras
TCGA-B0-5698	TCGA-KIRC	0	0	1	1	cbio_mutation_tp53_kras
TCGA-B0-5699	TCGA-KIRC	0	0	1	1	cbio_mutation_tp53_kras
TCGA-B0-5700	TCGA-KIRC	Unknown	Unknown	0	0	cbio_mutation_tp53_kras
TCGA-B0-5702	TCGA-KIRC	0	0	1	1	cbio_mutation_tp53_kras
TCGA-B0-5703	TCGA-KIRC	0	0	1	1	cbio_mutation_tp53_kras
TCGA-B0-5705	TCGA-KIRC	0	0	1	1	cbio_mutation_tp53_kras
TCGA-B0-5706	TCGA-KIRC	0	0	1	1	cbio_mutation_tp53_kras
TCGA-B0-5707	TCGA-KIRC	0	0	1	1	cbio_mutation_tp53_kras
TCGA-B0-5709	TCGA-KIRC	0	0	1	1	cbio_mutation_tp53_kras
TCGA-B0-5710	TCGA-KIRC	0	0	1	1	cbio_mutation_tp53_kras
TCGA-B0-5711	TCGA-KIRC	0	0	1	1	cbio_mutation_tp53_kras
TCGA-B0-5712	TCGA-KIRC	0	0	1	1	cbio_mutation_tp53_kras
TCGA-B0-5713	TCGA-KIRC	0	0	1	1	cbio_mutation_tp53_kras
TCGA-B0-5812	TCGA-KIRC	0	0	1	1	cbio_mutation_tp53_kras
TCGA-B1-7332	TCGA-KIRP	0	0	1	1	cbio_mutation_tp53_kras
TCGA-B1-A47M	TCGA-KIRP	0	0	1	1	cbio_mutation_tp53_kras
TCGA-B1-A47N	TCGA-KIRP	0	0	1	1	cbio_mutation_tp53_kras
TCGA-B1-A47O	TCGA-KIRP	Unknown	Unknown	0	0	cbio_mutation_tp53_kras
TCGA-B2-3923	TCGA-KIRC	0	0	1	1	cbio_mutation_tp53_kras
TCGA-B2-3924	TCGA-KIRC	0	0	1	1	cbio_mutation_tp53_kras
TCGA-B2-4098	TCGA-KIRC	0	0	1	1	cbio_mutation_tp53_kras
TCGA-B2-4099	TCGA-KIRC	0	0	1	1	cbio_mutation_tp53_kras
TCGA-B2-4101	TCGA-KIRC	0	0	1	1	cbio_mutation_tp53_kras
TCGA-B2-4102	TCGA-KIRC	0	0	1	1	cbio_mutation_tp53_kras
TCGA-B2-5633	TCGA-KIRC	0	0	1	1	cbio_mutation_tp53_kras
TCGA-B2-5635	TCGA-KIRC	0	0	1	1	cbio_mutation_tp53_kras
TCGA-B2-5636	TCGA-KIRC	Unknown	Unknown	0	0	cbio_mutation_tp53_kras
TCGA-B2-5639	TCGA-KIRC	0	0	1	1	cbio_mutation_tp53_kras
TCGA-B2-5641	TCGA-KIRC	0	0	1	1	cbio_mutation_tp53_kras
TCGA-B2-A4SR	TCGA-KIRC	0	0	1	1	cbio_mutation_tp53_kras
TCGA-B3-3925	TCGA-KIRP	0	0	1	1	cbio_mutation_tp53_kras
TCGA-B3-3926	TCGA-KIRP	0	0	1	1	cbio_mutation_tp53_kras
TCGA-B3-4103	TCGA-KIRP	0	0	1	1	cbio_mutation_tp53_kras
TCGA-B3-4104	TCGA-KIRP	1	0	1	1	cbio_mutation_tp53_kras
TCGA-B3-8121	TCGA-KIRP	0	0	1	1	cbio_mutation_tp53_kras
TCGA-B3-A6W5	TCGA-KIRP	0	0	1	1	cbio_mutation_tp53_kras
TCGA-B4-5377	TCGA-KIRC	0	0	1	1	cbio_mutation_tp53_kras
TCGA-B4-5378	TCGA-KIRC	Unknown	Unknown	0	0	cbio_mutation_tp53_kras
TCGA-B4-5832	TCGA-KIRC	0	0	1	1	cbio_mutation_tp53_kras
TCGA-B4-5834	TCGA-KIRC	0	0	1	1	cbio_mutation_tp53_kras
TCGA-B4-5835	TCGA-KIRC	0	0	1	1	cbio_mutation_tp53_kras
TCGA-B4-5836	TCGA-KIRC	0	0	1	1	cbio_mutation_tp53_kras
TCGA-B4-5838	TCGA-KIRC	0	0	1	1	cbio_mutation_tp53_kras
TCGA-B4-5843	TCGA-KIRC	0	0	1	1	cbio_mutation_tp53_kras
TCGA-B4-5844	TCGA-KIRC	0	0	1	1	cbio_mutation_tp53_kras
TCGA-B5-A0JN	TCGA-UCEC	1	0	1	1	cbio_mutation_tp53_kras
TCGA-B5-A0JR	TCGA-UCEC	0	0	1	1	cbio_mutation_tp53_kras
TCGA-B5-A0JS	TCGA-UCEC	0	1	1	1	cbio_mutation_tp53_kras
TCGA-B5-A0JT	TCGA-UCEC	0	0	1	1	cbio_mutation_tp53_kras
TCGA-B5-A0JU	TCGA-UCEC	1	1	1	1	cbio_mutation_tp53_kras
TCGA-B5-A0JV	TCGA-UCEC	0	1	1	1	cbio_mutation_tp53_kras
TCGA-B5-A0JX	TCGA-UCEC	0	0	1	1	cbio_mutation_tp53_kras
TCGA-B5-A0JY	TCGA-UCEC	0	0	1	1	cbio_mutation_tp53_kras
TCGA-B5-A0JZ	TCGA-UCEC	0	0	1	1	cbio_mutation_tp53_kras
TCGA-B5-A0K0	TCGA-UCEC	0	0	1	1	cbio_mutation_tp53_kras
TCGA-B5-A0K1	TCGA-UCEC	0	0	1	1	cbio_mutation_tp53_kras
TCGA-B5-A0K2	TCGA-UCEC	0	0	1	1	cbio_mutation_tp53_kras
TCGA-B5-A0K3	TCGA-UCEC	1	1	1	1	cbio_mutation_tp53_kras
TCGA-B5-A0K4	TCGA-UCEC	0	0	1	1	cbio_mutation_tp53_kras
TCGA-B5-A0K6	TCGA-UCEC	0	1	1	1	cbio_mutation_tp53_kras
TCGA-B5-A0K7	TCGA-UCEC	0	0	1	1	cbio_mutation_tp53_kras
TCGA-B5-A0K8	TCGA-UCEC	1	0	1	1	cbio_mutation_tp53_kras
TCGA-B5-A0K9	TCGA-UCEC	0	0	1	1	cbio_mutation_tp53_kras
TCGA-B5-A0KB	TCGA-UCEC	Unknown	Unknown	0	0	cbio_mutation_tp53_kras
TCGA-B5-A11E	TCGA-UCEC	1	1	1	1	cbio_mutation_tp53_kras
TCGA-B5-A11F	TCGA-UCEC	0	0	1	1	cbio_mutation_tp53_kras
TCGA-B5-A11G	TCGA-UCEC	0	0	1	1	cbio_mutation_tp53_kras
TCGA-B5-A11H	TCGA-UCEC	0	0	1	1	cbio_mutation_tp53_kras
TCGA-B5-A11I	TCGA-UCEC	1	0	1	1	cbio_mutation_tp53_kras
TCGA-B5-A11J	TCGA-UCEC	1	1	1	1	cbio_mutation_tp53_kras
TCGA-B5-A11L	TCGA-UCEC	0	1	1	1	cbio_mutation_tp53_kras
TCGA-B5-A11M	TCGA-UCEC	0	1	1	1	cbio_mutation_tp53_kras
TCGA-B5-A11N	TCGA-UCEC	1	1	1	1	cbio_mutation_tp53_kras
TCGA-B5-A11O	TCGA-UCEC	0	1	1	1	cbio_mutation_tp53_kras
TCGA-B5-A11P	TCGA-UCEC	0	0	1	1	cbio_mutation_tp53_kras
TCGA-B5-A11Q	TCGA-UCEC	0	0	1	1	cbio_mutation_tp53_kras
TCGA-B5-A11R	TCGA-UCEC	0	0	1	1	cbio_mutation_tp53_kras
TCGA-B5-A11S	TCGA-UCEC	0	0	1	1	cbio_mutation_tp53_kras
TCGA-B5-A11U	TCGA-UCEC	0	0	1	1	cbio_mutation_tp53_kras
TCGA-B5-A11V	TCGA-UCEC	0	0	1	1	cbio_mutation_tp53_kras
TCGA-B5-A11W	TCGA-UCEC	0	1	1	1	cbio_mutation_tp53_kras
TCGA-B5-A11X	TCGA-UCEC	0	0	1	1	cbio_mutation_tp53_kras
TCGA-B5-A11Y	TCGA-UCEC	0	0	1	1	cbio_mutation_tp53_kras
TCGA-B5-A11Z	TCGA-UCEC	0	0	1	1	cbio_mutation_tp53_kras
TCGA-B5-A121	TCGA-UCEC	0	0	1	1	cbio_mutation_tp53_kras
TCGA-B5-A1MR	TCGA-UCEC	0	0	1	1	cbio_mutation_tp53_kras
TCGA-B5-A1MS	TCGA-UCEC	1	0	1	1	cbio_mutation_tp53_kras
TCGA-B5-A1MU	TCGA-UCEC	1	0	1	1	cbio_mutation_tp53_kras
TCGA-B5-A1MV	TCGA-UCEC	0	0	1	1	cbio_mutation_tp53_kras
TCGA-B5-A1MW	TCGA-UCEC	0	0	1	1	cbio_mutation_tp53_kras
TCGA-B5-A1MX	TCGA-UCEC	0	0	1	1	cbio_mutation_tp53_kras
TCGA-B5-A1MY	TCGA-UCEC	0	0	1	1	cbio_mutation_tp53_kras
TCGA-B5-A1MZ	TCGA-UCEC	0	0	1	1	cbio_mutation_tp53_kras
TCGA-B5-A1N2	TCGA-UCEC	1	0	1	1	cbio_mutation_tp53_kras
TCGA-B5-A3F9	TCGA-UCEC	0	1	1	1	cbio_mutation_tp53_kras
TCGA-B5-A3FA	TCGA-UCEC	1	1	1	1	cbio_mutation_tp53_kras
TCGA-B5-A3FB	TCGA-UCEC	0	0	1	1	cbio_mutation_tp53_kras
TCGA-B5-A3FC	TCGA-UCEC	1	0	1	1	cbio_mutation_tp53_kras
TCGA-B5-A3FD	TCGA-UCEC	1	0	1	1	cbio_mutation_tp53_kras
TCGA-B5-A3FH	TCGA-UCEC	0	0	1	1	cbio_mutation_tp53_kras
TCGA-B5-A3S1	TCGA-UCEC	1	0	1	1	cbio_mutation_tp53_kras
TCGA-B5-A5OC	TCGA-UCEC	0	1	1	1	cbio_mutation_tp53_kras
TCGA-B5-A5OD	TCGA-UCEC	1	0	1	1	cbio_mutation_tp53_kras
TCGA-B5-A5OE	TCGA-UCEC	1	0	1	1	cbio_mutation_tp53_kras
TCGA-B6-A0I1	TCGA-BRCA_IDC	1	0	1	1	cbio_mutation_tp53_kras
TCGA-B6-A0I2	TCGA-BRCA_IDC	1	0	1	1	cbio_mutation_tp53_kras
TCGA-B6-A0I5	TCGA-BRCA_IDC	0	0	1	1	cbio_mutation_tp53_kras
TCGA-B6-A0I6	TCGA-BRCA_IDC	0	0	1	1	cbio_mutation_tp53_kras
TCGA-B6-A0I8	TCGA-BRCA_IDC	0	0	1	1	cbio_mutation_tp53_kras
TCGA-B6-A0I9	TCGA-BRCA_IDC	1	0	1	1	cbio_mutation_tp53_kras
TCGA-B6-A0IA	TCGA-BRCA_IDC	0	0	1	1	cbio_mutation_tp53_kras
TCGA-B6-A0IB	TCGA-BRCA_IDC	0	0	1	1	cbio_mutation_tp53_kras
TCGA-B6-A0IC	TCGA-BRCA_IDC	0	0	1	1	cbio_mutation_tp53_kras
TCGA-B6-A0IE	TCGA-BRCA_OTHERS	1	0	1	1	cbio_mutation_tp53_kras
TCGA-B6-A0IG	TCGA-BRCA_IDC	0	0	1	1	cbio_mutation_tp53_kras
TCGA-B6-A0IH	TCGA-BRCA_OTHERS	0	0	1	1	cbio_mutation_tp53_kras
TCGA-B6-A0IJ	TCGA-BRCA_IDC	1	0	1	1	cbio_mutation_tp53_kras
TCGA-B6-A0IK	TCGA-BRCA_IDC	1	0	1	1	cbio_mutation_tp53_kras
TCGA-B6-A0IM	TCGA-BRCA_IDC	0	0	1	1	cbio_mutation_tp53_kras
TCGA-B6-A0IN	TCGA-BRCA_IDC	0	0	1	1	cbio_mutation_tp53_kras
TCGA-B6-A0IO	TCGA-BRCA_IDC	0	0	1	1	cbio_mutation_tp53_kras
TCGA-B6-A0IP	TCGA-BRCA_OTHERS	0	0	1	1	cbio_mutation_tp53_kras
TCGA-B6-A0IQ	TCGA-BRCA_IDC	1	0	1	1	cbio_mutation_tp53_kras
TCGA-B6-A0RE	TCGA-BRCA_IDC	1	0	1	1	cbio_mutation_tp53_kras
TCGA-B6-A0RG	TCGA-BRCA_IDC	0	0	1	1	cbio_mutation_tp53_kras
TCGA-B6-A0RH	TCGA-BRCA_IDC	1	0	1	1	cbio_mutation_tp53_kras
TCGA-B6-A0RI	TCGA-BRCA_IDC	0	0	1	1	cbio_mutation_tp53_kras
TCGA-B6-A0RL	TCGA-BRCA_IDC	0	0	1	1	cbio_mutation_tp53_kras
TCGA-B6-A0RM	TCGA-BRCA_IDC	0	0	1	1	cbio_mutation_tp53_kras
TCGA-B6-A0RN	TCGA-BRCA_IDC	0	0	1	1	cbio_mutation_tp53_kras
TCGA-B6-A0RO	TCGA-BRCA_IDC	0	0	1	1	cbio_mutation_tp53_kras
TCGA-B6-A0RP	TCGA-BRCA_OTHERS	0	0	1	1	cbio_mutation_tp53_kras
TCGA-B6-A0RQ	TCGA-BRCA_OTHERS	0	0	1	1	cbio_mutation_tp53_kras
TCGA-B6-A0RS	TCGA-BRCA_IDC	1	0	1	1	cbio_mutation_tp53_kras
TCGA-B6-A0RT	TCGA-BRCA_IDC	0	0	1	1	cbio_mutation_tp53_kras
TCGA-B6-A0RU	TCGA-BRCA_IDC	1	0	1	1	cbio_mutation_tp53_kras
TCGA-B6-A0RV	TCGA-BRCA_OTHERS	0	0	1	1	cbio_mutation_tp53_kras
TCGA-B6-A0WS	TCGA-BRCA_IDC	0	0	1	1	cbio_mutation_tp53_kras
TCGA-B6-A0WT	TCGA-BRCA_IDC	0	0	1	1	cbio_mutation_tp53_kras
TCGA-B6-A0WV	TCGA-BRCA_IDC	0	0	1	1	cbio_mutation_tp53_kras
TCGA-B6-A0WW	TCGA-BRCA_IDC	0	0	1	1	cbio_mutation_tp53_kras
TCGA-B6-A0WX	TCGA-BRCA_OTHERS	1	0	1	1	cbio_mutation_tp53_kras
TCGA-B6-A0WY	TCGA-BRCA_IDC	0	0	1	1	cbio_mutation_tp53_kras
TCGA-B6-A0WZ	TCGA-BRCA_IDC	0	0	1	1	cbio_mutation_tp53_kras
TCGA-B6-A0X0	TCGA-BRCA_OTHERS	0	0	1	1	cbio_mutation_tp53_kras
TCGA-B6-A0X1	TCGA-BRCA_IDC	1	0	1	1	cbio_mutation_tp53_kras
TCGA-B6-A0X4	TCGA-BRCA_IDC	0	0	1	1	cbio_mutation_tp53_kras
TCGA-B6-A0X5	TCGA-BRCA_IDC	0	0	1	1	cbio_mutation_tp53_kras
TCGA-B6-A0X7	TCGA-BRCA_IDC	0	0	1	1	cbio_mutation_tp53_kras
TCGA-B6-A1KC	TCGA-BRCA_IDC	0	0	1	1	cbio_mutation_tp53_kras
TCGA-B6-A1KF	TCGA-BRCA_IDC	1	0	1	1	cbio_mutation_tp53_kras
TCGA-B6-A1KI	TCGA-BRCA_IDC	0	0	1	1	cbio_mutation_tp53_kras
TCGA-B6-A1KN	TCGA-BRCA_IDC	1	0	1	1	cbio_mutation_tp53_kras
TCGA-B6-A2IU	TCGA-BRCA_OTHERS	0	0	1	1	cbio_mutation_tp53_kras
TCGA-B7-5816	TCGA-STAD	0	0	1	1	cbio_mutation_tp53_kras
TCGA-B8-4143	TCGA-KIRC	0	0	1	1	cbio_mutation_tp53_kras
TCGA-B8-4146	TCGA-KIRC	0	0	1	1	cbio_mutation_tp53_kras
TCGA-B8-4148	TCGA-KIRC	0	0	1	1	cbio_mutation_tp53_kras
TCGA-B8-4151	TCGA-KIRC	0	0	1	1	cbio_mutation_tp53_kras
TCGA-B8-4153	TCGA-KIRC	0	0	1	1	cbio_mutation_tp53_kras
TCGA-B8-4154	TCGA-KIRC	0	0	1	1	cbio_mutation_tp53_kras
TCGA-B8-4619	TCGA-KIRC	0	0	1	1	cbio_mutation_tp53_kras
TCGA-B8-4620	TCGA-KIRC	0	0	1	1	cbio_mutation_tp53_kras
TCGA-B8-4621	TCGA-KIRC	0	0	1	1	cbio_mutation_tp53_kras
TCGA-B8-4622	TCGA-KIRC	Unknown	Unknown	0	0	cbio_mutation_tp53_kras
TCGA-B8-5158	TCGA-KIRC	0	0	1	1	cbio_mutation_tp53_kras
TCGA-B8-5159	TCGA-KIRC	0	0	1	1	cbio_mutation_tp53_kras
TCGA-B8-5162	TCGA-KIRC	0	0	1	1	cbio_mutation_tp53_kras
TCGA-B8-5163	TCGA-KIRC	0	0	1	1	cbio_mutation_tp53_kras
TCGA-B8-5164	TCGA-KIRC	0	0	1	1	cbio_mutation_tp53_kras
TCGA-B8-5165	TCGA-KIRC	0	0	1	1	cbio_mutation_tp53_kras
TCGA-B8-5545	TCGA-KIRC	0	0	1	1	cbio_mutation_tp53_kras
TCGA-B8-5546	TCGA-KIRC	0	0	1	1	cbio_mutation_tp53_kras
TCGA-B8-5549	TCGA-KIRC	0	0	1	1	cbio_mutation_tp53_kras
TCGA-B8-5550	TCGA-KIRC	0	0	1	1	cbio_mutation_tp53_kras
TCGA-B8-5551	TCGA-KIRC	0	0	1	1	cbio_mutation_tp53_kras
TCGA-B8-5552	TCGA-KIRC	0	0	1	1	cbio_mutation_tp53_kras
TCGA-B8-5553	TCGA-KIRC	0	0	1	1	cbio_mutation_tp53_kras
TCGA-B8-A54D	TCGA-KIRC	0	0	1	1	cbio_mutation_tp53_kras
TCGA-B8-A54E	TCGA-KIRC	0	0	1	1	cbio_mutation_tp53_kras
TCGA-B8-A54F	TCGA-KIRC	0	0	1	1	cbio_mutation_tp53_kras
TCGA-B8-A54G	TCGA-KIRC	0	0	1	1	cbio_mutation_tp53_kras
TCGA-B8-A54H	TCGA-KIRC	0	0	1	1	cbio_mutation_tp53_kras
TCGA-B8-A54I	TCGA-KIRC	0	0	1	1	cbio_mutation_tp53_kras
TCGA-B8-A54J	TCGA-KIRC	0	0	1	1	cbio_mutation_tp53_kras
TCGA-B8-A54K	TCGA-KIRC	Unknown	Unknown	0	0	cbio_mutation_tp53_kras
TCGA-B8-A7U6	TCGA-KIRC	0	0	1	1	cbio_mutation_tp53_kras
TCGA-B8-A8YJ	TCGA-KIRC	0	0	1	1	cbio_mutation_tp53_kras
TCGA-B9-4113	TCGA-KIRP	0	0	1	1	cbio_mutation_tp53_kras
TCGA-B9-4114	TCGA-KIRP	0	0	1	1	cbio_mutation_tp53_kras
TCGA-B9-4115	TCGA-KIRP	0	0	1	1	cbio_mutation_tp53_kras
TCGA-B9-4116	TCGA-KIRP	0	0	1	1	cbio_mutation_tp53_kras
TCGA-B9-4117	TCGA-KIRP	0	0	1	1	cbio_mutation_tp53_kras
TCGA-B9-4617	TCGA-KIRP	0	0	1	1	cbio_mutation_tp53_kras
TCGA-B9-5155	TCGA-KIRP	0	0	1	1	cbio_mutation_tp53_kras
TCGA-B9-5156	TCGA-KIRP	0	0	1	1	cbio_mutation_tp53_kras
TCGA-B9-7268	TCGA-KIRP	0	0	1	1	cbio_mutation_tp53_kras
TCGA-B9-A44B	TCGA-KIRP	0	0	1	1	cbio_mutation_tp53_kras
TCGA-B9-A5W7	TCGA-KIRP	0	0	1	1	cbio_mutation_tp53_kras
TCGA-B9-A5W8	TCGA-KIRP	0	0	1	1	cbio_mutation_tp53_kras
TCGA-B9-A5W9	TCGA-KIRP	0	0	1	1	cbio_mutation_tp53_kras
TCGA-B9-A69E	TCGA-KIRP	0	0	1	1	cbio_mutation_tp53_kras
TCGA-B9-A8YH	TCGA-KIRP	0	0	1	1	cbio_mutation_tp53_kras
TCGA-B9-A8YI	TCGA-KIRP	0	0	1	1	cbio_mutation_tp53_kras
TCGA-BA-4074	TCGA-HNSC	1	0	1	1	cbio_mutation_tp53_kras
TCGA-BA-4075	TCGA-HNSC	Unknown	Unknown	0	0	cbio_mutation_tp53_kras
TCGA-BA-4076	TCGA-HNSC	1	0	1	1	cbio_mutation_tp53_kras
TCGA-BA-4077	TCGA-HNSC	Unknown	Unknown	0	0	cbio_mutation_tp53_kras
TCGA-BA-4078	TCGA-HNSC	1	0	1	1	cbio_mutation_tp53_kras
TCGA-BA-5149	TCGA-HNSC	0	0	1	1	cbio_mutation_tp53_kras
TCGA-BA-5151	TCGA-HNSC	1	0	1	1	cbio_mutation_tp53_kras
TCGA-BA-5152	TCGA-HNSC	1	0	1	1	cbio_mutation_tp53_kras
TCGA-BA-5153	TCGA-HNSC	0	0	1	1	cbio_mutation_tp53_kras
TCGA-BA-5555	TCGA-HNSC	1	0	1	1	cbio_mutation_tp53_kras
TCGA-BA-5556	TCGA-HNSC	0	0	1	1	cbio_mutation_tp53_kras
TCGA-BA-5557	TCGA-HNSC	1	0	1	1	cbio_mutation_tp53_kras
TCGA-BA-5558	TCGA-HNSC	1	0	1	1	cbio_mutation_tp53_kras
TCGA-BA-5559	TCGA-HNSC	0	0	1	1	cbio_mutation_tp53_kras
TCGA-BA-6868	TCGA-HNSC	1	0	1	1	cbio_mutation_tp53_kras
TCGA-BA-6869	TCGA-HNSC	1	0	1	1	cbio_mutation_tp53_kras
TCGA-BA-6870	TCGA-HNSC	1	0	1	1	cbio_mutation_tp53_kras
TCGA-BA-6871	TCGA-HNSC	0	0	1	1	cbio_mutation_tp53_kras
TCGA-BA-6872	TCGA-HNSC	1	0	1	1	cbio_mutation_tp53_kras
TCGA-BA-6873	TCGA-HNSC	1	0	1	1	cbio_mutation_tp53_kras
TCGA-BA-7269	TCGA-HNSC	1	0	1	1	cbio_mutation_tp53_kras
TCGA-BA-A6D8	TCGA-HNSC	1	0	1	1	cbio_mutation_tp53_kras
TCGA-BA-A6DA	TCGA-HNSC	1	0	1	1	cbio_mutation_tp53_kras
TCGA-BA-A6DB	TCGA-HNSC	1	0	1	1	cbio_mutation_tp53_kras
TCGA-BA-A6DD	TCGA-HNSC	1	0	1	1	cbio_mutation_tp53_kras
TCGA-BA-A6DE	TCGA-HNSC	1	0	1	1	cbio_mutation_tp53_kras
TCGA-BA-A6DF	TCGA-HNSC	0	0	1	1	cbio_mutation_tp53_kras
TCGA-BA-A6DG	TCGA-HNSC	1	0	1	1	cbio_mutation_tp53_kras
TCGA-BA-A6DI	TCGA-HNSC	1	0	1	1	cbio_mutation_tp53_kras
TCGA-BA-A6DJ	TCGA-HNSC	0	0	1	1	cbio_mutation_tp53_kras
TCGA-BA-A6DL	TCGA-HNSC	1	0	1	1	cbio_mutation_tp53_kras
TCGA-BA-A8YP	TCGA-HNSC	1	0	1	1	cbio_mutation_tp53_kras
TCGA-BB-4217	TCGA-HNSC	0	0	1	1	cbio_mutation_tp53_kras
TCGA-BB-4223	TCGA-HNSC	0	0	1	1	cbio_mutation_tp53_kras
TCGA-BB-4224	TCGA-HNSC	1	0	1	1	cbio_mutation_tp53_kras
TCGA-BB-4225	TCGA-HNSC	0	0	1	1	cbio_mutation_tp53_kras
TCGA-BB-4227	TCGA-HNSC	1	0	1	1	cbio_mutation_tp53_kras
TCGA-BB-4228	TCGA-HNSC	0	0	1	1	cbio_mutation_tp53_kras
TCGA-BB-7861	TCGA-HNSC	0	0	1	1	cbio_mutation_tp53_kras
TCGA-BB-7862	TCGA-HNSC	Unknown	Unknown	0	0	cbio_mutation_tp53_kras
TCGA-BB-7863	TCGA-HNSC	Unknown	Unknown	0	0	cbio_mutation_tp53_kras
TCGA-BB-7864	TCGA-HNSC	Unknown	Unknown	0	0	cbio_mutation_tp53_kras
TCGA-BB-7866	TCGA-HNSC	0	0	1	1	cbio_mutation_tp53_kras
TCGA-BB-7870	TCGA-HNSC	1	0	1	1	cbio_mutation_tp53_kras
TCGA-BB-7871	TCGA-HNSC	0	0	1	1	cbio_mutation_tp53_kras
TCGA-BB-7872	TCGA-HNSC	0	0	1	1	cbio_mutation_tp53_kras
TCGA-BB-8596	TCGA-HNSC	0	0	1	1	cbio_mutation_tp53_kras
TCGA-BB-8601	TCGA-HNSC	1	0	1	1	cbio_mutation_tp53_kras
TCGA-BB-A5HU	TCGA-HNSC	1	0	1	1	cbio_mutation_tp53_kras
TCGA-BB-A5HY	TCGA-HNSC	1	0	1	1	cbio_mutation_tp53_kras
TCGA-BB-A5HZ	TCGA-HNSC	1	0	1	1	cbio_mutation_tp53_kras
TCGA-BB-A6UM	TCGA-HNSC	0	0	1	1	cbio_mutation_tp53_kras
TCGA-BB-A6UO	TCGA-HNSC	1	0	1	1	cbio_mutation_tp53_kras
TCGA-BC-4072	TCGA-LIHC	0	0	1	1	cbio_mutation_tp53_kras
TCGA-BC-4073	TCGA-LIHC	0	0	1	1	cbio_mutation_tp53_kras
TCGA-BC-A10Q	TCGA-LIHC	0	0	1	1	cbio_mutation_tp53_kras
TCGA-BC-A10R	TCGA-LIHC	1	0	1	1	cbio_mutation_tp53_kras
TCGA-BC-A10S	TCGA-LIHC	Unknown	Unknown	0	0	cbio_mutation_tp53_kras
TCGA-BC-A10T	TCGA-LIHC	0	0	1	1	cbio_mutation_tp53_kras
TCGA-BC-A10U	TCGA-LIHC	1	0	1	1	cbio_mutation_tp53_kras
TCGA-BC-A10W	TCGA-LIHC	0	0	1	1	cbio_mutation_tp53_kras
TCGA-BC-A10X	TCGA-LIHC	0	0	1	1	cbio_mutation_tp53_kras
TCGA-BC-A10Y	TCGA-LIHC	0	0	1	1	cbio_mutation_tp53_kras
TCGA-BC-A10Z	TCGA-LIHC	0	0	1	1	cbio_mutation_tp53_kras
TCGA-BC-A110	TCGA-LIHC	Unknown	Unknown	0	0	cbio_mutation_tp53_kras
TCGA-BC-A112	TCGA-LIHC	0	0	1	1	cbio_mutation_tp53_kras
TCGA-BC-A216	TCGA-LIHC	1	0	1	1	cbio_mutation_tp53_kras
TCGA-BC-A217	TCGA-LIHC	1	0	1	1	cbio_mutation_tp53_kras
TCGA-BC-A3KF	TCGA-LIHC	0	0	1	1	cbio_mutation_tp53_kras
TCGA-BC-A3KG	TCGA-LIHC	0	0	1	1	cbio_mutation_tp53_kras
TCGA-BC-A5W4	TCGA-LIHC	1	0	1	1	cbio_mutation_tp53_kras
TCGA-BC-A69H	TCGA-LIHC	1	0	1	1	cbio_mutation_tp53_kras
TCGA-BC-A69I	TCGA-LIHC	Unknown	Unknown	0	0	cbio_mutation_tp53_kras
TCGA-BC-A8YO	TCGA-LIHC	1	0	1	1	cbio_mutation_tp53_kras
TCGA-BF-A1PU	TCGA-SKCM	0	0	1	1	cbio_mutation_tp53_kras
TCGA-BF-A1PV	TCGA-SKCM	0	0	1	1	cbio_mutation_tp53_kras
TCGA-BF-A1PZ	TCGA-SKCM	0	0	1	1	cbio_mutation_tp53_kras
TCGA-BF-A3DJ	TCGA-SKCM	0	0	1	1	cbio_mutation_tp53_kras
TCGA-BF-A3DL	TCGA-SKCM	1	0	1	1	cbio_mutation_tp53_kras
TCGA-BF-A3DM	TCGA-SKCM	0	0	1	1	cbio_mutation_tp53_kras
TCGA-BF-A3DN	TCGA-SKCM	0	0	1	1	cbio_mutation_tp53_kras
TCGA-BF-A5EO	TCGA-SKCM	0	0	1	1	cbio_mutation_tp53_kras
TCGA-BF-A5EP	TCGA-SKCM	0	0	1	1	cbio_mutation_tp53_kras
TCGA-BF-A5EQ	TCGA-SKCM	0	0	1	1	cbio_mutation_tp53_kras
TCGA-BF-A9VF	TCGA-SKCM	Unknown	Unknown	0	0	cbio_mutation_tp53_kras
TCGA-BF-AAOU	TCGA-SKCM	Unknown	Unknown	0	0	cbio_mutation_tp53_kras
TCGA-BF-AAOX	TCGA-SKCM	Unknown	Unknown	0	0	cbio_mutation_tp53_kras
TCGA-BF-AAP0	TCGA-SKCM	Unknown	Unknown	0	0	cbio_mutation_tp53_kras
TCGA-BF-AAP1	TCGA-SKCM	Unknown	Unknown	0	0	cbio_mutation_tp53_kras
TCGA-BF-AAP2	TCGA-SKCM	Unknown	Unknown	0	0	cbio_mutation_tp53_kras
TCGA-BF-AAP4	TCGA-SKCM	Unknown	Unknown	0	0	cbio_mutation_tp53_kras
TCGA-BF-AAP6	TCGA-SKCM	Unknown	Unknown	0	0	cbio_mutation_tp53_kras
TCGA-BF-AAP7	TCGA-SKCM	Unknown	Unknown	0	0	cbio_mutation_tp53_kras
TCGA-BG-A0LW	TCGA-UCEC	0	0	1	1	cbio_mutation_tp53_kras
TCGA-BG-A0LX	TCGA-UCEC	0	0	1	1	cbio_mutation_tp53_kras
TCGA-BG-A0M0	TCGA-UCEC	0	0	1	1	cbio_mutation_tp53_kras
TCGA-BG-A0M2	TCGA-UCEC	0	0	1	1	cbio_mutation_tp53_kras
TCGA-BG-A0M3	TCGA-UCEC	0	0	1	1	cbio_mutation_tp53_kras
TCGA-BG-A0M4	TCGA-UCEC	0	0	1	1	cbio_mutation_tp53_kras
TCGA-BG-A0M6	TCGA-UCEC	1	0	1	1	cbio_mutation_tp53_kras
TCGA-BG-A0M7	TCGA-UCEC	1	0	1	1	cbio_mutation_tp53_kras
TCGA-BG-A0M8	TCGA-UCEC	Unknown	Unknown	0	0	cbio_mutation_tp53_kras
TCGA-BG-A0M9	TCGA-UCEC	0	1	1	1	cbio_mutation_tp53_kras
TCGA-BG-A0MA	TCGA-UCEC	0	0	1	1	cbio_mutation_tp53_kras
TCGA-BG-A0MC	TCGA-UCEC	0	1	1	1	cbio_mutation_tp53_kras
TCGA-BG-A0MG	TCGA-UCEC	0	0	1	1	cbio_mutation_tp53_kras
TCGA-BG-A0MH	TCGA-UCEC	Unknown	Unknown	0	0	cbio_mutation_tp53_kras
TCGA-BG-A0MI	TCGA-UCEC	0	0	1	1	cbio_mutation_tp53_kras
TCGA-BG-A0MO	TCGA-UCEC	0	0	1	1	cbio_mutation_tp53_kras
TCGA-BG-A0MQ	TCGA-UCEC	0	0	1	1	cbio_mutation_tp53_kras
TCGA-BG-A0MS	TCGA-UCEC	Unknown	Unknown	0	0	cbio_mutation_tp53_kras
TCGA-BG-A0MT	TCGA-UCEC	0	0	1	1	cbio_mutation_tp53_kras
TCGA-BG-A0MU	TCGA-UCEC	0	0	1	1	cbio_mutation_tp53_kras
TCGA-BG-A0RY	TCGA-UCEC	0	0	1	1	cbio_mutation_tp53_kras
TCGA-BG-A0VT	TCGA-UCEC	0	0	1	1	cbio_mutation_tp53_kras
TCGA-BG-A0VV	TCGA-UCEC	0	0	1	1	cbio_mutation_tp53_kras
TCGA-BG-A0VW	TCGA-UCEC	0	1	1	1	cbio_mutation_tp53_kras
TCGA-BG-A0VX	TCGA-UCEC	0	0	1	1	cbio_mutation_tp53_kras
TCGA-BG-A0VZ	TCGA-UCEC	0	1	1	1	cbio_mutation_tp53_kras
TCGA-BG-A0W1	TCGA-UCEC	0	0	1	1	cbio_mutation_tp53_kras
TCGA-BG-A0W2	TCGA-UCEC	0	0	1	1	cbio_mutation_tp53_kras
TCGA-BG-A0YU	TCGA-UCEC	0	0	1	1	cbio_mutation_tp53_kras
TCGA-BG-A0YV	TCGA-UCEC	1	0	1	1	cbio_mutation_tp53_kras
TCGA-BG-A186	TCGA-UCEC	0	0	1	1	cbio_mutation_tp53_kras
TCGA-BG-A187	TCGA-UCEC	0	1	1	1	cbio_mutation_tp53_kras
TCGA-BG-A18A	TCGA-UCEC	0	0	1	1	cbio_mutation_tp53_kras
TCGA-BG-A18B	TCGA-UCEC	0	1	1	1	cbio_mutation_tp53_kras
TCGA-BG-A18C	TCGA-UCEC	1	0	1	1	cbio_mutation_tp53_kras
TCGA-BG-A220	TCGA-UCEC	Unknown	Unknown	0	0	cbio_mutation_tp53_kras
TCGA-BG-A221	TCGA-UCEC	Unknown	Unknown	0	0	cbio_mutation_tp53_kras
TCGA-BG-A222	TCGA-UCEC	1	0	1	1	cbio_mutation_tp53_kras
TCGA-BG-A2AD	TCGA-UCEC	Unknown	Unknown	0	0	cbio_mutation_tp53_kras
TCGA-BG-A2AE	TCGA-UCEC	0	1	1	1	cbio_mutation_tp53_kras
TCGA-BG-A2L7	TCGA-UCEC	0	0	1	1	cbio_mutation_tp53_kras
TCGA-BG-A3EW	TCGA-UCEC	0	0	1	1	cbio_mutation_tp53_kras
TCGA-BG-A3PP	TCGA-UCEC	1	0	1	1	cbio_mutation_tp53_kras
TCGA-BH-A0AU	TCGA-BRCA_IDC	0	0	1	1	cbio_mutation_tp53_kras
TCGA-BH-A0AV	TCGA-BRCA_IDC	1	0	1	1	cbio_mutation_tp53_kras
TCGA-BH-A0AW	TCGA-BRCA_IDC	1	0	1	1	cbio_mutation_tp53_kras
TCGA-BH-A0AY	TCGA-BRCA_IDC	0	0	1	1	cbio_mutation_tp53_kras
TCGA-BH-A0AZ	TCGA-BRCA_IDC	0	0	1	1	cbio_mutation_tp53_kras
TCGA-BH-A0B0	TCGA-BRCA_IDC	1	0	1	1	cbio_mutation_tp53_kras
TCGA-BH-A0B1	TCGA-BRCA_IDC	0	0	1	1	cbio_mutation_tp53_kras
TCGA-BH-A0B3	TCGA-BRCA_IDC	1	0	1	1	cbio_mutation_tp53_kras
TCGA-BH-A0B4	TCGA-BRCA_IDC	0	0	1	1	cbio_mutation_tp53_kras
TCGA-BH-A0B5	TCGA-BRCA_OTHERS	0	0	1	1	cbio_mutation_tp53_kras
TCGA-BH-A0B6	TCGA-BRCA_IDC	Unknown	Unknown	0	0	cbio_mutation_tp53_kras
TCGA-BH-A0B7	TCGA-BRCA_IDC	1	0	1	1	cbio_mutation_tp53_kras
TCGA-BH-A0B8	TCGA-BRCA_IDC	0	0	1	1	cbio_mutation_tp53_kras
TCGA-BH-A0B9	TCGA-BRCA_IDC	1	0	1	1	cbio_mutation_tp53_kras
TCGA-BH-A0BA	TCGA-BRCA_OTHERS	0	0	1	1	cbio_mutation_tp53_kras
TCGA-BH-A0BC	TCGA-BRCA_IDC	1	0	1	1	cbio_mutation_tp53_kras
TCGA-BH-A0BD	TCGA-BRCA_IDC	0	0	1	1	cbio_mutation_tp53_kras
TCGA-BH-A0BF	TCGA-BRCA_IDC	1	0	1	1	cbio_mutation_tp53_kras
TCGA-BH-A0BG	TCGA-BRCA_IDC	1	0	1	1	cbio_mutation_tp53_kras
TCGA-BH-A0BJ	TCGA-BRCA_IDC	0	0	1	1	cbio_mutation_tp53_kras
TCGA-BH-A0BL	TCGA-BRCA_IDC	1	0	1	1	cbio_mutation_tp53_kras
TCGA-BH-A0BM	TCGA-BRCA_IDC	0	0	1	1	cbio_mutation_tp53_kras
TCGA-BH-A0BO	TCGA-BRCA_IDC	0	0	1	1	cbio_mutation_tp53_kras
TCGA-BH-A0BP	TCGA-BRCA_IDC	1	0	1	1	cbio_mutation_tp53_kras
TCGA-BH-A0BQ	TCGA-BRCA_IDC	0	0	1	1	cbio_mutation_tp53_kras
TCGA-BH-A0BR	TCGA-BRCA_IDC	1	0	1	1	cbio_mutation_tp53_kras
TCGA-BH-A0BS	TCGA-BRCA_IDC	0	0	1	1	cbio_mutation_tp53_kras
TCGA-BH-A0BT	TCGA-BRCA_IDC	1	0	1	1	cbio_mutation_tp53_kras
TCGA-BH-A0BV	TCGA-BRCA_IDC	0	0	1	1	cbio_mutation_tp53_kras
TCGA-BH-A0BW	TCGA-BRCA_IDC	1	0	1	1	cbio_mutation_tp53_kras
TCGA-BH-A0BZ	TCGA-BRCA_IDC	0	0	1	1	cbio_mutation_tp53_kras
TCGA-BH-A0C0	TCGA-BRCA_IDC	1	0	1	1	cbio_mutation_tp53_kras
TCGA-BH-A0C1	TCGA-BRCA_OTHERS	0	0	1	1	cbio_mutation_tp53_kras
TCGA-BH-A0C3	TCGA-BRCA_OTHERS	1	0	1	1	cbio_mutation_tp53_kras
TCGA-BH-A0C7	TCGA-BRCA_IDC	0	0	1	1	cbio_mutation_tp53_kras
TCGA-BH-A0DD	TCGA-BRCA_IDC	0	0	1	1	cbio_mutation_tp53_kras
TCGA-BH-A0DE	TCGA-BRCA_IDC	0	0	1	1	cbio_mutation_tp53_kras
TCGA-BH-A0DG	TCGA-BRCA_IDC	0	0	1	1	cbio_mutation_tp53_kras
TCGA-BH-A0DH	TCGA-BRCA_IDC	0	0	1	1	cbio_mutation_tp53_kras
TCGA-BH-A0DI	TCGA-BRCA_IDC	1	0	1	1	cbio_mutation_tp53_kras
TCGA-BH-A0DK	TCGA-BRCA_IDC	0	0	1	1	cbio_mutation_tp53_kras
TCGA-BH-A0DL	TCGA-BRCA_OTHERS	1	0	1	1	cbio_mutation_tp53_kras
TCGA-BH-A0DO	TCGA-BRCA_IDC	0	0	1	1	cbio_mutation_tp53_kras
TCGA-BH-A0DP	TCGA-BRCA_OTHERS	0	0	1	1	cbio_mutation_tp53_kras
TCGA-BH-A0DQ	TCGA-BRCA_IDC	0	0	1	1	cbio_mutation_tp53_kras
TCGA-BH-A0DS	TCGA-BRCA_IDC	0	0	1	1	cbio_mutation_tp53_kras
TCGA-BH-A0DT	TCGA-BRCA_IDC	0	0	1	1	cbio_mutation_tp53_kras
TCGA-BH-A0DV	TCGA-BRCA_IDC	0	0	1	1	cbio_mutation_tp53_kras
TCGA-BH-A0DX	TCGA-BRCA_IDC	0	0	1	1	cbio_mutation_tp53_kras
TCGA-BH-A0DZ	TCGA-BRCA_IDC	1	0	1	1	cbio_mutation_tp53_kras
TCGA-BH-A0E0	TCGA-BRCA_IDC	1	0	1	1	cbio_mutation_tp53_kras
TCGA-BH-A0E1	TCGA-BRCA_IDC	0	0	1	1	cbio_mutation_tp53_kras
TCGA-BH-A0E2	TCGA-BRCA_IDC	0	0	1	1	cbio_mutation_tp53_kras
TCGA-BH-A0E6	TCGA-BRCA_IDC	1	0	1	1	cbio_mutation_tp53_kras
TCGA-BH-A0E7	TCGA-BRCA_IDC	0	0	1	1	cbio_mutation_tp53_kras
TCGA-BH-A0E9	TCGA-BRCA_OTHERS	0	0	1	1	cbio_mutation_tp53_kras
TCGA-BH-A0EA	TCGA-BRCA_IDC	0	0	1	1	cbio_mutation_tp53_kras
TCGA-BH-A0EB	TCGA-BRCA_IDC	0	0	1	1	cbio_mutation_tp53_kras
TCGA-BH-A0EE	TCGA-BRCA_IDC	1	0	1	1	cbio_mutation_tp53_kras
TCGA-BH-A0EI	TCGA-BRCA_IDC	0	0	1	1	cbio_mutation_tp53_kras
TCGA-BH-A0GY	TCGA-BRCA_IDC	1	0	1	1	cbio_mutation_tp53_kras
TCGA-BH-A0GZ	TCGA-BRCA_IDC	0	0	1	1	cbio_mutation_tp53_kras
TCGA-BH-A0H0	TCGA-BRCA_IDC	0	0	1	1	cbio_mutation_tp53_kras
TCGA-BH-A0H3	TCGA-BRCA_IDC	0	0	1	1	cbio_mutation_tp53_kras
TCGA-BH-A0H5	TCGA-BRCA_IDC	0	0	1	1	cbio_mutation_tp53_kras
TCGA-BH-A0H6	TCGA-BRCA_IDC	0	0	1	1	cbio_mutation_tp53_kras
TCGA-BH-A0H7	TCGA-BRCA_IDC	1	0	1	1	cbio_mutation_tp53_kras
TCGA-BH-A0H9	TCGA-BRCA_IDC	0	0	1	1	cbio_mutation_tp53_kras
TCGA-BH-A0HA	TCGA-BRCA_IDC	0	0	1	1	cbio_mutation_tp53_kras
TCGA-BH-A0HB	TCGA-BRCA_IDC	0	0	1	1	cbio_mutation_tp53_kras
TCGA-BH-A0HF	TCGA-BRCA_IDC	0	0	1	1	cbio_mutation_tp53_kras
TCGA-BH-A0HI	TCGA-BRCA_IDC	0	0	1	1	cbio_mutation_tp53_kras
TCGA-BH-A0HK	TCGA-BRCA_IDC	0	0	1	1	cbio_mutation_tp53_kras
TCGA-BH-A0HL	TCGA-BRCA_IDC	0	0	1	1	cbio_mutation_tp53_kras
TCGA-BH-A0HN	TCGA-BRCA_IDC	0	0	1	1	cbio_mutation_tp53_kras
TCGA-BH-A0HO	TCGA-BRCA_IDC	0	0	1	1	cbio_mutation_tp53_kras
TCGA-BH-A0HP	TCGA-BRCA_OTHERS	0	0	1	1	cbio_mutation_tp53_kras
TCGA-BH-A0HQ	TCGA-BRCA_IDC	0	0	1	1	cbio_mutation_tp53_kras
TCGA-BH-A0HU	TCGA-BRCA_IDC	0	0	1	1	cbio_mutation_tp53_kras
TCGA-BH-A0HW	TCGA-BRCA_IDC	0	0	1	1	cbio_mutation_tp53_kras
TCGA-BH-A0HX	TCGA-BRCA_IDC	1	0	1	1	cbio_mutation_tp53_kras
TCGA-BH-A0HY	TCGA-BRCA_IDC	1	0	1	1	cbio_mutation_tp53_kras
TCGA-BH-A0RX	TCGA-BRCA_IDC	1	0	1	1	cbio_mutation_tp53_kras
TCGA-BH-A0W3	TCGA-BRCA_IDC	0	0	1	1	cbio_mutation_tp53_kras
TCGA-BH-A0W4	TCGA-BRCA_IDC	0	0	1	1	cbio_mutation_tp53_kras
TCGA-BH-A0W5	TCGA-BRCA_IDC	0	0	1	1	cbio_mutation_tp53_kras
TCGA-BH-A0W7	TCGA-BRCA_IDC	0	0	1	1	cbio_mutation_tp53_kras
TCGA-BH-A0WA	TCGA-BRCA_OTHERS	1	0	1	1	cbio_mutation_tp53_kras
TCGA-BH-A18F	TCGA-BRCA_IDC	0	0	1	1	cbio_mutation_tp53_kras
TCGA-BH-A18G	TCGA-BRCA_IDC	0	0	1	1	cbio_mutation_tp53_kras
TCGA-BH-A18H	TCGA-BRCA_IDC	1	0	1	1	cbio_mutation_tp53_kras
TCGA-BH-A18I	TCGA-BRCA_IDC	0	0	1	1	cbio_mutation_tp53_kras
TCGA-BH-A18J	TCGA-BRCA_IDC	0	0	1	1	cbio_mutation_tp53_kras
TCGA-BH-A18L	TCGA-BRCA_IDC	0	0	1	1	cbio_mutation_tp53_kras
TCGA-BH-A18M	TCGA-BRCA_IDC	0	0	1	1	cbio_mutation_tp53_kras
TCGA-BH-A18N	TCGA-BRCA_IDC	0	0	1	1	cbio_mutation_tp53_kras
TCGA-BH-A18P	TCGA-BRCA_IDC	0	0	1	1	cbio_mutation_tp53_kras
TCGA-BH-A18Q	TCGA-BRCA_IDC	1	0	1	1	cbio_mutation_tp53_kras
TCGA-BH-A18R	TCGA-BRCA_IDC	0	0	1	1	cbio_mutation_tp53_kras
TCGA-BH-A18S	TCGA-BRCA_IDC	0	0	1	1	cbio_mutation_tp53_kras
TCGA-BH-A18T	TCGA-BRCA_IDC	1	0	1	1	cbio_mutation_tp53_kras
TCGA-BH-A18U	TCGA-BRCA_IDC	1	0	1	1	cbio_mutation_tp53_kras
TCGA-BH-A18V	TCGA-BRCA_IDC	1	0	1	1	cbio_mutation_tp53_kras
TCGA-BH-A1EN	TCGA-BRCA_IDC	0	0	1	1	cbio_mutation_tp53_kras
TCGA-BH-A1EO	TCGA-BRCA_OTHERS	0	0	1	1	cbio_mutation_tp53_kras
TCGA-BH-A1ES	TCGA-BRCA_IDC	0	0	1	1	cbio_mutation_tp53_kras
TCGA-BH-A1ET	TCGA-BRCA_IDC	0	0	1	1	cbio_mutation_tp53_kras
TCGA-BH-A1EU	TCGA-BRCA_IDC	0	0	1	1	cbio_mutation_tp53_kras
TCGA-BH-A1EV	TCGA-BRCA_IDC	0	0	1	1	cbio_mutation_tp53_kras
TCGA-BH-A1EW	TCGA-BRCA_IDC	0	0	1	1	cbio_mutation_tp53_kras
TCGA-BH-A1EX	TCGA-BRCA_IDC	0	0	1	1	cbio_mutation_tp53_kras
TCGA-BH-A1EY	TCGA-BRCA_IDC	1	0	1	1	cbio_mutation_tp53_kras
TCGA-BH-A1F0	TCGA-BRCA_IDC	1	0	1	1	cbio_mutation_tp53_kras
TCGA-BH-A1F2	TCGA-BRCA_OTHERS	1	0	1	1	cbio_mutation_tp53_kras
TCGA-BH-A1F5	TCGA-BRCA_IDC	0	0	1	1	cbio_mutation_tp53_kras
TCGA-BH-A1F6	TCGA-BRCA_IDC	1	0	1	1	cbio_mutation_tp53_kras
TCGA-BH-A1F8	TCGA-BRCA_IDC	0	0	1	1	cbio_mutation_tp53_kras
TCGA-BH-A1FB	TCGA-BRCA_IDC	0	0	1	1	cbio_mutation_tp53_kras
TCGA-BH-A1FC	TCGA-BRCA_IDC	1	0	1	1	cbio_mutation_tp53_kras
TCGA-BH-A1FE	TCGA-BRCA_IDC	1	0	1	1	cbio_mutation_tp53_kras
TCGA-BH-A1FG	TCGA-BRCA_IDC	0	0	1	1	cbio_mutation_tp53_kras
TCGA-BH-A1FH	TCGA-BRCA_IDC	0	0	1	1	cbio_mutation_tp53_kras
TCGA-BH-A1FJ	TCGA-BRCA_IDC	0	0	1	1	cbio_mutation_tp53_kras
TCGA-BH-A1FL	TCGA-BRCA_IDC	0	0	1	1	cbio_mutation_tp53_kras
TCGA-BH-A1FM	TCGA-BRCA_IDC	0	0	1	1	cbio_mutation_tp53_kras
TCGA-BH-A1FN	TCGA-BRCA_IDC	1	0	1	1	cbio_mutation_tp53_kras
TCGA-BH-A1FR	TCGA-BRCA_IDC	0	0	1	1	cbio_mutation_tp53_kras
TCGA-BH-A1FU	TCGA-BRCA_IDC	1	0	1	1	cbio_mutation_tp53_kras
TCGA-BH-A201	TCGA-BRCA_IDC	0	0	1	1	cbio_mutation_tp53_kras
TCGA-BH-A202	TCGA-BRCA_IDC	1	0	1	1	cbio_mutation_tp53_kras
TCGA-BH-A203	TCGA-BRCA_IDC	1	0	1	1	cbio_mutation_tp53_kras
TCGA-BH-A204	TCGA-BRCA_IDC	0	0	1	1	cbio_mutation_tp53_kras
TCGA-BH-A208	TCGA-BRCA_IDC	1	0	1	1	cbio_mutation_tp53_kras
TCGA-BH-A209	TCGA-BRCA_IDC	0	0	1	1	cbio_mutation_tp53_kras
TCGA-BH-A28O	TCGA-BRCA_OTHERS	Unknown	Unknown	0	0	cbio_mutation_tp53_kras
TCGA-BH-A28Q	TCGA-BRCA_OTHERS	0	0	1	1	cbio_mutation_tp53_kras
TCGA-BH-A2L8	TCGA-BRCA_OTHERS	0	0	1	1	cbio_mutation_tp53_kras
TCGA-BH-A42T	TCGA-BRCA_OTHERS	Unknown	Unknown	0	0	cbio_mutation_tp53_kras
TCGA-BH-A42U	TCGA-BRCA_OTHERS	0	0	1	1	cbio_mutation_tp53_kras
TCGA-BH-A42V	TCGA-BRCA_IDC	0	0	1	1	cbio_mutation_tp53_kras
TCGA-BH-A5IZ	TCGA-BRCA_IDC	1	0	1	1	cbio_mutation_tp53_kras
TCGA-BH-A5J0	TCGA-BRCA_IDC	1	0	1	1	cbio_mutation_tp53_kras
TCGA-BI-A0VR	TCGA-CESC	0	0	1	1	cbio_mutation_tp53_kras
TCGA-BI-A0VS	TCGA-CESC	0	0	1	1	cbio_mutation_tp53_kras
TCGA-BI-A20A	TCGA-CESC	1	0	1	1	cbio_mutation_tp53_kras
TCGA-BJ-A0YZ	TCGA-THCA	0	0	1	1	cbio_mutation_tp53_kras
TCGA-BJ-A0Z0	TCGA-THCA	0	0	1	1	cbio_mutation_tp53_kras
TCGA-BJ-A0Z2	TCGA-THCA	0	0	1	1	cbio_mutation_tp53_kras
TCGA-BJ-A0Z3	TCGA-THCA	0	0	1	1	cbio_mutation_tp53_kras
TCGA-BJ-A0Z5	TCGA-THCA	Unknown	Unknown	0	0	cbio_mutation_tp53_kras
TCGA-BJ-A0Z9	TCGA-THCA	0	0	1	1	cbio_mutation_tp53_kras
TCGA-BJ-A0ZA	TCGA-THCA	0	0	1	1	cbio_mutation_tp53_kras
TCGA-BJ-A0ZB	TCGA-THCA	0	0	1	1	cbio_mutation_tp53_kras
TCGA-BJ-A0ZC	TCGA-THCA	0	0	1	1	cbio_mutation_tp53_kras
TCGA-BJ-A0ZE	TCGA-THCA	0	1	1	1	cbio_mutation_tp53_kras
TCGA-BJ-A0ZF	TCGA-THCA	Unknown	Unknown	0	0	cbio_mutation_tp53_kras
TCGA-BJ-A0ZG	TCGA-THCA	0	0	1	1	cbio_mutation_tp53_kras
TCGA-BJ-A0ZH	TCGA-THCA	0	0	1	1	cbio_mutation_tp53_kras
TCGA-BJ-A0ZJ	TCGA-THCA	0	0	1	1	cbio_mutation_tp53_kras
TCGA-BJ-A18Y	TCGA-THCA	0	0	1	1	cbio_mutation_tp53_kras
TCGA-BJ-A18Z	TCGA-THCA	0	0	1	1	cbio_mutation_tp53_kras
TCGA-BJ-A190	TCGA-THCA	Unknown	Unknown	0	0	cbio_mutation_tp53_kras
TCGA-BJ-A191	TCGA-THCA	0	0	1	1	cbio_mutation_tp53_kras
TCGA-BJ-A192	TCGA-THCA	0	0	1	1	cbio_mutation_tp53_kras
TCGA-BJ-A28R	TCGA-THCA	0	0	1	1	cbio_mutation_tp53_kras
TCGA-BJ-A28S	TCGA-THCA	0	0	1	1	cbio_mutation_tp53_kras
TCGA-BJ-A28T	TCGA-THCA	0	0	1	1	cbio_mutation_tp53_kras
TCGA-BJ-A28V	TCGA-THCA	0	0	1	1	cbio_mutation_tp53_kras
TCGA-BJ-A28W	TCGA-THCA	Unknown	Unknown	0	0	cbio_mutation_tp53_kras
TCGA-BJ-A28X	TCGA-THCA	0	0	1	1	cbio_mutation_tp53_kras
TCGA-BJ-A28Z	TCGA-THCA	0	0	1	1	cbio_mutation_tp53_kras
TCGA-BJ-A290	TCGA-THCA	0	0	1	1	cbio_mutation_tp53_kras
TCGA-BJ-A291	TCGA-THCA	0	0	1	1	cbio_mutation_tp53_kras
TCGA-BJ-A2N7	TCGA-THCA	0	0	1	1	cbio_mutation_tp53_kras
TCGA-BJ-A2N8	TCGA-THCA	0	0	1	1	cbio_mutation_tp53_kras
TCGA-BJ-A2N9	TCGA-THCA	0	0	1	1	cbio_mutation_tp53_kras
TCGA-BJ-A2NA	TCGA-THCA	0	0	1	1	cbio_mutation_tp53_kras
TCGA-BJ-A2P4	TCGA-THCA	0	0	1	1	cbio_mutation_tp53_kras
TCGA-BJ-A3EZ	TCGA-THCA	0	0	1	1	cbio_mutation_tp53_kras
TCGA-BJ-A3F0	TCGA-THCA	0	0	1	1	cbio_mutation_tp53_kras
TCGA-BJ-A3PR	TCGA-THCA	0	0	1	1	cbio_mutation_tp53_kras
TCGA-BJ-A3PT	TCGA-THCA	0	0	1	1	cbio_mutation_tp53_kras
TCGA-BJ-A3PU	TCGA-THCA	0	0	1	1	cbio_mutation_tp53_kras
TCGA-BJ-A45C	TCGA-THCA	Unknown	Unknown	0	0	cbio_mutation_tp53_kras
TCGA-BJ-A45D	TCGA-THCA	0	0	1	1	cbio_mutation_tp53_kras
TCGA-BJ-A45E	TCGA-THCA	0	0	1	1	cbio_mutation_tp53_kras
TCGA-BJ-A45F	TCGA-THCA	0	0	1	1	cbio_mutation_tp53_kras
TCGA-BJ-A45G	TCGA-THCA	0	0	1	1	cbio_mutation_tp53_kras
TCGA-BJ-A45H	TCGA-THCA	0	0	1	1	cbio_mutation_tp53_kras
TCGA-BJ-A45I	TCGA-THCA	0	0	1	1	cbio_mutation_tp53_kras
TCGA-BJ-A45J	TCGA-THCA	0	0	1	1	cbio_mutation_tp53_kras
TCGA-BJ-A45K	TCGA-THCA	0	0	1	1	cbio_mutation_tp53_kras
TCGA-BJ-A4O8	TCGA-THCA	0	0	1	1	cbio_mutation_tp53_kras
TCGA-BJ-A4O9	TCGA-THCA	0	0	1	1	cbio_mutation_tp53_kras
TCGA-BK-A0C9	TCGA-UCEC	0	0	1	1	cbio_mutation_tp53_kras
TCGA-BK-A0CA	TCGA-UCEC	0	0	1	1	cbio_mutation_tp53_kras
TCGA-BK-A0CB	TCGA-UCEC	0	0	1	1	cbio_mutation_tp53_kras
TCGA-BK-A0CC	TCGA-UCEC	1	0	1	1	cbio_mutation_tp53_kras
TCGA-BK-A139	TCGA-UCEC	1	0	1	1	cbio_mutation_tp53_kras
TCGA-BK-A13B	TCGA-UCEC	0	0	1	1	cbio_mutation_tp53_kras
TCGA-BK-A13C	TCGA-UCEC	0	0	1	1	cbio_mutation_tp53_kras
TCGA-BK-A26L	TCGA-UCEC	1	0	1	1	cbio_mutation_tp53_kras
TCGA-BK-A4ZD	TCGA-UCEC	1	0	1	1	cbio_mutation_tp53_kras
TCGA-BK-A56F	TCGA-UCEC	0	0	1	1	cbio_mutation_tp53_kras
TCGA-BK-A6W3	TCGA-UCEC	0	0	1	1	cbio_mutation_tp53_kras
TCGA-BK-A6W4	TCGA-UCEC	0	0	1	1	cbio_mutation_tp53_kras
TCGA-BL-A0C8	TCGA-BLCA	0	0	1	1	cbio_mutation_tp53_kras
TCGA-BL-A13I	TCGA-BLCA	0	0	1	1	cbio_mutation_tp53_kras
TCGA-BL-A13J	TCGA-BLCA	1	0	1	1	cbio_mutation_tp53_kras
TCGA-BL-A3JM	TCGA-BLCA	1	0	1	1	cbio_mutation_tp53_kras
TCGA-BL-A5ZZ	TCGA-BLCA	0	0	1	1	cbio_mutation_tp53_kras
TCGA-BM-6198	TCGA-READ	Unknown	Unknown	0	0	cbio_mutation_tp53_kras
TCGA-BP-4158	TCGA-KIRC	Unknown	Unknown	0	0	cbio_mutation_tp53_kras
TCGA-BP-4159	TCGA-KIRC	Unknown	Unknown	0	0	cbio_mutation_tp53_kras
TCGA-BP-4160	TCGA-KIRC	Unknown	Unknown	0	0	cbio_mutation_tp53_kras
TCGA-BP-4161	TCGA-KIRC	0	0	1	1	cbio_mutation_tp53_kras
TCGA-BP-4162	TCGA-KIRC	0	0	1	1	cbio_mutation_tp53_kras
TCGA-BP-4163	TCGA-KIRC	0	0	1	1	cbio_mutation_tp53_kras
TCGA-BP-4164	TCGA-KIRC	0	0	1	1	cbio_mutation_tp53_kras
TCGA-BP-4165	TCGA-KIRC	Unknown	Unknown	0	0	cbio_mutation_tp53_kras
TCGA-BP-4166	TCGA-KIRC	Unknown	Unknown	0	0	cbio_mutation_tp53_kras
TCGA-BP-4167	TCGA-KIRC	0	0	1	1	cbio_mutation_tp53_kras
TCGA-BP-4169	TCGA-KIRC	Unknown	Unknown	0	0	cbio_mutation_tp53_kras
TCGA-BP-4170	TCGA-KIRC	Unknown	Unknown	0	0	cbio_mutation_tp53_kras
TCGA-BP-4173	TCGA-KIRC	0	0	1	1	cbio_mutation_tp53_kras
TCGA-BP-4174	TCGA-KIRC	Unknown	Unknown	0	0	cbio_mutation_tp53_kras
TCGA-BP-4176	TCGA-KIRC	Unknown	Unknown	0	0	cbio_mutation_tp53_kras
TCGA-BP-4325	TCGA-KIRC	Unknown	Unknown	0	0	cbio_mutation_tp53_kras
TCGA-BP-4326	TCGA-KIRC	Unknown	Unknown	0	0	cbio_mutation_tp53_kras
TCGA-BP-4327	TCGA-KIRC	Unknown	Unknown	0	0	cbio_mutation_tp53_kras
TCGA-BP-4329	TCGA-KIRC	Unknown	Unknown	0	0	cbio_mutation_tp53_kras
TCGA-BP-4330	TCGA-KIRC	Unknown	Unknown	0	0	cbio_mutation_tp53_kras
TCGA-BP-4331	TCGA-KIRC	Unknown	Unknown	0	0	cbio_mutation_tp53_kras
TCGA-BP-4332	TCGA-KIRC	Unknown	Unknown	0	0	cbio_mutation_tp53_kras
TCGA-BP-4334	TCGA-KIRC	Unknown	Unknown	0	0	cbio_mutation_tp53_kras
TCGA-BP-4335	TCGA-KIRC	Unknown	Unknown	0	0	cbio_mutation_tp53_kras
TCGA-BP-4337	TCGA-KIRC	Unknown	Unknown	0	0	cbio_mutation_tp53_kras
TCGA-BP-4338	TCGA-KIRC	Unknown	Unknown	0	0	cbio_mutation_tp53_kras
TCGA-BP-4340	TCGA-KIRC	Unknown	Unknown	0	0	cbio_mutation_tp53_kras
TCGA-BP-4341	TCGA-KIRC	Unknown	Unknown	0	0	cbio_mutation_tp53_kras
TCGA-BP-4342	TCGA-KIRC	Unknown	Unknown	0	0	cbio_mutation_tp53_kras
TCGA-BP-4343	TCGA-KIRC	0	0	1	1	cbio_mutation_tp53_kras
TCGA-BP-4344	TCGA-KIRC	Unknown	Unknown	0	0	cbio_mutation_tp53_kras
TCGA-BP-4345	TCGA-KIRC	Unknown	Unknown	0	0	cbio_mutation_tp53_kras
TCGA-BP-4346	TCGA-KIRC	0	0	1	1	cbio_mutation_tp53_kras
TCGA-BP-4349	TCGA-KIRC	Unknown	Unknown	0	0	cbio_mutation_tp53_kras
TCGA-BP-4351	TCGA-KIRC	Unknown	Unknown	0	0	cbio_mutation_tp53_kras
TCGA-BP-4352	TCGA-KIRC	0	0	1	1	cbio_mutation_tp53_kras
TCGA-BP-4353	TCGA-KIRC	Unknown	Unknown	0	0	cbio_mutation_tp53_kras
TCGA-BP-4354	TCGA-KIRC	0	0	1	1	cbio_mutation_tp53_kras
TCGA-BP-4355	TCGA-KIRC	Unknown	Unknown	0	0	cbio_mutation_tp53_kras
TCGA-BP-4756	TCGA-KIRC	0	0	1	1	cbio_mutation_tp53_kras
TCGA-BP-4758	TCGA-KIRC	0	0	1	1	cbio_mutation_tp53_kras
TCGA-BP-4759	TCGA-KIRC	Unknown	Unknown	0	0	cbio_mutation_tp53_kras
TCGA-BP-4760	TCGA-KIRC	0	0	1	1	cbio_mutation_tp53_kras
TCGA-BP-4761	TCGA-KIRC	0	0	1	1	cbio_mutation_tp53_kras
TCGA-BP-4762	TCGA-KIRC	Unknown	Unknown	0	0	cbio_mutation_tp53_kras
TCGA-BP-4763	TCGA-KIRC	Unknown	Unknown	0	0	cbio_mutation_tp53_kras
TCGA-BP-4765	TCGA-KIRC	Unknown	Unknown	0	0	cbio_mutation_tp53_kras
TCGA-BP-4766	TCGA-KIRC	Unknown	Unknown	0	0	cbio_mutation_tp53_kras
TCGA-BP-4768	TCGA-KIRC	Unknown	Unknown	0	0	cbio_mutation_tp53_kras
TCGA-BP-4769	TCGA-KIRC	Unknown	Unknown	0	0	cbio_mutation_tp53_kras
TCGA-BP-4770	TCGA-KIRC	1	0	1	1	cbio_mutation_tp53_kras
TCGA-BP-4771	TCGA-KIRC	Unknown	Unknown	0	0	cbio_mutation_tp53_kras
TCGA-BP-4774	TCGA-KIRC	0	0	1	1	cbio_mutation_tp53_kras
TCGA-BP-4775	TCGA-KIRC	Unknown	Unknown	0	0	cbio_mutation_tp53_kras
TCGA-BP-4776	TCGA-KIRC	Unknown	Unknown	0	0	cbio_mutation_tp53_kras
TCGA-BP-4777	TCGA-KIRC	Unknown	Unknown	0	0	cbio_mutation_tp53_kras
TCGA-BP-4781	TCGA-KIRC	0	0	1	1	cbio_mutation_tp53_kras
TCGA-BP-4782	TCGA-KIRC	0	0	1	1	cbio_mutation_tp53_kras
TCGA-BP-4784	TCGA-KIRC	Unknown	Unknown	0	0	cbio_mutation_tp53_kras
TCGA-BP-4787	TCGA-KIRC	0	0	1	1	cbio_mutation_tp53_kras
TCGA-BP-4789	TCGA-KIRC	Unknown	Unknown	0	0	cbio_mutation_tp53_kras
TCGA-BP-4790	TCGA-KIRC	0	0	1	1	cbio_mutation_tp53_kras
TCGA-BP-4795	TCGA-KIRC	0	0	1	1	cbio_mutation_tp53_kras
TCGA-BP-4797	TCGA-KIRC	Unknown	Unknown	0	0	cbio_mutation_tp53_kras
TCGA-BP-4798	TCGA-KIRC	0	0	1	1	cbio_mutation_tp53_kras
TCGA-BP-4799	TCGA-KIRC	Unknown	Unknown	0	0	cbio_mutation_tp53_kras
TCGA-BP-4801	TCGA-KIRC	0	0	1	1	cbio_mutation_tp53_kras
TCGA-BP-4803	TCGA-KIRC	Unknown	Unknown	0	0	cbio_mutation_tp53_kras
TCGA-BP-4804	TCGA-KIRC	Unknown	Unknown	0	0	cbio_mutation_tp53_kras
TCGA-BP-4807	TCGA-KIRC	Unknown	Unknown	0	0	cbio_mutation_tp53_kras
TCGA-BP-4959	TCGA-KIRC	Unknown	Unknown	0	0	cbio_mutation_tp53_kras
TCGA-BP-4960	TCGA-KIRC	0	0	1	1	cbio_mutation_tp53_kras
TCGA-BP-4961	TCGA-KIRC	0	0	1	1	cbio_mutation_tp53_kras
TCGA-BP-4962	TCGA-KIRC	0	0	1	1	cbio_mutation_tp53_kras
TCGA-BP-4963	TCGA-KIRC	0	0	1	1	cbio_mutation_tp53_kras
TCGA-BP-4964	TCGA-KIRC	0	0	1	1	cbio_mutation_tp53_kras
TCGA-BP-4965	TCGA-KIRC	0	0	1	1	cbio_mutation_tp53_kras
TCGA-BP-4967	TCGA-KIRC	0	0	1	1	cbio_mutation_tp53_kras
TCGA-BP-4968	TCGA-KIRC	0	0	1	1	cbio_mutation_tp53_kras
TCGA-BP-4969	TCGA-KIRC	Unknown	Unknown	0	0	cbio_mutation_tp53_kras
TCGA-BP-4970	TCGA-KIRC	0	0	1	1	cbio_mutation_tp53_kras
TCGA-BP-4971	TCGA-KIRC	0	0	1	1	cbio_mutation_tp53_kras
TCGA-BP-4972	TCGA-KIRC	0	0	1	1	cbio_mutation_tp53_kras
TCGA-BP-4973	TCGA-KIRC	0	0	1	1	cbio_mutation_tp53_kras
TCGA-BP-4974	TCGA-KIRC	0	0	1	1	cbio_mutation_tp53_kras
TCGA-BP-4975	TCGA-KIRC	0	0	1	1	cbio_mutation_tp53_kras
TCGA-BP-4976	TCGA-KIRC	Unknown	Unknown	0	0	cbio_mutation_tp53_kras
TCGA-BP-4977	TCGA-KIRC	0	0	1	1	cbio_mutation_tp53_kras
TCGA-BP-4981	TCGA-KIRC	0	0	1	1	cbio_mutation_tp53_kras
TCGA-BP-4982	TCGA-KIRC	0	0	1	1	cbio_mutation_tp53_kras
TCGA-BP-4983	TCGA-KIRC	0	0	1	1	cbio_mutation_tp53_kras
TCGA-BP-4985	TCGA-KIRC	0	0	1	1	cbio_mutation_tp53_kras
TCGA-BP-4986	TCGA-KIRC	Unknown	Unknown	0	0	cbio_mutation_tp53_kras
TCGA-BP-4987	TCGA-KIRC	0	0	1	1	cbio_mutation_tp53_kras
TCGA-BP-4988	TCGA-KIRC	Unknown	Unknown	0	0	cbio_mutation_tp53_kras
TCGA-BP-4989	TCGA-KIRC	0	0	1	1	cbio_mutation_tp53_kras
TCGA-BP-4991	TCGA-KIRC	0	0	1	1	cbio_mutation_tp53_kras
TCGA-BP-4992	TCGA-KIRC	0	0	1	1	cbio_mutation_tp53_kras
TCGA-BP-4993	TCGA-KIRC	0	0	1	1	cbio_mutation_tp53_kras
TCGA-BP-4994	TCGA-KIRC	0	0	1	1	cbio_mutation_tp53_kras
TCGA-BP-4995	TCGA-KIRC	Unknown	Unknown	0	0	cbio_mutation_tp53_kras
TCGA-BP-4998	TCGA-KIRC	0	0	1	1	cbio_mutation_tp53_kras
TCGA-BP-4999	TCGA-KIRC	0	0	1	1	cbio_mutation_tp53_kras
TCGA-BP-5000	TCGA-KIRC	0	0	1	1	cbio_mutation_tp53_kras
TCGA-BP-5001	TCGA-KIRC	0	0	1	1	cbio_mutation_tp53_kras
TCGA-BP-5004	TCGA-KIRC	0	0	1	1	cbio_mutation_tp53_kras
TCGA-BP-5006	TCGA-KIRC	Unknown	Unknown	0	0	cbio_mutation_tp53_kras
TCGA-BP-5007	TCGA-KIRC	0	0	1	1	cbio_mutation_tp53_kras
TCGA-BP-5008	TCGA-KIRC	0	0	1	1	cbio_mutation_tp53_kras
TCGA-BP-5009	TCGA-KIRC	Unknown	Unknown	0	0	cbio_mutation_tp53_kras
TCGA-BP-5010	TCGA-KIRC	0	0	1	1	cbio_mutation_tp53_kras
TCGA-BP-5168	TCGA-KIRC	0	0	1	1	cbio_mutation_tp53_kras
TCGA-BP-5169	TCGA-KIRC	0	0	1	1	cbio_mutation_tp53_kras
TCGA-BP-5170	TCGA-KIRC	0	0	1	1	cbio_mutation_tp53_kras
TCGA-BP-5173	TCGA-KIRC	0	0	1	1	cbio_mutation_tp53_kras
TCGA-BP-5174	TCGA-KIRC	0	0	1	1	cbio_mutation_tp53_kras
TCGA-BP-5175	TCGA-KIRC	0	0	1	1	cbio_mutation_tp53_kras
TCGA-BP-5177	TCGA-KIRC	0	0	1	1	cbio_mutation_tp53_kras
TCGA-BP-5178	TCGA-KIRC	0	0	1	1	cbio_mutation_tp53_kras
TCGA-BP-5180	TCGA-KIRC	0	0	1	1	cbio_mutation_tp53_kras
TCGA-BP-5181	TCGA-KIRC	Unknown	Unknown	0	0	cbio_mutation_tp53_kras
TCGA-BP-5182	TCGA-KIRC	0	0	1	1	cbio_mutation_tp53_kras
TCGA-BP-5183	TCGA-KIRC	0	0	1	1	cbio_mutation_tp53_kras
TCGA-BP-5184	TCGA-KIRC	0	0	1	1	cbio_mutation_tp53_kras
TCGA-BP-5185	TCGA-KIRC	0	0	1	1	cbio_mutation_tp53_kras
TCGA-BP-5186	TCGA-KIRC	0	0	1	1	cbio_mutation_tp53_kras
TCGA-BP-5187	TCGA-KIRC	0	0	1	1	cbio_mutation_tp53_kras
TCGA-BP-5189	TCGA-KIRC	0	0	1	1	cbio_mutation_tp53_kras
TCGA-BP-5190	TCGA-KIRC	0	0	1	1	cbio_mutation_tp53_kras
TCGA-BP-5191	TCGA-KIRC	0	0	1	1	cbio_mutation_tp53_kras
TCGA-BP-5192	TCGA-KIRC	0	0	1	1	cbio_mutation_tp53_kras
TCGA-BP-5194	TCGA-KIRC	0	0	1	1	cbio_mutation_tp53_kras
TCGA-BP-5195	TCGA-KIRC	0	0	1	1	cbio_mutation_tp53_kras
TCGA-BP-5196	TCGA-KIRC	0	0	1	1	cbio_mutation_tp53_kras
TCGA-BP-5198	TCGA-KIRC	0	0	1	1	cbio_mutation_tp53_kras
TCGA-BP-5199	TCGA-KIRC	Unknown	Unknown	0	0	cbio_mutation_tp53_kras
TCGA-BP-5200	TCGA-KIRC	0	0	1	1	cbio_mutation_tp53_kras
TCGA-BP-5201	TCGA-KIRC	0	0	1	1	cbio_mutation_tp53_kras
TCGA-BP-5202	TCGA-KIRC	0	0	1	1	cbio_mutation_tp53_kras
TCGA-BQ-5875	TCGA-KIRP	0	0	1	1	cbio_mutation_tp53_kras
TCGA-BQ-5876	TCGA-KIRP	0	0	1	1	cbio_mutation_tp53_kras
TCGA-BQ-5877	TCGA-KIRP	0	0	1	1	cbio_mutation_tp53_kras
TCGA-BQ-5878	TCGA-KIRP	0	0	1	1	cbio_mutation_tp53_kras
TCGA-BQ-5879	TCGA-KIRP	0	0	1	1	cbio_mutation_tp53_kras
TCGA-BQ-5880	TCGA-KIRP	0	0	1	1	cbio_mutation_tp53_kras
TCGA-BQ-5881	TCGA-KIRP	1	0	1	1	cbio_mutation_tp53_kras
TCGA-BQ-5882	TCGA-KIRP	0	0	1	1	cbio_mutation_tp53_kras
TCGA-BQ-5883	TCGA-KIRP	0	1	1	1	cbio_mutation_tp53_kras
TCGA-BQ-5884	TCGA-KIRP	0	0	1	1	cbio_mutation_tp53_kras
TCGA-BQ-5885	TCGA-KIRP	0	0	1	1	cbio_mutation_tp53_kras
TCGA-BQ-5886	TCGA-KIRP	0	0	1	1	cbio_mutation_tp53_kras
TCGA-BQ-5887	TCGA-KIRP	0	0	1	1	cbio_mutation_tp53_kras
TCGA-BQ-5888	TCGA-KIRP	0	0	1	1	cbio_mutation_tp53_kras
TCGA-BQ-5889	TCGA-KIRP	0	0	1	1	cbio_mutation_tp53_kras
TCGA-BQ-5890	TCGA-KIRP	0	0	1	1	cbio_mutation_tp53_kras
TCGA-BQ-5891	TCGA-KIRP	0	0	1	1	cbio_mutation_tp53_kras
TCGA-BQ-5892	TCGA-KIRP	0	0	1	1	cbio_mutation_tp53_kras
TCGA-BQ-5893	TCGA-KIRP	0	0	1	1	cbio_mutation_tp53_kras
TCGA-BQ-5894	TCGA-KIRP	0	0	1	1	cbio_mutation_tp53_kras
TCGA-BQ-7044	TCGA-KIRP	0	0	1	1	cbio_mutation_tp53_kras
TCGA-BQ-7045	TCGA-KIRP	0	0	1	1	cbio_mutation_tp53_kras
TCGA-BQ-7046	TCGA-KIRP	0	0	1	1	cbio_mutation_tp53_kras
TCGA-BQ-7048	TCGA-KIRP	0	0	1	1	cbio_mutation_tp53_kras
TCGA-BQ-7049	TCGA-KIRP	Unknown	Unknown	0	0	cbio_mutation_tp53_kras
TCGA-BQ-7050	TCGA-KIRP	0	0	1	1	cbio_mutation_tp53_kras
TCGA-BQ-7051	TCGA-KIRP	0	0	1	1	cbio_mutation_tp53_kras
TCGA-BQ-7053	TCGA-KIRP	0	0	1	1	cbio_mutation_tp53_kras
TCGA-BQ-7055	TCGA-KIRP	0	0	1	1	cbio_mutation_tp53_kras
TCGA-BQ-7056	TCGA-KIRP	Unknown	Unknown	0	0	cbio_mutation_tp53_kras
TCGA-BQ-7058	TCGA-KIRP	0	0	1	1	cbio_mutation_tp53_kras
TCGA-BQ-7059	TCGA-KIRP	0	0	1	1	cbio_mutation_tp53_kras
TCGA-BQ-7060	TCGA-KIRP	0	0	1	1	cbio_mutation_tp53_kras
TCGA-BQ-7061	TCGA-KIRP	0	0	1	1	cbio_mutation_tp53_kras
TCGA-BQ-7062	TCGA-KIRP	0	0	1	1	cbio_mutation_tp53_kras
TCGA-BR-6452	TCGA-STAD	0	0	1	1	cbio_mutation_tp53_kras
TCGA-BR-6453	TCGA-STAD	0	0	1	1	cbio_mutation_tp53_kras
TCGA-BR-6454	TCGA-STAD	0	0	1	1	cbio_mutation_tp53_kras
TCGA-BR-6455	TCGA-STAD	0	0	1	1	cbio_mutation_tp53_kras
TCGA-BR-6456	TCGA-STAD	1	0	1	1	cbio_mutation_tp53_kras
TCGA-BR-6457	TCGA-STAD	1	0	1	1	cbio_mutation_tp53_kras
TCGA-BR-6458	TCGA-STAD	1	0	1	1	cbio_mutation_tp53_kras
TCGA-BR-6563	TCGA-STAD	0	0	1	1	cbio_mutation_tp53_kras
TCGA-BR-6564	TCGA-STAD	0	0	1	1	cbio_mutation_tp53_kras
TCGA-BR-6565	TCGA-STAD	1	0	1	1	cbio_mutation_tp53_kras
TCGA-BR-6566	TCGA-STAD	0	0	1	1	cbio_mutation_tp53_kras
TCGA-BR-6705	TCGA-STAD	0	1	1	1	cbio_mutation_tp53_kras
TCGA-BR-6706	TCGA-STAD	0	0	1	1	cbio_mutation_tp53_kras
TCGA-BR-6707	TCGA-STAD	0	0	1	1	cbio_mutation_tp53_kras
TCGA-BR-6709	TCGA-STAD	0	0	1	1	cbio_mutation_tp53_kras
TCGA-BR-6710	TCGA-STAD	Unknown	Unknown	0	0	cbio_mutation_tp53_kras
TCGA-BR-6801	TCGA-STAD	0	0	1	1	cbio_mutation_tp53_kras
TCGA-BR-6802	TCGA-STAD	0	1	1	1	cbio_mutation_tp53_kras
TCGA-BR-6803	TCGA-STAD	1	0	1	1	cbio_mutation_tp53_kras
TCGA-BR-6852	TCGA-STAD	0	0	1	1	cbio_mutation_tp53_kras
TCGA-BR-7196	TCGA-STAD	0	0	1	1	cbio_mutation_tp53_kras
TCGA-BR-7197	TCGA-STAD	1	0	1	1	cbio_mutation_tp53_kras
TCGA-BR-7703	TCGA-STAD	1	1	1	1	cbio_mutation_tp53_kras
TCGA-BR-7704	TCGA-STAD	0	0	1	1	cbio_mutation_tp53_kras
TCGA-BR-7707	TCGA-STAD	1	1	1	1	cbio_mutation_tp53_kras
TCGA-BR-7715	TCGA-STAD	1	0	1	1	cbio_mutation_tp53_kras
TCGA-BR-7716	TCGA-STAD	1	0	1	1	cbio_mutation_tp53_kras
TCGA-BR-7717	TCGA-STAD	0	0	1	1	cbio_mutation_tp53_kras
TCGA-BR-7722	TCGA-STAD	0	0	1	1	cbio_mutation_tp53_kras
TCGA-BR-7723	TCGA-STAD	1	0	1	1	cbio_mutation_tp53_kras
TCGA-BR-7851	TCGA-STAD	0	0	1	1	cbio_mutation_tp53_kras
TCGA-BR-7901	TCGA-STAD	1	0	1	1	cbio_mutation_tp53_kras
TCGA-BR-7957	TCGA-STAD	0	0	1	1	cbio_mutation_tp53_kras
TCGA-BR-7958	TCGA-STAD	0	0	1	1	cbio_mutation_tp53_kras
TCGA-BR-7959	TCGA-STAD	0	0	1	1	cbio_mutation_tp53_kras
TCGA-BR-8058	TCGA-STAD	0	0	1	1	cbio_mutation_tp53_kras
TCGA-BR-8059	TCGA-STAD	0	1	1	1	cbio_mutation_tp53_kras
TCGA-BR-8060	TCGA-STAD	1	0	1	1	cbio_mutation_tp53_kras
TCGA-BR-8077	TCGA-STAD	1	0	1	1	cbio_mutation_tp53_kras
TCGA-BR-8078	TCGA-STAD	0	1	1	1	cbio_mutation_tp53_kras
TCGA-BR-8080	TCGA-STAD	1	0	1	1	cbio_mutation_tp53_kras
TCGA-BR-8081	TCGA-STAD	1	0	1	1	cbio_mutation_tp53_kras
TCGA-BR-8284	TCGA-STAD	0	0	1	1	cbio_mutation_tp53_kras
TCGA-BR-8285	TCGA-STAD	0	0	1	1	cbio_mutation_tp53_kras
TCGA-BR-8286	TCGA-STAD	1	0	1	1	cbio_mutation_tp53_kras
TCGA-BR-8289	TCGA-STAD	1	0	1	1	cbio_mutation_tp53_kras
TCGA-BR-8291	TCGA-STAD	0	0	1	1	cbio_mutation_tp53_kras
TCGA-BR-8295	TCGA-STAD	1	0	1	1	cbio_mutation_tp53_kras
TCGA-BR-8296	TCGA-STAD	1	0	1	1	cbio_mutation_tp53_kras
TCGA-BR-8297	TCGA-STAD	1	0	1	1	cbio_mutation_tp53_kras
TCGA-BR-8360	TCGA-STAD	1	0	1	1	cbio_mutation_tp53_kras
TCGA-BR-8361	TCGA-STAD	1	0	1	1	cbio_mutation_tp53_kras
TCGA-BR-8362	TCGA-STAD	Unknown	Unknown	0	0	cbio_mutation_tp53_kras
TCGA-BR-8363	TCGA-STAD	0	0	1	1	cbio_mutation_tp53_kras
TCGA-BR-8364	TCGA-STAD	0	0	1	1	cbio_mutation_tp53_kras
TCGA-BR-8365	TCGA-STAD	0	0	1	1	cbio_mutation_tp53_kras
TCGA-BR-8366	TCGA-STAD	0	1	1	1	cbio_mutation_tp53_kras
TCGA-BR-8367	TCGA-STAD	0	0	1	1	cbio_mutation_tp53_kras
TCGA-BR-8368	TCGA-STAD	0	1	1	1	cbio_mutation_tp53_kras
TCGA-BR-8369	TCGA-STAD	1	0	1	1	cbio_mutation_tp53_kras
TCGA-BR-8370	TCGA-STAD	0	1	1	1	cbio_mutation_tp53_kras
TCGA-BR-8371	TCGA-STAD	0	0	1	1	cbio_mutation_tp53_kras
TCGA-BR-8372	TCGA-STAD	0	0	1	1	cbio_mutation_tp53_kras
TCGA-BR-8373	TCGA-STAD	0	0	1	1	cbio_mutation_tp53_kras
TCGA-BR-8380	TCGA-STAD	0	0	1	1	cbio_mutation_tp53_kras
TCGA-BR-8381	TCGA-STAD	0	0	1	1	cbio_mutation_tp53_kras
TCGA-BR-8382	TCGA-STAD	0	0	1	1	cbio_mutation_tp53_kras
TCGA-BR-8384	TCGA-STAD	0	0	1	1	cbio_mutation_tp53_kras
TCGA-BR-8483	TCGA-STAD	1	0	1	1	cbio_mutation_tp53_kras
TCGA-BR-8484	TCGA-STAD	1	0	1	1	cbio_mutation_tp53_kras
TCGA-BR-8485	TCGA-STAD	0	0	1	1	cbio_mutation_tp53_kras
TCGA-BR-8486	TCGA-STAD	1	0	1	1	cbio_mutation_tp53_kras
TCGA-BR-8487	TCGA-STAD	1	0	1	1	cbio_mutation_tp53_kras
TCGA-BR-8588	TCGA-STAD	0	0	1	1	cbio_mutation_tp53_kras
TCGA-BR-8589	TCGA-STAD	0	0	1	1	cbio_mutation_tp53_kras
TCGA-BR-8590	TCGA-STAD	1	0	1	1	cbio_mutation_tp53_kras
TCGA-BR-8591	TCGA-STAD	0	0	1	1	cbio_mutation_tp53_kras
TCGA-BR-8592	TCGA-STAD	0	0	1	1	cbio_mutation_tp53_kras
TCGA-BR-8676	TCGA-STAD	0	0	1	1	cbio_mutation_tp53_kras
TCGA-BR-8677	TCGA-STAD	0	0	1	1	cbio_mutation_tp53_kras
TCGA-BR-8678	TCGA-STAD	1	0	1	1	cbio_mutation_tp53_kras
TCGA-BR-8679	TCGA-STAD	1	1	1	1	cbio_mutation_tp53_kras
TCGA-BR-8680	TCGA-STAD	0	1	1	1	cbio_mutation_tp53_kras
TCGA-BR-8682	TCGA-STAD	1	0	1	1	cbio_mutation_tp53_kras
TCGA-BR-8683	TCGA-STAD	1	0	1	1	cbio_mutation_tp53_kras
TCGA-BR-8686	TCGA-STAD	0	0	1	1	cbio_mutation_tp53_kras
TCGA-BR-8687	TCGA-STAD	0	1	1	1	cbio_mutation_tp53_kras
TCGA-BR-8690	TCGA-STAD	1	0	1	1	cbio_mutation_tp53_kras
TCGA-BR-A44T	TCGA-STAD	0	0	1	1	cbio_mutation_tp53_kras
TCGA-BR-A44U	TCGA-STAD	1	0	1	1	cbio_mutation_tp53_kras
TCGA-BR-A452	TCGA-STAD	1	0	1	1	cbio_mutation_tp53_kras
TCGA-BR-A453	TCGA-STAD	0	0	1	1	cbio_mutation_tp53_kras
TCGA-BR-A4CQ	TCGA-STAD	1	1	1	1	cbio_mutation_tp53_kras
TCGA-BR-A4CR	TCGA-STAD	1	0	1	1	cbio_mutation_tp53_kras
TCGA-BR-A4CS	TCGA-STAD	1	0	1	1	cbio_mutation_tp53_kras
TCGA-BR-A4IU	TCGA-STAD	1	0	1	1	cbio_mutation_tp53_kras
TCGA-BR-A4IV	TCGA-STAD	0	0	1	1	cbio_mutation_tp53_kras
TCGA-BR-A4IY	TCGA-STAD	1	0	1	1	cbio_mutation_tp53_kras
TCGA-BR-A4IZ	TCGA-STAD	0	0	1	1	cbio_mutation_tp53_kras
TCGA-BR-A4J1	TCGA-STAD	0	0	1	1	cbio_mutation_tp53_kras
TCGA-BR-A4J2	TCGA-STAD	0	0	1	1	cbio_mutation_tp53_kras
TCGA-BR-A4J4	TCGA-STAD	0	0	1	1	cbio_mutation_tp53_kras
TCGA-BR-A4J5	TCGA-STAD	0	0	1	1	cbio_mutation_tp53_kras
TCGA-BR-A4J6	TCGA-STAD	0	0	1	1	cbio_mutation_tp53_kras
TCGA-BR-A4J7	TCGA-STAD	0	0	1	1	cbio_mutation_tp53_kras
TCGA-BR-A4J8	TCGA-STAD	1	0	1	1	cbio_mutation_tp53_kras
TCGA-BR-A4J9	TCGA-STAD	0	0	1	1	cbio_mutation_tp53_kras
TCGA-BR-A4PD	TCGA-STAD	1	0	1	1	cbio_mutation_tp53_kras
TCGA-BR-A4PE	TCGA-STAD	1	0	1	1	cbio_mutation_tp53_kras
TCGA-BR-A4PF	TCGA-STAD	1	0	1	1	cbio_mutation_tp53_kras
TCGA-BR-A4QI	TCGA-STAD	1	0	1	1	cbio_mutation_tp53_kras
TCGA-BR-A4QL	TCGA-STAD	0	1	1	1	cbio_mutation_tp53_kras
TCGA-BR-A4QM	TCGA-STAD	0	0	1	1	cbio_mutation_tp53_kras
TCGA-BS-A0T9	TCGA-UCEC	0	0	1	1	cbio_mutation_tp53_kras
TCGA-BS-A0TA	TCGA-UCEC	0	0	1	1	cbio_mutation_tp53_kras
TCGA-BS-A0TC	TCGA-UCEC	0	1	1	1	cbio_mutation_tp53_kras
TCGA-BS-A0TD	TCGA-UCEC	0	0	1	1	cbio_mutation_tp53_kras
TCGA-BS-A0TE	TCGA-UCEC	1	0	1	1	cbio_mutation_tp53_kras
TCGA-BS-A0TG	TCGA-UCEC	0	1	1	1	cbio_mutation_tp53_kras
TCGA-BS-A0TI	TCGA-UCEC	1	0	1	1	cbio_mutation_tp53_kras
TCGA-BS-A0TJ	TCGA-UCEC	0	1	1	1	cbio_mutation_tp53_kras
TCGA-BS-A0U5	TCGA-UCEC	0	0	1	1	cbio_mutation_tp53_kras
TCGA-BS-A0U7	TCGA-UCEC	0	1	1	1	cbio_mutation_tp53_kras
TCGA-BS-A0U8	TCGA-UCEC	0	1	1	1	cbio_mutation_tp53_kras
TCGA-BS-A0U9	TCGA-UCEC	1	0	1	1	cbio_mutation_tp53_kras
TCGA-BS-A0UA	TCGA-UCEC	0	0	1	1	cbio_mutation_tp53_kras
TCGA-BS-A0UF	TCGA-UCEC	1	0	1	1	cbio_mutation_tp53_kras
TCGA-BS-A0UJ	TCGA-UCEC	0	0	1	1	cbio_mutation_tp53_kras
TCGA-BS-A0UL	TCGA-UCEC	0	1	1	1	cbio_mutation_tp53_kras
TCGA-BS-A0UM	TCGA-UCEC	0	0	1	1	cbio_mutation_tp53_kras
TCGA-BS-A0UT	TCGA-UCEC	0	0	1	1	cbio_mutation_tp53_kras
TCGA-BS-A0UV	TCGA-UCEC	1	0	1	1	cbio_mutation_tp53_kras
TCGA-BS-A0V4	TCGA-UCEC	0	1	1	1	cbio_mutation_tp53_kras
TCGA-BS-A0V6	TCGA-UCEC	0	0	1	1	cbio_mutation_tp53_kras
TCGA-BS-A0V7	TCGA-UCEC	0	1	1	1	cbio_mutation_tp53_kras
TCGA-BS-A0V8	TCGA-UCEC	1	0	1	1	cbio_mutation_tp53_kras
TCGA-BS-A0VI	TCGA-UCEC	0	0	1	1	cbio_mutation_tp53_kras
TCGA-BS-A0WQ	TCGA-UCEC	0	0	1	1	cbio_mutation_tp53_kras
TCGA-BT-A0S7	TCGA-BLCA	0	0	1	1	cbio_mutation_tp53_kras
TCGA-BT-A0YX	TCGA-BLCA	0	0	1	1	cbio_mutation_tp53_kras
TCGA-BT-A20J	TCGA-BLCA	1	0	1	1	cbio_mutation_tp53_kras
TCGA-BT-A20N	TCGA-BLCA	1	0	1	1	cbio_mutation_tp53_kras
TCGA-BT-A20O	TCGA-BLCA	1	0	1	1	cbio_mutation_tp53_kras
TCGA-BT-A20P	TCGA-BLCA	0	0	1	1	cbio_mutation_tp53_kras
TCGA-BT-A20Q	TCGA-BLCA	0	0	1	1	cbio_mutation_tp53_kras
TCGA-BT-A20R	TCGA-BLCA	1	0	1	1	cbio_mutation_tp53_kras
TCGA-BT-A20T	TCGA-BLCA	0	0	1	1	cbio_mutation_tp53_kras
TCGA-BT-A20U	TCGA-BLCA	1	0	1	1	cbio_mutation_tp53_kras
TCGA-BT-A20W	TCGA-BLCA	0	0	1	1	cbio_mutation_tp53_kras
TCGA-BT-A2LA	TCGA-BLCA	1	0	1	1	cbio_mutation_tp53_kras
TCGA-BT-A2LB	TCGA-BLCA	1	0	1	1	cbio_mutation_tp53_kras
TCGA-BT-A2LD	TCGA-BLCA	1	0	1	1	cbio_mutation_tp53_kras
TCGA-BT-A3PH	TCGA-BLCA	1	0	1	1	cbio_mutation_tp53_kras
TCGA-BT-A3PJ	TCGA-BLCA	1	0	1	1	cbio_mutation_tp53_kras
TCGA-BT-A3PK	TCGA-BLCA	0	0	1	1	cbio_mutation_tp53_kras
TCGA-BT-A42B	TCGA-BLCA	0	0	1	1	cbio_mutation_tp53_kras
TCGA-BT-A42C	TCGA-BLCA	0	0	1	1	cbio_mutation_tp53_kras
TCGA-BT-A42E	TCGA-BLCA	0	0	1	1	cbio_mutation_tp53_kras
TCGA-BT-A42F	TCGA-BLCA	1	0	1	1	cbio_mutation_tp53_kras
TCGA-BW-A5NO	TCGA-LIHC	1	0	1	1	cbio_mutation_tp53_kras
TCGA-BW-A5NP	TCGA-LIHC	0	0	1	1	cbio_mutation_tp53_kras
TCGA-BW-A5NQ	TCGA-LIHC	1	0	1	1	cbio_mutation_tp53_kras
TCGA-C4-A0EZ	TCGA-BLCA	1	0	1	1	cbio_mutation_tp53_kras
TCGA-C4-A0F0	TCGA-BLCA	0	0	1	1	cbio_mutation_tp53_kras
TCGA-C4-A0F1	TCGA-BLCA	0	0	1	1	cbio_mutation_tp53_kras
TCGA-C4-A0F6	TCGA-BLCA	0	0	1	1	cbio_mutation_tp53_kras
TCGA-C4-A0F7	TCGA-BLCA	1	0	1	1	cbio_mutation_tp53_kras
TCGA-C5-A0TN	TCGA-CESC	0	0	1	1	cbio_mutation_tp53_kras
TCGA-C5-A1BE	TCGA-CESC	0	0	1	1	cbio_mutation_tp53_kras
TCGA-C5-A1BF	TCGA-CESC	0	0	1	1	cbio_mutation_tp53_kras
TCGA-C5-A1BI	TCGA-CESC	0	0	1	1	cbio_mutation_tp53_kras
TCGA-C5-A1BJ	TCGA-CESC	0	0	1	1	cbio_mutation_tp53_kras
TCGA-C5-A1BK	TCGA-CESC	0	0	1	1	cbio_mutation_tp53_kras
TCGA-C5-A1BL	TCGA-CESC	0	0	1	1	cbio_mutation_tp53_kras
TCGA-C5-A1BM	TCGA-CESC	0	0	1	1	cbio_mutation_tp53_kras
TCGA-C5-A1BN	TCGA-CESC	0	0	1	1	cbio_mutation_tp53_kras
TCGA-C5-A1BQ	TCGA-CESC	Unknown	Unknown	0	0	cbio_mutation_tp53_kras
TCGA-C5-A1M5	TCGA-CESC	0	0	1	1	cbio_mutation_tp53_kras
TCGA-C5-A1M6	TCGA-CESC	1	0	1	1	cbio_mutation_tp53_kras
TCGA-C5-A1M7	TCGA-CESC	0	0	1	1	cbio_mutation_tp53_kras
TCGA-C5-A1M8	TCGA-CESC	0	0	1	1	cbio_mutation_tp53_kras
TCGA-C5-A1M9	TCGA-CESC	0	0	1	1	cbio_mutation_tp53_kras
TCGA-C5-A1ME	TCGA-CESC	0	1	1	1	cbio_mutation_tp53_kras
TCGA-C5-A1MF	TCGA-CESC	0	0	1	1	cbio_mutation_tp53_kras
TCGA-C5-A1MH	TCGA-CESC	0	0	1	1	cbio_mutation_tp53_kras
TCGA-C5-A1MI	TCGA-CESC	0	0	1	1	cbio_mutation_tp53_kras
TCGA-C5-A1MJ	TCGA-CESC	0	0	1	1	cbio_mutation_tp53_kras
TCGA-C5-A1MK	TCGA-CESC	0	0	1	1	cbio_mutation_tp53_kras
TCGA-C5-A1MN	TCGA-CESC	0	0	1	1	cbio_mutation_tp53_kras
TCGA-C5-A1MP	TCGA-CESC	0	0	1	1	cbio_mutation_tp53_kras
TCGA-C5-A1MQ	TCGA-CESC	0	0	1	1	cbio_mutation_tp53_kras
TCGA-C5-A2LS	TCGA-CESC	0	0	1	1	cbio_mutation_tp53_kras
TCGA-C5-A2LT	TCGA-CESC	0	0	1	1	cbio_mutation_tp53_kras
TCGA-C5-A2LV	TCGA-CESC	0	0	1	1	cbio_mutation_tp53_kras
TCGA-C5-A2LX	TCGA-CESC	0	0	1	1	cbio_mutation_tp53_kras
TCGA-C5-A2LY	TCGA-CESC	0	0	1	1	cbio_mutation_tp53_kras
TCGA-C5-A2LZ	TCGA-CESC	0	0	1	1	cbio_mutation_tp53_kras
TCGA-C5-A2M1	TCGA-CESC	0	1	1	1	cbio_mutation_tp53_kras
TCGA-C5-A2M2	TCGA-CESC	0	0	1	1	cbio_mutation_tp53_kras
TCGA-C5-A3HD	TCGA-CESC	0	0	1	1	cbio_mutation_tp53_kras
TCGA-C5-A3HE	TCGA-CESC	0	0	1	1	cbio_mutation_tp53_kras
TCGA-C5-A3HF	TCGA-CESC	0	1	1	1	cbio_mutation_tp53_kras
TCGA-C5-A3HL	TCGA-CESC	Unknown	Unknown	0	0	cbio_mutation_tp53_kras
TCGA-C5-A7CG	TCGA-CESC	0	0	1	1	cbio_mutation_tp53_kras
TCGA-C5-A7CH	TCGA-CESC	0	0	1	1	cbio_mutation_tp53_kras
TCGA-C5-A7CJ	TCGA-CESC	0	0	1	1	cbio_mutation_tp53_kras
TCGA-C5-A7CK	TCGA-CESC	0	0	1	1	cbio_mutation_tp53_kras
TCGA-C5-A7CL	TCGA-CESC	0	0	1	1	cbio_mutation_tp53_kras
TCGA-C5-A7CM	TCGA-CESC	0	0	1	1	cbio_mutation_tp53_kras
TCGA-C5-A7CO	TCGA-CESC	0	0	1	1	cbio_mutation_tp53_kras
TCGA-C5-A7UC	TCGA-CESC	0	0	1	1	cbio_mutation_tp53_kras
TCGA-C5-A7UE	TCGA-CESC	0	0	1	1	cbio_mutation_tp53_kras
TCGA-C5-A7UH	TCGA-CESC	0	0	1	1	cbio_mutation_tp53_kras
TCGA-C5-A7UI	TCGA-CESC	0	0	1	1	cbio_mutation_tp53_kras
TCGA-C5-A7X3	TCGA-CESC	0	0	1	1	cbio_mutation_tp53_kras
TCGA-C5-A7X5	TCGA-CESC	0	0	1	1	cbio_mutation_tp53_kras
TCGA-C5-A7X8	TCGA-CESC	0	0	1	1	cbio_mutation_tp53_kras
TCGA-C5-A7XC	TCGA-CESC	0	0	1	1	cbio_mutation_tp53_kras
TCGA-C5-A8XH	TCGA-CESC	0	0	1	1	cbio_mutation_tp53_kras
TCGA-C5-A8XI	TCGA-CESC	0	0	1	1	cbio_mutation_tp53_kras
TCGA-C5-A8XJ	TCGA-CESC	0	0	1	1	cbio_mutation_tp53_kras
TCGA-C5-A8XK	TCGA-CESC	0	0	1	1	cbio_mutation_tp53_kras
TCGA-C5-A8YQ	TCGA-CESC	1	0	1	1	cbio_mutation_tp53_kras
TCGA-C5-A8YT	TCGA-CESC	0	0	1	1	cbio_mutation_tp53_kras
TCGA-C5-A8ZZ	TCGA-CESC	0	0	1	1	cbio_mutation_tp53_kras
TCGA-C5-A901	TCGA-CESC	Unknown	Unknown	0	0	cbio_mutation_tp53_kras
TCGA-C5-A902	TCGA-CESC	Unknown	Unknown	0	0	cbio_mutation_tp53_kras
TCGA-C5-A905	TCGA-CESC	Unknown	Unknown	0	0	cbio_mutation_tp53_kras
TCGA-C5-A907	TCGA-CESC	0	0	1	1	cbio_mutation_tp53_kras
TCGA-C8-A12K	TCGA-BRCA_IDC	1	0	1	1	cbio_mutation_tp53_kras
TCGA-C8-A12L	TCGA-BRCA_IDC	1	0	1	1	cbio_mutation_tp53_kras
TCGA-C8-A12M	TCGA-BRCA_IDC	0	0	1	1	cbio_mutation_tp53_kras
TCGA-C8-A12N	TCGA-BRCA_IDC	0	0	1	1	cbio_mutation_tp53_kras
TCGA-C8-A12O	TCGA-BRCA_IDC	1	0	1	1	cbio_mutation_tp53_kras
TCGA-C8-A12P	TCGA-BRCA_IDC	1	0	1	1	cbio_mutation_tp53_kras
TCGA-C8-A12Q	TCGA-BRCA_IDC	1	0	1	1	cbio_mutation_tp53_kras
TCGA-C8-A12T	TCGA-BRCA_IDC	0	0	1	1	cbio_mutation_tp53_kras
TCGA-C8-A12U	TCGA-BRCA_IDC	0	0	1	1	cbio_mutation_tp53_kras
TCGA-C8-A12V	TCGA-BRCA_IDC	1	0	1	1	cbio_mutation_tp53_kras
TCGA-C8-A12W	TCGA-BRCA_IDC	1	0	1	1	cbio_mutation_tp53_kras
TCGA-C8-A12X	TCGA-BRCA_OTHERS	0	0	1	1	cbio_mutation_tp53_kras
TCGA-C8-A12Y	TCGA-BRCA_IDC	0	0	1	1	cbio_mutation_tp53_kras
TCGA-C8-A12Z	TCGA-BRCA_IDC	1	0	1	1	cbio_mutation_tp53_kras
TCGA-C8-A130	TCGA-BRCA_IDC	1	0	1	1	cbio_mutation_tp53_kras
TCGA-C8-A131	TCGA-BRCA_IDC	1	1	1	1	cbio_mutation_tp53_kras
TCGA-C8-A132	TCGA-BRCA_IDC	0	0	1	1	cbio_mutation_tp53_kras
TCGA-C8-A133	TCGA-BRCA_IDC	0	0	1	1	cbio_mutation_tp53_kras
TCGA-C8-A134	TCGA-BRCA_IDC	1	0	1	1	cbio_mutation_tp53_kras
TCGA-C8-A135	TCGA-BRCA_IDC	1	0	1	1	cbio_mutation_tp53_kras
TCGA-C8-A137	TCGA-BRCA_IDC	0	0	1	1	cbio_mutation_tp53_kras
TCGA-C8-A138	TCGA-BRCA_IDC	1	0	1	1	cbio_mutation_tp53_kras
TCGA-C8-A1HE	TCGA-BRCA_IDC	0	0	1	1	cbio_mutation_tp53_kras
TCGA-C8-A1HF	TCGA-BRCA_IDC	1	0	1	1	cbio_mutation_tp53_kras
TCGA-C8-A1HG	TCGA-BRCA_IDC	1	0	1	1	cbio_mutation_tp53_kras
TCGA-C8-A1HI	TCGA-BRCA_IDC	0	0	1	1	cbio_mutation_tp53_kras
TCGA-C8-A1HJ	TCGA-BRCA_IDC	1	0	1	1	cbio_mutation_tp53_kras
TCGA-C8-A1HK	TCGA-BRCA_IDC	1	0	1	1	cbio_mutation_tp53_kras
TCGA-C8-A1HL	TCGA-BRCA_OTHERS	0	0	1	1	cbio_mutation_tp53_kras
TCGA-C8-A1HM	TCGA-BRCA_IDC	1	0	1	1	cbio_mutation_tp53_kras
TCGA-C8-A1HN	TCGA-BRCA_IDC	0	0	1	1	cbio_mutation_tp53_kras
TCGA-C8-A1HO	TCGA-BRCA_IDC	0	0	1	1	cbio_mutation_tp53_kras
TCGA-C8-A26V	TCGA-BRCA_IDC	1	0	1	1	cbio_mutation_tp53_kras
TCGA-C8-A26W	TCGA-BRCA_IDC	1	0	1	1	cbio_mutation_tp53_kras
TCGA-C8-A26X	TCGA-BRCA_IDC	0	0	1	1	cbio_mutation_tp53_kras
TCGA-C8-A26Y	TCGA-BRCA_IDC	1	0	1	1	cbio_mutation_tp53_kras
TCGA-C8-A26Z	TCGA-BRCA_IDC	0	0	1	1	cbio_mutation_tp53_kras
TCGA-C8-A273	TCGA-BRCA_IDC	0	0	1	1	cbio_mutation_tp53_kras
TCGA-C8-A274	TCGA-BRCA_IDC	0	0	1	1	cbio_mutation_tp53_kras
TCGA-C8-A275	TCGA-BRCA_IDC	1	0	1	1	cbio_mutation_tp53_kras
TCGA-C8-A278	TCGA-BRCA_IDC	1	0	1	1	cbio_mutation_tp53_kras
TCGA-C8-A27A	TCGA-BRCA_IDC	1	0	1	1	cbio_mutation_tp53_kras
TCGA-C8-A27B	TCGA-BRCA_IDC	1	0	1	1	cbio_mutation_tp53_kras
TCGA-C8-A3M7	TCGA-BRCA_OTHERS	0	0	1	1	cbio_mutation_tp53_kras
TCGA-C8-A3M8	TCGA-BRCA_OTHERS	0	0	1	1	cbio_mutation_tp53_kras
TCGA-C8-A8HP	TCGA-BRCA_OTHERS	1	0	1	1	cbio_mutation_tp53_kras
TCGA-C8-A8HQ	TCGA-BRCA_OTHERS	0	0	1	1	cbio_mutation_tp53_kras
TCGA-C8-A8HR	TCGA-BRCA_OTHERS	0	0	1	1	cbio_mutation_tp53_kras
TCGA-C8-A9FZ	TCGA-BRCA_OTHERS	0	0	1	1	cbio_mutation_tp53_kras
TCGA-C9-A47Z	TCGA-HNSC	1	0	1	1	cbio_mutation_tp53_kras
TCGA-C9-A480	TCGA-HNSC	1	0	1	1	cbio_mutation_tp53_kras
TCGA-CA-5254	TCGA-COAD	0	0	1	1	cbio_mutation_tp53_kras
TCGA-CA-5255	TCGA-COAD	0	1	1	1	cbio_mutation_tp53_kras
TCGA-CA-5256	TCGA-COAD	0	0	1	1	cbio_mutation_tp53_kras
TCGA-CA-5796	TCGA-COAD	0	1	1	1	cbio_mutation_tp53_kras
TCGA-CA-5797	TCGA-COAD	1	0	1	1	cbio_mutation_tp53_kras
TCGA-CA-6715	TCGA-COAD	1	0	1	1	cbio_mutation_tp53_kras
TCGA-CA-6716	TCGA-COAD	0	1	1	1	cbio_mutation_tp53_kras
TCGA-CA-6717	TCGA-COAD	0	0	1	1	cbio_mutation_tp53_kras
TCGA-CA-6718	TCGA-COAD	1	1	1	1	cbio_mutation_tp53_kras
TCGA-CA-6719	TCGA-COAD	1	0	1	1	cbio_mutation_tp53_kras
TCGA-CC-5258	TCGA-LIHC	1	0	1	1	cbio_mutation_tp53_kras
TCGA-CC-5259	TCGA-LIHC	1	0	1	1	cbio_mutation_tp53_kras
TCGA-CC-5260	TCGA-LIHC	0	0	1	1	cbio_mutation_tp53_kras
TCGA-CC-5261	TCGA-LIHC	0	0	1	1	cbio_mutation_tp53_kras
TCGA-CC-5262	TCGA-LIHC	0	0	1	1	cbio_mutation_tp53_kras
TCGA-CC-5263	TCGA-LIHC	1	0	1	1	cbio_mutation_tp53_kras
TCGA-CC-5264	TCGA-LIHC	0	0	1	1	cbio_mutation_tp53_kras
TCGA-CC-A123	TCGA-LIHC	0	0	1	1	cbio_mutation_tp53_kras
TCGA-CC-A1HT	TCGA-LIHC	1	0	1	1	cbio_mutation_tp53_kras
TCGA-CC-A3M9	TCGA-LIHC	1	0	1	1	cbio_mutation_tp53_kras
TCGA-CC-A3MA	TCGA-LIHC	1	0	1	1	cbio_mutation_tp53_kras
TCGA-CC-A3MB	TCGA-LIHC	1	0	1	1	cbio_mutation_tp53_kras
TCGA-CC-A3MC	TCGA-LIHC	0	0	1	1	cbio_mutation_tp53_kras
TCGA-CC-A5UC	TCGA-LIHC	0	0	1	1	cbio_mutation_tp53_kras
TCGA-CC-A5UD	TCGA-LIHC	1	0	1	1	cbio_mutation_tp53_kras
TCGA-CC-A5UE	TCGA-LIHC	1	0	1	1	cbio_mutation_tp53_kras
TCGA-CC-A7IE	TCGA-LIHC	0	0	1	1	cbio_mutation_tp53_kras
TCGA-CC-A7IF	TCGA-LIHC	0	0	1	1	cbio_mutation_tp53_kras
TCGA-CC-A7IG	TCGA-LIHC	1	0	1	1	cbio_mutation_tp53_kras
TCGA-CC-A7IH	TCGA-LIHC	0	0	1	1	cbio_mutation_tp53_kras
TCGA-CC-A7II	TCGA-LIHC	1	0	1	1	cbio_mutation_tp53_kras
TCGA-CC-A7IJ	TCGA-LIHC	1	0	1	1	cbio_mutation_tp53_kras
TCGA-CC-A7IK	TCGA-LIHC	0	0	1	1	cbio_mutation_tp53_kras
TCGA-CC-A7IL	TCGA-LIHC	0	0	1	1	cbio_mutation_tp53_kras
TCGA-CC-A8HS	TCGA-LIHC	Unknown	Unknown	0	0	cbio_mutation_tp53_kras
TCGA-CC-A8HT	TCGA-LIHC	1	0	1	1	cbio_mutation_tp53_kras
TCGA-CC-A8HU	TCGA-LIHC	1	0	1	1	cbio_mutation_tp53_kras
TCGA-CC-A8HV	TCGA-LIHC	1	0	1	1	cbio_mutation_tp53_kras
TCGA-CC-A9FS	TCGA-LIHC	0	0	1	1	cbio_mutation_tp53_kras
TCGA-CC-A9FU	TCGA-LIHC	0	0	1	1	cbio_mutation_tp53_kras
TCGA-CC-A9FV	TCGA-LIHC	0	0	1	1	cbio_mutation_tp53_kras
TCGA-CC-A9FW	TCGA-LIHC	0	0	1	1	cbio_mutation_tp53_kras
TCGA-CD-5798	TCGA-STAD	0	1	1	1	cbio_mutation_tp53_kras
TCGA-CD-5799	TCGA-STAD	1	0	1	1	cbio_mutation_tp53_kras
TCGA-CD-5800	TCGA-STAD	1	0	1	1	cbio_mutation_tp53_kras
TCGA-CD-5801	TCGA-STAD	0	0	1	1	cbio_mutation_tp53_kras
TCGA-CD-5802	TCGA-STAD	0	0	1	1	cbio_mutation_tp53_kras
TCGA-CD-5803	TCGA-STAD	0	0	1	1	cbio_mutation_tp53_kras
TCGA-CD-5804	TCGA-STAD	1	0	1	1	cbio_mutation_tp53_kras
TCGA-CD-5813	TCGA-STAD	1	0	1	1	cbio_mutation_tp53_kras
TCGA-CD-8524	TCGA-STAD	1	0	1	1	cbio_mutation_tp53_kras
TCGA-CD-8525	TCGA-STAD	1	0	1	1	cbio_mutation_tp53_kras
TCGA-CD-8526	TCGA-STAD	1	0	1	1	cbio_mutation_tp53_kras
TCGA-CD-8527	TCGA-STAD	0	0	1	1	cbio_mutation_tp53_kras
TCGA-CD-8528	TCGA-STAD	1	0	1	1	cbio_mutation_tp53_kras
TCGA-CD-8529	TCGA-STAD	0	0	1	1	cbio_mutation_tp53_kras
TCGA-CD-8530	TCGA-STAD	1	0	1	1	cbio_mutation_tp53_kras
TCGA-CD-8531	TCGA-STAD	1	0	1	1	cbio_mutation_tp53_kras
TCGA-CD-8532	TCGA-STAD	0	0	1	1	cbio_mutation_tp53_kras
TCGA-CD-8533	TCGA-STAD	1	0	1	1	cbio_mutation_tp53_kras
TCGA-CD-8534	TCGA-STAD	0	0	1	1	cbio_mutation_tp53_kras
TCGA-CD-8535	TCGA-STAD	1	1	1	1	cbio_mutation_tp53_kras
TCGA-CD-8536	TCGA-STAD	0	0	1	1	cbio_mutation_tp53_kras
TCGA-CD-A486	TCGA-STAD	1	0	1	1	cbio_mutation_tp53_kras
TCGA-CD-A487	TCGA-STAD	1	0	1	1	cbio_mutation_tp53_kras
TCGA-CD-A489	TCGA-STAD	1	0	1	1	cbio_mutation_tp53_kras
TCGA-CD-A48A	TCGA-STAD	0	0	1	1	cbio_mutation_tp53_kras
TCGA-CD-A48C	TCGA-STAD	1	0	1	1	cbio_mutation_tp53_kras
TCGA-CD-A4MG	TCGA-STAD	0	0	1	1	cbio_mutation_tp53_kras
TCGA-CD-A4MH	TCGA-STAD	1	0	1	1	cbio_mutation_tp53_kras
TCGA-CD-A4MI	TCGA-STAD	0	0	1	1	cbio_mutation_tp53_kras
TCGA-CD-A4MJ	TCGA-STAD	0	1	1	1	cbio_mutation_tp53_kras
TCGA-CE-A13K	TCGA-THCA	0	0	1	1	cbio_mutation_tp53_kras
TCGA-CE-A27D	TCGA-THCA	0	0	1	1	cbio_mutation_tp53_kras
TCGA-CE-A3MD	TCGA-THCA	0	0	1	1	cbio_mutation_tp53_kras
TCGA-CE-A3ME	TCGA-THCA	0	0	1	1	cbio_mutation_tp53_kras
TCGA-CE-A481	TCGA-THCA	0	0	1	1	cbio_mutation_tp53_kras
TCGA-CE-A482	TCGA-THCA	0	0	1	1	cbio_mutation_tp53_kras
TCGA-CE-A483	TCGA-THCA	0	0	1	1	cbio_mutation_tp53_kras
TCGA-CE-A484	TCGA-THCA	0	0	1	1	cbio_mutation_tp53_kras
TCGA-CE-A485	TCGA-THCA	0	0	1	1	cbio_mutation_tp53_kras
TCGA-CF-A1HR	TCGA-BLCA	0	0	1	1	cbio_mutation_tp53_kras
TCGA-CF-A1HS	TCGA-BLCA	1	0	1	1	cbio_mutation_tp53_kras
TCGA-CF-A27C	TCGA-BLCA	0	0	1	1	cbio_mutation_tp53_kras
TCGA-CF-A3MF	TCGA-BLCA	0	0	1	1	cbio_mutation_tp53_kras
TCGA-CF-A3MG	TCGA-BLCA	0	0	1	1	cbio_mutation_tp53_kras
TCGA-CF-A3MH	TCGA-BLCA	0	0	1	1	cbio_mutation_tp53_kras
TCGA-CF-A3MI	TCGA-BLCA	0	0	1	1	cbio_mutation_tp53_kras
TCGA-CF-A47S	TCGA-BLCA	0	0	1	1	cbio_mutation_tp53_kras
TCGA-CF-A47T	TCGA-BLCA	0	0	1	1	cbio_mutation_tp53_kras
TCGA-CF-A47V	TCGA-BLCA	0	0	1	1	cbio_mutation_tp53_kras
TCGA-CF-A47W	TCGA-BLCA	0	0	1	1	cbio_mutation_tp53_kras
TCGA-CF-A47X	TCGA-BLCA	0	1	1	1	cbio_mutation_tp53_kras
TCGA-CF-A47Y	TCGA-BLCA	1	0	1	1	cbio_mutation_tp53_kras
TCGA-CF-A5U8	TCGA-BLCA	1	0	1	1	cbio_mutation_tp53_kras
TCGA-CF-A5UA	TCGA-BLCA	0	1	1	1	cbio_mutation_tp53_kras
TCGA-CF-A7I0	TCGA-BLCA	0	0	1	1	cbio_mutation_tp53_kras
TCGA-CF-A8HX	TCGA-BLCA	0	0	1	1	cbio_mutation_tp53_kras
TCGA-CF-A8HY	TCGA-BLCA	0	0	1	1	cbio_mutation_tp53_kras
TCGA-CF-A9FF	TCGA-BLCA	0	0	1	1	cbio_mutation_tp53_kras
TCGA-CF-A9FH	TCGA-BLCA	0	0	1	1	cbio_mutation_tp53_kras
TCGA-CF-A9FL	TCGA-BLCA	0	0	1	1	cbio_mutation_tp53_kras
TCGA-CF-A9FM	TCGA-BLCA	0	0	1	1	cbio_mutation_tp53_kras
TCGA-CG-4300	TCGA-STAD	1	0	1	1	cbio_mutation_tp53_kras
TCGA-CG-4301	TCGA-STAD	0	0	1	1	cbio_mutation_tp53_kras
TCGA-CG-4304	TCGA-STAD	0	0	1	1	cbio_mutation_tp53_kras
TCGA-CG-4305	TCGA-STAD	0	0	1	1	cbio_mutation_tp53_kras
TCGA-CG-4306	TCGA-STAD	0	0	1	1	cbio_mutation_tp53_kras
TCGA-CG-4436	TCGA-STAD	1	0	1	1	cbio_mutation_tp53_kras
TCGA-CG-4438	TCGA-STAD	1	0	1	1	cbio_mutation_tp53_kras
TCGA-CG-4440	TCGA-STAD	1	0	1	1	cbio_mutation_tp53_kras
TCGA-CG-4441	TCGA-STAD	0	0	1	1	cbio_mutation_tp53_kras
TCGA-CG-4442	TCGA-STAD	0	1	1	1	cbio_mutation_tp53_kras
TCGA-CG-4443	TCGA-STAD	0	0	1	1	cbio_mutation_tp53_kras
TCGA-CG-4444	TCGA-STAD	1	0	1	1	cbio_mutation_tp53_kras
TCGA-CG-4449	TCGA-STAD	1	0	1	1	cbio_mutation_tp53_kras
TCGA-CG-4455	TCGA-STAD	0	0	1	1	cbio_mutation_tp53_kras
TCGA-CG-4460	TCGA-STAD	Unknown	Unknown	0	0	cbio_mutation_tp53_kras
TCGA-CG-4462	TCGA-STAD	0	0	1	1	cbio_mutation_tp53_kras
TCGA-CG-4465	TCGA-STAD	0	0	1	1	cbio_mutation_tp53_kras
TCGA-CG-4466	TCGA-STAD	1	0	1	1	cbio_mutation_tp53_kras
TCGA-CG-4469	TCGA-STAD	1	0	1	1	cbio_mutation_tp53_kras
TCGA-CG-4472	TCGA-STAD	Unknown	Unknown	0	0	cbio_mutation_tp53_kras
TCGA-CG-4474	TCGA-STAD	0	0	1	1	cbio_mutation_tp53_kras
TCGA-CG-4475	TCGA-STAD	0	0	1	1	cbio_mutation_tp53_kras
TCGA-CG-4476	TCGA-STAD	0	0	1	1	cbio_mutation_tp53_kras
TCGA-CG-4477	TCGA-STAD	1	0	1	1	cbio_mutation_tp53_kras
TCGA-CH-5737	TCGA-PRAD	0	0	1	1	cbio_mutation_tp53_kras
TCGA-CH-5738	TCGA-PRAD	0	0	1	1	cbio_mutation_tp53_kras
TCGA-CH-5739	TCGA-PRAD	0	0	1	1	cbio_mutation_tp53_kras
TCGA-CH-5740	TCGA-PRAD	0	0	1	1	cbio_mutation_tp53_kras
TCGA-CH-5741	TCGA-PRAD	0	0	1	1	cbio_mutation_tp53_kras
TCGA-CH-5743	TCGA-PRAD	0	0	1	1	cbio_mutation_tp53_kras
TCGA-CH-5744	TCGA-PRAD	0	0	1	1	cbio_mutation_tp53_kras
TCGA-CH-5745	TCGA-PRAD	0	0	1	1	cbio_mutation_tp53_kras
TCGA-CH-5746	TCGA-PRAD	0	0	1	1	cbio_mutation_tp53_kras
TCGA-CH-5748	TCGA-PRAD	0	0	1	1	cbio_mutation_tp53_kras
TCGA-CH-5750	TCGA-PRAD	0	0	1	1	cbio_mutation_tp53_kras
TCGA-CH-5751	TCGA-PRAD	0	0	1	1	cbio_mutation_tp53_kras
TCGA-CH-5752	TCGA-PRAD	0	0	1	1	cbio_mutation_tp53_kras
TCGA-CH-5753	TCGA-PRAD	0	0	1	1	cbio_mutation_tp53_kras
TCGA-CH-5754	TCGA-PRAD	0	0	1	1	cbio_mutation_tp53_kras
TCGA-CH-5761	TCGA-PRAD	1	0	1	1	cbio_mutation_tp53_kras
TCGA-CH-5762	TCGA-PRAD	0	0	1	1	cbio_mutation_tp53_kras
TCGA-CH-5763	TCGA-PRAD	0	0	1	1	cbio_mutation_tp53_kras
TCGA-CH-5764	TCGA-PRAD	0	0	1	1	cbio_mutation_tp53_kras
TCGA-CH-5765	TCGA-PRAD	0	0	1	1	cbio_mutation_tp53_kras
TCGA-CH-5766	TCGA-PRAD	0	0	1	1	cbio_mutation_tp53_kras
TCGA-CH-5767	TCGA-PRAD	0	0	1	1	cbio_mutation_tp53_kras
TCGA-CH-5768	TCGA-PRAD	0	0	1	1	cbio_mutation_tp53_kras
TCGA-CH-5769	TCGA-PRAD	0	0	1	1	cbio_mutation_tp53_kras
TCGA-CI-6622	TCGA-READ	0	1	1	1	cbio_mutation_tp53_kras
TCGA-CI-6624	TCGA-READ	1	0	1	1	cbio_mutation_tp53_kras
TCGA-CJ-4634	TCGA-KIRC	0	0	1	1	cbio_mutation_tp53_kras
TCGA-CJ-4635	TCGA-KIRC	Unknown	Unknown	0	0	cbio_mutation_tp53_kras
TCGA-CJ-4636	TCGA-KIRC	0	0	1	1	cbio_mutation_tp53_kras
TCGA-CJ-4637	TCGA-KIRC	0	0	1	1	cbio_mutation_tp53_kras
TCGA-CJ-4638	TCGA-KIRC	0	0	1	1	cbio_mutation_tp53_kras
TCGA-CJ-4639	TCGA-KIRC	0	0	1	1	cbio_mutation_tp53_kras
TCGA-CJ-4640	TCGA-KIRC	0	0	1	1	cbio_mutation_tp53_kras
TCGA-CJ-4641	TCGA-KIRC	0	0	1	1	cbio_mutation_tp53_kras
TCGA-CJ-4642	TCGA-KIRC	Unknown	Unknown	0	0	cbio_mutation_tp53_kras
TCGA-CJ-4643	TCGA-KIRC	0	0	1	1	cbio_mutation_tp53_kras
TCGA-CJ-4644	TCGA-KIRC	0	0	1	1	cbio_mutation_tp53_kras
TCGA-CJ-4868	TCGA-KIRC	0	0	1	1	cbio_mutation_tp53_kras
TCGA-CJ-4869	TCGA-KIRC	0	0	1	1	cbio_mutation_tp53_kras
TCGA-CJ-4870	TCGA-KIRC	Unknown	Unknown	0	0	cbio_mutation_tp53_kras
TCGA-CJ-4871	TCGA-KIRC	Unknown	Unknown	0	0	cbio_mutation_tp53_kras
TCGA-CJ-4873	TCGA-KIRC	Unknown	Unknown	0	0	cbio_mutation_tp53_kras
TCGA-CJ-4874	TCGA-KIRC	Unknown	Unknown	0	0	cbio_mutation_tp53_kras
TCGA-CJ-4875	TCGA-KIRC	Unknown	Unknown	0	0	cbio_mutation_tp53_kras
TCGA-CJ-4876	TCGA-KIRC	Unknown	Unknown	0	0	cbio_mutation_tp53_kras
TCGA-CJ-4878	TCGA-KIRC	0	0	1	1	cbio_mutation_tp53_kras
TCGA-CJ-4881	TCGA-KIRC	Unknown	Unknown	0	0	cbio_mutation_tp53_kras
TCGA-CJ-4882	TCGA-KIRC	0	0	1	1	cbio_mutation_tp53_kras
TCGA-CJ-4884	TCGA-KIRC	0	0	1	1	cbio_mutation_tp53_kras
TCGA-CJ-4885	TCGA-KIRC	Unknown	Unknown	0	0	cbio_mutation_tp53_kras
TCGA-CJ-4886	TCGA-KIRC	0	0	1	1	cbio_mutation_tp53_kras
TCGA-CJ-4887	TCGA-KIRC	Unknown	Unknown	0	0	cbio_mutation_tp53_kras
TCGA-CJ-4888	TCGA-KIRC	Unknown	Unknown	0	0	cbio_mutation_tp53_kras
TCGA-CJ-4889	TCGA-KIRC	Unknown	Unknown	0	0	cbio_mutation_tp53_kras
TCGA-CJ-4890	TCGA-KIRC	Unknown	Unknown	0	0	cbio_mutation_tp53_kras
TCGA-CJ-4891	TCGA-KIRC	Unknown	Unknown	0	0	cbio_mutation_tp53_kras
TCGA-CJ-4892	TCGA-KIRC	Unknown	Unknown	0	0	cbio_mutation_tp53_kras
TCGA-CJ-4893	TCGA-KIRC	0	0	1	1	cbio_mutation_tp53_kras
TCGA-CJ-4894	TCGA-KIRC	Unknown	Unknown	0	0	cbio_mutation_tp53_kras
TCGA-CJ-4895	TCGA-KIRC	0	0	1	1	cbio_mutation_tp53_kras
TCGA-CJ-4897	TCGA-KIRC	Unknown	Unknown	0	0	cbio_mutation_tp53_kras
TCGA-CJ-4899	TCGA-KIRC	0	0	1	1	cbio_mutation_tp53_kras
TCGA-CJ-4900	TCGA-KIRC	0	0	1	1	cbio_mutation_tp53_kras
TCGA-CJ-4901	TCGA-KIRC	0	0	1	1	cbio_mutation_tp53_kras
TCGA-CJ-4902	TCGA-KIRC	0	0	1	1	cbio_mutation_tp53_kras
TCGA-CJ-4903	TCGA-KIRC	0	0	1	1	cbio_mutation_tp53_kras
TCGA-CJ-4904	TCGA-KIRC	0	0	1	1	cbio_mutation_tp53_kras
TCGA-CJ-4905	TCGA-KIRC	0	0	1	1	cbio_mutation_tp53_kras
TCGA-CJ-4907	TCGA-KIRC	0	0	1	1	cbio_mutation_tp53_kras
TCGA-CJ-4908	TCGA-KIRC	0	0	1	1	cbio_mutation_tp53_kras
TCGA-CJ-4912	TCGA-KIRC	0	0	1	1	cbio_mutation_tp53_kras
TCGA-CJ-4913	TCGA-KIRC	0	0	1	1	cbio_mutation_tp53_kras
TCGA-CJ-4916	TCGA-KIRC	0	0	1	1	cbio_mutation_tp53_kras
TCGA-CJ-4918	TCGA-KIRC	0	0	1	1	cbio_mutation_tp53_kras
TCGA-CJ-4920	TCGA-KIRC	0	0	1	1	cbio_mutation_tp53_kras
TCGA-CJ-4923	TCGA-KIRC	0	0	1	1	cbio_mutation_tp53_kras
TCGA-CJ-5671	TCGA-KIRC	0	0	1	1	cbio_mutation_tp53_kras
TCGA-CJ-5672	TCGA-KIRC	0	0	1	1	cbio_mutation_tp53_kras
TCGA-CJ-5675	TCGA-KIRC	0	0	1	1	cbio_mutation_tp53_kras
TCGA-CJ-5676	TCGA-KIRC	0	0	1	1	cbio_mutation_tp53_kras
TCGA-CJ-5677	TCGA-KIRC	1	0	1	1	cbio_mutation_tp53_kras
TCGA-CJ-5678	TCGA-KIRC	0	0	1	1	cbio_mutation_tp53_kras
TCGA-CJ-5679	TCGA-KIRC	0	0	1	1	cbio_mutation_tp53_kras
TCGA-CJ-5680	TCGA-KIRC	0	0	1	1	cbio_mutation_tp53_kras
TCGA-CJ-5681	TCGA-KIRC	0	0	1	1	cbio_mutation_tp53_kras
TCGA-CJ-5682	TCGA-KIRC	0	0	1	1	cbio_mutation_tp53_kras
TCGA-CJ-5683	TCGA-KIRC	0	0	1	1	cbio_mutation_tp53_kras
TCGA-CJ-5684	TCGA-KIRC	0	0	1	1	cbio_mutation_tp53_kras
TCGA-CJ-5686	TCGA-KIRC	0	0	1	1	cbio_mutation_tp53_kras
TCGA-CJ-5689	TCGA-KIRC	0	0	1	1	cbio_mutation_tp53_kras
TCGA-CJ-6027	TCGA-KIRC	0	0	1	1	cbio_mutation_tp53_kras
TCGA-CJ-6028	TCGA-KIRC	0	0	1	1	cbio_mutation_tp53_kras
TCGA-CJ-6030	TCGA-KIRC	0	0	1	1	cbio_mutation_tp53_kras
TCGA-CJ-6031	TCGA-KIRC	0	0	1	1	cbio_mutation_tp53_kras
TCGA-CJ-6032	TCGA-KIRC	0	0	1	1	cbio_mutation_tp53_kras
TCGA-CJ-6033	TCGA-KIRC	0	0	1	1	cbio_mutation_tp53_kras
TCGA-CK-4947	TCGA-COAD	0	1	1	1	cbio_mutation_tp53_kras
TCGA-CK-4948	TCGA-COAD	1	1	1	1	cbio_mutation_tp53_kras
TCGA-CK-4950	TCGA-COAD	0	1	1	1	cbio_mutation_tp53_kras
TCGA-CK-4951	TCGA-COAD	1	0	1	1	cbio_mutation_tp53_kras
TCGA-CK-4952	TCGA-COAD	0	0	1	1	cbio_mutation_tp53_kras
TCGA-CK-5912	TCGA-COAD	0	0	1	1	cbio_mutation_tp53_kras
TCGA-CK-5913	TCGA-COAD	0	0	1	1	cbio_mutation_tp53_kras
TCGA-CK-5914	TCGA-COAD	1	0	1	1	cbio_mutation_tp53_kras
TCGA-CK-5915	TCGA-COAD	0	0	1	1	cbio_mutation_tp53_kras
TCGA-CK-5916	TCGA-COAD	1	0	1	1	cbio_mutation_tp53_kras
TCGA-CK-6746	TCGA-COAD	0	0	1	1	cbio_mutation_tp53_kras
TCGA-CK-6747	TCGA-COAD	1	0	1	1	cbio_mutation_tp53_kras
TCGA-CK-6748	TCGA-COAD	0	1	1	1	cbio_mutation_tp53_kras
TCGA-CK-6751	TCGA-COAD	0	1	1	1	cbio_mutation_tp53_kras
TCGA-CL-4957	TCGA-READ	1	0	1	1	cbio_mutation_tp53_kras
TCGA-CL-5917	TCGA-READ	1	1	1	1	cbio_mutation_tp53_kras
TCGA-CL-5918	TCGA-READ	1	0	1	1	cbio_mutation_tp53_kras
TCGA-CM-4743	TCGA-COAD	0	0	1	1	cbio_mutation_tp53_kras
TCGA-CM-4744	TCGA-COAD	0	1	1	1	cbio_mutation_tp53_kras
TCGA-CM-4746	TCGA-COAD	1	1	1	1	cbio_mutation_tp53_kras
TCGA-CM-4747	TCGA-COAD	0	1	1	1	cbio_mutation_tp53_kras
TCGA-CM-4748	TCGA-COAD	0	1	1	1	cbio_mutation_tp53_kras
TCGA-CM-4750	TCGA-COAD	1	0	1	1	cbio_mutation_tp53_kras
TCGA-CM-4751	TCGA-COAD	1	1	1	1	cbio_mutation_tp53_kras
TCGA-CM-4752	TCGA-COAD	1	0	1	1	cbio_mutation_tp53_kras
TCGA-CM-5341	TCGA-COAD	1	0	1	1	cbio_mutation_tp53_kras
TCGA-CM-5344	TCGA-COAD	0	0	1	1	cbio_mutation_tp53_kras
TCGA-CM-5348	TCGA-COAD	1	0	1	1	cbio_mutation_tp53_kras
TCGA-CM-5349	TCGA-COAD	0	1	1	1	cbio_mutation_tp53_kras
TCGA-CM-5860	TCGA-COAD	1	0	1	1	cbio_mutation_tp53_kras
TCGA-CM-5861	TCGA-COAD	0	0	1	1	cbio_mutation_tp53_kras
TCGA-CM-5862	TCGA-COAD	1	0	1	1	cbio_mutation_tp53_kras
TCGA-CM-5863	TCGA-COAD	1	1	1	1	cbio_mutation_tp53_kras
TCGA-CM-5864	TCGA-COAD	1	0	1	1	cbio_mutation_tp53_kras
TCGA-CM-5868	TCGA-COAD	1	0	1	1	cbio_mutation_tp53_kras
TCGA-CM-6161	TCGA-COAD	0	0	1	1	cbio_mutation_tp53_kras
TCGA-CM-6162	TCGA-COAD	0	0	1	1	cbio_mutation_tp53_kras
TCGA-CM-6163	TCGA-COAD	1	0	1	1	cbio_mutation_tp53_kras
TCGA-CM-6164	TCGA-COAD	1	1	1	1	cbio_mutation_tp53_kras
TCGA-CM-6165	TCGA-COAD	1	0	1	1	cbio_mutation_tp53_kras
TCGA-CM-6166	TCGA-COAD	1	1	1	1	cbio_mutation_tp53_kras
TCGA-CM-6167	TCGA-COAD	1	0	1	1	cbio_mutation_tp53_kras
TCGA-CM-6168	TCGA-COAD	0	1	1	1	cbio_mutation_tp53_kras
TCGA-CM-6169	TCGA-COAD	1	0	1	1	cbio_mutation_tp53_kras
TCGA-CM-6170	TCGA-COAD	0	0	1	1	cbio_mutation_tp53_kras
TCGA-CM-6171	TCGA-COAD	0	0	1	1	cbio_mutation_tp53_kras
TCGA-CM-6172	TCGA-COAD	1	0	1	1	cbio_mutation_tp53_kras
TCGA-CM-6674	TCGA-COAD	0	1	1	1	cbio_mutation_tp53_kras
TCGA-CM-6675	TCGA-COAD	1	0	1	1	cbio_mutation_tp53_kras
TCGA-CM-6676	TCGA-COAD	1	0	1	1	cbio_mutation_tp53_kras
TCGA-CM-6677	TCGA-COAD	1	0	1	1	cbio_mutation_tp53_kras
TCGA-CM-6678	TCGA-COAD	0	1	1	1	cbio_mutation_tp53_kras
TCGA-CM-6679	TCGA-COAD	1	0	1	1	cbio_mutation_tp53_kras
TCGA-CM-6680	TCGA-COAD	0	0	1	1	cbio_mutation_tp53_kras
TCGA-CN-4722	TCGA-HNSC	Unknown	Unknown	0	0	cbio_mutation_tp53_kras
TCGA-CN-4723	TCGA-HNSC	1	0	1	1	cbio_mutation_tp53_kras
TCGA-CN-4725	TCGA-HNSC	1	0	1	1	cbio_mutation_tp53_kras
TCGA-CN-4726	TCGA-HNSC	1	0	1	1	cbio_mutation_tp53_kras
TCGA-CN-4727	TCGA-HNSC	1	0	1	1	cbio_mutation_tp53_kras
TCGA-CN-4728	TCGA-HNSC	1	0	1	1	cbio_mutation_tp53_kras
TCGA-CN-4729	TCGA-HNSC	1	0	1	1	cbio_mutation_tp53_kras
TCGA-CN-4730	TCGA-HNSC	0	0	1	1	cbio_mutation_tp53_kras
TCGA-CN-4731	TCGA-HNSC	1	0	1	1	cbio_mutation_tp53_kras
TCGA-CN-4733	TCGA-HNSC	1	0	1	1	cbio_mutation_tp53_kras
TCGA-CN-4734	TCGA-HNSC	0	0	1	1	cbio_mutation_tp53_kras
TCGA-CN-4735	TCGA-HNSC	1	0	1	1	cbio_mutation_tp53_kras
TCGA-CN-4736	TCGA-HNSC	1	0	1	1	cbio_mutation_tp53_kras
TCGA-CN-4737	TCGA-HNSC	1	0	1	1	cbio_mutation_tp53_kras
TCGA-CN-4738	TCGA-HNSC	1	0	1	1	cbio_mutation_tp53_kras
TCGA-CN-4739	TCGA-HNSC	1	0	1	1	cbio_mutation_tp53_kras
TCGA-CN-4740	TCGA-HNSC	1	0	1	1	cbio_mutation_tp53_kras
TCGA-CN-4741	TCGA-HNSC	0	0	1	1	cbio_mutation_tp53_kras
TCGA-CN-4742	TCGA-HNSC	1	0	1	1	cbio_mutation_tp53_kras
TCGA-CN-5355	TCGA-HNSC	1	0	1	1	cbio_mutation_tp53_kras
TCGA-CN-5356	TCGA-HNSC	1	0	1	1	cbio_mutation_tp53_kras
TCGA-CN-5358	TCGA-HNSC	1	0	1	1	cbio_mutation_tp53_kras
TCGA-CN-5359	TCGA-HNSC	1	0	1	1	cbio_mutation_tp53_kras
TCGA-CN-5360	TCGA-HNSC	1	0	1	1	cbio_mutation_tp53_kras
TCGA-CN-5361	TCGA-HNSC	0	0	1	1	cbio_mutation_tp53_kras
TCGA-CN-5363	TCGA-HNSC	1	0	1	1	cbio_mutation_tp53_kras
TCGA-CN-5364	TCGA-HNSC	1	0	1	1	cbio_mutation_tp53_kras
TCGA-CN-5365	TCGA-HNSC	1	0	1	1	cbio_mutation_tp53_kras
TCGA-CN-5366	TCGA-HNSC	1	0	1	1	cbio_mutation_tp53_kras
TCGA-CN-5367	TCGA-HNSC	1	0	1	1	cbio_mutation_tp53_kras
TCGA-CN-5369	TCGA-HNSC	0	1	1	1	cbio_mutation_tp53_kras
TCGA-CN-5373	TCGA-HNSC	1	0	1	1	cbio_mutation_tp53_kras
TCGA-CN-5374	TCGA-HNSC	0	0	1	1	cbio_mutation_tp53_kras
TCGA-CN-6010	TCGA-HNSC	1	0	1	1	cbio_mutation_tp53_kras
TCGA-CN-6011	TCGA-HNSC	1	0	1	1	cbio_mutation_tp53_kras
TCGA-CN-6012	TCGA-HNSC	1	0	1	1	cbio_mutation_tp53_kras
TCGA-CN-6013	TCGA-HNSC	1	0	1	1	cbio_mutation_tp53_kras
TCGA-CN-6016	TCGA-HNSC	1	0	1	1	cbio_mutation_tp53_kras
TCGA-CN-6017	TCGA-HNSC	0	0	1	1	cbio_mutation_tp53_kras
TCGA-CN-6018	TCGA-HNSC	1	0	1	1	cbio_mutation_tp53_kras
TCGA-CN-6019	TCGA-HNSC	1	0	1	1	cbio_mutation_tp53_kras
TCGA-CN-6020	TCGA-HNSC	1	0	1	1	cbio_mutation_tp53_kras
TCGA-CN-6021	TCGA-HNSC	1	0	1	1	cbio_mutation_tp53_kras
TCGA-CN-6022	TCGA-HNSC	1	0	1	1	cbio_mutation_tp53_kras
TCGA-CN-6023	TCGA-HNSC	1	0	1	1	cbio_mutation_tp53_kras
TCGA-CN-6024	TCGA-HNSC	1	0	1	1	cbio_mutation_tp53_kras
TCGA-CN-6988	TCGA-HNSC	1	0	1	1	cbio_mutation_tp53_kras
TCGA-CN-6989	TCGA-HNSC	1	0	1	1	cbio_mutation_tp53_kras
TCGA-CN-6992	TCGA-HNSC	1	0	1	1	cbio_mutation_tp53_kras
TCGA-CN-6994	TCGA-HNSC	1	0	1	1	cbio_mutation_tp53_kras
TCGA-CN-6996	TCGA-HNSC	1	0	1	1	cbio_mutation_tp53_kras
TCGA-CN-6997	TCGA-HNSC	1	0	1	1	cbio_mutation_tp53_kras
TCGA-CN-6998	TCGA-HNSC	1	0	1	1	cbio_mutation_tp53_kras
TCGA-CN-A63T	TCGA-HNSC	1	0	1	1	cbio_mutation_tp53_kras
TCGA-CN-A63U	TCGA-HNSC	1	0	1	1	cbio_mutation_tp53_kras
TCGA-CN-A63V	TCGA-HNSC	0	0	1	1	cbio_mutation_tp53_kras
TCGA-CN-A63W	TCGA-HNSC	1	0	1	1	cbio_mutation_tp53_kras
TCGA-CN-A63Y	TCGA-HNSC	0	0	1	1	cbio_mutation_tp53_kras
TCGA-CN-A640	TCGA-HNSC	1	0	1	1	cbio_mutation_tp53_kras
TCGA-CN-A641	TCGA-HNSC	1	0	1	1	cbio_mutation_tp53_kras
TCGA-CN-A642	TCGA-HNSC	0	0	1	1	cbio_mutation_tp53_kras
TCGA-CQ-5323	TCGA-HNSC	0	0	1	1	cbio_mutation_tp53_kras
TCGA-CQ-5324	TCGA-HNSC	0	0	1	1	cbio_mutation_tp53_kras
TCGA-CQ-5325	TCGA-HNSC	0	0	1	1	cbio_mutation_tp53_kras
TCGA-CQ-5326	TCGA-HNSC	1	0	1	1	cbio_mutation_tp53_kras
TCGA-CQ-5329	TCGA-HNSC	1	0	1	1	cbio_mutation_tp53_kras
TCGA-CQ-5330	TCGA-HNSC	1	0	1	1	cbio_mutation_tp53_kras
TCGA-CQ-5331	TCGA-HNSC	1	0	1	1	cbio_mutation_tp53_kras
TCGA-CQ-5332	TCGA-HNSC	1	0	1	1	cbio_mutation_tp53_kras
TCGA-CQ-5333	TCGA-HNSC	1	0	1	1	cbio_mutation_tp53_kras
TCGA-CQ-5334	TCGA-HNSC	1	0	1	1	cbio_mutation_tp53_kras
TCGA-CQ-6218	TCGA-HNSC	1	0	1	1	cbio_mutation_tp53_kras
TCGA-CQ-6219	TCGA-HNSC	1	0	1	1	cbio_mutation_tp53_kras
TCGA-CQ-6220	TCGA-HNSC	1	0	1	1	cbio_mutation_tp53_kras
TCGA-CQ-6222	TCGA-HNSC	1	0	1	1	cbio_mutation_tp53_kras
TCGA-CQ-6223	TCGA-HNSC	1	0	1	1	cbio_mutation_tp53_kras
TCGA-CQ-6224	TCGA-HNSC	1	0	1	1	cbio_mutation_tp53_kras
TCGA-CQ-6225	TCGA-HNSC	1	0	1	1	cbio_mutation_tp53_kras
TCGA-CQ-6227	TCGA-HNSC	0	0	1	1	cbio_mutation_tp53_kras
TCGA-CQ-6228	TCGA-HNSC	1	0	1	1	cbio_mutation_tp53_kras
TCGA-CQ-6229	TCGA-HNSC	1	0	1	1	cbio_mutation_tp53_kras
TCGA-CQ-7063	TCGA-HNSC	1	0	1	1	cbio_mutation_tp53_kras
TCGA-CQ-7064	TCGA-HNSC	1	0	1	1	cbio_mutation_tp53_kras
TCGA-CQ-7065	TCGA-HNSC	1	0	1	1	cbio_mutation_tp53_kras
TCGA-CQ-7067	TCGA-HNSC	0	0	1	1	cbio_mutation_tp53_kras
TCGA-CQ-7068	TCGA-HNSC	0	0	1	1	cbio_mutation_tp53_kras
TCGA-CQ-7069	TCGA-HNSC	1	0	1	1	cbio_mutation_tp53_kras
TCGA-CQ-7071	TCGA-HNSC	0	0	1	1	cbio_mutation_tp53_kras
TCGA-CQ-7072	TCGA-HNSC	1	0	1	1	cbio_mutation_tp53_kras
TCGA-CQ-A4C6	TCGA-HNSC	1	0	1	1	cbio_mutation_tp53_kras
TCGA-CQ-A4C7	TCGA-HNSC	Unknown	Unknown	0	0	cbio_mutation_tp53_kras
TCGA-CQ-A4C9	TCGA-HNSC	1	0	1	1	cbio_mutation_tp53_kras
TCGA-CQ-A4CA	TCGA-HNSC	0	0	1	1	cbio_mutation_tp53_kras
TCGA-CQ-A4CB	TCGA-HNSC	1	0	1	1	cbio_mutation_tp53_kras
TCGA-CQ-A4CD	TCGA-HNSC	1	0	1	1	cbio_mutation_tp53_kras
TCGA-CQ-A4CE	TCGA-HNSC	1	0	1	1	cbio_mutation_tp53_kras
TCGA-CQ-A4CG	TCGA-HNSC	0	0	1	1	cbio_mutation_tp53_kras
TCGA-CQ-A4CH	TCGA-HNSC	1	0	1	1	cbio_mutation_tp53_kras
TCGA-CQ-A4CI	TCGA-HNSC	1	0	1	1	cbio_mutation_tp53_kras
TCGA-CS-4938	TCGA-LGG	1	0	1	1	cbio_mutation_tp53_kras
TCGA-CS-4941	TCGA-LGG	0	0	1	1	cbio_mutation_tp53_kras
TCGA-CS-4942	TCGA-LGG	1	0	1	1	cbio_mutation_tp53_kras
TCGA-CS-4943	TCGA-LGG	1	0	1	1	cbio_mutation_tp53_kras
TCGA-CS-4944	TCGA-LGG	0	0	1	1	cbio_mutation_tp53_kras
TCGA-CS-5390	TCGA-LGG	0	0	1	1	cbio_mutation_tp53_kras
TCGA-CS-5393	TCGA-LGG	1	0	1	1	cbio_mutation_tp53_kras
TCGA-CS-5394	TCGA-LGG	0	0	1	1	cbio_mutation_tp53_kras
TCGA-CS-5395	TCGA-LGG	0	0	1	1	cbio_mutation_tp53_kras
TCGA-CS-5396	TCGA-LGG	1	1	1	1	cbio_mutation_tp53_kras
TCGA-CS-5397	TCGA-LGG	0	0	1	1	cbio_mutation_tp53_kras
TCGA-CS-6186	TCGA-LGG	0	0	1	1	cbio_mutation_tp53_kras
TCGA-CS-6188	TCGA-LGG	0	0	1	1	cbio_mutation_tp53_kras
TCGA-CS-6290	TCGA-LGG	1	0	1	1	cbio_mutation_tp53_kras
TCGA-CS-6665	TCGA-LGG	1	0	1	1	cbio_mutation_tp53_kras
TCGA-CS-6666	TCGA-LGG	1	0	1	1	cbio_mutation_tp53_kras
TCGA-CS-6667	TCGA-LGG	1	0	1	1	cbio_mutation_tp53_kras
TCGA-CS-6668	TCGA-LGG	0	0	1	1	cbio_mutation_tp53_kras
TCGA-CS-6669	TCGA-LGG	0	0	1	1	cbio_mutation_tp53_kras
TCGA-CS-6670	TCGA-LGG	0	0	1	1	cbio_mutation_tp53_kras
TCGA-CU-A0YN	TCGA-BLCA	0	0	1	1	cbio_mutation_tp53_kras
TCGA-CU-A0YO	TCGA-BLCA	0	0	1	1	cbio_mutation_tp53_kras
TCGA-CU-A0YR	TCGA-BLCA	0	0	1	1	cbio_mutation_tp53_kras
TCGA-CU-A3KJ	TCGA-BLCA	1	0	1	1	cbio_mutation_tp53_kras
TCGA-CU-A3YL	TCGA-BLCA	0	0	1	1	cbio_mutation_tp53_kras
TCGA-CU-A5W6	TCGA-BLCA	0	0	1	1	cbio_mutation_tp53_kras
TCGA-CU-A72E	TCGA-BLCA	0	0	1	1	cbio_mutation_tp53_kras
TCGA-CV-5430	TCGA-HNSC	1	0	1	1	cbio_mutation_tp53_kras
TCGA-CV-5431	TCGA-HNSC	0	0	1	1	cbio_mutation_tp53_kras
TCGA-CV-5432	TCGA-HNSC	1	0	1	1	cbio_mutation_tp53_kras
TCGA-CV-5434	TCGA-HNSC	1	0	1	1	cbio_mutation_tp53_kras
TCGA-CV-5435	TCGA-HNSC	1	0	1	1	cbio_mutation_tp53_kras
TCGA-CV-5436	TCGA-HNSC	1	0	1	1	cbio_mutation_tp53_kras
TCGA-CV-5439	TCGA-HNSC	1	0	1	1	cbio_mutation_tp53_kras
TCGA-CV-5440	TCGA-HNSC	1	0	1	1	cbio_mutation_tp53_kras
TCGA-CV-5441	TCGA-HNSC	0	0	1	1	cbio_mutation_tp53_kras
TCGA-CV-5442	TCGA-HNSC	0	0	1	1	cbio_mutation_tp53_kras
TCGA-CV-5443	TCGA-HNSC	0	0	1	1	cbio_mutation_tp53_kras
TCGA-CV-5444	TCGA-HNSC	1	0	1	1	cbio_mutation_tp53_kras
TCGA-CV-5966	TCGA-HNSC	1	0	1	1	cbio_mutation_tp53_kras
TCGA-CV-5970	TCGA-HNSC	1	0	1	1	cbio_mutation_tp53_kras
TCGA-CV-5971	TCGA-HNSC	0	0	1	1	cbio_mutation_tp53_kras
TCGA-CV-5973	TCGA-HNSC	1	0	1	1	cbio_mutation_tp53_kras
TCGA-CV-5976	TCGA-HNSC	1	0	1	1	cbio_mutation_tp53_kras
TCGA-CV-5977	TCGA-HNSC	1	0	1	1	cbio_mutation_tp53_kras
TCGA-CV-5978	TCGA-HNSC	1	0	1	1	cbio_mutation_tp53_kras
TCGA-CV-5979	TCGA-HNSC	1	0	1	1	cbio_mutation_tp53_kras
TCGA-CV-6003	TCGA-HNSC	1	0	1	1	cbio_mutation_tp53_kras
TCGA-CV-6433	TCGA-HNSC	0	0	1	1	cbio_mutation_tp53_kras
TCGA-CV-6436	TCGA-HNSC	1	0	1	1	cbio_mutation_tp53_kras
TCGA-CV-6441	TCGA-HNSC	0	0	1	1	cbio_mutation_tp53_kras
TCGA-CV-6933	TCGA-HNSC	1	0	1	1	cbio_mutation_tp53_kras
TCGA-CV-6934	TCGA-HNSC	1	0	1	1	cbio_mutation_tp53_kras
TCGA-CV-6935	TCGA-HNSC	1	0	1	1	cbio_mutation_tp53_kras
TCGA-CV-6936	TCGA-HNSC	1	0	1	1	cbio_mutation_tp53_kras
TCGA-CV-6937	TCGA-HNSC	1	0	1	1	cbio_mutation_tp53_kras
TCGA-CV-6938	TCGA-HNSC	0	0	1	1	cbio_mutation_tp53_kras
TCGA-CV-6939	TCGA-HNSC	0	0	1	1	cbio_mutation_tp53_kras
TCGA-CV-6940	TCGA-HNSC	1	0	1	1	cbio_mutation_tp53_kras
TCGA-CV-6941	TCGA-HNSC	1	0	1	1	cbio_mutation_tp53_kras
TCGA-CV-6942	TCGA-HNSC	1	0	1	1	cbio_mutation_tp53_kras
TCGA-CV-6943	TCGA-HNSC	1	0	1	1	cbio_mutation_tp53_kras
TCGA-CV-6945	TCGA-HNSC	1	0	1	1	cbio_mutation_tp53_kras
TCGA-CV-6948	TCGA-HNSC	1	0	1	1	cbio_mutation_tp53_kras
TCGA-CV-6950	TCGA-HNSC	1	0	1	1	cbio_mutation_tp53_kras
TCGA-CV-6951	TCGA-HNSC	1	0	1	1	cbio_mutation_tp53_kras
TCGA-CV-6952	TCGA-HNSC	1	0	1	1	cbio_mutation_tp53_kras
TCGA-CV-6953	TCGA-HNSC	1	0	1	1	cbio_mutation_tp53_kras
TCGA-CV-6954	TCGA-HNSC	0	0	1	1	cbio_mutation_tp53_kras
TCGA-CV-6955	TCGA-HNSC	0	0	1	1	cbio_mutation_tp53_kras
TCGA-CV-6956	TCGA-HNSC	1	0	1	1	cbio_mutation_tp53_kras
TCGA-CV-6959	TCGA-HNSC	1	0	1	1	cbio_mutation_tp53_kras
TCGA-CV-6960	TCGA-HNSC	1	0	1	1	cbio_mutation_tp53_kras
TCGA-CV-6961	TCGA-HNSC	0	0	1	1	cbio_mutation_tp53_kras
TCGA-CV-6962	TCGA-HNSC	1	0	1	1	cbio_mutation_tp53_kras
TCGA-CV-7089	TCGA-HNSC	1	0	1	1	cbio_mutation_tp53_kras
TCGA-CV-7090	TCGA-HNSC	1	0	1	1	cbio_mutation_tp53_kras
TCGA-CV-7091	TCGA-HNSC	1	0	1	1	cbio_mutation_tp53_kras
TCGA-CV-7095	TCGA-HNSC	1	0	1	1	cbio_mutation_tp53_kras
TCGA-CV-7097	TCGA-HNSC	0	0	1	1	cbio_mutation_tp53_kras
TCGA-CV-7099	TCGA-HNSC	1	0	1	1	cbio_mutation_tp53_kras
TCGA-CV-7100	TCGA-HNSC	0	0	1	1	cbio_mutation_tp53_kras
TCGA-CV-7101	TCGA-HNSC	1	0	1	1	cbio_mutation_tp53_kras
TCGA-CV-7102	TCGA-HNSC	1	0	1	1	cbio_mutation_tp53_kras
TCGA-CV-7103	TCGA-HNSC	1	0	1	1	cbio_mutation_tp53_kras
TCGA-CV-7104	TCGA-HNSC	1	0	1	1	cbio_mutation_tp53_kras
TCGA-CV-7177	TCGA-HNSC	1	0	1	1	cbio_mutation_tp53_kras
TCGA-CV-7178	TCGA-HNSC	1	0	1	1	cbio_mutation_tp53_kras
TCGA-CV-7180	TCGA-HNSC	1	0	1	1	cbio_mutation_tp53_kras
TCGA-CV-7183	TCGA-HNSC	0	0	1	1	cbio_mutation_tp53_kras
TCGA-CV-7235	TCGA-HNSC	1	0	1	1	cbio_mutation_tp53_kras
TCGA-CV-7236	TCGA-HNSC	1	0	1	1	cbio_mutation_tp53_kras
TCGA-CV-7238	TCGA-HNSC	1	0	1	1	cbio_mutation_tp53_kras
TCGA-CV-7242	TCGA-HNSC	1	0	1	1	cbio_mutation_tp53_kras
TCGA-CV-7243	TCGA-HNSC	1	0	1	1	cbio_mutation_tp53_kras
TCGA-CV-7245	TCGA-HNSC	1	0	1	1	cbio_mutation_tp53_kras
TCGA-CV-7247	TCGA-HNSC	1	0	1	1	cbio_mutation_tp53_kras
TCGA-CV-7248	TCGA-HNSC	1	0	1	1	cbio_mutation_tp53_kras
TCGA-CV-7250	TCGA-HNSC	0	0	1	1	cbio_mutation_tp53_kras
TCGA-CV-7252	TCGA-HNSC	1	0	1	1	cbio_mutation_tp53_kras
TCGA-CV-7253	TCGA-HNSC	1	0	1	1	cbio_mutation_tp53_kras
TCGA-CV-7254	TCGA-HNSC	1	0	1	1	cbio_mutation_tp53_kras
TCGA-CV-7255	TCGA-HNSC	1	0	1	1	cbio_mutation_tp53_kras
TCGA-CV-7261	TCGA-HNSC	0	0	1	1	cbio_mutation_tp53_kras
TCGA-CV-7263	TCGA-HNSC	1	0	1	1	cbio_mutation_tp53_kras
TCGA-CV-7406	TCGA-HNSC	0	0	1	1	cbio_mutation_tp53_kras
TCGA-CV-7407	TCGA-HNSC	1	0	1	1	cbio_mutation_tp53_kras
TCGA-CV-7409	TCGA-HNSC	0	0	1	1	cbio_mutation_tp53_kras
TCGA-CV-7410	TCGA-HNSC	0	0	1	1	cbio_mutation_tp53_kras
TCGA-CV-7411	TCGA-HNSC	0	0	1	1	cbio_mutation_tp53_kras
TCGA-CV-7413	TCGA-HNSC	1	0	1	1	cbio_mutation_tp53_kras
TCGA-CV-7414	TCGA-HNSC	1	0	1	1	cbio_mutation_tp53_kras
TCGA-CV-7415	TCGA-HNSC	1	0	1	1	cbio_mutation_tp53_kras
TCGA-CV-7416	TCGA-HNSC	1	0	1	1	cbio_mutation_tp53_kras
TCGA-CV-7418	TCGA-HNSC	1	0	1	1	cbio_mutation_tp53_kras
TCGA-CV-7421	TCGA-HNSC	1	0	1	1	cbio_mutation_tp53_kras
TCGA-CV-7422	TCGA-HNSC	1	0	1	1	cbio_mutation_tp53_kras
TCGA-CV-7423	TCGA-HNSC	1	0	1	1	cbio_mutation_tp53_kras
TCGA-CV-7424	TCGA-HNSC	1	0	1	1	cbio_mutation_tp53_kras
TCGA-CV-7425	TCGA-HNSC	0	0	1	1	cbio_mutation_tp53_kras
TCGA-CV-7427	TCGA-HNSC	0	0	1	1	cbio_mutation_tp53_kras
TCGA-CV-7428	TCGA-HNSC	0	0	1	1	cbio_mutation_tp53_kras
TCGA-CV-7429	TCGA-HNSC	0	0	1	1	cbio_mutation_tp53_kras
TCGA-CV-7430	TCGA-HNSC	1	0	1	1	cbio_mutation_tp53_kras
TCGA-CV-7432	TCGA-HNSC	1	0	1	1	cbio_mutation_tp53_kras
TCGA-CV-7433	TCGA-HNSC	1	0	1	1	cbio_mutation_tp53_kras
TCGA-CV-7434	TCGA-HNSC	1	0	1	1	cbio_mutation_tp53_kras
TCGA-CV-7435	TCGA-HNSC	1	0	1	1	cbio_mutation_tp53_kras
TCGA-CV-7437	TCGA-HNSC	1	0	1	1	cbio_mutation_tp53_kras
TCGA-CV-7438	TCGA-HNSC	1	0	1	1	cbio_mutation_tp53_kras
TCGA-CV-7440	TCGA-HNSC	0	0	1	1	cbio_mutation_tp53_kras
TCGA-CV-7446	TCGA-HNSC	1	0	1	1	cbio_mutation_tp53_kras
TCGA-CV-7568	TCGA-HNSC	1	0	1	1	cbio_mutation_tp53_kras
TCGA-CV-A45O	TCGA-HNSC	0	0	1	1	cbio_mutation_tp53_kras
TCGA-CV-A45P	TCGA-HNSC	1	0	1	1	cbio_mutation_tp53_kras
TCGA-CV-A45Q	TCGA-HNSC	1	0	1	1	cbio_mutation_tp53_kras
TCGA-CV-A45R	TCGA-HNSC	1	0	1	1	cbio_mutation_tp53_kras
TCGA-CV-A45T	TCGA-HNSC	0	0	1	1	cbio_mutation_tp53_kras
TCGA-CV-A45U	TCGA-HNSC	1	0	1	1	cbio_mutation_tp53_kras
TCGA-CV-A45V	TCGA-HNSC	0	0	1	1	cbio_mutation_tp53_kras
TCGA-CV-A45W	TCGA-HNSC	1	0	1	1	cbio_mutation_tp53_kras
TCGA-CV-A45X	TCGA-HNSC	1	0	1	1	cbio_mutation_tp53_kras
TCGA-CV-A45Y	TCGA-HNSC	1	0	1	1	cbio_mutation_tp53_kras
TCGA-CV-A45Z	TCGA-HNSC	1	0	1	1	cbio_mutation_tp53_kras
TCGA-CV-A460	TCGA-HNSC	1	0	1	1	cbio_mutation_tp53_kras
TCGA-CV-A461	TCGA-HNSC	1	0	1	1	cbio_mutation_tp53_kras
TCGA-CV-A463	TCGA-HNSC	1	0	1	1	cbio_mutation_tp53_kras
TCGA-CV-A464	TCGA-HNSC	1	0	1	1	cbio_mutation_tp53_kras
TCGA-CV-A465	TCGA-HNSC	1	0	1	1	cbio_mutation_tp53_kras
TCGA-CV-A468	TCGA-HNSC	1	0	1	1	cbio_mutation_tp53_kras
TCGA-CV-A6JD	TCGA-HNSC	1	0	1	1	cbio_mutation_tp53_kras
TCGA-CV-A6JE	TCGA-HNSC	1	0	1	1	cbio_mutation_tp53_kras
TCGA-CV-A6JM	TCGA-HNSC	1	0	1	1	cbio_mutation_tp53_kras
TCGA-CV-A6JN	TCGA-HNSC	1	0	1	1	cbio_mutation_tp53_kras
TCGA-CV-A6JO	TCGA-HNSC	0	0	1	1	cbio_mutation_tp53_kras
TCGA-CV-A6JT	TCGA-HNSC	1	0	1	1	cbio_mutation_tp53_kras
TCGA-CV-A6JU	TCGA-HNSC	1	0	1	1	cbio_mutation_tp53_kras
TCGA-CV-A6JY	TCGA-HNSC	1	0	1	1	cbio_mutation_tp53_kras
TCGA-CV-A6JZ	TCGA-HNSC	1	0	1	1	cbio_mutation_tp53_kras
TCGA-CV-A6K0	TCGA-HNSC	0	0	1	1	cbio_mutation_tp53_kras
TCGA-CV-A6K1	TCGA-HNSC	1	0	1	1	cbio_mutation_tp53_kras
TCGA-CV-A6K2	TCGA-HNSC	1	0	1	1	cbio_mutation_tp53_kras
TCGA-CX-7082	TCGA-HNSC	Unknown	Unknown	0	0	cbio_mutation_tp53_kras
TCGA-CX-7085	TCGA-HNSC	0	0	1	1	cbio_mutation_tp53_kras
TCGA-CX-7086	TCGA-HNSC	1	0	1	1	cbio_mutation_tp53_kras
TCGA-CX-7219	TCGA-HNSC	1	0	1	1	cbio_mutation_tp53_kras
TCGA-CX-A4AQ	TCGA-HNSC	1	0	1	1	cbio_mutation_tp53_kras
TCGA-CZ-4853	TCGA-KIRC	0	0	1	1	cbio_mutation_tp53_kras
TCGA-CZ-4854	TCGA-KIRC	0	0	1	1	cbio_mutation_tp53_kras
TCGA-CZ-4856	TCGA-KIRC	0	0	1	1	cbio_mutation_tp53_kras
TCGA-CZ-4857	TCGA-KIRC	Unknown	Unknown	0	0	cbio_mutation_tp53_kras
TCGA-CZ-4858	TCGA-KIRC	Unknown	Unknown	0	0	cbio_mutation_tp53_kras
TCGA-CZ-4859	TCGA-KIRC	0	0	1	1	cbio_mutation_tp53_kras
TCGA-CZ-4860	TCGA-KIRC	0	0	1	1	cbio_mutation_tp53_kras
TCGA-CZ-4861	TCGA-KIRC	0	0	1	1	cbio_mutation_tp53_kras
TCGA-CZ-4862	TCGA-KIRC	Unknown	Unknown	0	0	cbio_mutation_tp53_kras
TCGA-CZ-4863	TCGA-KIRC	0	0	1	1	cbio_mutation_tp53_kras
TCGA-CZ-4864	TCGA-KIRC	0	0	1	1	cbio_mutation_tp53_kras
TCGA-CZ-4865	TCGA-KIRC	Unknown	Unknown	0	0	cbio_mutation_tp53_kras
TCGA-CZ-4866	TCGA-KIRC	0	0	1	1	cbio_mutation_tp53_kras
TCGA-CZ-5451	TCGA-KIRC	0	0	1	1	cbio_mutation_tp53_kras
TCGA-CZ-5452	TCGA-KIRC	0	0	1	1	cbio_mutation_tp53_kras
TCGA-CZ-5453	TCGA-KIRC	0	0	1	1	cbio_mutation_tp53_kras
TCGA-CZ-5454	TCGA-KIRC	0	0	1	1	cbio_mutation_tp53_kras
TCGA-CZ-5455	TCGA-KIRC	0	0	1	1	cbio_mutation_tp53_kras
TCGA-CZ-5456	TCGA-KIRC	0	0	1	1	cbio_mutation_tp53_kras
TCGA-CZ-5457	TCGA-KIRC	0	0	1	1	cbio_mutation_tp53_kras
TCGA-CZ-5458	TCGA-KIRC	0	0	1	1	cbio_mutation_tp53_kras
TCGA-CZ-5459	TCGA-KIRC	0	0	1	1	cbio_mutation_tp53_kras
TCGA-CZ-5460	TCGA-KIRC	0	0	1	1	cbio_mutation_tp53_kras
TCGA-CZ-5461	TCGA-KIRC	0	0	1	1	cbio_mutation_tp53_kras
TCGA-CZ-5462	TCGA-KIRC	0	0	1	1	cbio_mutation_tp53_kras
TCGA-CZ-5463	TCGA-KIRC	1	0	1	1	cbio_mutation_tp53_kras
TCGA-CZ-5464	TCGA-KIRC	Unknown	Unknown	0	0	cbio_mutation_tp53_kras
TCGA-CZ-5465	TCGA-KIRC	0	0	1	1	cbio_mutation_tp53_kras
TCGA-CZ-5466	TCGA-KIRC	0	0	1	1	cbio_mutation_tp53_kras
TCGA-CZ-5467	TCGA-KIRC	0	0	1	1	cbio_mutation_tp53_kras
TCGA-CZ-5468	TCGA-KIRC	0	0	1	1	cbio_mutation_tp53_kras
TCGA-CZ-5469	TCGA-KIRC	0	0	1	1	cbio_mutation_tp53_kras
TCGA-CZ-5470	TCGA-KIRC	0	0	1	1	cbio_mutation_tp53_kras
TCGA-CZ-5982	TCGA-KIRC	0	0	1	1	cbio_mutation_tp53_kras
TCGA-CZ-5984	TCGA-KIRC	0	0	1	1	cbio_mutation_tp53_kras
TCGA-CZ-5985	TCGA-KIRC	0	0	1	1	cbio_mutation_tp53_kras
TCGA-CZ-5986	TCGA-KIRC	0	0	1	1	cbio_mutation_tp53_kras
TCGA-CZ-5987	TCGA-KIRC	0	0	1	1	cbio_mutation_tp53_kras
TCGA-CZ-5988	TCGA-KIRC	0	0	1	1	cbio_mutation_tp53_kras
TCGA-CZ-5989	TCGA-KIRC	0	0	1	1	cbio_mutation_tp53_kras
TCGA-D1-A0ZN	TCGA-UCEC	0	0	1	1	cbio_mutation_tp53_kras
TCGA-D1-A0ZO	TCGA-UCEC	0	0	1	1	cbio_mutation_tp53_kras
TCGA-D1-A0ZP	TCGA-UCEC	0	0	1	1	cbio_mutation_tp53_kras
TCGA-D1-A0ZQ	TCGA-UCEC	0	0	1	1	cbio_mutation_tp53_kras
TCGA-D1-A0ZR	TCGA-UCEC	0	0	1	1	cbio_mutation_tp53_kras
TCGA-D1-A0ZS	TCGA-UCEC	0	1	1	1	cbio_mutation_tp53_kras
TCGA-D1-A0ZU	TCGA-UCEC	0	0	1	1	cbio_mutation_tp53_kras
TCGA-D1-A0ZV	TCGA-UCEC	0	0	1	1	cbio_mutation_tp53_kras
TCGA-D1-A0ZZ	TCGA-UCEC	1	0	1	1	cbio_mutation_tp53_kras
TCGA-D1-A101	TCGA-UCEC	0	1	1	1	cbio_mutation_tp53_kras
TCGA-D1-A102	TCGA-UCEC	0	0	1	1	cbio_mutation_tp53_kras
TCGA-D1-A103	TCGA-UCEC	0	0	1	1	cbio_mutation_tp53_kras
TCGA-D1-A15V	TCGA-UCEC	1	0	1	1	cbio_mutation_tp53_kras
TCGA-D1-A15W	TCGA-UCEC	0	1	1	1	cbio_mutation_tp53_kras
TCGA-D1-A15X	TCGA-UCEC	0	1	1	1	cbio_mutation_tp53_kras
TCGA-D1-A15Z	TCGA-UCEC	0	0	1	1	cbio_mutation_tp53_kras
TCGA-D1-A160	TCGA-UCEC	0	1	1	1	cbio_mutation_tp53_kras
TCGA-D1-A161	TCGA-UCEC	0	0	1	1	cbio_mutation_tp53_kras
TCGA-D1-A162	TCGA-UCEC	Unknown	Unknown	0	0	cbio_mutation_tp53_kras
TCGA-D1-A163	TCGA-UCEC	0	1	1	1	cbio_mutation_tp53_kras
TCGA-D1-A165	TCGA-UCEC	0	0	1	1	cbio_mutation_tp53_kras
TCGA-D1-A167	TCGA-UCEC	0	0	1	1	cbio_mutation_tp53_kras
TCGA-D1-A168	TCGA-UCEC	0	1	1	1	cbio_mutation_tp53_kras
TCGA-D1-A169	TCGA-UCEC	1	0	1	1	cbio_mutation_tp53_kras
TCGA-D1-A16B	TCGA-UCEC	0	0	1	1	cbio_mutation_tp53_kras
TCGA-D1-A16D	TCGA-UCEC	0	1	1	1	cbio_mutation_tp53_kras
TCGA-D1-A16E	TCGA-UCEC	0	0	1	1	cbio_mutation_tp53_kras
TCGA-D1-A16F	TCGA-UCEC	0	1	1	1	cbio_mutation_tp53_kras
TCGA-D1-A16G	TCGA-UCEC	1	0	1	1	cbio_mutation_tp53_kras
TCGA-D1-A16I	TCGA-UCEC	1	0	1	1	cbio_mutation_tp53_kras
TCGA-D1-A16J	TCGA-UCEC	0	0	1	1	cbio_mutation_tp53_kras
TCGA-D1-A16N	TCGA-UCEC	1	0	1	1	cbio_mutation_tp53_kras
TCGA-D1-A16O	TCGA-UCEC	0	1	1	1	cbio_mutation_tp53_kras
TCGA-D1-A16Q	TCGA-UCEC	0	0	1	1	cbio_mutation_tp53_kras
TCGA-D1-A16R	TCGA-UCEC	0	0	1	1	cbio_mutation_tp53_kras
TCGA-D1-A16S	TCGA-UCEC	1	0	1	1	cbio_mutation_tp53_kras
TCGA-D1-A16V	TCGA-UCEC	0	1	1	1	cbio_mutation_tp53_kras
TCGA-D1-A16X	TCGA-UCEC	0	0	1	1	cbio_mutation_tp53_kras
TCGA-D1-A16Y	TCGA-UCEC	1	1	1	1	cbio_mutation_tp53_kras
TCGA-D1-A174	TCGA-UCEC	0	0	1	1	cbio_mutation_tp53_kras
TCGA-D1-A175	TCGA-UCEC	Unknown	Unknown	0	0	cbio_mutation_tp53_kras
TCGA-D1-A176	TCGA-UCEC	0	0	1	1	cbio_mutation_tp53_kras
TCGA-D1-A177	TCGA-UCEC	0	0	1	1	cbio_mutation_tp53_kras
TCGA-D1-A179	TCGA-UCEC	Unknown	Unknown	0	0	cbio_mutation_tp53_kras
TCGA-D1-A17A	TCGA-UCEC	0	1	1	1	cbio_mutation_tp53_kras
TCGA-D1-A17B	TCGA-UCEC	0	0	1	1	cbio_mutation_tp53_kras
TCGA-D1-A17C	TCGA-UCEC	0	0	1	1	cbio_mutation_tp53_kras
TCGA-D1-A17D	TCGA-UCEC	0	0	1	1	cbio_mutation_tp53_kras
TCGA-D1-A17F	TCGA-UCEC	0	0	1	1	cbio_mutation_tp53_kras
TCGA-D1-A17H	TCGA-UCEC	0	1	1	1	cbio_mutation_tp53_kras
TCGA-D1-A17K	TCGA-UCEC	1	0	1	1	cbio_mutation_tp53_kras
TCGA-D1-A17L	TCGA-UCEC	0	0	1	1	cbio_mutation_tp53_kras
TCGA-D1-A17M	TCGA-UCEC	0	0	1	1	cbio_mutation_tp53_kras
TCGA-D1-A17N	TCGA-UCEC	0	0	1	1	cbio_mutation_tp53_kras
TCGA-D1-A17Q	TCGA-UCEC	0	0	1	1	cbio_mutation_tp53_kras
TCGA-D1-A17R	TCGA-UCEC	0	0	1	1	cbio_mutation_tp53_kras
TCGA-D1-A17S	TCGA-UCEC	0	0	1	1	cbio_mutation_tp53_kras
TCGA-D1-A17T	TCGA-UCEC	0	0	1	1	cbio_mutation_tp53_kras
TCGA-D1-A17U	TCGA-UCEC	0	1	1	1	cbio_mutation_tp53_kras
TCGA-D1-A1NS	TCGA-UCEC	0	1	1	1	cbio_mutation_tp53_kras
TCGA-D1-A1NU	TCGA-UCEC	1	0	1	1	cbio_mutation_tp53_kras
TCGA-D1-A1NW	TCGA-UCEC	1	0	1	1	cbio_mutation_tp53_kras
TCGA-D1-A1NX	TCGA-UCEC	1	0	1	1	cbio_mutation_tp53_kras
TCGA-D1-A1NY	TCGA-UCEC	0	0	1	1	cbio_mutation_tp53_kras
TCGA-D1-A1NZ	TCGA-UCEC	0	0	1	1	cbio_mutation_tp53_kras
TCGA-D1-A1O0	TCGA-UCEC	1	0	1	1	cbio_mutation_tp53_kras
TCGA-D1-A1O5	TCGA-UCEC	0	0	1	1	cbio_mutation_tp53_kras
TCGA-D1-A1O7	TCGA-UCEC	0	0	1	1	cbio_mutation_tp53_kras
TCGA-D1-A1O8	TCGA-UCEC	0	0	1	1	cbio_mutation_tp53_kras
TCGA-D1-A2G0	TCGA-UCEC	0	0	1	1	cbio_mutation_tp53_kras
TCGA-D1-A2G5	TCGA-UCEC	0	0	1	1	cbio_mutation_tp53_kras
TCGA-D1-A2G6	TCGA-UCEC	0	0	1	1	cbio_mutation_tp53_kras
TCGA-D1-A2G7	TCGA-UCEC	1	0	1	1	cbio_mutation_tp53_kras
TCGA-D1-A3DA	TCGA-UCEC	0	1	1	1	cbio_mutation_tp53_kras
TCGA-D1-A3DG	TCGA-UCEC	0	0	1	1	cbio_mutation_tp53_kras
TCGA-D1-A3DH	TCGA-UCEC	1	0	1	1	cbio_mutation_tp53_kras
TCGA-D1-A3JP	TCGA-UCEC	Unknown	Unknown	0	0	cbio_mutation_tp53_kras
TCGA-D1-A3JQ	TCGA-UCEC	1	0	1	1	cbio_mutation_tp53_kras
TCGA-D3-A1Q1	TCGA-SKCM	0	0	1	1	cbio_mutation_tp53_kras
TCGA-D3-A1Q4	TCGA-SKCM	0	0	1	1	cbio_mutation_tp53_kras
TCGA-D3-A1Q5	TCGA-SKCM	0	0	1	1	cbio_mutation_tp53_kras
TCGA-D3-A1Q6	TCGA-SKCM	0	0	1	1	cbio_mutation_tp53_kras
TCGA-D3-A1Q7	TCGA-SKCM	0	0	1	1	cbio_mutation_tp53_kras
TCGA-D3-A1Q8	TCGA-SKCM	0	0	1	1	cbio_mutation_tp53_kras
TCGA-D3-A1Q9	TCGA-SKCM	0	0	1	1	cbio_mutation_tp53_kras
TCGA-D3-A1QA	TCGA-SKCM	0	0	1	1	cbio_mutation_tp53_kras
TCGA-D3-A1QB	TCGA-SKCM	0	0	1	1	cbio_mutation_tp53_kras
TCGA-D3-A2J6	TCGA-SKCM	1	0	1	1	cbio_mutation_tp53_kras
TCGA-D3-A2J7	TCGA-SKCM	0	0	1	1	cbio_mutation_tp53_kras
TCGA-D3-A2J8	TCGA-SKCM	0	0	1	1	cbio_mutation_tp53_kras
TCGA-D3-A2J9	TCGA-SKCM	0	0	1	1	cbio_mutation_tp53_kras
TCGA-D3-A2JA	TCGA-SKCM	1	0	1	1	cbio_mutation_tp53_kras
TCGA-D3-A2JB	TCGA-SKCM	0	0	1	1	cbio_mutation_tp53_kras
TCGA-D3-A2JC	TCGA-SKCM	0	0	1	1	cbio_mutation_tp53_kras
TCGA-D3-A2JD	TCGA-SKCM	0	0	1	1	cbio_mutation_tp53_kras
TCGA-D3-A2JE	TCGA-SKCM	0	0	1	1	cbio_mutation_tp53_kras
TCGA-D3-A2JF	TCGA-SKCM	0	0	1	1	cbio_mutation_tp53_kras
TCGA-D3-A2JG	TCGA-SKCM	0	0	1	1	cbio_mutation_tp53_kras
TCGA-D3-A2JH	TCGA-SKCM	0	0	1	1	cbio_mutation_tp53_kras
TCGA-D3-A2JK	TCGA-SKCM	0	0	1	1	cbio_mutation_tp53_kras
TCGA-D3-A2JL	TCGA-SKCM	0	0	1	1	cbio_mutation_tp53_kras
TCGA-D3-A2JN	TCGA-SKCM	0	0	1	1	cbio_mutation_tp53_kras
TCGA-D3-A2JO	TCGA-SKCM	0	0	1	1	cbio_mutation_tp53_kras
TCGA-D3-A2JP	TCGA-SKCM	0	0	1	1	cbio_mutation_tp53_kras
TCGA-D3-A3BZ	TCGA-SKCM	0	0	1	1	cbio_mutation_tp53_kras
TCGA-D3-A3C1	TCGA-SKCM	0	0	1	1	cbio_mutation_tp53_kras
TCGA-D3-A3C3	TCGA-SKCM	0	0	1	1	cbio_mutation_tp53_kras
TCGA-D3-A3C6	TCGA-SKCM	0	0	1	1	cbio_mutation_tp53_kras
TCGA-D3-A3C7	TCGA-SKCM	0	0	1	1	cbio_mutation_tp53_kras
TCGA-D3-A3C8	TCGA-SKCM	1	0	1	1	cbio_mutation_tp53_kras
TCGA-D3-A3CB	TCGA-SKCM	0	0	1	1	cbio_mutation_tp53_kras
TCGA-D3-A3CC	TCGA-SKCM	0	0	1	1	cbio_mutation_tp53_kras
TCGA-D3-A3CE	TCGA-SKCM	0	0	1	1	cbio_mutation_tp53_kras
TCGA-D3-A3CF	TCGA-SKCM	0	0	1	1	cbio_mutation_tp53_kras
TCGA-D3-A3MO	TCGA-SKCM	0	0	1	1	cbio_mutation_tp53_kras
TCGA-D3-A3MR	TCGA-SKCM	0	0	1	1	cbio_mutation_tp53_kras
TCGA-D3-A3MV	TCGA-SKCM	0	0	1	1	cbio_mutation_tp53_kras
TCGA-D3-A51E	TCGA-SKCM	0	0	1	1	cbio_mutation_tp53_kras
TCGA-D3-A51F	TCGA-SKCM	0	0	1	1	cbio_mutation_tp53_kras
TCGA-D3-A51G	TCGA-SKCM	1	0	1	1	cbio_mutation_tp53_kras
TCGA-D3-A51H	TCGA-SKCM	0	0	1	1	cbio_mutation_tp53_kras
TCGA-D3-A51J	TCGA-SKCM	0	0	1	1	cbio_mutation_tp53_kras
TCGA-D3-A51K	TCGA-SKCM	0	0	1	1	cbio_mutation_tp53_kras
TCGA-D3-A51N	TCGA-SKCM	0	0	1	1	cbio_mutation_tp53_kras
TCGA-D3-A51R	TCGA-SKCM	0	0	1	1	cbio_mutation_tp53_kras
TCGA-D3-A51T	TCGA-SKCM	1	1	1	1	cbio_mutation_tp53_kras
TCGA-D3-A5GL	TCGA-SKCM	0	0	1	1	cbio_mutation_tp53_kras
TCGA-D3-A5GN	TCGA-SKCM	1	0	1	1	cbio_mutation_tp53_kras
TCGA-D3-A5GO	TCGA-SKCM	1	0	1	1	cbio_mutation_tp53_kras
TCGA-D3-A5GR	TCGA-SKCM	1	0	1	1	cbio_mutation_tp53_kras
TCGA-D3-A5GS	TCGA-SKCM	0	0	1	1	cbio_mutation_tp53_kras
TCGA-D3-A5GT	TCGA-SKCM	Unknown	Unknown	0	0	cbio_mutation_tp53_kras
TCGA-D3-A5GU	TCGA-SKCM	0	0	1	1	cbio_mutation_tp53_kras
TCGA-D3-A8GB	TCGA-SKCM	0	0	1	1	cbio_mutation_tp53_kras
TCGA-D3-A8GC	TCGA-SKCM	1	0	1	1	cbio_mutation_tp53_kras
TCGA-D3-A8GD	TCGA-SKCM	0	0	1	1	cbio_mutation_tp53_kras
TCGA-D3-A8GE	TCGA-SKCM	0	0	1	1	cbio_mutation_tp53_kras
TCGA-D3-A8GI	TCGA-SKCM	0	1	1	1	cbio_mutation_tp53_kras
TCGA-D3-A8GJ	TCGA-SKCM	0	0	1	1	cbio_mutation_tp53_kras
TCGA-D3-A8GK	TCGA-SKCM	0	0	1	1	cbio_mutation_tp53_kras
TCGA-D3-A8GL	TCGA-SKCM	0	0	1	1	cbio_mutation_tp53_kras
TCGA-D3-A8GM	TCGA-SKCM	0	0	1	1	cbio_mutation_tp53_kras
TCGA-D3-A8GN	TCGA-SKCM	0	0	1	1	cbio_mutation_tp53_kras
TCGA-D3-A8GO	TCGA-SKCM	0	0	1	1	cbio_mutation_tp53_kras
TCGA-D3-A8GP	TCGA-SKCM	0	0	1	1	cbio_mutation_tp53_kras
TCGA-D3-A8GQ	TCGA-SKCM	0	0	1	1	cbio_mutation_tp53_kras
TCGA-D3-A8GR	TCGA-SKCM	0	0	1	1	cbio_mutation_tp53_kras
TCGA-D3-A8GS	TCGA-SKCM	0	0	1	1	cbio_mutation_tp53_kras
TCGA-D3-A8GV	TCGA-SKCM	0	0	1	1	cbio_mutation_tp53_kras
TCGA-D5-5537	TCGA-COAD	0	1	1	1	cbio_mutation_tp53_kras
TCGA-D5-5538	TCGA-COAD	1	1	1	1	cbio_mutation_tp53_kras
TCGA-D5-5539	TCGA-COAD	0	1	1	1	cbio_mutation_tp53_kras
TCGA-D5-5540	TCGA-COAD	1	1	1	1	cbio_mutation_tp53_kras
TCGA-D5-5541	TCGA-COAD	1	0	1	1	cbio_mutation_tp53_kras
TCGA-D5-6529	TCGA-COAD	0	1	1	1	cbio_mutation_tp53_kras
TCGA-D5-6530	TCGA-COAD	0	0	1	1	cbio_mutation_tp53_kras
TCGA-D5-6531	TCGA-COAD	1	1	1	1	cbio_mutation_tp53_kras
TCGA-D5-6532	TCGA-COAD	1	1	1	1	cbio_mutation_tp53_kras
TCGA-D5-6533	TCGA-COAD	1	0	1	1	cbio_mutation_tp53_kras
TCGA-D5-6534	TCGA-COAD	1	0	1	1	cbio_mutation_tp53_kras
TCGA-D5-6535	TCGA-COAD	1	1	1	1	cbio_mutation_tp53_kras
TCGA-D5-6536	TCGA-COAD	0	1	1	1	cbio_mutation_tp53_kras
TCGA-D5-6537	TCGA-COAD	0	1	1	1	cbio_mutation_tp53_kras
TCGA-D5-6538	TCGA-COAD	1	1	1	1	cbio_mutation_tp53_kras
TCGA-D5-6539	TCGA-COAD	1	1	1	1	cbio_mutation_tp53_kras
TCGA-D5-6540	TCGA-COAD	1	0	1	1	cbio_mutation_tp53_kras
TCGA-D5-6541	TCGA-COAD	1	1	1	1	cbio_mutation_tp53_kras
TCGA-D5-6898	TCGA-COAD	1	0	1	1	cbio_mutation_tp53_kras
TCGA-D5-6920	TCGA-COAD	0	0	1	1	cbio_mutation_tp53_kras
TCGA-D5-6922	TCGA-COAD	1	0	1	1	cbio_mutation_tp53_kras
TCGA-D5-6923	TCGA-COAD	0	0	1	1	cbio_mutation_tp53_kras
TCGA-D5-6924	TCGA-COAD	1	0	1	1	cbio_mutation_tp53_kras
TCGA-D5-6926	TCGA-COAD	1	0	1	1	cbio_mutation_tp53_kras
TCGA-D5-6927	TCGA-COAD	0	1	1	1	cbio_mutation_tp53_kras
TCGA-D5-6928	TCGA-COAD	0	0	1	1	cbio_mutation_tp53_kras
TCGA-D5-6929	TCGA-COAD	1	0	1	1	cbio_mutation_tp53_kras
TCGA-D5-6930	TCGA-COAD	0	0	1	1	cbio_mutation_tp53_kras
TCGA-D5-6931	TCGA-COAD	1	1	1	1	cbio_mutation_tp53_kras
TCGA-D5-6932	TCGA-COAD	1	1	1	1	cbio_mutation_tp53_kras
TCGA-D5-7000	TCGA-COAD	0	1	1	1	cbio_mutation_tp53_kras
TCGA-D6-6515	TCGA-HNSC	1	0	1	1	cbio_mutation_tp53_kras
TCGA-D6-6516	TCGA-HNSC	1	0	1	1	cbio_mutation_tp53_kras
TCGA-D6-6517	TCGA-HNSC	1	0	1	1	cbio_mutation_tp53_kras
TCGA-D6-6823	TCGA-HNSC	1	0	1	1	cbio_mutation_tp53_kras
TCGA-D6-6824	TCGA-HNSC	0	0	1	1	cbio_mutation_tp53_kras
TCGA-D6-6825	TCGA-HNSC	1	0	1	1	cbio_mutation_tp53_kras
TCGA-D6-6826	TCGA-HNSC	1	0	1	1	cbio_mutation_tp53_kras
TCGA-D6-6827	TCGA-HNSC	0	0	1	1	cbio_mutation_tp53_kras
TCGA-D6-8568	TCGA-HNSC	1	0	1	1	cbio_mutation_tp53_kras
TCGA-D6-8569	TCGA-HNSC	1	0	1	1	cbio_mutation_tp53_kras
TCGA-D6-A4Z9	TCGA-HNSC	1	0	1	1	cbio_mutation_tp53_kras
TCGA-D6-A4ZB	TCGA-HNSC	1	0	1	1	cbio_mutation_tp53_kras
TCGA-D6-A6EK	TCGA-HNSC	0	0	1	1	cbio_mutation_tp53_kras
TCGA-D6-A6EM	TCGA-HNSC	1	0	1	1	cbio_mutation_tp53_kras
TCGA-D6-A6EN	TCGA-HNSC	0	0	1	1	cbio_mutation_tp53_kras
TCGA-D6-A6EO	TCGA-HNSC	1	0	1	1	cbio_mutation_tp53_kras
TCGA-D6-A6EP	TCGA-HNSC	1	0	1	1	cbio_mutation_tp53_kras
TCGA-D6-A6EQ	TCGA-HNSC	1	0	1	1	cbio_mutation_tp53_kras
TCGA-D6-A6ES	TCGA-HNSC	0	0	1	1	cbio_mutation_tp53_kras
TCGA-D6-A74Q	TCGA-HNSC	1	0	1	1	cbio_mutation_tp53_kras
TCGA-D7-5577	TCGA-STAD	0	0	1	1	cbio_mutation_tp53_kras
TCGA-D7-5578	TCGA-STAD	1	0	1	1	cbio_mutation_tp53_kras
TCGA-D7-5579	TCGA-STAD	1	0	1	1	cbio_mutation_tp53_kras
TCGA-D7-6518	TCGA-STAD	1	0	1	1	cbio_mutation_tp53_kras
TCGA-D7-6519	TCGA-STAD	0	0	1	1	cbio_mutation_tp53_kras
TCGA-D7-6520	TCGA-STAD	1	0	1	1	cbio_mutation_tp53_kras
TCGA-D7-6521	TCGA-STAD	1	0	1	1	cbio_mutation_tp53_kras
TCGA-D7-6522	TCGA-STAD	0	0	1	1	cbio_mutation_tp53_kras
TCGA-D7-6524	TCGA-STAD	0	0	1	1	cbio_mutation_tp53_kras
TCGA-D7-6525	TCGA-STAD	1	0	1	1	cbio_mutation_tp53_kras
TCGA-D7-6526	TCGA-STAD	1	0	1	1	cbio_mutation_tp53_kras
TCGA-D7-6527	TCGA-STAD	1	0	1	1	cbio_mutation_tp53_kras
TCGA-D7-6528	TCGA-STAD	1	0	1	1	cbio_mutation_tp53_kras
TCGA-D7-6815	TCGA-STAD	1	1	1	1	cbio_mutation_tp53_kras
TCGA-D7-6817	TCGA-STAD	1	0	1	1	cbio_mutation_tp53_kras
TCGA-D7-6818	TCGA-STAD	1	0	1	1	cbio_mutation_tp53_kras
TCGA-D7-6820	TCGA-STAD	1	0	1	1	cbio_mutation_tp53_kras
TCGA-D7-6822	TCGA-STAD	1	0	1	1	cbio_mutation_tp53_kras
TCGA-D7-8570	TCGA-STAD	0	0	1	1	cbio_mutation_tp53_kras
TCGA-D7-8572	TCGA-STAD	0	0	1	1	cbio_mutation_tp53_kras
TCGA-D7-8573	TCGA-STAD	0	0	1	1	cbio_mutation_tp53_kras
TCGA-D7-8574	TCGA-STAD	0	0	1	1	cbio_mutation_tp53_kras
TCGA-D7-8575	TCGA-STAD	0	0	1	1	cbio_mutation_tp53_kras
TCGA-D7-8576	TCGA-STAD	1	0	1	1	cbio_mutation_tp53_kras
TCGA-D7-8578	TCGA-STAD	1	0	1	1	cbio_mutation_tp53_kras
TCGA-D7-8579	TCGA-STAD	0	0	1	1	cbio_mutation_tp53_kras
TCGA-D7-A4YT	TCGA-STAD	0	0	1	1	cbio_mutation_tp53_kras
TCGA-D7-A4YU	TCGA-STAD	1	0	1	1	cbio_mutation_tp53_kras
TCGA-D7-A4YV	TCGA-STAD	0	0	1	1	cbio_mutation_tp53_kras
TCGA-D7-A4YX	TCGA-STAD	0	0	1	1	cbio_mutation_tp53_kras
TCGA-D7-A4YY	TCGA-STAD	0	0	1	1	cbio_mutation_tp53_kras
TCGA-D7-A4Z0	TCGA-STAD	0	0	1	1	cbio_mutation_tp53_kras
TCGA-D7-A6ET	TCGA-STAD	0	0	1	1	cbio_mutation_tp53_kras
TCGA-D7-A6EV	TCGA-STAD	1	0	1	1	cbio_mutation_tp53_kras
TCGA-D7-A6EX	TCGA-STAD	1	0	1	1	cbio_mutation_tp53_kras
TCGA-D7-A6EY	TCGA-STAD	0	0	1	1	cbio_mutation_tp53_kras
TCGA-D7-A6EZ	TCGA-STAD	0	0	1	1	cbio_mutation_tp53_kras
TCGA-D7-A6F0	TCGA-STAD	1	0	1	1	cbio_mutation_tp53_kras
TCGA-D7-A6F2	TCGA-STAD	1	0	1	1	cbio_mutation_tp53_kras
TCGA-D7-A747	TCGA-STAD	0	0	1	1	cbio_mutation_tp53_kras
TCGA-D7-A748	TCGA-STAD	0	0	1	1	cbio_mutation_tp53_kras
TCGA-D7-A74A	TCGA-STAD	0	1	1	1	cbio_mutation_tp53_kras
TCGA-D7-A74B	TCGA-STAD	1	0	1	1	cbio_mutation_tp53_kras
TCGA-D8-A13Y	TCGA-BRCA_IDC	1	0	1	1	cbio_mutation_tp53_kras
TCGA-D8-A13Z	TCGA-BRCA_IDC	1	0	1	1	cbio_mutation_tp53_kras
TCGA-D8-A140	TCGA-BRCA_IDC	0	0	1	1	cbio_mutation_tp53_kras
TCGA-D8-A141	TCGA-BRCA_IDC	0	0	1	1	cbio_mutation_tp53_kras
TCGA-D8-A142	TCGA-BRCA_IDC	1	0	1	1	cbio_mutation_tp53_kras
TCGA-D8-A143	TCGA-BRCA_IDC	1	0	1	1	cbio_mutation_tp53_kras
TCGA-D8-A145	TCGA-BRCA_IDC	0	0	1	1	cbio_mutation_tp53_kras
TCGA-D8-A146	TCGA-BRCA_IDC	Unknown	Unknown	0	0	cbio_mutation_tp53_kras
TCGA-D8-A147	TCGA-BRCA_IDC	1	0	1	1	cbio_mutation_tp53_kras
TCGA-D8-A1J8	TCGA-BRCA_IDC	0	0	1	1	cbio_mutation_tp53_kras
TCGA-D8-A1J9	TCGA-BRCA_IDC	1	0	1	1	cbio_mutation_tp53_kras
TCGA-D8-A1JA	TCGA-BRCA_IDC	0	0	1	1	cbio_mutation_tp53_kras
TCGA-D8-A1JB	TCGA-BRCA_IDC	0	0	1	1	cbio_mutation_tp53_kras
TCGA-D8-A1JC	TCGA-BRCA_IDC	0	0	1	1	cbio_mutation_tp53_kras
TCGA-D8-A1JD	TCGA-BRCA_IDC	0	0	1	1	cbio_mutation_tp53_kras
TCGA-D8-A1JE	TCGA-BRCA_IDC	0	0	1	1	cbio_mutation_tp53_kras
TCGA-D8-A1JF	TCGA-BRCA_IDC	1	0	1	1	cbio_mutation_tp53_kras
TCGA-D8-A1JG	TCGA-BRCA_IDC	1	0	1	1	cbio_mutation_tp53_kras
TCGA-D8-A1JH	TCGA-BRCA_IDC	0	0	1	1	cbio_mutation_tp53_kras
TCGA-D8-A1JI	TCGA-BRCA_IDC	0	0	1	1	cbio_mutation_tp53_kras
TCGA-D8-A1JJ	TCGA-BRCA_IDC	1	0	1	1	cbio_mutation_tp53_kras
TCGA-D8-A1JK	TCGA-BRCA_IDC	1	0	1	1	cbio_mutation_tp53_kras
TCGA-D8-A1JL	TCGA-BRCA_IDC	1	0	1	1	cbio_mutation_tp53_kras
TCGA-D8-A1JM	TCGA-BRCA_IDC	1	0	1	1	cbio_mutation_tp53_kras
TCGA-D8-A1JN	TCGA-BRCA_OTHERS	0	0	1	1	cbio_mutation_tp53_kras
TCGA-D8-A1JP	TCGA-BRCA_IDC	0	0	1	1	cbio_mutation_tp53_kras
TCGA-D8-A1JS	TCGA-BRCA_IDC	0	0	1	1	cbio_mutation_tp53_kras
TCGA-D8-A1JT	TCGA-BRCA_IDC	0	0	1	1	cbio_mutation_tp53_kras
TCGA-D8-A1JU	TCGA-BRCA_IDC	0	0	1	1	cbio_mutation_tp53_kras
TCGA-D8-A1X5	TCGA-BRCA_IDC	1	0	1	1	cbio_mutation_tp53_kras
TCGA-D8-A1X6	TCGA-BRCA_IDC	0	0	1	1	cbio_mutation_tp53_kras
TCGA-D8-A1X7	TCGA-BRCA_IDC	0	0	1	1	cbio_mutation_tp53_kras
TCGA-D8-A1X8	TCGA-BRCA_OTHERS	0	0	1	1	cbio_mutation_tp53_kras
TCGA-D8-A1X9	TCGA-BRCA_IDC	0	0	1	1	cbio_mutation_tp53_kras
TCGA-D8-A1XA	TCGA-BRCA_IDC	1	0	1	1	cbio_mutation_tp53_kras
TCGA-D8-A1XB	TCGA-BRCA_IDC	0	0	1	1	cbio_mutation_tp53_kras
TCGA-D8-A1XC	TCGA-BRCA_OTHERS	0	0	1	1	cbio_mutation_tp53_kras
TCGA-D8-A1XD	TCGA-BRCA_IDC	0	0	1	1	cbio_mutation_tp53_kras
TCGA-D8-A1XF	TCGA-BRCA_IDC	0	0	1	1	cbio_mutation_tp53_kras
TCGA-D8-A1XG	TCGA-BRCA_IDC	0	0	1	1	cbio_mutation_tp53_kras
TCGA-D8-A1XJ	TCGA-BRCA_IDC	1	0	1	1	cbio_mutation_tp53_kras
TCGA-D8-A1XK	TCGA-BRCA_IDC	0	0	1	1	cbio_mutation_tp53_kras
TCGA-D8-A1XL	TCGA-BRCA_IDC	1	0	1	1	cbio_mutation_tp53_kras
TCGA-D8-A1XM	TCGA-BRCA_IDC	0	0	1	1	cbio_mutation_tp53_kras
TCGA-D8-A1XO	TCGA-BRCA_OTHERS	0	0	1	1	cbio_mutation_tp53_kras
TCGA-D8-A1XQ	TCGA-BRCA_IDC	1	0	1	1	cbio_mutation_tp53_kras
TCGA-D8-A1XR	TCGA-BRCA_IDC	0	0	1	1	cbio_mutation_tp53_kras
TCGA-D8-A1XS	TCGA-BRCA_OTHERS	0	0	1	1	cbio_mutation_tp53_kras
TCGA-D8-A1XT	TCGA-BRCA_IDC	1	0	1	1	cbio_mutation_tp53_kras
TCGA-D8-A1XU	TCGA-BRCA_IDC	0	0	1	1	cbio_mutation_tp53_kras
TCGA-D8-A1XV	TCGA-BRCA_OTHERS	0	0	1	1	cbio_mutation_tp53_kras
TCGA-D8-A1XW	TCGA-BRCA_IDC	1	0	1	1	cbio_mutation_tp53_kras
TCGA-D8-A1XY	TCGA-BRCA_IDC	0	0	1	1	cbio_mutation_tp53_kras
TCGA-D8-A1XZ	TCGA-BRCA_IDC	1	0	1	1	cbio_mutation_tp53_kras
TCGA-D8-A1Y0	TCGA-BRCA_IDC	0	0	1	1	cbio_mutation_tp53_kras
TCGA-D8-A1Y1	TCGA-BRCA_IDC	0	0	1	1	cbio_mutation_tp53_kras
TCGA-D8-A1Y2	TCGA-BRCA_IDC	0	0	1	1	cbio_mutation_tp53_kras
TCGA-D8-A1Y3	TCGA-BRCA_IDC	1	0	1	1	cbio_mutation_tp53_kras
TCGA-D8-A27E	TCGA-BRCA_IDC	0	0	1	1	cbio_mutation_tp53_kras
TCGA-D8-A27F	TCGA-BRCA_IDC	1	0	1	1	cbio_mutation_tp53_kras
TCGA-D8-A27G	TCGA-BRCA_OTHERS	0	0	1	1	cbio_mutation_tp53_kras
TCGA-D8-A27H	TCGA-BRCA_IDC	0	0	1	1	cbio_mutation_tp53_kras
TCGA-D8-A27I	TCGA-BRCA_OTHERS	0	0	1	1	cbio_mutation_tp53_kras
TCGA-D8-A27K	TCGA-BRCA_IDC	0	0	1	1	cbio_mutation_tp53_kras
TCGA-D8-A27L	TCGA-BRCA_IDC	0	0	1	1	cbio_mutation_tp53_kras
TCGA-D8-A27M	TCGA-BRCA_IDC	1	0	1	1	cbio_mutation_tp53_kras
TCGA-D8-A27N	TCGA-BRCA_IDC	1	0	1	1	cbio_mutation_tp53_kras
TCGA-D8-A27P	TCGA-BRCA_IDC	0	0	1	1	cbio_mutation_tp53_kras
TCGA-D8-A27R	TCGA-BRCA_IDC	0	0	1	1	cbio_mutation_tp53_kras
TCGA-D8-A27T	TCGA-BRCA_OTHERS	0	0	1	1	cbio_mutation_tp53_kras
TCGA-D8-A27V	TCGA-BRCA_OTHERS	0	0	1	1	cbio_mutation_tp53_kras
TCGA-D8-A27W	TCGA-BRCA_OTHERS	0	0	1	1	cbio_mutation_tp53_kras
TCGA-D8-A3Z5	TCGA-BRCA_OTHERS	0	0	1	1	cbio_mutation_tp53_kras
TCGA-D8-A3Z6	TCGA-BRCA_OTHERS	0	0	1	1	cbio_mutation_tp53_kras
TCGA-D8-A4Z1	TCGA-BRCA_OTHERS	0	0	1	1	cbio_mutation_tp53_kras
TCGA-D8-A73U	TCGA-BRCA_OTHERS	0	0	1	1	cbio_mutation_tp53_kras
TCGA-D8-A73W	TCGA-BRCA_OTHERS	0	0	1	1	cbio_mutation_tp53_kras
TCGA-D8-A73X	TCGA-BRCA_IDC	0	0	1	1	cbio_mutation_tp53_kras
TCGA-D9-A148	TCGA-SKCM	Unknown	Unknown	0	0	cbio_mutation_tp53_kras
TCGA-D9-A149	TCGA-SKCM	Unknown	Unknown	0	0	cbio_mutation_tp53_kras
TCGA-D9-A1JW	TCGA-SKCM	0	0	1	1	cbio_mutation_tp53_kras
TCGA-D9-A1JX	TCGA-SKCM	0	0	1	1	cbio_mutation_tp53_kras
TCGA-D9-A1X3	TCGA-SKCM	0	0	1	1	cbio_mutation_tp53_kras
TCGA-D9-A3Z1	TCGA-SKCM	0	0	1	1	cbio_mutation_tp53_kras
TCGA-D9-A3Z3	TCGA-SKCM	0	0	1	1	cbio_mutation_tp53_kras
TCGA-D9-A3Z4	TCGA-SKCM	0	0	1	1	cbio_mutation_tp53_kras
TCGA-D9-A4Z2	TCGA-SKCM	0	0	1	1	cbio_mutation_tp53_kras
TCGA-D9-A4Z3	TCGA-SKCM	0	0	1	1	cbio_mutation_tp53_kras
TCGA-D9-A4Z5	TCGA-SKCM	0	0	1	1	cbio_mutation_tp53_kras
TCGA-D9-A4Z6	TCGA-SKCM	0	0	1	1	cbio_mutation_tp53_kras
TCGA-D9-A6E9	TCGA-SKCM	Unknown	Unknown	0	0	cbio_mutation_tp53_kras
TCGA-D9-A6EA	TCGA-SKCM	Unknown	Unknown	0	0	cbio_mutation_tp53_kras
TCGA-D9-A6EC	TCGA-SKCM	Unknown	Unknown	0	0	cbio_mutation_tp53_kras
TCGA-D9-A6EG	TCGA-SKCM	Unknown	Unknown	0	0	cbio_mutation_tp53_kras
TCGA-DA-A1HV	TCGA-SKCM	Unknown	Unknown	0	0	cbio_mutation_tp53_kras
TCGA-DA-A1HW	TCGA-SKCM	Unknown	Unknown	0	0	cbio_mutation_tp53_kras
TCGA-DA-A1HY	TCGA-SKCM	Unknown	Unknown	0	0	cbio_mutation_tp53_kras
TCGA-DA-A1I0	TCGA-SKCM	Unknown	Unknown	0	0	cbio_mutation_tp53_kras
TCGA-DA-A1I1	TCGA-SKCM	Unknown	Unknown	0	0	cbio_mutation_tp53_kras
TCGA-DA-A1I2	TCGA-SKCM	Unknown	Unknown	0	0	cbio_mutation_tp53_kras
TCGA-DA-A1I4	TCGA-SKCM	Unknown	Unknown	0	0	cbio_mutation_tp53_kras
TCGA-DA-A1I5	TCGA-SKCM	Unknown	Unknown	0	0	cbio_mutation_tp53_kras
TCGA-DA-A1I7	TCGA-SKCM	Unknown	Unknown	0	0	cbio_mutation_tp53_kras
TCGA-DA-A1I8	TCGA-SKCM	Unknown	Unknown	0	0	cbio_mutation_tp53_kras
TCGA-DA-A1IA	TCGA-SKCM	Unknown	Unknown	0	0	cbio_mutation_tp53_kras
TCGA-DA-A1IB	TCGA-SKCM	Unknown	Unknown	0	0	cbio_mutation_tp53_kras
TCGA-DA-A1IC	TCGA-SKCM	Unknown	Unknown	0	0	cbio_mutation_tp53_kras
TCGA-DA-A3F2	TCGA-SKCM	Unknown	Unknown	0	0	cbio_mutation_tp53_kras
TCGA-DA-A3F3	TCGA-SKCM	Unknown	Unknown	0	0	cbio_mutation_tp53_kras
TCGA-DA-A3F5	TCGA-SKCM	Unknown	Unknown	0	0	cbio_mutation_tp53_kras
TCGA-DA-A3F8	TCGA-SKCM	Unknown	Unknown	0	0	cbio_mutation_tp53_kras
TCGA-DA-A95V	TCGA-SKCM	Unknown	Unknown	0	0	cbio_mutation_tp53_kras
TCGA-DA-A95W	TCGA-SKCM	Unknown	Unknown	0	0	cbio_mutation_tp53_kras
TCGA-DA-A95X	TCGA-SKCM	Unknown	Unknown	0	0	cbio_mutation_tp53_kras
TCGA-DA-A95Y	TCGA-SKCM	Unknown	Unknown	0	0	cbio_mutation_tp53_kras
TCGA-DA-A95Z	TCGA-SKCM	Unknown	Unknown	0	0	cbio_mutation_tp53_kras
TCGA-DA-A960	TCGA-SKCM	Unknown	Unknown	0	0	cbio_mutation_tp53_kras
TCGA-DB-5270	TCGA-LGG	1	0	1	1	cbio_mutation_tp53_kras
TCGA-DB-5273	TCGA-LGG	1	0	1	1	cbio_mutation_tp53_kras
TCGA-DB-5274	TCGA-LGG	0	0	1	1	cbio_mutation_tp53_kras
TCGA-DB-5275	TCGA-LGG	1	0	1	1	cbio_mutation_tp53_kras
TCGA-DB-5276	TCGA-LGG	1	0	1	1	cbio_mutation_tp53_kras
TCGA-DB-5277	TCGA-LGG	1	0	1	1	cbio_mutation_tp53_kras
TCGA-DB-5278	TCGA-LGG	0	0	1	1	cbio_mutation_tp53_kras
TCGA-DB-5279	TCGA-LGG	0	0	1	1	cbio_mutation_tp53_kras
TCGA-DB-5280	TCGA-LGG	1	0	1	1	cbio_mutation_tp53_kras
TCGA-DB-5281	TCGA-LGG	1	0	1	1	cbio_mutation_tp53_kras
TCGA-DB-A4X9	TCGA-LGG	0	0	1	1	cbio_mutation_tp53_kras
TCGA-DB-A4XA	TCGA-LGG	0	0	1	1	cbio_mutation_tp53_kras
TCGA-DB-A4XB	TCGA-LGG	1	0	1	1	cbio_mutation_tp53_kras
TCGA-DB-A4XC	TCGA-LGG	1	0	1	1	cbio_mutation_tp53_kras
TCGA-DB-A4XD	TCGA-LGG	1	0	1	1	cbio_mutation_tp53_kras
TCGA-DB-A4XE	TCGA-LGG	1	0	1	1	cbio_mutation_tp53_kras
TCGA-DB-A4XF	TCGA-LGG	1	0	1	1	cbio_mutation_tp53_kras
TCGA-DB-A4XG	TCGA-LGG	0	0	1	1	cbio_mutation_tp53_kras
TCGA-DB-A4XH	TCGA-LGG	0	0	1	1	cbio_mutation_tp53_kras
TCGA-DB-A64L	TCGA-LGG	0	0	1	1	cbio_mutation_tp53_kras
TCGA-DB-A64O	TCGA-LGG	0	0	1	1	cbio_mutation_tp53_kras
TCGA-DB-A64P	TCGA-LGG	0	0	1	1	cbio_mutation_tp53_kras
TCGA-DB-A64Q	TCGA-LGG	0	0	1	1	cbio_mutation_tp53_kras
TCGA-DB-A64R	TCGA-LGG	0	0	1	1	cbio_mutation_tp53_kras
TCGA-DB-A64S	TCGA-LGG	1	0	1	1	cbio_mutation_tp53_kras
TCGA-DB-A64U	TCGA-LGG	0	0	1	1	cbio_mutation_tp53_kras
TCGA-DB-A64V	TCGA-LGG	0	0	1	1	cbio_mutation_tp53_kras
TCGA-DB-A64W	TCGA-LGG	0	0	1	1	cbio_mutation_tp53_kras
TCGA-DB-A64X	TCGA-LGG	1	0	1	1	cbio_mutation_tp53_kras
TCGA-DB-A75K	TCGA-LGG	0	0	1	1	cbio_mutation_tp53_kras
TCGA-DB-A75L	TCGA-LGG	1	0	1	1	cbio_mutation_tp53_kras
TCGA-DB-A75M	TCGA-LGG	1	0	1	1	cbio_mutation_tp53_kras
TCGA-DB-A75O	TCGA-LGG	1	0	1	1	cbio_mutation_tp53_kras
TCGA-DB-A75P	TCGA-LGG	0	0	1	1	cbio_mutation_tp53_kras
TCGA-DC-4745	TCGA-READ	1	0	1	1	cbio_mutation_tp53_kras
TCGA-DC-4749	TCGA-READ	1	0	1	1	cbio_mutation_tp53_kras
TCGA-DC-5337	TCGA-READ	0	0	1	1	cbio_mutation_tp53_kras
TCGA-DC-5869	TCGA-READ	1	0	1	1	cbio_mutation_tp53_kras
TCGA-DC-6154	TCGA-READ	1	0	1	1	cbio_mutation_tp53_kras
TCGA-DC-6155	TCGA-READ	1	1	1	1	cbio_mutation_tp53_kras
TCGA-DC-6156	TCGA-READ	0	0	1	1	cbio_mutation_tp53_kras
TCGA-DC-6157	TCGA-READ	1	0	1	1	cbio_mutation_tp53_kras
TCGA-DC-6158	TCGA-READ	1	0	1	1	cbio_mutation_tp53_kras
TCGA-DC-6160	TCGA-READ	1	1	1	1	cbio_mutation_tp53_kras
TCGA-DC-6681	TCGA-READ	0	1	1	1	cbio_mutation_tp53_kras
TCGA-DC-6682	TCGA-READ	1	0	1	1	cbio_mutation_tp53_kras
TCGA-DC-6683	TCGA-READ	1	1	1	1	cbio_mutation_tp53_kras
TCGA-DD-A113	TCGA-LIHC	0	0	1	1	cbio_mutation_tp53_kras
TCGA-DD-A114	TCGA-LIHC	1	0	1	1	cbio_mutation_tp53_kras
TCGA-DD-A115	TCGA-LIHC	0	0	1	1	cbio_mutation_tp53_kras
TCGA-DD-A116	TCGA-LIHC	0	0	1	1	cbio_mutation_tp53_kras
TCGA-DD-A118	TCGA-LIHC	0	0	1	1	cbio_mutation_tp53_kras
TCGA-DD-A119	TCGA-LIHC	0	0	1	1	cbio_mutation_tp53_kras
TCGA-DD-A11A	TCGA-LIHC	1	0	1	1	cbio_mutation_tp53_kras
TCGA-DD-A11B	TCGA-LIHC	0	0	1	1	cbio_mutation_tp53_kras
TCGA-DD-A11C	TCGA-LIHC	0	0	1	1	cbio_mutation_tp53_kras
TCGA-DD-A11D	TCGA-LIHC	0	0	1	1	cbio_mutation_tp53_kras
TCGA-DD-A1E9	TCGA-LIHC	0	0	1	1	cbio_mutation_tp53_kras
TCGA-DD-A1EA	TCGA-LIHC	0	0	1	1	cbio_mutation_tp53_kras
TCGA-DD-A1EB	TCGA-LIHC	1	0	1	1	cbio_mutation_tp53_kras
TCGA-DD-A1EC	TCGA-LIHC	0	0	1	1	cbio_mutation_tp53_kras
TCGA-DD-A1ED	TCGA-LIHC	0	0	1	1	cbio_mutation_tp53_kras
TCGA-DD-A1EE	TCGA-LIHC	1	0	1	1	cbio_mutation_tp53_kras
TCGA-DD-A1EF	TCGA-LIHC	0	0	1	1	cbio_mutation_tp53_kras
TCGA-DD-A1EG	TCGA-LIHC	Unknown	Unknown	0	0	cbio_mutation_tp53_kras
TCGA-DD-A1EH	TCGA-LIHC	0	0	1	1	cbio_mutation_tp53_kras
TCGA-DD-A1EI	TCGA-LIHC	1	0	1	1	cbio_mutation_tp53_kras
TCGA-DD-A1EJ	TCGA-LIHC	0	0	1	1	cbio_mutation_tp53_kras
TCGA-DD-A1EK	TCGA-LIHC	0	0	1	1	cbio_mutation_tp53_kras
TCGA-DD-A1EL	TCGA-LIHC	1	0	1	1	cbio_mutation_tp53_kras
TCGA-DD-A39V	TCGA-LIHC	0	0	1	1	cbio_mutation_tp53_kras
TCGA-DD-A39W	TCGA-LIHC	0	0	1	1	cbio_mutation_tp53_kras
TCGA-DD-A39X	TCGA-LIHC	0	0	1	1	cbio_mutation_tp53_kras
TCGA-DD-A39Y	TCGA-LIHC	0	0	1	1	cbio_mutation_tp53_kras
TCGA-DD-A39Z	TCGA-LIHC	0	0	1	1	cbio_mutation_tp53_kras
TCGA-DD-A3A0	TCGA-LIHC	Unknown	Unknown	0	0	cbio_mutation_tp53_kras
TCGA-DD-A3A1	TCGA-LIHC	0	0	1	1	cbio_mutation_tp53_kras
TCGA-DD-A3A2	TCGA-LIHC	0	0	1	1	cbio_mutation_tp53_kras
TCGA-DD-A3A3	TCGA-LIHC	0	0	1	1	cbio_mutation_tp53_kras
TCGA-DD-A3A4	TCGA-LIHC	0	1	1	1	cbio_mutation_tp53_kras
TCGA-DD-A3A5	TCGA-LIHC	0	0	1	1	cbio_mutation_tp53_kras
TCGA-DD-A3A6	TCGA-LIHC	0	0	1	1	cbio_mutation_tp53_kras
TCGA-DD-A3A7	TCGA-LIHC	1	0	1	1	cbio_mutation_tp53_kras
TCGA-DD-A3A8	TCGA-LIHC	0	0	1	1	cbio_mutation_tp53_kras
TCGA-DD-A3A9	TCGA-LIHC	0	0	1	1	cbio_mutation_tp53_kras
TCGA-DD-A4NA	TCGA-LIHC	0	0	1	1	cbio_mutation_tp53_kras
TCGA-DD-A4NB	TCGA-LIHC	0	1	1	1	cbio_mutation_tp53_kras
TCGA-DD-A4ND	TCGA-LIHC	0	0	1	1	cbio_mutation_tp53_kras
TCGA-DD-A4NE	TCGA-LIHC	0	0	1	1	cbio_mutation_tp53_kras
TCGA-DD-A4NF	TCGA-LIHC	0	0	1	1	cbio_mutation_tp53_kras
TCGA-DD-A4NG	TCGA-LIHC	0	0	1	1	cbio_mutation_tp53_kras
TCGA-DD-A4NH	TCGA-LIHC	0	0	1	1	cbio_mutation_tp53_kras
TCGA-DD-A4NI	TCGA-LIHC	0	0	1	1	cbio_mutation_tp53_kras
TCGA-DD-A4NJ	TCGA-LIHC	0	0	1	1	cbio_mutation_tp53_kras
TCGA-DD-A4NK	TCGA-LIHC	0	0	1	1	cbio_mutation_tp53_kras
TCGA-DD-A4NL	TCGA-LIHC	0	0	1	1	cbio_mutation_tp53_kras
TCGA-DD-A4NN	TCGA-LIHC	0	0	1	1	cbio_mutation_tp53_kras
TCGA-DD-A4NO	TCGA-LIHC	0	0	1	1	cbio_mutation_tp53_kras
TCGA-DD-A4NP	TCGA-LIHC	0	0	1	1	cbio_mutation_tp53_kras
TCGA-DD-A4NQ	TCGA-LIHC	0	0	1	1	cbio_mutation_tp53_kras
TCGA-DD-A4NR	TCGA-LIHC	0	0	1	1	cbio_mutation_tp53_kras
TCGA-DD-A4NS	TCGA-LIHC	0	0	1	1	cbio_mutation_tp53_kras
TCGA-DD-A4NV	TCGA-LIHC	0	0	1	1	cbio_mutation_tp53_kras
TCGA-DD-A73A	TCGA-LIHC	0	0	1	1	cbio_mutation_tp53_kras
TCGA-DD-A73B	TCGA-LIHC	0	0	1	1	cbio_mutation_tp53_kras
TCGA-DD-A73C	TCGA-LIHC	0	0	1	1	cbio_mutation_tp53_kras
TCGA-DD-A73D	TCGA-LIHC	0	0	1	1	cbio_mutation_tp53_kras
TCGA-DD-A73E	TCGA-LIHC	0	0	1	1	cbio_mutation_tp53_kras
TCGA-DD-A73G	TCGA-LIHC	0	0	1	1	cbio_mutation_tp53_kras
TCGA-DD-AA3A	TCGA-LIHC	0	0	1	1	cbio_mutation_tp53_kras
TCGA-DD-AAC8	TCGA-LIHC	0	0	1	1	cbio_mutation_tp53_kras
TCGA-DD-AAC9	TCGA-LIHC	0	0	1	1	cbio_mutation_tp53_kras
TCGA-DD-AACA	TCGA-LIHC	0	0	1	1	cbio_mutation_tp53_kras
TCGA-DD-AACB	TCGA-LIHC	1	0	1	1	cbio_mutation_tp53_kras
TCGA-DD-AACC	TCGA-LIHC	0	0	1	1	cbio_mutation_tp53_kras
TCGA-DD-AACD	TCGA-LIHC	0	0	1	1	cbio_mutation_tp53_kras
TCGA-DD-AACE	TCGA-LIHC	1	0	1	1	cbio_mutation_tp53_kras
TCGA-DD-AACF	TCGA-LIHC	1	0	1	1	cbio_mutation_tp53_kras
TCGA-DD-AACG	TCGA-LIHC	1	0	1	1	cbio_mutation_tp53_kras
TCGA-DD-AACH	TCGA-LIHC	0	0	1	1	cbio_mutation_tp53_kras
TCGA-DD-AACI	TCGA-LIHC	0	0	1	1	cbio_mutation_tp53_kras
TCGA-DD-AACJ	TCGA-LIHC	0	0	1	1	cbio_mutation_tp53_kras
TCGA-DD-AACK	TCGA-LIHC	0	0	1	1	cbio_mutation_tp53_kras
TCGA-DD-AACL	TCGA-LIHC	1	0	1	1	cbio_mutation_tp53_kras
TCGA-DD-AACM	TCGA-LIHC	1	0	1	1	cbio_mutation_tp53_kras
TCGA-DD-AACN	TCGA-LIHC	0	0	1	1	cbio_mutation_tp53_kras
TCGA-DD-AACO	TCGA-LIHC	0	0	1	1	cbio_mutation_tp53_kras
TCGA-DD-AACP	TCGA-LIHC	0	0	1	1	cbio_mutation_tp53_kras
TCGA-DD-AACQ	TCGA-LIHC	1	0	1	1	cbio_mutation_tp53_kras
TCGA-DD-AACS	TCGA-LIHC	1	0	1	1	cbio_mutation_tp53_kras
TCGA-DD-AACT	TCGA-LIHC	0	0	1	1	cbio_mutation_tp53_kras
TCGA-DD-AACU	TCGA-LIHC	1	0	1	1	cbio_mutation_tp53_kras
TCGA-DD-AACV	TCGA-LIHC	1	0	1	1	cbio_mutation_tp53_kras
TCGA-DD-AACW	TCGA-LIHC	0	0	1	1	cbio_mutation_tp53_kras
TCGA-DD-AACX	TCGA-LIHC	0	0	1	1	cbio_mutation_tp53_kras
TCGA-DD-AACY	TCGA-LIHC	0	0	1	1	cbio_mutation_tp53_kras
TCGA-DD-AACZ	TCGA-LIHC	1	0	1	1	cbio_mutation_tp53_kras
TCGA-DD-AAD0	TCGA-LIHC	0	0	1	1	cbio_mutation_tp53_kras
TCGA-DD-AAD1	TCGA-LIHC	0	0	1	1	cbio_mutation_tp53_kras
TCGA-DD-AAD2	TCGA-LIHC	0	0	1	1	cbio_mutation_tp53_kras
TCGA-DD-AAD3	TCGA-LIHC	1	0	1	1	cbio_mutation_tp53_kras
TCGA-DD-AAD5	TCGA-LIHC	1	0	1	1	cbio_mutation_tp53_kras
TCGA-DD-AAD6	TCGA-LIHC	0	0	1	1	cbio_mutation_tp53_kras
TCGA-DD-AAD8	TCGA-LIHC	1	0	1	1	cbio_mutation_tp53_kras
TCGA-DD-AADA	TCGA-LIHC	0	1	1	1	cbio_mutation_tp53_kras
TCGA-DD-AADB	TCGA-LIHC	1	0	1	1	cbio_mutation_tp53_kras
TCGA-DD-AADC	TCGA-LIHC	1	0	1	1	cbio_mutation_tp53_kras
TCGA-DD-AADD	TCGA-LIHC	1	0	1	1	cbio_mutation_tp53_kras
TCGA-DD-AADE	TCGA-LIHC	0	0	1	1	cbio_mutation_tp53_kras
TCGA-DD-AADF	TCGA-LIHC	0	0	1	1	cbio_mutation_tp53_kras
TCGA-DD-AADG	TCGA-LIHC	0	0	1	1	cbio_mutation_tp53_kras
TCGA-DD-AADI	TCGA-LIHC	0	0	1	1	cbio_mutation_tp53_kras
TCGA-DD-AADJ	TCGA-LIHC	0	0	1	1	cbio_mutation_tp53_kras
TCGA-DD-AADK	TCGA-LIHC	0	0	1	1	cbio_mutation_tp53_kras
TCGA-DD-AADL	TCGA-LIHC	1	0	1	1	cbio_mutation_tp53_kras
TCGA-DD-AADM	TCGA-LIHC	0	0	1	1	cbio_mutation_tp53_kras
TCGA-DD-AADN	TCGA-LIHC	1	0	1	1	cbio_mutation_tp53_kras
TCGA-DD-AADO	TCGA-LIHC	0	0	1	1	cbio_mutation_tp53_kras
TCGA-DD-AADP	TCGA-LIHC	0	0	1	1	cbio_mutation_tp53_kras
TCGA-DD-AADQ	TCGA-LIHC	0	0	1	1	cbio_mutation_tp53_kras
TCGA-DD-AADR	TCGA-LIHC	1	0	1	1	cbio_mutation_tp53_kras
TCGA-DD-AADS	TCGA-LIHC	0	0	1	1	cbio_mutation_tp53_kras
TCGA-DD-AADU	TCGA-LIHC	0	0	1	1	cbio_mutation_tp53_kras
TCGA-DD-AADV	TCGA-LIHC	1	0	1	1	cbio_mutation_tp53_kras
TCGA-DD-AADW	TCGA-LIHC	1	0	1	1	cbio_mutation_tp53_kras
TCGA-DD-AADY	TCGA-LIHC	0	0	1	1	cbio_mutation_tp53_kras
TCGA-DD-AAE0	TCGA-LIHC	1	0	1	1	cbio_mutation_tp53_kras
TCGA-DD-AAE1	TCGA-LIHC	0	0	1	1	cbio_mutation_tp53_kras
TCGA-DD-AAE2	TCGA-LIHC	0	0	1	1	cbio_mutation_tp53_kras
TCGA-DD-AAE3	TCGA-LIHC	0	0	1	1	cbio_mutation_tp53_kras
TCGA-DD-AAE4	TCGA-LIHC	0	0	1	1	cbio_mutation_tp53_kras
TCGA-DD-AAE6	TCGA-LIHC	1	0	1	1	cbio_mutation_tp53_kras
TCGA-DD-AAE7	TCGA-LIHC	0	0	1	1	cbio_mutation_tp53_kras
TCGA-DD-AAE8	TCGA-LIHC	1	0	1	1	cbio_mutation_tp53_kras
TCGA-DD-AAE9	TCGA-LIHC	0	0	1	1	cbio_mutation_tp53_kras
TCGA-DD-AAEA	TCGA-LIHC	1	0	1	1	cbio_mutation_tp53_kras
TCGA-DD-AAEB	TCGA-LIHC	0	0	1	1	cbio_mutation_tp53_kras
TCGA-DD-AAED	TCGA-LIHC	1	0	1	1	cbio_mutation_tp53_kras
TCGA-DD-AAEE	TCGA-LIHC	0	0	1	1	cbio_mutation_tp53_kras
TCGA-DD-AAEG	TCGA-LIHC	0	0	1	1	cbio_mutation_tp53_kras
TCGA-DD-AAEH	TCGA-LIHC	0	0	1	1	cbio_mutation_tp53_kras
TCGA-DD-AAEI	TCGA-LIHC	1	0	1	1	cbio_mutation_tp53_kras
TCGA-DD-AAEK	TCGA-LIHC	0	0	1	1	cbio_mutation_tp53_kras
TCGA-DD-AAVP	TCGA-LIHC	0	0	1	1	cbio_mutation_tp53_kras
TCGA-DD-AAVQ	TCGA-LIHC	0	0	1	1	cbio_mutation_tp53_kras
TCGA-DD-AAVR	TCGA-LIHC	0	0	1	1	cbio_mutation_tp53_kras
TCGA-DD-AAVS	TCGA-LIHC	0	0	1	1	cbio_mutation_tp53_kras
TCGA-DD-AAVU	TCGA-LIHC	1	0	1	1	cbio_mutation_tp53_kras
TCGA-DD-AAVV	TCGA-LIHC	1	0	1	1	cbio_mutation_tp53_kras
TCGA-DD-AAVW	TCGA-LIHC	0	0	1	1	cbio_mutation_tp53_kras
TCGA-DD-AAVX	TCGA-LIHC	0	0	1	1	cbio_mutation_tp53_kras
TCGA-DD-AAVY	TCGA-LIHC	0	0	1	1	cbio_mutation_tp53_kras
TCGA-DD-AAVZ	TCGA-LIHC	0	0	1	1	cbio_mutation_tp53_kras
TCGA-DD-AAW0	TCGA-LIHC	0	0	1	1	cbio_mutation_tp53_kras
TCGA-DD-AAW1	TCGA-LIHC	0	0	1	1	cbio_mutation_tp53_kras
TCGA-DD-AAW2	TCGA-LIHC	0	0	1	1	cbio_mutation_tp53_kras
TCGA-DD-AAW3	TCGA-LIHC	0	0	1	1	cbio_mutation_tp53_kras
TCGA-DE-A0XZ	TCGA-THCA	0	0	1	1	cbio_mutation_tp53_kras
TCGA-DE-A0Y2	TCGA-THCA	0	0	1	1	cbio_mutation_tp53_kras
TCGA-DE-A0Y3	TCGA-THCA	0	0	1	1	cbio_mutation_tp53_kras
TCGA-DE-A2OL	TCGA-THCA	0	0	1	1	cbio_mutation_tp53_kras
TCGA-DE-A3KN	TCGA-THCA	0	0	1	1	cbio_mutation_tp53_kras
TCGA-DE-A4M8	TCGA-THCA	0	0	1	1	cbio_mutation_tp53_kras
TCGA-DE-A4M9	TCGA-THCA	0	0	1	1	cbio_mutation_tp53_kras
TCGA-DE-A4MA	TCGA-THCA	0	0	1	1	cbio_mutation_tp53_kras
TCGA-DE-A4MB	TCGA-THCA	0	0	1	1	cbio_mutation_tp53_kras
TCGA-DE-A4MC	TCGA-THCA	0	0	1	1	cbio_mutation_tp53_kras
TCGA-DE-A4MD	TCGA-THCA	0	0	1	1	cbio_mutation_tp53_kras
TCGA-DE-A69J	TCGA-THCA	0	0	1	1	cbio_mutation_tp53_kras
TCGA-DE-A69K	TCGA-THCA	0	0	1	1	cbio_mutation_tp53_kras
TCGA-DE-A7U5	TCGA-THCA	0	0	1	1	cbio_mutation_tp53_kras
TCGA-DF-A2KN	TCGA-UCEC	0	0	1	1	cbio_mutation_tp53_kras
TCGA-DF-A2KR	TCGA-UCEC	1	1	1	1	cbio_mutation_tp53_kras
TCGA-DF-A2KS	TCGA-UCEC	1	0	1	1	cbio_mutation_tp53_kras
TCGA-DF-A2KU	TCGA-UCEC	1	0	1	1	cbio_mutation_tp53_kras
TCGA-DF-A2KV	TCGA-UCEC	1	0	1	1	cbio_mutation_tp53_kras
TCGA-DF-A2KY	TCGA-UCEC	Unknown	Unknown	0	0	cbio_mutation_tp53_kras
TCGA-DF-A2KZ	TCGA-UCEC	0	1	1	1	cbio_mutation_tp53_kras
TCGA-DF-A2L0	TCGA-UCEC	1	0	1	1	cbio_mutation_tp53_kras
TCGA-DG-A2KH	TCGA-CESC	0	0	1	1	cbio_mutation_tp53_kras
TCGA-DG-A2KJ	TCGA-CESC	0	0	1	1	cbio_mutation_tp53_kras
TCGA-DG-A2KK	TCGA-CESC	1	1	1	1	cbio_mutation_tp53_kras
TCGA-DG-A2KL	TCGA-CESC	0	0	1	1	cbio_mutation_tp53_kras
TCGA-DG-A2KM	TCGA-CESC	0	0	1	1	cbio_mutation_tp53_kras
TCGA-DH-5140	TCGA-LGG	1	0	1	1	cbio_mutation_tp53_kras
TCGA-DH-5141	TCGA-LGG	0	0	1	1	cbio_mutation_tp53_kras
TCGA-DH-5142	TCGA-LGG	1	0	1	1	cbio_mutation_tp53_kras
TCGA-DH-5143	TCGA-LGG	1	0	1	1	cbio_mutation_tp53_kras
TCGA-DH-5144	TCGA-LGG	0	0	1	1	cbio_mutation_tp53_kras
TCGA-DH-A669	TCGA-LGG	0	0	1	1	cbio_mutation_tp53_kras
TCGA-DH-A66B	TCGA-LGG	1	0	1	1	cbio_mutation_tp53_kras
TCGA-DH-A66D	TCGA-LGG	1	0	1	1	cbio_mutation_tp53_kras
TCGA-DH-A66F	TCGA-LGG	0	0	1	1	cbio_mutation_tp53_kras
TCGA-DH-A66G	TCGA-LGG	1	0	1	1	cbio_mutation_tp53_kras
TCGA-DH-A7UR	TCGA-LGG	0	0	1	1	cbio_mutation_tp53_kras
TCGA-DH-A7US	TCGA-LGG	0	0	1	1	cbio_mutation_tp53_kras
TCGA-DH-A7UT	TCGA-LGG	1	0	1	1	cbio_mutation_tp53_kras
TCGA-DH-A7UU	TCGA-LGG	1	0	1	1	cbio_mutation_tp53_kras
TCGA-DH-A7UV	TCGA-LGG	1	0	1	1	cbio_mutation_tp53_kras
TCGA-DI-A0WH	TCGA-UCEC	0	0	1	1	cbio_mutation_tp53_kras
TCGA-DI-A1BU	TCGA-UCEC	1	0	1	1	cbio_mutation_tp53_kras
TCGA-DI-A1BY	TCGA-UCEC	0	0	1	1	cbio_mutation_tp53_kras
TCGA-DI-A1C3	TCGA-UCEC	0	0	1	1	cbio_mutation_tp53_kras
TCGA-DI-A1NN	TCGA-UCEC	1	0	1	1	cbio_mutation_tp53_kras
TCGA-DI-A1NO	TCGA-UCEC	0	0	1	1	cbio_mutation_tp53_kras
TCGA-DI-A2QT	TCGA-UCEC	0	0	1	1	cbio_mutation_tp53_kras
TCGA-DI-A2QU	TCGA-UCEC	1	0	1	1	cbio_mutation_tp53_kras
TCGA-DI-A2QY	TCGA-UCEC	1	0	1	1	cbio_mutation_tp53_kras
TCGA-DJ-A13L	TCGA-THCA	0	0	1	1	cbio_mutation_tp53_kras
TCGA-DJ-A13M	TCGA-THCA	0	0	1	1	cbio_mutation_tp53_kras
TCGA-DJ-A13O	TCGA-THCA	0	0	1	1	cbio_mutation_tp53_kras
TCGA-DJ-A13P	TCGA-THCA	0	0	1	1	cbio_mutation_tp53_kras
TCGA-DJ-A13R	TCGA-THCA	0	0	1	1	cbio_mutation_tp53_kras
TCGA-DJ-A13S	TCGA-THCA	0	0	1	1	cbio_mutation_tp53_kras
TCGA-DJ-A13T	TCGA-THCA	0	0	1	1	cbio_mutation_tp53_kras
TCGA-DJ-A13U	TCGA-THCA	0	0	1	1	cbio_mutation_tp53_kras
TCGA-DJ-A13V	TCGA-THCA	0	0	1	1	cbio_mutation_tp53_kras
TCGA-DJ-A13W	TCGA-THCA	0	0	1	1	cbio_mutation_tp53_kras
TCGA-DJ-A13X	TCGA-THCA	0	0	1	1	cbio_mutation_tp53_kras
TCGA-DJ-A1QD	TCGA-THCA	0	0	1	1	cbio_mutation_tp53_kras
TCGA-DJ-A1QE	TCGA-THCA	0	0	1	1	cbio_mutation_tp53_kras
TCGA-DJ-A1QF	TCGA-THCA	0	0	1	1	cbio_mutation_tp53_kras
TCGA-DJ-A1QG	TCGA-THCA	0	0	1	1	cbio_mutation_tp53_kras
TCGA-DJ-A1QH	TCGA-THCA	0	0	1	1	cbio_mutation_tp53_kras
TCGA-DJ-A1QI	TCGA-THCA	0	0	1	1	cbio_mutation_tp53_kras
TCGA-DJ-A1QL	TCGA-THCA	0	0	1	1	cbio_mutation_tp53_kras
TCGA-DJ-A1QM	TCGA-THCA	0	0	1	1	cbio_mutation_tp53_kras
TCGA-DJ-A1QN	TCGA-THCA	0	0	1	1	cbio_mutation_tp53_kras
TCGA-DJ-A1QO	TCGA-THCA	0	0	1	1	cbio_mutation_tp53_kras
TCGA-DJ-A1QQ	TCGA-THCA	0	0	1	1	cbio_mutation_tp53_kras
TCGA-DJ-A2PN	TCGA-THCA	0	0	1	1	cbio_mutation_tp53_kras
TCGA-DJ-A2PO	TCGA-THCA	0	0	1	1	cbio_mutation_tp53_kras
TCGA-DJ-A2PP	TCGA-THCA	0	0	1	1	cbio_mutation_tp53_kras
TCGA-DJ-A2PQ	TCGA-THCA	0	0	1	1	cbio_mutation_tp53_kras
TCGA-DJ-A2PR	TCGA-THCA	0	0	1	1	cbio_mutation_tp53_kras
TCGA-DJ-A2PS	TCGA-THCA	0	0	1	1	cbio_mutation_tp53_kras
TCGA-DJ-A2PT	TCGA-THCA	0	0	1	1	cbio_mutation_tp53_kras
TCGA-DJ-A2PU	TCGA-THCA	0	0	1	1	cbio_mutation_tp53_kras
TCGA-DJ-A2PV	TCGA-THCA	0	0	1	1	cbio_mutation_tp53_kras
TCGA-DJ-A2PW	TCGA-THCA	0	0	1	1	cbio_mutation_tp53_kras
TCGA-DJ-A2PX	TCGA-THCA	0	0	1	1	cbio_mutation_tp53_kras
TCGA-DJ-A2PY	TCGA-THCA	0	0	1	1	cbio_mutation_tp53_kras
TCGA-DJ-A2PZ	TCGA-THCA	0	0	1	1	cbio_mutation_tp53_kras
TCGA-DJ-A2Q0	TCGA-THCA	0	0	1	1	cbio_mutation_tp53_kras
TCGA-DJ-A2Q1	TCGA-THCA	0	0	1	1	cbio_mutation_tp53_kras
TCGA-DJ-A2Q2	TCGA-THCA	0	0	1	1	cbio_mutation_tp53_kras
TCGA-DJ-A2Q3	TCGA-THCA	0	0	1	1	cbio_mutation_tp53_kras
TCGA-DJ-A2Q4	TCGA-THCA	0	0	1	1	cbio_mutation_tp53_kras
TCGA-DJ-A2Q5	TCGA-THCA	0	0	1	1	cbio_mutation_tp53_kras
TCGA-DJ-A2Q6	TCGA-THCA	0	0	1	1	cbio_mutation_tp53_kras
TCGA-DJ-A2Q7	TCGA-THCA	0	0	1	1	cbio_mutation_tp53_kras
TCGA-DJ-A2Q8	TCGA-THCA	0	0	1	1	cbio_mutation_tp53_kras
TCGA-DJ-A2Q9	TCGA-THCA	0	0	1	1	cbio_mutation_tp53_kras
TCGA-DJ-A2QA	TCGA-THCA	0	0	1	1	cbio_mutation_tp53_kras
TCGA-DJ-A2QB	TCGA-THCA	0	0	1	1	cbio_mutation_tp53_kras
TCGA-DJ-A2QC	TCGA-THCA	0	0	1	1	cbio_mutation_tp53_kras
TCGA-DJ-A3UK	TCGA-THCA	0	0	1	1	cbio_mutation_tp53_kras
TCGA-DJ-A3UM	TCGA-THCA	0	0	1	1	cbio_mutation_tp53_kras
TCGA-DJ-A3UN	TCGA-THCA	0	0	1	1	cbio_mutation_tp53_kras
TCGA-DJ-A3UO	TCGA-THCA	0	0	1	1	cbio_mutation_tp53_kras
TCGA-DJ-A3UP	TCGA-THCA	0	0	1	1	cbio_mutation_tp53_kras
TCGA-DJ-A3UQ	TCGA-THCA	0	0	1	1	cbio_mutation_tp53_kras
TCGA-DJ-A3UR	TCGA-THCA	0	0	1	1	cbio_mutation_tp53_kras
TCGA-DJ-A3US	TCGA-THCA	0	0	1	1	cbio_mutation_tp53_kras
TCGA-DJ-A3UT	TCGA-THCA	0	0	1	1	cbio_mutation_tp53_kras
TCGA-DJ-A3UU	TCGA-THCA	0	0	1	1	cbio_mutation_tp53_kras
TCGA-DJ-A3UV	TCGA-THCA	Unknown	Unknown	0	0	cbio_mutation_tp53_kras
TCGA-DJ-A3UW	TCGA-THCA	0	0	1	1	cbio_mutation_tp53_kras
TCGA-DJ-A3UX	TCGA-THCA	0	0	1	1	cbio_mutation_tp53_kras
TCGA-DJ-A3UY	TCGA-THCA	0	0	1	1	cbio_mutation_tp53_kras
TCGA-DJ-A3UZ	TCGA-THCA	0	0	1	1	cbio_mutation_tp53_kras
TCGA-DJ-A3V0	TCGA-THCA	0	0	1	1	cbio_mutation_tp53_kras
TCGA-DJ-A3V2	TCGA-THCA	0	0	1	1	cbio_mutation_tp53_kras
TCGA-DJ-A3V3	TCGA-THCA	0	0	1	1	cbio_mutation_tp53_kras
TCGA-DJ-A3V4	TCGA-THCA	0	0	1	1	cbio_mutation_tp53_kras
TCGA-DJ-A3V5	TCGA-THCA	0	0	1	1	cbio_mutation_tp53_kras
TCGA-DJ-A3V6	TCGA-THCA	Unknown	Unknown	0	0	cbio_mutation_tp53_kras
TCGA-DJ-A3V7	TCGA-THCA	0	0	1	1	cbio_mutation_tp53_kras
TCGA-DJ-A3V8	TCGA-THCA	0	0	1	1	cbio_mutation_tp53_kras
TCGA-DJ-A3V9	TCGA-THCA	0	0	1	1	cbio_mutation_tp53_kras
TCGA-DJ-A3VA	TCGA-THCA	0	0	1	1	cbio_mutation_tp53_kras
TCGA-DJ-A3VB	TCGA-THCA	0	0	1	1	cbio_mutation_tp53_kras
TCGA-DJ-A3VD	TCGA-THCA	0	0	1	1	cbio_mutation_tp53_kras
TCGA-DJ-A3VE	TCGA-THCA	0	0	1	1	cbio_mutation_tp53_kras
TCGA-DJ-A3VF	TCGA-THCA	0	0	1	1	cbio_mutation_tp53_kras
TCGA-DJ-A3VG	TCGA-THCA	0	0	1	1	cbio_mutation_tp53_kras
TCGA-DJ-A3VI	TCGA-THCA	0	0	1	1	cbio_mutation_tp53_kras
TCGA-DJ-A3VJ	TCGA-THCA	0	0	1	1	cbio_mutation_tp53_kras
TCGA-DJ-A3VK	TCGA-THCA	0	0	1	1	cbio_mutation_tp53_kras
TCGA-DJ-A3VL	TCGA-THCA	0	0	1	1	cbio_mutation_tp53_kras
TCGA-DJ-A3VM	TCGA-THCA	0	0	1	1	cbio_mutation_tp53_kras
TCGA-DJ-A4UL	TCGA-THCA	0	0	1	1	cbio_mutation_tp53_kras
TCGA-DJ-A4UP	TCGA-THCA	0	0	1	1	cbio_mutation_tp53_kras
TCGA-DJ-A4UQ	TCGA-THCA	0	0	1	1	cbio_mutation_tp53_kras
TCGA-DJ-A4UR	TCGA-THCA	0	0	1	1	cbio_mutation_tp53_kras
TCGA-DJ-A4UT	TCGA-THCA	0	0	1	1	cbio_mutation_tp53_kras
TCGA-DJ-A4UW	TCGA-THCA	0	0	1	1	cbio_mutation_tp53_kras
TCGA-DJ-A4V0	TCGA-THCA	0	0	1	1	cbio_mutation_tp53_kras
TCGA-DJ-A4V2	TCGA-THCA	0	0	1	1	cbio_mutation_tp53_kras
TCGA-DJ-A4V4	TCGA-THCA	0	0	1	1	cbio_mutation_tp53_kras
TCGA-DJ-A4V5	TCGA-THCA	0	0	1	1	cbio_mutation_tp53_kras
TCGA-DK-A1A3	TCGA-BLCA	1	0	1	1	cbio_mutation_tp53_kras
TCGA-DK-A1A5	TCGA-BLCA	1	0	1	1	cbio_mutation_tp53_kras
TCGA-DK-A1A6	TCGA-BLCA	0	0	1	1	cbio_mutation_tp53_kras
TCGA-DK-A1A7	TCGA-BLCA	0	0	1	1	cbio_mutation_tp53_kras
TCGA-DK-A1AA	TCGA-BLCA	0	0	1	1	cbio_mutation_tp53_kras
TCGA-DK-A1AB	TCGA-BLCA	1	0	1	1	cbio_mutation_tp53_kras
TCGA-DK-A1AC	TCGA-BLCA	1	0	1	1	cbio_mutation_tp53_kras
TCGA-DK-A1AD	TCGA-BLCA	1	0	1	1	cbio_mutation_tp53_kras
TCGA-DK-A1AE	TCGA-BLCA	0	0	1	1	cbio_mutation_tp53_kras
TCGA-DK-A1AF	TCGA-BLCA	0	0	1	1	cbio_mutation_tp53_kras
TCGA-DK-A1AG	TCGA-BLCA	0	0	1	1	cbio_mutation_tp53_kras
TCGA-DK-A2HX	TCGA-BLCA	0	0	1	1	cbio_mutation_tp53_kras
TCGA-DK-A2I1	TCGA-BLCA	1	0	1	1	cbio_mutation_tp53_kras
TCGA-DK-A2I2	TCGA-BLCA	1	0	1	1	cbio_mutation_tp53_kras
TCGA-DK-A2I4	TCGA-BLCA	0	0	1	1	cbio_mutation_tp53_kras
TCGA-DK-A2I6	TCGA-BLCA	1	0	1	1	cbio_mutation_tp53_kras
TCGA-DK-A3IK	TCGA-BLCA	1	0	1	1	cbio_mutation_tp53_kras
TCGA-DK-A3IL	TCGA-BLCA	1	0	1	1	cbio_mutation_tp53_kras
TCGA-DK-A3IM	TCGA-BLCA	1	0	1	1	cbio_mutation_tp53_kras
TCGA-DK-A3IN	TCGA-BLCA	1	0	1	1	cbio_mutation_tp53_kras
TCGA-DK-A3IQ	TCGA-BLCA	0	0	1	1	cbio_mutation_tp53_kras
TCGA-DK-A3IS	TCGA-BLCA	1	0	1	1	cbio_mutation_tp53_kras
TCGA-DK-A3IT	TCGA-BLCA	0	0	1	1	cbio_mutation_tp53_kras
TCGA-DK-A3IU	TCGA-BLCA	1	0	1	1	cbio_mutation_tp53_kras
TCGA-DK-A3IV	TCGA-BLCA	1	0	1	1	cbio_mutation_tp53_kras
TCGA-DK-A3WW	TCGA-BLCA	0	0	1	1	cbio_mutation_tp53_kras
TCGA-DK-A3WX	TCGA-BLCA	0	0	1	1	cbio_mutation_tp53_kras
TCGA-DK-A3WY	TCGA-BLCA	0	0	1	1	cbio_mutation_tp53_kras
TCGA-DK-A3X1	TCGA-BLCA	1	0	1	1	cbio_mutation_tp53_kras
TCGA-DK-A3X2	TCGA-BLCA	1	0	1	1	cbio_mutation_tp53_kras
TCGA-DK-A6AV	TCGA-BLCA	0	0	1	1	cbio_mutation_tp53_kras
TCGA-DK-A6AW	TCGA-BLCA	0	0	1	1	cbio_mutation_tp53_kras
TCGA-DK-A6B0	TCGA-BLCA	0	0	1	1	cbio_mutation_tp53_kras
TCGA-DK-A6B1	TCGA-BLCA	0	0	1	1	cbio_mutation_tp53_kras
TCGA-DK-A6B2	TCGA-BLCA	0	0	1	1	cbio_mutation_tp53_kras
TCGA-DK-A6B5	TCGA-BLCA	0	0	1	1	cbio_mutation_tp53_kras
TCGA-DK-A6B6	TCGA-BLCA	1	0	1	1	cbio_mutation_tp53_kras
TCGA-DM-A0X9	TCGA-COAD	0	1	1	1	cbio_mutation_tp53_kras
TCGA-DM-A0XD	TCGA-COAD	1	1	1	1	cbio_mutation_tp53_kras
TCGA-DM-A0XF	TCGA-COAD	1	0	1	1	cbio_mutation_tp53_kras
TCGA-DM-A1D0	TCGA-COAD	1	1	1	1	cbio_mutation_tp53_kras
TCGA-DM-A1D4	TCGA-COAD	1	1	1	1	cbio_mutation_tp53_kras
TCGA-DM-A1D6	TCGA-COAD	1	1	1	1	cbio_mutation_tp53_kras
TCGA-DM-A1D7	TCGA-COAD	1	1	1	1	cbio_mutation_tp53_kras
TCGA-DM-A1D8	TCGA-COAD	1	1	1	1	cbio_mutation_tp53_kras
TCGA-DM-A1D9	TCGA-COAD	1	1	1	1	cbio_mutation_tp53_kras
TCGA-DM-A1DA	TCGA-COAD	1	0	1	1	cbio_mutation_tp53_kras
TCGA-DM-A1DB	TCGA-COAD	1	0	1	1	cbio_mutation_tp53_kras
TCGA-DM-A1HA	TCGA-COAD	1	1	1	1	cbio_mutation_tp53_kras
TCGA-DM-A280	TCGA-COAD	0	1	1	1	cbio_mutation_tp53_kras
TCGA-DM-A282	TCGA-COAD	0	1	1	1	cbio_mutation_tp53_kras
TCGA-DM-A285	TCGA-COAD	1	1	1	1	cbio_mutation_tp53_kras
TCGA-DM-A288	TCGA-COAD	1	1	1	1	cbio_mutation_tp53_kras
TCGA-DM-A28A	TCGA-COAD	1	1	1	1	cbio_mutation_tp53_kras
TCGA-DM-A28E	TCGA-COAD	1	1	1	1	cbio_mutation_tp53_kras
TCGA-DM-A28F	TCGA-COAD	1	0	1	1	cbio_mutation_tp53_kras
TCGA-DM-A28G	TCGA-COAD	0	1	1	1	cbio_mutation_tp53_kras
TCGA-DM-A28H	TCGA-COAD	1	0	1	1	cbio_mutation_tp53_kras
TCGA-DM-A28K	TCGA-COAD	0	1	1	1	cbio_mutation_tp53_kras
TCGA-DM-A28M	TCGA-COAD	0	1	1	1	cbio_mutation_tp53_kras
TCGA-DO-A1JZ	TCGA-THCA	0	0	1	1	cbio_mutation_tp53_kras
TCGA-DO-A1K0	TCGA-THCA	0	0	1	1	cbio_mutation_tp53_kras
TCGA-DO-A2HM	TCGA-THCA	0	0	1	1	cbio_mutation_tp53_kras
TCGA-DQ-5624	TCGA-HNSC	0	0	1	1	cbio_mutation_tp53_kras
TCGA-DQ-5625	TCGA-HNSC	0	0	1	1	cbio_mutation_tp53_kras
TCGA-DQ-5629	TCGA-HNSC	1	0	1	1	cbio_mutation_tp53_kras
TCGA-DQ-5630	TCGA-HNSC	1	0	1	1	cbio_mutation_tp53_kras
TCGA-DQ-5631	TCGA-HNSC	1	0	1	1	cbio_mutation_tp53_kras
TCGA-DQ-7588	TCGA-HNSC	1	0	1	1	cbio_mutation_tp53_kras
TCGA-DQ-7589	TCGA-HNSC	0	0	1	1	cbio_mutation_tp53_kras
TCGA-DQ-7590	TCGA-HNSC	0	0	1	1	cbio_mutation_tp53_kras
TCGA-DQ-7591	TCGA-HNSC	0	0	1	1	cbio_mutation_tp53_kras
TCGA-DQ-7592	TCGA-HNSC	1	0	1	1	cbio_mutation_tp53_kras
TCGA-DQ-7593	TCGA-HNSC	0	0	1	1	cbio_mutation_tp53_kras
TCGA-DQ-7594	TCGA-HNSC	0	0	1	1	cbio_mutation_tp53_kras
TCGA-DQ-7595	TCGA-HNSC	Unknown	Unknown	0	0	cbio_mutation_tp53_kras
TCGA-DQ-7596	TCGA-HNSC	0	0	1	1	cbio_mutation_tp53_kras
TCGA-DR-A0ZL	TCGA-CESC	0	0	1	1	cbio_mutation_tp53_kras
TCGA-DR-A0ZM	TCGA-CESC	0	0	1	1	cbio_mutation_tp53_kras
TCGA-DS-A0VK	TCGA-CESC	0	0	1	1	cbio_mutation_tp53_kras
TCGA-DS-A0VM	TCGA-CESC	0	0	1	1	cbio_mutation_tp53_kras
TCGA-DS-A0VN	TCGA-CESC	0	0	1	1	cbio_mutation_tp53_kras
TCGA-DS-A1O9	TCGA-CESC	Unknown	Unknown	0	0	cbio_mutation_tp53_kras
TCGA-DS-A1OC	TCGA-CESC	Unknown	Unknown	0	0	cbio_mutation_tp53_kras
TCGA-DS-A1OD	TCGA-CESC	Unknown	Unknown	0	0	cbio_mutation_tp53_kras
TCGA-DS-A3LQ	TCGA-CESC	0	0	1	1	cbio_mutation_tp53_kras
TCGA-DS-A7WF	TCGA-CESC	0	0	1	1	cbio_mutation_tp53_kras
TCGA-DS-A7WH	TCGA-CESC	0	0	1	1	cbio_mutation_tp53_kras
TCGA-DS-A7WI	TCGA-CESC	0	0	1	1	cbio_mutation_tp53_kras
TCGA-DT-5265	TCGA-READ	1	0	1	1	cbio_mutation_tp53_kras
TCGA-DU-5847	TCGA-LGG	0	0	1	1	cbio_mutation_tp53_kras
TCGA-DU-5849	TCGA-LGG	0	0	1	1	cbio_mutation_tp53_kras
TCGA-DU-5851	TCGA-LGG	1	0	1	1	cbio_mutation_tp53_kras
TCGA-DU-5852	TCGA-LGG	0	0	1	1	cbio_mutation_tp53_kras
TCGA-DU-5853	TCGA-LGG	1	0	1	1	cbio_mutation_tp53_kras
TCGA-DU-5854	TCGA-LGG	0	0	1	1	cbio_mutation_tp53_kras
TCGA-DU-5855	TCGA-LGG	1	0	1	1	cbio_mutation_tp53_kras
TCGA-DU-5870	TCGA-LGG	0	0	1	1	cbio_mutation_tp53_kras
TCGA-DU-5871	TCGA-LGG	1	0	1	1	cbio_mutation_tp53_kras
TCGA-DU-5872	TCGA-LGG	1	0	1	1	cbio_mutation_tp53_kras
TCGA-DU-5874	TCGA-LGG	0	0	1	1	cbio_mutation_tp53_kras
TCGA-DU-6392	TCGA-LGG	1	0	1	1	cbio_mutation_tp53_kras
TCGA-DU-6393	TCGA-LGG	0	0	1	1	cbio_mutation_tp53_kras
TCGA-DU-6394	TCGA-LGG	0	0	1	1	cbio_mutation_tp53_kras
TCGA-DU-6395	TCGA-LGG	1	0	1	1	cbio_mutation_tp53_kras
TCGA-DU-6396	TCGA-LGG	1	0	1	1	cbio_mutation_tp53_kras
TCGA-DU-6397	TCGA-LGG	0	0	1	1	cbio_mutation_tp53_kras
TCGA-DU-6399	TCGA-LGG	1	0	1	1	cbio_mutation_tp53_kras
TCGA-DU-6400	TCGA-LGG	0	0	1	1	cbio_mutation_tp53_kras
TCGA-DU-6401	TCGA-LGG	1	0	1	1	cbio_mutation_tp53_kras
TCGA-DU-6402	TCGA-LGG	0	0	1	1	cbio_mutation_tp53_kras
TCGA-DU-6403	TCGA-LGG	0	0	1	1	cbio_mutation_tp53_kras
TCGA-DU-6404	TCGA-LGG	0	0	1	1	cbio_mutation_tp53_kras
TCGA-DU-6405	TCGA-LGG	0	0	1	1	cbio_mutation_tp53_kras
TCGA-DU-6406	TCGA-LGG	0	0	1	1	cbio_mutation_tp53_kras
TCGA-DU-6407	TCGA-LGG	1	0	1	1	cbio_mutation_tp53_kras
TCGA-DU-6408	TCGA-LGG	1	0	1	1	cbio_mutation_tp53_kras
TCGA-DU-6410	TCGA-LGG	0	0	1	1	cbio_mutation_tp53_kras
TCGA-DU-6542	TCGA-LGG	1	0	1	1	cbio_mutation_tp53_kras
TCGA-DU-7006	TCGA-LGG	0	0	1	1	cbio_mutation_tp53_kras
TCGA-DU-7007	TCGA-LGG	1	0	1	1	cbio_mutation_tp53_kras
TCGA-DU-7008	TCGA-LGG	1	0	1	1	cbio_mutation_tp53_kras
TCGA-DU-7009	TCGA-LGG	0	0	1	1	cbio_mutation_tp53_kras
TCGA-DU-7010	TCGA-LGG	1	0	1	1	cbio_mutation_tp53_kras
TCGA-DU-7011	TCGA-LGG	1	0	1	1	cbio_mutation_tp53_kras
TCGA-DU-7012	TCGA-LGG	0	0	1	1	cbio_mutation_tp53_kras
TCGA-DU-7013	TCGA-LGG	1	0	1	1	cbio_mutation_tp53_kras
TCGA-DU-7014	TCGA-LGG	0	0	1	1	cbio_mutation_tp53_kras
TCGA-DU-7015	TCGA-LGG	1	0	1	1	cbio_mutation_tp53_kras
TCGA-DU-7018	TCGA-LGG	0	0	1	1	cbio_mutation_tp53_kras
TCGA-DU-7019	TCGA-LGG	1	0	1	1	cbio_mutation_tp53_kras
TCGA-DU-7290	TCGA-LGG	0	0	1	1	cbio_mutation_tp53_kras
TCGA-DU-7292	TCGA-LGG	0	0	1	1	cbio_mutation_tp53_kras
TCGA-DU-7294	TCGA-LGG	0	0	1	1	cbio_mutation_tp53_kras
TCGA-DU-7298	TCGA-LGG	1	0	1	1	cbio_mutation_tp53_kras
TCGA-DU-7299	TCGA-LGG	1	0	1	1	cbio_mutation_tp53_kras
TCGA-DU-7300	TCGA-LGG	1	0	1	1	cbio_mutation_tp53_kras
TCGA-DU-7301	TCGA-LGG	1	0	1	1	cbio_mutation_tp53_kras
TCGA-DU-7302	TCGA-LGG	0	0	1	1	cbio_mutation_tp53_kras
TCGA-DU-7304	TCGA-LGG	1	0	1	1	cbio_mutation_tp53_kras
TCGA-DU-7306	TCGA-LGG	1	0	1	1	cbio_mutation_tp53_kras
TCGA-DU-7309	TCGA-LGG	1	0	1	1	cbio_mutation_tp53_kras
TCGA-DU-8158	TCGA-LGG	0	0	1	1	cbio_mutation_tp53_kras
TCGA-DU-8161	TCGA-LGG	0	0	1	1	cbio_mutation_tp53_kras
TCGA-DU-8162	TCGA-LGG	0	0	1	1	cbio_mutation_tp53_kras
TCGA-DU-8163	TCGA-LGG	1	0	1	1	cbio_mutation_tp53_kras
TCGA-DU-8164	TCGA-LGG	0	0	1	1	cbio_mutation_tp53_kras
TCGA-DU-8165	TCGA-LGG	1	0	1	1	cbio_mutation_tp53_kras
TCGA-DU-8166	TCGA-LGG	1	0	1	1	cbio_mutation_tp53_kras
TCGA-DU-8167	TCGA-LGG	1	0	1	1	cbio_mutation_tp53_kras
TCGA-DU-8168	TCGA-LGG	0	0	1	1	cbio_mutation_tp53_kras
TCGA-DU-A5TP	TCGA-LGG	1	0	1	1	cbio_mutation_tp53_kras
TCGA-DU-A5TR	TCGA-LGG	1	0	1	1	cbio_mutation_tp53_kras
TCGA-DU-A5TS	TCGA-LGG	0	0	1	1	cbio_mutation_tp53_kras
TCGA-DU-A5TT	TCGA-LGG	1	0	1	1	cbio_mutation_tp53_kras
TCGA-DU-A5TU	TCGA-LGG	1	0	1	1	cbio_mutation_tp53_kras
TCGA-DU-A5TW	TCGA-LGG	1	0	1	1	cbio_mutation_tp53_kras
TCGA-DU-A5TY	TCGA-LGG	0	0	1	1	cbio_mutation_tp53_kras
TCGA-DU-A6S2	TCGA-LGG	0	0	1	1	cbio_mutation_tp53_kras
TCGA-DU-A6S3	TCGA-LGG	0	0	1	1	cbio_mutation_tp53_kras
TCGA-DU-A6S6	TCGA-LGG	0	0	1	1	cbio_mutation_tp53_kras
TCGA-DU-A6S7	TCGA-LGG	1	0	1	1	cbio_mutation_tp53_kras
TCGA-DU-A6S8	TCGA-LGG	0	0	1	1	cbio_mutation_tp53_kras
TCGA-DU-A76K	TCGA-LGG	0	0	1	1	cbio_mutation_tp53_kras
TCGA-DU-A76L	TCGA-LGG	0	0	1	1	cbio_mutation_tp53_kras
TCGA-DU-A76O	TCGA-LGG	1	0	1	1	cbio_mutation_tp53_kras
TCGA-DU-A76R	TCGA-LGG	0	0	1	1	cbio_mutation_tp53_kras
TCGA-DU-A7T6	TCGA-LGG	0	0	1	1	cbio_mutation_tp53_kras
TCGA-DU-A7T8	TCGA-LGG	1	0	1	1	cbio_mutation_tp53_kras
TCGA-DU-A7TA	TCGA-LGG	1	0	1	1	cbio_mutation_tp53_kras
TCGA-DU-A7TB	TCGA-LGG	0	0	1	1	cbio_mutation_tp53_kras
TCGA-DU-A7TC	TCGA-LGG	1	0	1	1	cbio_mutation_tp53_kras
TCGA-DU-A7TD	TCGA-LGG	0	0	1	1	cbio_mutation_tp53_kras
TCGA-DU-A7TG	TCGA-LGG	0	0	1	1	cbio_mutation_tp53_kras
TCGA-DU-A7TI	TCGA-LGG	0	0	1	1	cbio_mutation_tp53_kras
TCGA-DU-A7TJ	TCGA-LGG	0	0	1	1	cbio_mutation_tp53_kras
TCGA-DV-5565	TCGA-KIRC	0	0	1	1	cbio_mutation_tp53_kras
TCGA-DV-5566	TCGA-KIRC	0	0	1	1	cbio_mutation_tp53_kras
TCGA-DV-5567	TCGA-KIRC	0	0	1	1	cbio_mutation_tp53_kras
TCGA-DV-5568	TCGA-KIRC	Unknown	Unknown	0	0	cbio_mutation_tp53_kras
TCGA-DV-5569	TCGA-KIRC	Unknown	Unknown	0	0	cbio_mutation_tp53_kras
TCGA-DV-5573	TCGA-KIRC	Unknown	Unknown	0	0	cbio_mutation_tp53_kras
TCGA-DV-5574	TCGA-KIRC	Unknown	Unknown	0	0	cbio_mutation_tp53_kras
TCGA-DV-5575	TCGA-KIRC	0	0	1	1	cbio_mutation_tp53_kras
TCGA-DV-5576	TCGA-KIRC	0	0	1	1	cbio_mutation_tp53_kras
TCGA-DV-A4VX	TCGA-KIRC	0	0	1	1	cbio_mutation_tp53_kras
TCGA-DV-A4VZ	TCGA-KIRC	0	0	1	1	cbio_mutation_tp53_kras
TCGA-DV-A4W0	TCGA-KIRC	0	0	1	1	cbio_mutation_tp53_kras
TCGA-DW-5560	TCGA-KIRP	0	0	1	1	cbio_mutation_tp53_kras
TCGA-DW-5561	TCGA-KIRP	0	0	1	1	cbio_mutation_tp53_kras
TCGA-DW-7834	TCGA-KIRP	0	0	1	1	cbio_mutation_tp53_kras
TCGA-DW-7836	TCGA-KIRP	0	0	1	1	cbio_mutation_tp53_kras
TCGA-DW-7837	TCGA-KIRP	0	0	1	1	cbio_mutation_tp53_kras
TCGA-DW-7838	TCGA-KIRP	0	0	1	1	cbio_mutation_tp53_kras
TCGA-DW-7839	TCGA-KIRP	0	0	1	1	cbio_mutation_tp53_kras
TCGA-DW-7840	TCGA-KIRP	0	0	1	1	cbio_mutation_tp53_kras
TCGA-DW-7841	TCGA-KIRP	0	0	1	1	cbio_mutation_tp53_kras
TCGA-DW-7842	TCGA-KIRP	0	0	1	1	cbio_mutation_tp53_kras
TCGA-DW-7963	TCGA-KIRP	0	0	1	1	cbio_mutation_tp53_kras
TCGA-DX-A1KU	TCGA-SARC	0	0	1	1	cbio_mutation_tp53_kras
TCGA-DX-A1KW	TCGA-SARC	0	0	1	1	cbio_mutation_tp53_kras
TCGA-DX-A1KX	TCGA-SARC	0	0	1	1	cbio_mutation_tp53_kras
TCGA-DX-A1KY	TCGA-SARC	0	0	1	1	cbio_mutation_tp53_kras
TCGA-DX-A1KZ	TCGA-SARC	0	0	1	1	cbio_mutation_tp53_kras
TCGA-DX-A1L0	TCGA-SARC	0	0	1	1	cbio_mutation_tp53_kras
TCGA-DX-A1L1	TCGA-SARC	0	0	1	1	cbio_mutation_tp53_kras
TCGA-DX-A1L2	TCGA-SARC	0	0	1	1	cbio_mutation_tp53_kras
TCGA-DX-A1L3	TCGA-SARC	0	0	1	1	cbio_mutation_tp53_kras
TCGA-DX-A1L4	TCGA-SARC	0	0	1	1	cbio_mutation_tp53_kras
TCGA-DX-A23R	TCGA-SARC	0	0	1	1	cbio_mutation_tp53_kras
TCGA-DX-A23T	TCGA-SARC	0	0	1	1	cbio_mutation_tp53_kras
TCGA-DX-A23U	TCGA-SARC	0	0	1	1	cbio_mutation_tp53_kras
TCGA-DX-A23V	TCGA-SARC	0	0	1	1	cbio_mutation_tp53_kras
TCGA-DX-A23Y	TCGA-SARC	0	0	1	1	cbio_mutation_tp53_kras
TCGA-DX-A23Z	TCGA-SARC	0	0	1	1	cbio_mutation_tp53_kras
TCGA-DX-A240	TCGA-SARC	0	0	1	1	cbio_mutation_tp53_kras
TCGA-DX-A2IZ	TCGA-SARC	0	0	1	1	cbio_mutation_tp53_kras
TCGA-DX-A2J0	TCGA-SARC	0	0	1	1	cbio_mutation_tp53_kras
TCGA-DX-A2J1	TCGA-SARC	1	0	1	1	cbio_mutation_tp53_kras
TCGA-DX-A3LS	TCGA-SARC	0	0	1	1	cbio_mutation_tp53_kras
TCGA-DX-A3LT	TCGA-SARC	0	0	1	1	cbio_mutation_tp53_kras
TCGA-DX-A3LU	TCGA-SARC	0	1	1	1	cbio_mutation_tp53_kras
TCGA-DX-A3LW	TCGA-SARC	0	0	1	1	cbio_mutation_tp53_kras
TCGA-DX-A3LY	TCGA-SARC	0	0	1	1	cbio_mutation_tp53_kras
TCGA-DX-A3M1	TCGA-SARC	0	0	1	1	cbio_mutation_tp53_kras
TCGA-DX-A3M2	TCGA-SARC	1	0	1	1	cbio_mutation_tp53_kras
TCGA-DX-A3U5	TCGA-SARC	0	0	1	1	cbio_mutation_tp53_kras
TCGA-DX-A3U6	TCGA-SARC	0	0	1	1	cbio_mutation_tp53_kras
TCGA-DX-A3U7	TCGA-SARC	0	0	1	1	cbio_mutation_tp53_kras
TCGA-DX-A3U8	TCGA-SARC	0	0	1	1	cbio_mutation_tp53_kras
TCGA-DX-A3U9	TCGA-SARC	0	0	1	1	cbio_mutation_tp53_kras
TCGA-DX-A3UA	TCGA-SARC	0	0	1	1	cbio_mutation_tp53_kras
TCGA-DX-A3UB	TCGA-SARC	0	0	1	1	cbio_mutation_tp53_kras
TCGA-DX-A3UC	TCGA-SARC	0	0	1	1	cbio_mutation_tp53_kras
TCGA-DX-A3UD	TCGA-SARC	0	0	1	1	cbio_mutation_tp53_kras
TCGA-DX-A3UE	TCGA-SARC	1	0	1	1	cbio_mutation_tp53_kras
TCGA-DX-A3UF	TCGA-SARC	1	0	1	1	cbio_mutation_tp53_kras
TCGA-DX-A48J	TCGA-SARC	1	0	1	1	cbio_mutation_tp53_kras
TCGA-DX-A48K	TCGA-SARC	0	0	1	1	cbio_mutation_tp53_kras
TCGA-DX-A48L	TCGA-SARC	0	0	1	1	cbio_mutation_tp53_kras
TCGA-DX-A48N	TCGA-SARC	0	0	1	1	cbio_mutation_tp53_kras
TCGA-DX-A48O	TCGA-SARC	1	0	1	1	cbio_mutation_tp53_kras
TCGA-DX-A48P	TCGA-SARC	0	0	1	1	cbio_mutation_tp53_kras
TCGA-DX-A48R	TCGA-SARC	0	0	1	1	cbio_mutation_tp53_kras
TCGA-DX-A48U	TCGA-SARC	1	0	1	1	cbio_mutation_tp53_kras
TCGA-DX-A48V	TCGA-SARC	1	0	1	1	cbio_mutation_tp53_kras
TCGA-DX-A6B7	TCGA-SARC	1	0	1	1	cbio_mutation_tp53_kras
TCGA-DX-A6B8	TCGA-SARC	1	0	1	1	cbio_mutation_tp53_kras
TCGA-DX-A6B9	TCGA-SARC	0	0	1	1	cbio_mutation_tp53_kras
TCGA-DX-A6BA	TCGA-SARC	1	0	1	1	cbio_mutation_tp53_kras
TCGA-DX-A6BB	TCGA-SARC	1	0	1	1	cbio_mutation_tp53_kras
TCGA-DX-A6BE	TCGA-SARC	0	0	1	1	cbio_mutation_tp53_kras
TCGA-DX-A6BF	TCGA-SARC	0	0	1	1	cbio_mutation_tp53_kras
TCGA-DX-A6BG	TCGA-SARC	0	0	1	1	cbio_mutation_tp53_kras
TCGA-DX-A6BH	TCGA-SARC	0	0	1	1	cbio_mutation_tp53_kras
TCGA-DX-A6BK	TCGA-SARC	0	0	1	1	cbio_mutation_tp53_kras
TCGA-DX-A6YQ	TCGA-SARC	0	0	1	1	cbio_mutation_tp53_kras
TCGA-DX-A6YR	TCGA-SARC	0	0	1	1	cbio_mutation_tp53_kras
TCGA-DX-A6YS	TCGA-SARC	0	0	1	1	cbio_mutation_tp53_kras
TCGA-DX-A6YT	TCGA-SARC	0	0	1	1	cbio_mutation_tp53_kras
TCGA-DX-A6YU	TCGA-SARC	0	0	1	1	cbio_mutation_tp53_kras
TCGA-DX-A6YV	TCGA-SARC	0	0	1	1	cbio_mutation_tp53_kras
TCGA-DX-A6YX	TCGA-SARC	0	0	1	1	cbio_mutation_tp53_kras
TCGA-DX-A6YZ	TCGA-SARC	0	0	1	1	cbio_mutation_tp53_kras
TCGA-DX-A6Z0	TCGA-SARC	1	0	1	1	cbio_mutation_tp53_kras
TCGA-DX-A6Z2	TCGA-SARC	1	0	1	1	cbio_mutation_tp53_kras
TCGA-DX-A7EF	TCGA-SARC	0	0	1	1	cbio_mutation_tp53_kras
TCGA-DX-A7EI	TCGA-SARC	0	0	1	1	cbio_mutation_tp53_kras
TCGA-DX-A7EL	TCGA-SARC	0	0	1	1	cbio_mutation_tp53_kras
TCGA-DX-A7EM	TCGA-SARC	0	0	1	1	cbio_mutation_tp53_kras
TCGA-DX-A7EN	TCGA-SARC	1	0	1	1	cbio_mutation_tp53_kras
TCGA-DX-A7EO	TCGA-SARC	0	0	1	1	cbio_mutation_tp53_kras
TCGA-DX-A7EQ	TCGA-SARC	0	0	1	1	cbio_mutation_tp53_kras
TCGA-DX-A7ER	TCGA-SARC	0	0	1	1	cbio_mutation_tp53_kras
TCGA-DX-A7ES	TCGA-SARC	0	0	1	1	cbio_mutation_tp53_kras
TCGA-DX-A7ET	TCGA-SARC	1	0	1	1	cbio_mutation_tp53_kras
TCGA-DX-A7EU	TCGA-SARC	1	0	1	1	cbio_mutation_tp53_kras
TCGA-DX-A8BG	TCGA-SARC	0	0	1	1	cbio_mutation_tp53_kras
TCGA-DX-A8BH	TCGA-SARC	1	0	1	1	cbio_mutation_tp53_kras
TCGA-DX-A8BJ	TCGA-SARC	0	0	1	1	cbio_mutation_tp53_kras
TCGA-DX-A8BK	TCGA-SARC	1	0	1	1	cbio_mutation_tp53_kras
TCGA-DX-A8BL	TCGA-SARC	0	0	1	1	cbio_mutation_tp53_kras
TCGA-DX-A8BM	TCGA-SARC	0	0	1	1	cbio_mutation_tp53_kras
TCGA-DX-A8BN	TCGA-SARC	0	0	1	1	cbio_mutation_tp53_kras
TCGA-DX-A8BO	TCGA-SARC	0	0	1	1	cbio_mutation_tp53_kras
TCGA-DX-A8BP	TCGA-SARC	1	0	1	1	cbio_mutation_tp53_kras
TCGA-DX-A8BQ	TCGA-SARC	Unknown	Unknown	0	0	cbio_mutation_tp53_kras
TCGA-DX-A8BR	TCGA-SARC	0	0	1	1	cbio_mutation_tp53_kras
TCGA-DX-A8BS	TCGA-SARC	0	0	1	1	cbio_mutation_tp53_kras
TCGA-DX-A8BT	TCGA-SARC	0	0	1	1	cbio_mutation_tp53_kras
TCGA-DX-A8BU	TCGA-SARC	1	0	1	1	cbio_mutation_tp53_kras
TCGA-DX-A8BV	TCGA-SARC	1	0	1	1	cbio_mutation_tp53_kras
TCGA-DX-A8BX	TCGA-SARC	0	0	1	1	cbio_mutation_tp53_kras
TCGA-DX-A8BZ	TCGA-SARC	0	0	1	1	cbio_mutation_tp53_kras
TCGA-DX-AATS	TCGA-SARC	1	0	1	1	cbio_mutation_tp53_kras
TCGA-DX-AB2E	TCGA-SARC	1	0	1	1	cbio_mutation_tp53_kras
TCGA-DX-AB2F	TCGA-SARC	0	0	1	1	cbio_mutation_tp53_kras
TCGA-DX-AB2G	TCGA-SARC	0	0	1	1	cbio_mutation_tp53_kras
TCGA-DX-AB2H	TCGA-SARC	0	0	1	1	cbio_mutation_tp53_kras
TCGA-DX-AB2J	TCGA-SARC	0	0	1	1	cbio_mutation_tp53_kras
TCGA-DX-AB2L	TCGA-SARC	0	0	1	1	cbio_mutation_tp53_kras
TCGA-DX-AB2O	TCGA-SARC	0	0	1	1	cbio_mutation_tp53_kras
TCGA-DX-AB2P	TCGA-SARC	0	0	1	1	cbio_mutation_tp53_kras
TCGA-DX-AB2Q	TCGA-SARC	0	0	1	1	cbio_mutation_tp53_kras
TCGA-DX-AB2S	TCGA-SARC	0	0	1	1	cbio_mutation_tp53_kras
TCGA-DX-AB2T	TCGA-SARC	0	0	1	1	cbio_mutation_tp53_kras
TCGA-DX-AB2V	TCGA-SARC	1	0	1	1	cbio_mutation_tp53_kras
TCGA-DX-AB2W	TCGA-SARC	1	0	1	1	cbio_mutation_tp53_kras
TCGA-DX-AB2X	TCGA-SARC	1	0	1	1	cbio_mutation_tp53_kras
TCGA-DX-AB2Z	TCGA-SARC	0	0	1	1	cbio_mutation_tp53_kras
TCGA-DX-AB30	TCGA-SARC	1	0	1	1	cbio_mutation_tp53_kras
TCGA-DX-AB32	TCGA-SARC	1	0	1	1	cbio_mutation_tp53_kras
TCGA-DX-AB35	TCGA-SARC	0	0	1	1	cbio_mutation_tp53_kras
TCGA-DX-AB36	TCGA-SARC	0	0	1	1	cbio_mutation_tp53_kras
TCGA-DX-AB37	TCGA-SARC	0	0	1	1	cbio_mutation_tp53_kras
TCGA-DX-AB3A	TCGA-SARC	0	0	1	1	cbio_mutation_tp53_kras
TCGA-DX-AB3B	TCGA-SARC	0	0	1	1	cbio_mutation_tp53_kras
TCGA-DX-AB3C	TCGA-SARC	0	0	1	1	cbio_mutation_tp53_kras
TCGA-DY-A0XA	TCGA-READ	1	0	1	1	cbio_mutation_tp53_kras
TCGA-DY-A1DC	TCGA-READ	1	0	1	1	cbio_mutation_tp53_kras
TCGA-DY-A1DD	TCGA-READ	1	0	1	1	cbio_mutation_tp53_kras
TCGA-DY-A1DE	TCGA-READ	0	0	1	1	cbio_mutation_tp53_kras
TCGA-DY-A1DF	TCGA-READ	1	1	1	1	cbio_mutation_tp53_kras
TCGA-DY-A1DG	TCGA-READ	1	0	1	1	cbio_mutation_tp53_kras
TCGA-E1-A7YD	TCGA-LGG	1	0	1	1	cbio_mutation_tp53_kras
TCGA-E1-A7YE	TCGA-LGG	1	0	1	1	cbio_mutation_tp53_kras
TCGA-E1-A7YH	TCGA-LGG	1	0	1	1	cbio_mutation_tp53_kras
TCGA-E1-A7YI	TCGA-LGG	1	0	1	1	cbio_mutation_tp53_kras
TCGA-E1-A7YJ	TCGA-LGG	0	0	1	1	cbio_mutation_tp53_kras
TCGA-E1-A7YK	TCGA-LGG	1	0	1	1	cbio_mutation_tp53_kras
TCGA-E1-A7YL	TCGA-LGG	1	0	1	1	cbio_mutation_tp53_kras
TCGA-E1-A7YM	TCGA-LGG	0	0	1	1	cbio_mutation_tp53_kras
TCGA-E1-A7YN	TCGA-LGG	0	0	1	1	cbio_mutation_tp53_kras
TCGA-E1-A7YO	TCGA-LGG	0	0	1	1	cbio_mutation_tp53_kras
TCGA-E1-A7YS	TCGA-LGG	0	0	1	1	cbio_mutation_tp53_kras
TCGA-E1-A7YU	TCGA-LGG	1	0	1	1	cbio_mutation_tp53_kras
TCGA-E1-A7YV	TCGA-LGG	1	0	1	1	cbio_mutation_tp53_kras
TCGA-E1-A7YW	TCGA-LGG	1	0	1	1	cbio_mutation_tp53_kras
TCGA-E1-A7YY	TCGA-LGG	0	0	1	1	cbio_mutation_tp53_kras
TCGA-E1-A7Z2	TCGA-LGG	0	0	1	1	cbio_mutation_tp53_kras
TCGA-E1-A7Z3	TCGA-LGG	1	0	1	1	cbio_mutation_tp53_kras
TCGA-E1-A7Z4	TCGA-LGG	1	0	1	1	cbio_mutation_tp53_kras
TCGA-E1-A7Z6	TCGA-LGG	1	0	1	1	cbio_mutation_tp53_kras
TCGA-E2-A105	TCGA-BRCA_IDC	0	0	1	1	cbio_mutation_tp53_kras
TCGA-E2-A106	TCGA-BRCA_IDC	Unknown	Unknown	0	0	cbio_mutation_tp53_kras
TCGA-E2-A107	TCGA-BRCA_OTHERS	0	0	1	1	cbio_mutation_tp53_kras
TCGA-E2-A108	TCGA-BRCA_IDC	1	0	1	1	cbio_mutation_tp53_kras
TCGA-E2-A109	TCGA-BRCA_IDC	1	0	1	1	cbio_mutation_tp53_kras
TCGA-E2-A10A	TCGA-BRCA_IDC	0	0	1	1	cbio_mutation_tp53_kras
TCGA-E2-A10B	TCGA-BRCA_IDC	0	0	1	1	cbio_mutation_tp53_kras
TCGA-E2-A10C	TCGA-BRCA_IDC	0	0	1	1	cbio_mutation_tp53_kras
TCGA-E2-A10E	TCGA-BRCA_IDC	0	0	1	1	cbio_mutation_tp53_kras
TCGA-E2-A10F	TCGA-BRCA_OTHERS	0	0	1	1	cbio_mutation_tp53_kras
TCGA-E2-A14N	TCGA-BRCA_IDC	1	0	1	1	cbio_mutation_tp53_kras
TCGA-E2-A14O	TCGA-BRCA_IDC	0	0	1	1	cbio_mutation_tp53_kras
TCGA-E2-A14P	TCGA-BRCA_IDC	1	0	1	1	cbio_mutation_tp53_kras
TCGA-E2-A14Q	TCGA-BRCA_IDC	0	0	1	1	cbio_mutation_tp53_kras
TCGA-E2-A14R	TCGA-BRCA_IDC	1	0	1	1	cbio_mutation_tp53_kras
TCGA-E2-A14S	TCGA-BRCA_IDC	0	0	1	1	cbio_mutation_tp53_kras
TCGA-E2-A14T	TCGA-BRCA_IDC	0	0	1	1	cbio_mutation_tp53_kras
TCGA-E2-A14U	TCGA-BRCA_OTHERS	Unknown	Unknown	0	0	cbio_mutation_tp53_kras
TCGA-E2-A14V	TCGA-BRCA_IDC	0	0	1	1	cbio_mutation_tp53_kras
TCGA-E2-A14W	TCGA-BRCA_IDC	0	0	1	1	cbio_mutation_tp53_kras
TCGA-E2-A14X	TCGA-BRCA_IDC	1	0	1	1	cbio_mutation_tp53_kras
TCGA-E2-A14Y	TCGA-BRCA_IDC	1	0	1	1	cbio_mutation_tp53_kras
TCGA-E2-A14Z	TCGA-BRCA_IDC	1	0	1	1	cbio_mutation_tp53_kras
TCGA-E2-A150	TCGA-BRCA_IDC	1	0	1	1	cbio_mutation_tp53_kras
TCGA-E2-A152	TCGA-BRCA_IDC	1	0	1	1	cbio_mutation_tp53_kras
TCGA-E2-A153	TCGA-BRCA_IDC	0	0	1	1	cbio_mutation_tp53_kras
TCGA-E2-A154	TCGA-BRCA_IDC	0	0	1	1	cbio_mutation_tp53_kras
TCGA-E2-A155	TCGA-BRCA_IDC	1	0	1	1	cbio_mutation_tp53_kras
TCGA-E2-A156	TCGA-BRCA_IDC	0	0	1	1	cbio_mutation_tp53_kras
TCGA-E2-A158	TCGA-BRCA_IDC	1	0	1	1	cbio_mutation_tp53_kras
TCGA-E2-A159	TCGA-BRCA_IDC	1	0	1	1	cbio_mutation_tp53_kras
TCGA-E2-A15A	TCGA-BRCA_IDC	0	0	1	1	cbio_mutation_tp53_kras
TCGA-E2-A15C	TCGA-BRCA_IDC	0	0	1	1	cbio_mutation_tp53_kras
TCGA-E2-A15D	TCGA-BRCA_IDC	0	0	1	1	cbio_mutation_tp53_kras
TCGA-E2-A15E	TCGA-BRCA_IDC	Unknown	Unknown	0	0	cbio_mutation_tp53_kras
TCGA-E2-A15F	TCGA-BRCA_IDC	0	0	1	1	cbio_mutation_tp53_kras
TCGA-E2-A15G	TCGA-BRCA_OTHERS	0	0	1	1	cbio_mutation_tp53_kras
TCGA-E2-A15H	TCGA-BRCA_IDC	0	0	1	1	cbio_mutation_tp53_kras
TCGA-E2-A15I	TCGA-BRCA_IDC	0	0	1	1	cbio_mutation_tp53_kras
TCGA-E2-A15J	TCGA-BRCA_IDC	0	0	1	1	cbio_mutation_tp53_kras
TCGA-E2-A15K	TCGA-BRCA_IDC	0	0	1	1	cbio_mutation_tp53_kras
TCGA-E2-A15L	TCGA-BRCA_OTHERS	0	0	1	1	cbio_mutation_tp53_kras
TCGA-E2-A15M	TCGA-BRCA_OTHERS	1	0	1	1	cbio_mutation_tp53_kras
TCGA-E2-A15O	TCGA-BRCA_IDC	0	0	1	1	cbio_mutation_tp53_kras
TCGA-E2-A15P	TCGA-BRCA_IDC	0	0	1	1	cbio_mutation_tp53_kras
TCGA-E2-A15R	TCGA-BRCA_IDC	0	0	1	1	cbio_mutation_tp53_kras
TCGA-E2-A15S	TCGA-BRCA_IDC	0	0	1	1	cbio_mutation_tp53_kras
TCGA-E2-A15T	TCGA-BRCA_IDC	0	0	1	1	cbio_mutation_tp53_kras
TCGA-E2-A1AZ	TCGA-BRCA_IDC	1	0	1	1	cbio_mutation_tp53_kras
TCGA-E2-A1B0	TCGA-BRCA_IDC	1	0	1	1	cbio_mutation_tp53_kras
TCGA-E2-A1B1	TCGA-BRCA_IDC	1	0	1	1	cbio_mutation_tp53_kras
TCGA-E2-A1B4	TCGA-BRCA_IDC	0	0	1	1	cbio_mutation_tp53_kras
TCGA-E2-A1B5	TCGA-BRCA_OTHERS	0	0	1	1	cbio_mutation_tp53_kras
TCGA-E2-A1B6	TCGA-BRCA_IDC	1	0	1	1	cbio_mutation_tp53_kras
TCGA-E2-A1BC	TCGA-BRCA_OTHERS	0	0	1	1	cbio_mutation_tp53_kras
TCGA-E2-A1BD	TCGA-BRCA_IDC	0	0	1	1	cbio_mutation_tp53_kras
TCGA-E2-A1IE	TCGA-BRCA_IDC	0	0	1	1	cbio_mutation_tp53_kras
TCGA-E2-A1IF	TCGA-BRCA_IDC	0	1	1	1	cbio_mutation_tp53_kras
TCGA-E2-A1IG	TCGA-BRCA_IDC	0	0	1	1	cbio_mutation_tp53_kras
TCGA-E2-A1IH	TCGA-BRCA_OTHERS	0	0	1	1	cbio_mutation_tp53_kras
TCGA-E2-A1II	TCGA-BRCA_IDC	1	0	1	1	cbio_mutation_tp53_kras
TCGA-E2-A1IJ	TCGA-BRCA_OTHERS	0	0	1	1	cbio_mutation_tp53_kras
TCGA-E2-A1IK	TCGA-BRCA_IDC	0	0	1	1	cbio_mutation_tp53_kras
TCGA-E2-A1IL	TCGA-BRCA_OTHERS	0	0	1	1	cbio_mutation_tp53_kras
TCGA-E2-A1IN	TCGA-BRCA_IDC	1	0	1	1	cbio_mutation_tp53_kras
TCGA-E2-A1IO	TCGA-BRCA_IDC	0	0	1	1	cbio_mutation_tp53_kras
TCGA-E2-A1IU	TCGA-BRCA_IDC	0	0	1	1	cbio_mutation_tp53_kras
TCGA-E2-A1L6	TCGA-BRCA_IDC	0	0	1	1	cbio_mutation_tp53_kras
TCGA-E2-A1L7	TCGA-BRCA_IDC	1	0	1	1	cbio_mutation_tp53_kras
TCGA-E2-A1L8	TCGA-BRCA_OTHERS	0	0	1	1	cbio_mutation_tp53_kras
TCGA-E2-A1L9	TCGA-BRCA_IDC	0	0	1	1	cbio_mutation_tp53_kras
TCGA-E2-A1LA	TCGA-BRCA_IDC	0	0	1	1	cbio_mutation_tp53_kras
TCGA-E2-A1LB	TCGA-BRCA_IDC	0	0	1	1	cbio_mutation_tp53_kras
TCGA-E2-A1LE	TCGA-BRCA_IDC	0	0	1	1	cbio_mutation_tp53_kras
TCGA-E2-A1LG	TCGA-BRCA_OTHERS	1	0	1	1	cbio_mutation_tp53_kras
TCGA-E2-A1LH	TCGA-BRCA_IDC	1	0	1	1	cbio_mutation_tp53_kras
TCGA-E2-A1LI	TCGA-BRCA_IDC	0	0	1	1	cbio_mutation_tp53_kras
TCGA-E2-A1LK	TCGA-BRCA_IDC	1	0	1	1	cbio_mutation_tp53_kras
TCGA-E2-A1LL	TCGA-BRCA_IDC	0	0	1	1	cbio_mutation_tp53_kras
TCGA-E2-A1LS	TCGA-BRCA_IDC	1	0	1	1	cbio_mutation_tp53_kras
TCGA-E2-A2P5	TCGA-BRCA_OTHERS	0	0	1	1	cbio_mutation_tp53_kras
TCGA-E2-A2P6	TCGA-BRCA_OTHERS	0	0	1	1	cbio_mutation_tp53_kras
TCGA-E2-A3DX	TCGA-BRCA_OTHERS	0	0	1	1	cbio_mutation_tp53_kras
TCGA-E2-A56Z	TCGA-BRCA_IDC	0	0	1	1	cbio_mutation_tp53_kras
TCGA-E2-A570	TCGA-BRCA_IDC	0	0	1	1	cbio_mutation_tp53_kras
TCGA-E2-A572	TCGA-BRCA_IDC	Unknown	Unknown	0	0	cbio_mutation_tp53_kras
TCGA-E2-A573	TCGA-BRCA_IDC	1	0	1	1	cbio_mutation_tp53_kras
TCGA-E2-A574	TCGA-BRCA_IDC	1	0	1	1	cbio_mutation_tp53_kras
TCGA-E2-A576	TCGA-BRCA_OTHERS	0	0	1	1	cbio_mutation_tp53_kras
TCGA-E2-A9RU	TCGA-BRCA_IDC	1	0	1	1	cbio_mutation_tp53_kras
TCGA-E3-A3DY	TCGA-THCA	0	0	1	1	cbio_mutation_tp53_kras
TCGA-E3-A3DZ	TCGA-THCA	0	0	1	1	cbio_mutation_tp53_kras
TCGA-E3-A3E0	TCGA-THCA	0	0	1	1	cbio_mutation_tp53_kras
TCGA-E3-A3E1	TCGA-THCA	0	0	1	1	cbio_mutation_tp53_kras
TCGA-E3-A3E2	TCGA-THCA	0	0	1	1	cbio_mutation_tp53_kras
TCGA-E3-A3E3	TCGA-THCA	0	0	1	1	cbio_mutation_tp53_kras
TCGA-E3-A3E5	TCGA-THCA	0	0	1	1	cbio_mutation_tp53_kras
TCGA-E5-A2PC	TCGA-BLCA	1	0	1	1	cbio_mutation_tp53_kras
TCGA-E5-A4TZ	TCGA-BLCA	1	0	1	1	cbio_mutation_tp53_kras
TCGA-E5-A4U1	TCGA-BLCA	1	0	1	1	cbio_mutation_tp53_kras
TCGA-E6-A1LX	TCGA-UCEC	1	1	1	1	cbio_mutation_tp53_kras
TCGA-E6-A1LZ	TCGA-UCEC	1	0	1	1	cbio_mutation_tp53_kras
TCGA-E6-A2P8	TCGA-UCEC	1	0	1	1	cbio_mutation_tp53_kras
TCGA-E6-A8L9	TCGA-UCEC	1	0	1	1	cbio_mutation_tp53_kras
TCGA-E7-A3X6	TCGA-BLCA	0	0	1	1	cbio_mutation_tp53_kras
TCGA-E7-A3Y1	TCGA-BLCA	0	0	1	1	cbio_mutation_tp53_kras
TCGA-E7-A4IJ	TCGA-BLCA	0	0	1	1	cbio_mutation_tp53_kras
TCGA-E7-A4XJ	TCGA-BLCA	0	1	1	1	cbio_mutation_tp53_kras
TCGA-E7-A519	TCGA-BLCA	0	0	1	1	cbio_mutation_tp53_kras
TCGA-E7-A541	TCGA-BLCA	0	0	1	1	cbio_mutation_tp53_kras
TCGA-E7-A5KE	TCGA-BLCA	0	0	1	1	cbio_mutation_tp53_kras
TCGA-E7-A5KF	TCGA-BLCA	0	0	1	1	cbio_mutation_tp53_kras
TCGA-E7-A677	TCGA-BLCA	0	0	1	1	cbio_mutation_tp53_kras
TCGA-E7-A678	TCGA-BLCA	0	0	1	1	cbio_mutation_tp53_kras
TCGA-E7-A6MD	TCGA-BLCA	0	0	1	1	cbio_mutation_tp53_kras
TCGA-E7-A6ME	TCGA-BLCA	1	0	1	1	cbio_mutation_tp53_kras
TCGA-E7-A6MF	TCGA-BLCA	0	0	1	1	cbio_mutation_tp53_kras
TCGA-E7-A7DU	TCGA-BLCA	1	0	1	1	cbio_mutation_tp53_kras
TCGA-E7-A7DV	TCGA-BLCA	1	0	1	1	cbio_mutation_tp53_kras
TCGA-E7-A7PW	TCGA-BLCA	0	0	1	1	cbio_mutation_tp53_kras
TCGA-E7-A7XN	TCGA-BLCA	0	0	1	1	cbio_mutation_tp53_kras
TCGA-E7-A85H	TCGA-BLCA	0	0	1	1	cbio_mutation_tp53_kras
TCGA-E7-A8O7	TCGA-BLCA	0	0	1	1	cbio_mutation_tp53_kras
TCGA-E7-A8O8	TCGA-BLCA	Unknown	Unknown	0	0	cbio_mutation_tp53_kras
TCGA-E7-A97P	TCGA-BLCA	0	0	1	1	cbio_mutation_tp53_kras
TCGA-E7-A97Q	TCGA-BLCA	1	0	1	1	cbio_mutation_tp53_kras
TCGA-E8-A242	TCGA-THCA	0	0	1	1	cbio_mutation_tp53_kras
TCGA-E8-A2EA	TCGA-THCA	0	0	1	1	cbio_mutation_tp53_kras
TCGA-E8-A2JQ	TCGA-THCA	Unknown	Unknown	0	0	cbio_mutation_tp53_kras
TCGA-E8-A3X7	TCGA-THCA	0	0	1	1	cbio_mutation_tp53_kras
TCGA-E8-A413	TCGA-THCA	0	0	1	1	cbio_mutation_tp53_kras
TCGA-E8-A414	TCGA-THCA	0	0	1	1	cbio_mutation_tp53_kras
TCGA-E8-A415	TCGA-THCA	0	0	1	1	cbio_mutation_tp53_kras
TCGA-E8-A416	TCGA-THCA	0	0	1	1	cbio_mutation_tp53_kras
TCGA-E8-A417	TCGA-THCA	0	0	1	1	cbio_mutation_tp53_kras
TCGA-E8-A418	TCGA-THCA	0	0	1	1	cbio_mutation_tp53_kras
TCGA-E8-A419	TCGA-THCA	0	0	1	1	cbio_mutation_tp53_kras
TCGA-E8-A432	TCGA-THCA	0	0	1	1	cbio_mutation_tp53_kras
TCGA-E8-A433	TCGA-THCA	0	0	1	1	cbio_mutation_tp53_kras
TCGA-E8-A434	TCGA-THCA	0	0	1	1	cbio_mutation_tp53_kras
TCGA-E8-A436	TCGA-THCA	0	0	1	1	cbio_mutation_tp53_kras
TCGA-E8-A437	TCGA-THCA	0	0	1	1	cbio_mutation_tp53_kras
TCGA-E8-A438	TCGA-THCA	0	0	1	1	cbio_mutation_tp53_kras
TCGA-E8-A44K	TCGA-THCA	0	0	1	1	cbio_mutation_tp53_kras
TCGA-E8-A44M	TCGA-THCA	0	0	1	1	cbio_mutation_tp53_kras
TCGA-E9-A1N3	TCGA-BRCA_OTHERS	0	0	1	1	cbio_mutation_tp53_kras
TCGA-E9-A1N4	TCGA-BRCA_OTHERS	0	0	1	1	cbio_mutation_tp53_kras
TCGA-E9-A1N5	TCGA-BRCA_OTHERS	1	0	1	1	cbio_mutation_tp53_kras
TCGA-E9-A1N6	TCGA-BRCA_IDC	0	0	1	1	cbio_mutation_tp53_kras
TCGA-E9-A1N8	TCGA-BRCA_IDC	1	0	1	1	cbio_mutation_tp53_kras
TCGA-E9-A1N9	TCGA-BRCA_OTHERS	1	0	1	1	cbio_mutation_tp53_kras
TCGA-E9-A1NA	TCGA-BRCA_OTHERS	0	0	1	1	cbio_mutation_tp53_kras
TCGA-E9-A1NC	TCGA-BRCA_OTHERS	1	0	1	1	cbio_mutation_tp53_kras
TCGA-E9-A1ND	TCGA-BRCA_IDC	1	0	1	1	cbio_mutation_tp53_kras
TCGA-E9-A1NE	TCGA-BRCA_OTHERS	0	0	1	1	cbio_mutation_tp53_kras
TCGA-E9-A1NF	TCGA-BRCA_OTHERS	1	0	1	1	cbio_mutation_tp53_kras
TCGA-E9-A1NG	TCGA-BRCA_IDC	0	1	1	1	cbio_mutation_tp53_kras
TCGA-E9-A1NH	TCGA-BRCA_IDC	0	0	1	1	cbio_mutation_tp53_kras
TCGA-E9-A1NI	TCGA-BRCA_OTHERS	0	0	1	1	cbio_mutation_tp53_kras
TCGA-E9-A1QZ	TCGA-BRCA_IDC	0	0	1	1	cbio_mutation_tp53_kras
TCGA-E9-A1R0	TCGA-BRCA_IDC	0	0	1	1	cbio_mutation_tp53_kras
TCGA-E9-A1R2	TCGA-BRCA_IDC	0	0	1	1	cbio_mutation_tp53_kras
TCGA-E9-A1R3	TCGA-BRCA_IDC	0	0	1	1	cbio_mutation_tp53_kras
TCGA-E9-A1R4	TCGA-BRCA_IDC	0	0	1	1	cbio_mutation_tp53_kras
TCGA-E9-A1R5	TCGA-BRCA_IDC	0	0	1	1	cbio_mutation_tp53_kras
TCGA-E9-A1R6	TCGA-BRCA_IDC	0	0	1	1	cbio_mutation_tp53_kras
TCGA-E9-A1R7	TCGA-BRCA_IDC	0	0	1	1	cbio_mutation_tp53_kras
TCGA-E9-A1RA	TCGA-BRCA_IDC	0	0	1	1	cbio_mutation_tp53_kras
TCGA-E9-A1RB	TCGA-BRCA_IDC	1	0	1	1	cbio_mutation_tp53_kras
TCGA-E9-A1RC	TCGA-BRCA_OTHERS	0	0	1	1	cbio_mutation_tp53_kras
TCGA-E9-A1RD	TCGA-BRCA_IDC	0	0	1	1	cbio_mutation_tp53_kras
TCGA-E9-A1RE	TCGA-BRCA_IDC	0	0	1	1	cbio_mutation_tp53_kras
TCGA-E9-A1RF	TCGA-BRCA_IDC	0	0	1	1	cbio_mutation_tp53_kras
TCGA-E9-A1RG	TCGA-BRCA_IDC	0	0	1	1	cbio_mutation_tp53_kras
TCGA-E9-A1RH	TCGA-BRCA_IDC	1	0	1	1	cbio_mutation_tp53_kras
TCGA-E9-A1RI	TCGA-BRCA_OTHERS	0	0	1	1	cbio_mutation_tp53_kras
TCGA-E9-A226	TCGA-BRCA_IDC	1	0	1	1	cbio_mutation_tp53_kras
TCGA-E9-A227	TCGA-BRCA_IDC	0	0	1	1	cbio_mutation_tp53_kras
TCGA-E9-A228	TCGA-BRCA_IDC	0	0	1	1	cbio_mutation_tp53_kras
TCGA-E9-A229	TCGA-BRCA_IDC	0	0	1	1	cbio_mutation_tp53_kras
TCGA-E9-A22A	TCGA-BRCA_IDC	0	0	1	1	cbio_mutation_tp53_kras
TCGA-E9-A22B	TCGA-BRCA_OTHERS	0	0	1	1	cbio_mutation_tp53_kras
TCGA-E9-A22D	TCGA-BRCA_IDC	0	0	1	1	cbio_mutation_tp53_kras
TCGA-E9-A22E	TCGA-BRCA_IDC	1	0	1	1	cbio_mutation_tp53_kras
TCGA-E9-A22G	TCGA-BRCA_IDC	1	0	1	1	cbio_mutation_tp53_kras
TCGA-E9-A22H	TCGA-BRCA_IDC	0	0	1	1	cbio_mutation_tp53_kras
TCGA-E9-A243	TCGA-BRCA_IDC	1	0	1	1	cbio_mutation_tp53_kras
TCGA-E9-A244	TCGA-BRCA_IDC	1	0	1	1	cbio_mutation_tp53_kras
TCGA-E9-A245	TCGA-BRCA_IDC	0	0	1	1	cbio_mutation_tp53_kras
TCGA-E9-A247	TCGA-BRCA_IDC	0	0	1	1	cbio_mutation_tp53_kras
TCGA-E9-A248	TCGA-BRCA_IDC	1	0	1	1	cbio_mutation_tp53_kras
TCGA-E9-A249	TCGA-BRCA_IDC	0	0	1	1	cbio_mutation_tp53_kras
TCGA-E9-A24A	TCGA-BRCA_IDC	0	0	1	1	cbio_mutation_tp53_kras
TCGA-E9-A295	TCGA-BRCA_OTHERS	0	0	1	1	cbio_mutation_tp53_kras
TCGA-E9-A2JS	TCGA-BRCA_OTHERS	0	0	1	1	cbio_mutation_tp53_kras
TCGA-E9-A2JT	TCGA-BRCA_OTHERS	0	0	1	1	cbio_mutation_tp53_kras
TCGA-E9-A3HO	TCGA-BRCA_OTHERS	0	0	1	1	cbio_mutation_tp53_kras
TCGA-E9-A3Q9	TCGA-BRCA_OTHERS	0	0	1	1	cbio_mutation_tp53_kras
TCGA-E9-A3QA	TCGA-BRCA_IDC	0	0	1	1	cbio_mutation_tp53_kras
TCGA-E9-A3X8	TCGA-BRCA_OTHERS	0	0	1	1	cbio_mutation_tp53_kras
TCGA-E9-A54X	TCGA-BRCA_OTHERS	0	0	1	1	cbio_mutation_tp53_kras
TCGA-E9-A54Y	TCGA-BRCA_OTHERS	0	0	1	1	cbio_mutation_tp53_kras
TCGA-E9-A5FK	TCGA-BRCA_OTHERS	0	0	1	1	cbio_mutation_tp53_kras
TCGA-E9-A5FL	TCGA-BRCA_OTHERS	1	0	1	1	cbio_mutation_tp53_kras
TCGA-E9-A5UO	TCGA-BRCA_OTHERS	0	0	1	1	cbio_mutation_tp53_kras
TCGA-E9-A5UP	TCGA-BRCA_IDC	0	0	1	1	cbio_mutation_tp53_kras
TCGA-E9-A6HE	TCGA-BRCA_OTHERS	1	0	1	1	cbio_mutation_tp53_kras
TCGA-EA-A1QS	TCGA-CESC	0	0	1	1	cbio_mutation_tp53_kras
TCGA-EA-A1QT	TCGA-CESC	0	0	1	1	cbio_mutation_tp53_kras
TCGA-EA-A3HQ	TCGA-CESC	0	0	1	1	cbio_mutation_tp53_kras
TCGA-EA-A3HR	TCGA-CESC	0	0	1	1	cbio_mutation_tp53_kras
TCGA-EA-A3HS	TCGA-CESC	0	0	1	1	cbio_mutation_tp53_kras
TCGA-EA-A3HT	TCGA-CESC	0	0	1	1	cbio_mutation_tp53_kras
TCGA-EA-A3HU	TCGA-CESC	0	0	1	1	cbio_mutation_tp53_kras
TCGA-EA-A3QD	TCGA-CESC	0	0	1	1	cbio_mutation_tp53_kras
TCGA-EA-A3QE	TCGA-CESC	0	0	1	1	cbio_mutation_tp53_kras
TCGA-EA-A3Y4	TCGA-CESC	0	0	1	1	cbio_mutation_tp53_kras
TCGA-EA-A410	TCGA-CESC	0	0	1	1	cbio_mutation_tp53_kras
TCGA-EA-A411	TCGA-CESC	0	0	1	1	cbio_mutation_tp53_kras
TCGA-EA-A439	TCGA-CESC	0	0	1	1	cbio_mutation_tp53_kras
TCGA-EA-A43B	TCGA-CESC	0	0	1	1	cbio_mutation_tp53_kras
TCGA-EA-A44S	TCGA-CESC	0	0	1	1	cbio_mutation_tp53_kras
TCGA-EA-A4BA	TCGA-CESC	Unknown	Unknown	0	0	cbio_mutation_tp53_kras
TCGA-EA-A50E	TCGA-CESC	0	0	1	1	cbio_mutation_tp53_kras
TCGA-EA-A556	TCGA-CESC	0	0	1	1	cbio_mutation_tp53_kras
TCGA-EA-A5FO	TCGA-CESC	1	0	1	1	cbio_mutation_tp53_kras
TCGA-EA-A5O9	TCGA-CESC	0	0	1	1	cbio_mutation_tp53_kras
TCGA-EA-A5ZD	TCGA-CESC	0	0	1	1	cbio_mutation_tp53_kras
TCGA-EA-A5ZE	TCGA-CESC	0	0	1	1	cbio_mutation_tp53_kras
TCGA-EA-A5ZF	TCGA-CESC	0	0	1	1	cbio_mutation_tp53_kras
TCGA-EA-A6QX	TCGA-CESC	0	0	1	1	cbio_mutation_tp53_kras
TCGA-EA-A78R	TCGA-CESC	0	0	1	1	cbio_mutation_tp53_kras
TCGA-EA-A97N	TCGA-CESC	0	0	1	1	cbio_mutation_tp53_kras
TCGA-EB-A1NK	TCGA-SKCM	0	0	1	1	cbio_mutation_tp53_kras
TCGA-EB-A24C	TCGA-SKCM	0	0	1	1	cbio_mutation_tp53_kras
TCGA-EB-A24D	TCGA-SKCM	0	0	1	1	cbio_mutation_tp53_kras
TCGA-EB-A299	TCGA-SKCM	1	0	1	1	cbio_mutation_tp53_kras
TCGA-EB-A3HV	TCGA-SKCM	0	0	1	1	cbio_mutation_tp53_kras
TCGA-EB-A3XB	TCGA-SKCM	0	0	1	1	cbio_mutation_tp53_kras
TCGA-EB-A3XC	TCGA-SKCM	1	0	1	1	cbio_mutation_tp53_kras
TCGA-EB-A3XD	TCGA-SKCM	0	0	1	1	cbio_mutation_tp53_kras
TCGA-EB-A3XE	TCGA-SKCM	0	0	1	1	cbio_mutation_tp53_kras
TCGA-EB-A3XF	TCGA-SKCM	0	0	1	1	cbio_mutation_tp53_kras
TCGA-EB-A3Y6	TCGA-SKCM	0	0	1	1	cbio_mutation_tp53_kras
TCGA-EB-A3Y7	TCGA-SKCM	0	0	1	1	cbio_mutation_tp53_kras
TCGA-EB-A41A	TCGA-SKCM	1	0	1	1	cbio_mutation_tp53_kras
TCGA-EB-A41B	TCGA-SKCM	0	0	1	1	cbio_mutation_tp53_kras
TCGA-EB-A42Y	TCGA-SKCM	0	0	1	1	cbio_mutation_tp53_kras
TCGA-EB-A42Z	TCGA-SKCM	0	0	1	1	cbio_mutation_tp53_kras
TCGA-EB-A430	TCGA-SKCM	0	0	1	1	cbio_mutation_tp53_kras
TCGA-EB-A431	TCGA-SKCM	1	0	1	1	cbio_mutation_tp53_kras
TCGA-EB-A44N	TCGA-SKCM	0	0	1	1	cbio_mutation_tp53_kras
TCGA-EB-A44O	TCGA-SKCM	0	0	1	1	cbio_mutation_tp53_kras
TCGA-EB-A44P	TCGA-SKCM	0	0	1	1	cbio_mutation_tp53_kras
TCGA-EB-A44Q	TCGA-SKCM	Unknown	Unknown	0	0	cbio_mutation_tp53_kras
TCGA-EB-A44R	TCGA-SKCM	Unknown	Unknown	0	0	cbio_mutation_tp53_kras
TCGA-EB-A4IQ	TCGA-SKCM	0	0	1	1	cbio_mutation_tp53_kras
TCGA-EB-A4IS	TCGA-SKCM	0	0	1	1	cbio_mutation_tp53_kras
TCGA-EB-A4OY	TCGA-SKCM	0	0	1	1	cbio_mutation_tp53_kras
TCGA-EB-A4OZ	TCGA-SKCM	0	0	1	1	cbio_mutation_tp53_kras
TCGA-EB-A4P0	TCGA-SKCM	0	0	1	1	cbio_mutation_tp53_kras
TCGA-EB-A4XL	TCGA-SKCM	0	0	1	1	cbio_mutation_tp53_kras
TCGA-EB-A51B	TCGA-SKCM	Unknown	Unknown	0	0	cbio_mutation_tp53_kras
TCGA-EB-A550	TCGA-SKCM	Unknown	Unknown	0	0	cbio_mutation_tp53_kras
TCGA-EB-A551	TCGA-SKCM	0	0	1	1	cbio_mutation_tp53_kras
TCGA-EB-A553	TCGA-SKCM	0	0	1	1	cbio_mutation_tp53_kras
TCGA-EB-A57M	TCGA-SKCM	0	0	1	1	cbio_mutation_tp53_kras
TCGA-EB-A5FP	TCGA-SKCM	1	0	1	1	cbio_mutation_tp53_kras
TCGA-EB-A5KH	TCGA-SKCM	0	0	1	1	cbio_mutation_tp53_kras
TCGA-EB-A5SE	TCGA-SKCM	0	0	1	1	cbio_mutation_tp53_kras
TCGA-EB-A5SF	TCGA-SKCM	0	0	1	1	cbio_mutation_tp53_kras
TCGA-EB-A5SG	TCGA-SKCM	0	0	1	1	cbio_mutation_tp53_kras
TCGA-EB-A5SH	TCGA-SKCM	0	0	1	1	cbio_mutation_tp53_kras
TCGA-EB-A5UL	TCGA-SKCM	0	0	1	1	cbio_mutation_tp53_kras
TCGA-EB-A5UM	TCGA-SKCM	0	1	1	1	cbio_mutation_tp53_kras
TCGA-EB-A5UN	TCGA-SKCM	0	0	1	1	cbio_mutation_tp53_kras
TCGA-EB-A5VU	TCGA-SKCM	0	0	1	1	cbio_mutation_tp53_kras
TCGA-EB-A5VV	TCGA-SKCM	Unknown	Unknown	0	0	cbio_mutation_tp53_kras
TCGA-EB-A6L9	TCGA-SKCM	Unknown	Unknown	0	0	cbio_mutation_tp53_kras
TCGA-EB-A6QY	TCGA-SKCM	0	0	1	1	cbio_mutation_tp53_kras
TCGA-EB-A6QZ	TCGA-SKCM	0	0	1	1	cbio_mutation_tp53_kras
TCGA-EB-A6R0	TCGA-SKCM	0	0	1	1	cbio_mutation_tp53_kras
TCGA-EB-A82B	TCGA-SKCM	Unknown	Unknown	0	0	cbio_mutation_tp53_kras
TCGA-EB-A82C	TCGA-SKCM	Unknown	Unknown	0	0	cbio_mutation_tp53_kras
TCGA-EB-A85I	TCGA-SKCM	Unknown	Unknown	0	0	cbio_mutation_tp53_kras
TCGA-EB-A85J	TCGA-SKCM	Unknown	Unknown	0	0	cbio_mutation_tp53_kras
TCGA-EB-A97M	TCGA-SKCM	Unknown	Unknown	0	0	cbio_mutation_tp53_kras
TCGA-EC-A1NJ	TCGA-UCEC	0	1	1	1	cbio_mutation_tp53_kras
TCGA-EC-A1QX	TCGA-UCEC	0	0	1	1	cbio_mutation_tp53_kras
TCGA-EC-A24G	TCGA-UCEC	0	1	1	1	cbio_mutation_tp53_kras
TCGA-ED-A459	TCGA-LIHC	1	0	1	1	cbio_mutation_tp53_kras
TCGA-ED-A4XI	TCGA-LIHC	0	0	1	1	cbio_mutation_tp53_kras
TCGA-ED-A5KG	TCGA-LIHC	0	0	1	1	cbio_mutation_tp53_kras
TCGA-ED-A627	TCGA-LIHC	0	0	1	1	cbio_mutation_tp53_kras
TCGA-ED-A66X	TCGA-LIHC	0	0	1	1	cbio_mutation_tp53_kras
TCGA-ED-A66Y	TCGA-LIHC	0	0	1	1	cbio_mutation_tp53_kras
TCGA-ED-A7PX	TCGA-LIHC	0	0	1	1	cbio_mutation_tp53_kras
TCGA-ED-A7PY	TCGA-LIHC	0	0	1	1	cbio_mutation_tp53_kras
TCGA-ED-A7PZ	TCGA-LIHC	1	0	1	1	cbio_mutation_tp53_kras
TCGA-ED-A7XO	TCGA-LIHC	1	0	1	1	cbio_mutation_tp53_kras
TCGA-ED-A7XP	TCGA-LIHC	1	0	1	1	cbio_mutation_tp53_kras
TCGA-ED-A82E	TCGA-LIHC	0	0	1	1	cbio_mutation_tp53_kras
TCGA-ED-A8O5	TCGA-LIHC	0	0	1	1	cbio_mutation_tp53_kras
TCGA-ED-A8O6	TCGA-LIHC	0	0	1	1	cbio_mutation_tp53_kras
TCGA-ED-A97K	TCGA-LIHC	0	0	1	1	cbio_mutation_tp53_kras
TCGA-EE-A17X	TCGA-SKCM	Unknown	Unknown	0	0	cbio_mutation_tp53_kras
TCGA-EE-A17Y	TCGA-SKCM	0	0	1	1	cbio_mutation_tp53_kras
TCGA-EE-A17Z	TCGA-SKCM	Unknown	Unknown	0	0	cbio_mutation_tp53_kras
TCGA-EE-A180	TCGA-SKCM	Unknown	Unknown	0	0	cbio_mutation_tp53_kras
TCGA-EE-A181	TCGA-SKCM	Unknown	Unknown	0	0	cbio_mutation_tp53_kras
TCGA-EE-A182	TCGA-SKCM	Unknown	Unknown	0	0	cbio_mutation_tp53_kras
TCGA-EE-A183	TCGA-SKCM	Unknown	Unknown	0	0	cbio_mutation_tp53_kras
TCGA-EE-A184	TCGA-SKCM	Unknown	Unknown	0	0	cbio_mutation_tp53_kras
TCGA-EE-A185	TCGA-SKCM	Unknown	Unknown	0	0	cbio_mutation_tp53_kras
TCGA-EE-A20B	TCGA-SKCM	Unknown	Unknown	0	0	cbio_mutation_tp53_kras
TCGA-EE-A20C	TCGA-SKCM	Unknown	Unknown	0	0	cbio_mutation_tp53_kras
TCGA-EE-A20F	TCGA-SKCM	Unknown	Unknown	0	0	cbio_mutation_tp53_kras
TCGA-EE-A20H	TCGA-SKCM	Unknown	Unknown	0	0	cbio_mutation_tp53_kras
TCGA-EE-A20I	TCGA-SKCM	Unknown	Unknown	0	0	cbio_mutation_tp53_kras
TCGA-EE-A29A	TCGA-SKCM	Unknown	Unknown	0	0	cbio_mutation_tp53_kras
TCGA-EE-A29B	TCGA-SKCM	Unknown	Unknown	0	0	cbio_mutation_tp53_kras
TCGA-EE-A29C	TCGA-SKCM	Unknown	Unknown	0	0	cbio_mutation_tp53_kras
TCGA-EE-A29D	TCGA-SKCM	Unknown	Unknown	0	0	cbio_mutation_tp53_kras
TCGA-EE-A29E	TCGA-SKCM	Unknown	Unknown	0	0	cbio_mutation_tp53_kras
TCGA-EE-A29G	TCGA-SKCM	Unknown	Unknown	0	0	cbio_mutation_tp53_kras
TCGA-EE-A29H	TCGA-SKCM	Unknown	Unknown	0	0	cbio_mutation_tp53_kras
TCGA-EE-A29L	TCGA-SKCM	Unknown	Unknown	0	0	cbio_mutation_tp53_kras
TCGA-EE-A29M	TCGA-SKCM	Unknown	Unknown	0	0	cbio_mutation_tp53_kras
TCGA-EE-A29N	TCGA-SKCM	Unknown	Unknown	0	0	cbio_mutation_tp53_kras
TCGA-EE-A29P	TCGA-SKCM	Unknown	Unknown	0	0	cbio_mutation_tp53_kras
TCGA-EE-A29Q	TCGA-SKCM	Unknown	Unknown	0	0	cbio_mutation_tp53_kras
TCGA-EE-A29R	TCGA-SKCM	0	0	1	1	cbio_mutation_tp53_kras
TCGA-EE-A29S	TCGA-SKCM	Unknown	Unknown	0	0	cbio_mutation_tp53_kras
TCGA-EE-A29T	TCGA-SKCM	Unknown	Unknown	0	0	cbio_mutation_tp53_kras
TCGA-EE-A29V	TCGA-SKCM	Unknown	Unknown	0	0	cbio_mutation_tp53_kras
TCGA-EE-A29W	TCGA-SKCM	Unknown	Unknown	0	0	cbio_mutation_tp53_kras
TCGA-EE-A29X	TCGA-SKCM	Unknown	Unknown	0	0	cbio_mutation_tp53_kras
TCGA-EE-A2A0	TCGA-SKCM	0	0	1	1	cbio_mutation_tp53_kras
TCGA-EE-A2A1	TCGA-SKCM	Unknown	Unknown	0	0	cbio_mutation_tp53_kras
TCGA-EE-A2A2	TCGA-SKCM	Unknown	Unknown	0	0	cbio_mutation_tp53_kras
TCGA-EE-A2A5	TCGA-SKCM	Unknown	Unknown	0	0	cbio_mutation_tp53_kras
TCGA-EE-A2A6	TCGA-SKCM	Unknown	Unknown	0	0	cbio_mutation_tp53_kras
TCGA-EE-A2GB	TCGA-SKCM	Unknown	Unknown	0	0	cbio_mutation_tp53_kras
TCGA-EE-A2GD	TCGA-SKCM	Unknown	Unknown	0	0	cbio_mutation_tp53_kras
TCGA-EE-A2GE	TCGA-SKCM	Unknown	Unknown	0	0	cbio_mutation_tp53_kras
TCGA-EE-A2GH	TCGA-SKCM	Unknown	Unknown	0	0	cbio_mutation_tp53_kras
TCGA-EE-A2GI	TCGA-SKCM	Unknown	Unknown	0	0	cbio_mutation_tp53_kras
TCGA-EE-A2GJ	TCGA-SKCM	Unknown	Unknown	0	0	cbio_mutation_tp53_kras
TCGA-EE-A2GK	TCGA-SKCM	Unknown	Unknown	0	0	cbio_mutation_tp53_kras
TCGA-EE-A2GL	TCGA-SKCM	Unknown	Unknown	0	0	cbio_mutation_tp53_kras
TCGA-EE-A2GM	TCGA-SKCM	Unknown	Unknown	0	0	cbio_mutation_tp53_kras
TCGA-EE-A2GN	TCGA-SKCM	Unknown	Unknown	0	0	cbio_mutation_tp53_kras
TCGA-EE-A2GO	TCGA-SKCM	Unknown	Unknown	0	0	cbio_mutation_tp53_kras
TCGA-EE-A2GP	TCGA-SKCM	Unknown	Unknown	0	0	cbio_mutation_tp53_kras
TCGA-EE-A2GR	TCGA-SKCM	Unknown	Unknown	0	0	cbio_mutation_tp53_kras
TCGA-EE-A2GS	TCGA-SKCM	Unknown	Unknown	0	0	cbio_mutation_tp53_kras
TCGA-EE-A2GT	TCGA-SKCM	Unknown	Unknown	0	0	cbio_mutation_tp53_kras
TCGA-EE-A2GU	TCGA-SKCM	Unknown	Unknown	0	0	cbio_mutation_tp53_kras
TCGA-EE-A2M5	TCGA-SKCM	Unknown	Unknown	0	0	cbio_mutation_tp53_kras
TCGA-EE-A2M6	TCGA-SKCM	Unknown	Unknown	0	0	cbio_mutation_tp53_kras
TCGA-EE-A2M7	TCGA-SKCM	Unknown	Unknown	0	0	cbio_mutation_tp53_kras
TCGA-EE-A2M8	TCGA-SKCM	Unknown	Unknown	0	0	cbio_mutation_tp53_kras
TCGA-EE-A2MC	TCGA-SKCM	Unknown	Unknown	0	0	cbio_mutation_tp53_kras
TCGA-EE-A2MD	TCGA-SKCM	Unknown	Unknown	0	0	cbio_mutation_tp53_kras
TCGA-EE-A2ME	TCGA-SKCM	Unknown	Unknown	0	0	cbio_mutation_tp53_kras
TCGA-EE-A2MF	TCGA-SKCM	Unknown	Unknown	0	0	cbio_mutation_tp53_kras
TCGA-EE-A2MG	TCGA-SKCM	Unknown	Unknown	0	0	cbio_mutation_tp53_kras
TCGA-EE-A2MH	TCGA-SKCM	Unknown	Unknown	0	0	cbio_mutation_tp53_kras
TCGA-EE-A2MI	TCGA-SKCM	Unknown	Unknown	0	0	cbio_mutation_tp53_kras
TCGA-EE-A2MJ	TCGA-SKCM	Unknown	Unknown	0	0	cbio_mutation_tp53_kras
TCGA-EE-A2MK	TCGA-SKCM	Unknown	Unknown	0	0	cbio_mutation_tp53_kras
TCGA-EE-A2ML	TCGA-SKCM	Unknown	Unknown	0	0	cbio_mutation_tp53_kras
TCGA-EE-A2MM	TCGA-SKCM	Unknown	Unknown	0	0	cbio_mutation_tp53_kras
TCGA-EE-A2MN	TCGA-SKCM	Unknown	Unknown	0	0	cbio_mutation_tp53_kras
TCGA-EE-A2MP	TCGA-SKCM	Unknown	Unknown	0	0	cbio_mutation_tp53_kras
TCGA-EE-A2MQ	TCGA-SKCM	Unknown	Unknown	0	0	cbio_mutation_tp53_kras
TCGA-EE-A2MR	TCGA-SKCM	Unknown	Unknown	0	0	cbio_mutation_tp53_kras
TCGA-EE-A2MS	TCGA-SKCM	0	0	1	1	cbio_mutation_tp53_kras
TCGA-EE-A2MT	TCGA-SKCM	Unknown	Unknown	0	0	cbio_mutation_tp53_kras
TCGA-EE-A2MU	TCGA-SKCM	Unknown	Unknown	0	0	cbio_mutation_tp53_kras
TCGA-EE-A3AA	TCGA-SKCM	Unknown	Unknown	0	0	cbio_mutation_tp53_kras
TCGA-EE-A3AB	TCGA-SKCM	Unknown	Unknown	0	0	cbio_mutation_tp53_kras
TCGA-EE-A3AC	TCGA-SKCM	Unknown	Unknown	0	0	cbio_mutation_tp53_kras
TCGA-EE-A3AD	TCGA-SKCM	Unknown	Unknown	0	0	cbio_mutation_tp53_kras
TCGA-EE-A3AE	TCGA-SKCM	Unknown	Unknown	0	0	cbio_mutation_tp53_kras
TCGA-EE-A3AF	TCGA-SKCM	Unknown	Unknown	0	0	cbio_mutation_tp53_kras
TCGA-EE-A3AG	TCGA-SKCM	Unknown	Unknown	0	0	cbio_mutation_tp53_kras
TCGA-EE-A3AH	TCGA-SKCM	Unknown	Unknown	0	0	cbio_mutation_tp53_kras
TCGA-EE-A3J3	TCGA-SKCM	Unknown	Unknown	0	0	cbio_mutation_tp53_kras
TCGA-EE-A3J4	TCGA-SKCM	Unknown	Unknown	0	0	cbio_mutation_tp53_kras
TCGA-EE-A3J5	TCGA-SKCM	1	0	1	1	cbio_mutation_tp53_kras
TCGA-EE-A3J7	TCGA-SKCM	Unknown	Unknown	0	0	cbio_mutation_tp53_kras
TCGA-EE-A3J8	TCGA-SKCM	Unknown	Unknown	0	0	cbio_mutation_tp53_kras
TCGA-EE-A3JA	TCGA-SKCM	0	0	1	1	cbio_mutation_tp53_kras
TCGA-EE-A3JB	TCGA-SKCM	Unknown	Unknown	0	0	cbio_mutation_tp53_kras
TCGA-EE-A3JD	TCGA-SKCM	Unknown	Unknown	0	0	cbio_mutation_tp53_kras
TCGA-EE-A3JE	TCGA-SKCM	Unknown	Unknown	0	0	cbio_mutation_tp53_kras
TCGA-EE-A3JH	TCGA-SKCM	Unknown	Unknown	0	0	cbio_mutation_tp53_kras
TCGA-EE-A3JI	TCGA-SKCM	Unknown	Unknown	0	0	cbio_mutation_tp53_kras
TCGA-EF-5830	TCGA-READ	1	1	1	1	cbio_mutation_tp53_kras
TCGA-EI-6506	TCGA-READ	1	0	1	1	cbio_mutation_tp53_kras
TCGA-EI-6507	TCGA-READ	1	1	1	1	cbio_mutation_tp53_kras
TCGA-EI-6508	TCGA-READ	1	0	1	1	cbio_mutation_tp53_kras
TCGA-EI-6509	TCGA-READ	1	0	1	1	cbio_mutation_tp53_kras
TCGA-EI-6510	TCGA-READ	1	1	1	1	cbio_mutation_tp53_kras
TCGA-EI-6511	TCGA-READ	1	0	1	1	cbio_mutation_tp53_kras
TCGA-EI-6512	TCGA-READ	1	1	1	1	cbio_mutation_tp53_kras
TCGA-EI-6513	TCGA-READ	0	0	1	1	cbio_mutation_tp53_kras
TCGA-EI-6514	TCGA-READ	1	0	1	1	cbio_mutation_tp53_kras
TCGA-EI-6881	TCGA-READ	1	1	1	1	cbio_mutation_tp53_kras
TCGA-EI-6882	TCGA-READ	1	1	1	1	cbio_mutation_tp53_kras
TCGA-EI-6883	TCGA-READ	1	0	1	1	cbio_mutation_tp53_kras
TCGA-EI-6884	TCGA-READ	1	0	1	1	cbio_mutation_tp53_kras
TCGA-EI-6885	TCGA-READ	1	0	1	1	cbio_mutation_tp53_kras
TCGA-EI-6917	TCGA-READ	1	0	1	1	cbio_mutation_tp53_kras
TCGA-EI-7002	TCGA-READ	1	1	1	1	cbio_mutation_tp53_kras
TCGA-EI-7004	TCGA-READ	0	0	1	1	cbio_mutation_tp53_kras
TCGA-EJ-5494	TCGA-PRAD	0	0	1	1	cbio_mutation_tp53_kras
TCGA-EJ-5495	TCGA-PRAD	0	0	1	1	cbio_mutation_tp53_kras
TCGA-EJ-5496	TCGA-PRAD	0	0	1	1	cbio_mutation_tp53_kras
TCGA-EJ-5497	TCGA-PRAD	0	0	1	1	cbio_mutation_tp53_kras
TCGA-EJ-5498	TCGA-PRAD	0	0	1	1	cbio_mutation_tp53_kras
TCGA-EJ-5499	TCGA-PRAD	0	0	1	1	cbio_mutation_tp53_kras
TCGA-EJ-5501	TCGA-PRAD	0	0	1	1	cbio_mutation_tp53_kras
TCGA-EJ-5502	TCGA-PRAD	0	0	1	1	cbio_mutation_tp53_kras
TCGA-EJ-5503	TCGA-PRAD	0	0	1	1	cbio_mutation_tp53_kras
TCGA-EJ-5504	TCGA-PRAD	0	0	1	1	cbio_mutation_tp53_kras
TCGA-EJ-5505	TCGA-PRAD	0	0	1	1	cbio_mutation_tp53_kras
TCGA-EJ-5506	TCGA-PRAD	0	0	1	1	cbio_mutation_tp53_kras
TCGA-EJ-5507	TCGA-PRAD	1	0	1	1	cbio_mutation_tp53_kras
TCGA-EJ-5508	TCGA-PRAD	0	0	1	1	cbio_mutation_tp53_kras
TCGA-EJ-5509	TCGA-PRAD	0	0	1	1	cbio_mutation_tp53_kras
TCGA-EJ-5510	TCGA-PRAD	0	0	1	1	cbio_mutation_tp53_kras
TCGA-EJ-5511	TCGA-PRAD	0	0	1	1	cbio_mutation_tp53_kras
TCGA-EJ-5512	TCGA-PRAD	0	0	1	1	cbio_mutation_tp53_kras
TCGA-EJ-5514	TCGA-PRAD	1	0	1	1	cbio_mutation_tp53_kras
TCGA-EJ-5515	TCGA-PRAD	0	0	1	1	cbio_mutation_tp53_kras
TCGA-EJ-5516	TCGA-PRAD	0	0	1	1	cbio_mutation_tp53_kras
TCGA-EJ-5517	TCGA-PRAD	0	0	1	1	cbio_mutation_tp53_kras
TCGA-EJ-5518	TCGA-PRAD	0	0	1	1	cbio_mutation_tp53_kras
TCGA-EJ-5519	TCGA-PRAD	0	0	1	1	cbio_mutation_tp53_kras
TCGA-EJ-5521	TCGA-PRAD	1	0	1	1	cbio_mutation_tp53_kras
TCGA-EJ-5522	TCGA-PRAD	0	0	1	1	cbio_mutation_tp53_kras
TCGA-EJ-5524	TCGA-PRAD	0	0	1	1	cbio_mutation_tp53_kras
TCGA-EJ-5525	TCGA-PRAD	1	0	1	1	cbio_mutation_tp53_kras
TCGA-EJ-5526	TCGA-PRAD	0	0	1	1	cbio_mutation_tp53_kras
TCGA-EJ-5527	TCGA-PRAD	0	0	1	1	cbio_mutation_tp53_kras
TCGA-EJ-5530	TCGA-PRAD	0	0	1	1	cbio_mutation_tp53_kras
TCGA-EJ-5531	TCGA-PRAD	0	0	1	1	cbio_mutation_tp53_kras
TCGA-EJ-5532	TCGA-PRAD	0	0	1	1	cbio_mutation_tp53_kras
TCGA-EJ-5542	TCGA-PRAD	0	0	1	1	cbio_mutation_tp53_kras
TCGA-EJ-7115	TCGA-PRAD	0	0	1	1	cbio_mutation_tp53_kras
TCGA-EJ-7123	TCGA-PRAD	0	0	1	1	cbio_mutation_tp53_kras
TCGA-EJ-7314	TCGA-PRAD	0	0	1	1	cbio_mutation_tp53_kras
TCGA-EJ-7315	TCGA-PRAD	1	0	1	1	cbio_mutation_tp53_kras
TCGA-EJ-7317	TCGA-PRAD	0	0	1	1	cbio_mutation_tp53_kras
TCGA-EJ-7321	TCGA-PRAD	0	0	1	1	cbio_mutation_tp53_kras
TCGA-EJ-7327	TCGA-PRAD	0	0	1	1	cbio_mutation_tp53_kras
TCGA-EJ-7328	TCGA-PRAD	0	0	1	1	cbio_mutation_tp53_kras
TCGA-EJ-7330	TCGA-PRAD	0	0	1	1	cbio_mutation_tp53_kras
TCGA-EJ-7331	TCGA-PRAD	0	0	1	1	cbio_mutation_tp53_kras
TCGA-EJ-7782	TCGA-PRAD	1	0	1	1	cbio_mutation_tp53_kras
TCGA-EJ-7783	TCGA-PRAD	0	0	1	1	cbio_mutation_tp53_kras
TCGA-EJ-7784	TCGA-PRAD	0	0	1	1	cbio_mutation_tp53_kras
TCGA-EJ-7785	TCGA-PRAD	0	0	1	1	cbio_mutation_tp53_kras
TCGA-EJ-7786	TCGA-PRAD	0	0	1	1	cbio_mutation_tp53_kras
TCGA-EJ-7788	TCGA-PRAD	0	0	1	1	cbio_mutation_tp53_kras
TCGA-EJ-7789	TCGA-PRAD	0	0	1	1	cbio_mutation_tp53_kras
TCGA-EJ-7791	TCGA-PRAD	0	0	1	1	cbio_mutation_tp53_kras
TCGA-EJ-7792	TCGA-PRAD	0	0	1	1	cbio_mutation_tp53_kras
TCGA-EJ-7793	TCGA-PRAD	0	0	1	1	cbio_mutation_tp53_kras
TCGA-EJ-7794	TCGA-PRAD	0	0	1	1	cbio_mutation_tp53_kras
TCGA-EJ-7797	TCGA-PRAD	0	0	1	1	cbio_mutation_tp53_kras
TCGA-EJ-A46B	TCGA-PRAD	0	0	1	1	cbio_mutation_tp53_kras
TCGA-EJ-A46D	TCGA-PRAD	0	0	1	1	cbio_mutation_tp53_kras
TCGA-EJ-A46E	TCGA-PRAD	0	0	1	1	cbio_mutation_tp53_kras
TCGA-EJ-A46F	TCGA-PRAD	0	0	1	1	cbio_mutation_tp53_kras
TCGA-EJ-A46G	TCGA-PRAD	0	0	1	1	cbio_mutation_tp53_kras
TCGA-EJ-A46H	TCGA-PRAD	0	0	1	1	cbio_mutation_tp53_kras
TCGA-EJ-A46I	TCGA-PRAD	0	0	1	1	cbio_mutation_tp53_kras
TCGA-EL-A3CL	TCGA-THCA	0	0	1	1	cbio_mutation_tp53_kras
TCGA-EL-A3CM	TCGA-THCA	0	0	1	1	cbio_mutation_tp53_kras
TCGA-EL-A3CN	TCGA-THCA	0	0	1	1	cbio_mutation_tp53_kras
TCGA-EL-A3CO	TCGA-THCA	0	0	1	1	cbio_mutation_tp53_kras
TCGA-EL-A3CP	TCGA-THCA	0	0	1	1	cbio_mutation_tp53_kras
TCGA-EL-A3CR	TCGA-THCA	0	0	1	1	cbio_mutation_tp53_kras
TCGA-EL-A3CS	TCGA-THCA	0	0	1	1	cbio_mutation_tp53_kras
TCGA-EL-A3CT	TCGA-THCA	0	0	1	1	cbio_mutation_tp53_kras
TCGA-EL-A3CU	TCGA-THCA	0	0	1	1	cbio_mutation_tp53_kras
TCGA-EL-A3CV	TCGA-THCA	0	0	1	1	cbio_mutation_tp53_kras
TCGA-EL-A3CW	TCGA-THCA	0	0	1	1	cbio_mutation_tp53_kras
TCGA-EL-A3CX	TCGA-THCA	0	0	1	1	cbio_mutation_tp53_kras
TCGA-EL-A3CY	TCGA-THCA	0	0	1	1	cbio_mutation_tp53_kras
TCGA-EL-A3CZ	TCGA-THCA	0	0	1	1	cbio_mutation_tp53_kras
TCGA-EL-A3D0	TCGA-THCA	Unknown	Unknown	0	0	cbio_mutation_tp53_kras
TCGA-EL-A3D1	TCGA-THCA	0	0	1	1	cbio_mutation_tp53_kras
TCGA-EL-A3D4	TCGA-THCA	0	0	1	1	cbio_mutation_tp53_kras
TCGA-EL-A3D5	TCGA-THCA	Unknown	Unknown	0	0	cbio_mutation_tp53_kras
TCGA-EL-A3D6	TCGA-THCA	1	0	1	1	cbio_mutation_tp53_kras
TCGA-EL-A3GO	TCGA-THCA	0	0	1	1	cbio_mutation_tp53_kras
TCGA-EL-A3GP	TCGA-THCA	0	0	1	1	cbio_mutation_tp53_kras
TCGA-EL-A3GQ	TCGA-THCA	0	0	1	1	cbio_mutation_tp53_kras
TCGA-EL-A3GR	TCGA-THCA	0	0	1	1	cbio_mutation_tp53_kras
TCGA-EL-A3GS	TCGA-THCA	0	0	1	1	cbio_mutation_tp53_kras
TCGA-EL-A3GU	TCGA-THCA	0	0	1	1	cbio_mutation_tp53_kras
TCGA-EL-A3GV	TCGA-THCA	0	0	1	1	cbio_mutation_tp53_kras
TCGA-EL-A3GW	TCGA-THCA	0	0	1	1	cbio_mutation_tp53_kras
TCGA-EL-A3GX	TCGA-THCA	0	0	1	1	cbio_mutation_tp53_kras
TCGA-EL-A3GY	TCGA-THCA	0	0	1	1	cbio_mutation_tp53_kras
TCGA-EL-A3GZ	TCGA-THCA	0	0	1	1	cbio_mutation_tp53_kras
TCGA-EL-A3H1	TCGA-THCA	0	0	1	1	cbio_mutation_tp53_kras
TCGA-EL-A3H2	TCGA-THCA	0	0	1	1	cbio_mutation_tp53_kras
TCGA-EL-A3H3	TCGA-THCA	0	0	1	1	cbio_mutation_tp53_kras
TCGA-EL-A3H4	TCGA-THCA	0	0	1	1	cbio_mutation_tp53_kras
TCGA-EL-A3H5	TCGA-THCA	0	0	1	1	cbio_mutation_tp53_kras
TCGA-EL-A3H7	TCGA-THCA	0	0	1	1	cbio_mutation_tp53_kras
TCGA-EL-A3H8	TCGA-THCA	0	0	1	1	cbio_mutation_tp53_kras
TCGA-EL-A3MW	TCGA-THCA	0	0	1	1	cbio_mutation_tp53_kras
TCGA-EL-A3MX	TCGA-THCA	0	0	1	1	cbio_mutation_tp53_kras
TCGA-EL-A3MY	TCGA-THCA	0	0	1	1	cbio_mutation_tp53_kras
TCGA-EL-A3MZ	TCGA-THCA	0	0	1	1	cbio_mutation_tp53_kras
TCGA-EL-A3N2	TCGA-THCA	0	0	1	1	cbio_mutation_tp53_kras
TCGA-EL-A3N3	TCGA-THCA	0	0	1	1	cbio_mutation_tp53_kras
TCGA-EL-A3T0	TCGA-THCA	0	0	1	1	cbio_mutation_tp53_kras
TCGA-EL-A3T1	TCGA-THCA	0	0	1	1	cbio_mutation_tp53_kras
TCGA-EL-A3T2	TCGA-THCA	0	0	1	1	cbio_mutation_tp53_kras
TCGA-EL-A3T3	TCGA-THCA	0	0	1	1	cbio_mutation_tp53_kras
TCGA-EL-A3T6	TCGA-THCA	0	0	1	1	cbio_mutation_tp53_kras
TCGA-EL-A3T7	TCGA-THCA	0	0	1	1	cbio_mutation_tp53_kras
TCGA-EL-A3T8	TCGA-THCA	0	0	1	1	cbio_mutation_tp53_kras
TCGA-EL-A3T9	TCGA-THCA	0	0	1	1	cbio_mutation_tp53_kras
TCGA-EL-A3TA	TCGA-THCA	0	0	1	1	cbio_mutation_tp53_kras
TCGA-EL-A3TB	TCGA-THCA	0	0	1	1	cbio_mutation_tp53_kras
TCGA-EL-A3ZG	TCGA-THCA	0	0	1	1	cbio_mutation_tp53_kras
TCGA-EL-A3ZH	TCGA-THCA	0	0	1	1	cbio_mutation_tp53_kras
TCGA-EL-A3ZK	TCGA-THCA	0	0	1	1	cbio_mutation_tp53_kras
TCGA-EL-A3ZL	TCGA-THCA	0	0	1	1	cbio_mutation_tp53_kras
TCGA-EL-A3ZM	TCGA-THCA	Unknown	Unknown	0	0	cbio_mutation_tp53_kras
TCGA-EL-A3ZN	TCGA-THCA	0	0	1	1	cbio_mutation_tp53_kras
TCGA-EL-A3ZO	TCGA-THCA	0	0	1	1	cbio_mutation_tp53_kras
TCGA-EL-A3ZP	TCGA-THCA	0	0	1	1	cbio_mutation_tp53_kras
TCGA-EL-A3ZQ	TCGA-THCA	0	0	1	1	cbio_mutation_tp53_kras
TCGA-EL-A3ZR	TCGA-THCA	0	0	1	1	cbio_mutation_tp53_kras
TCGA-EL-A3ZS	TCGA-THCA	0	0	1	1	cbio_mutation_tp53_kras
TCGA-EL-A3ZT	TCGA-THCA	0	0	1	1	cbio_mutation_tp53_kras
TCGA-EL-A4JV	TCGA-THCA	0	0	1	1	cbio_mutation_tp53_kras
TCGA-EL-A4JW	TCGA-THCA	0	0	1	1	cbio_mutation_tp53_kras
TCGA-EL-A4JX	TCGA-THCA	0	0	1	1	cbio_mutation_tp53_kras
TCGA-EL-A4JZ	TCGA-THCA	0	0	1	1	cbio_mutation_tp53_kras
TCGA-EL-A4K0	TCGA-THCA	0	0	1	1	cbio_mutation_tp53_kras
TCGA-EL-A4K1	TCGA-THCA	0	0	1	1	cbio_mutation_tp53_kras
TCGA-EL-A4K2	TCGA-THCA	0	0	1	1	cbio_mutation_tp53_kras
TCGA-EL-A4K4	TCGA-THCA	0	0	1	1	cbio_mutation_tp53_kras
TCGA-EL-A4K6	TCGA-THCA	0	0	1	1	cbio_mutation_tp53_kras
TCGA-EL-A4K7	TCGA-THCA	0	0	1	1	cbio_mutation_tp53_kras
TCGA-EL-A4K9	TCGA-THCA	0	0	1	1	cbio_mutation_tp53_kras
TCGA-EL-A4KD	TCGA-THCA	0	0	1	1	cbio_mutation_tp53_kras
TCGA-EL-A4KG	TCGA-THCA	0	0	1	1	cbio_mutation_tp53_kras
TCGA-EL-A4KH	TCGA-THCA	0	0	1	1	cbio_mutation_tp53_kras
TCGA-EL-A4KI	TCGA-THCA	0	0	1	1	cbio_mutation_tp53_kras
TCGA-EM-A1CS	TCGA-THCA	0	0	1	1	cbio_mutation_tp53_kras
TCGA-EM-A1CT	TCGA-THCA	0	0	1	1	cbio_mutation_tp53_kras
TCGA-EM-A1CU	TCGA-THCA	0	0	1	1	cbio_mutation_tp53_kras
TCGA-EM-A1CV	TCGA-THCA	0	0	1	1	cbio_mutation_tp53_kras
TCGA-EM-A1CW	TCGA-THCA	0	0	1	1	cbio_mutation_tp53_kras
TCGA-EM-A1YA	TCGA-THCA	0	0	1	1	cbio_mutation_tp53_kras
TCGA-EM-A1YB	TCGA-THCA	1	0	1	1	cbio_mutation_tp53_kras
TCGA-EM-A1YC	TCGA-THCA	0	0	1	1	cbio_mutation_tp53_kras
TCGA-EM-A1YD	TCGA-THCA	0	0	1	1	cbio_mutation_tp53_kras
TCGA-EM-A1YE	TCGA-THCA	0	0	1	1	cbio_mutation_tp53_kras
TCGA-EM-A22I	TCGA-THCA	0	0	1	1	cbio_mutation_tp53_kras
TCGA-EM-A22J	TCGA-THCA	0	0	1	1	cbio_mutation_tp53_kras
TCGA-EM-A22K	TCGA-THCA	0	0	1	1	cbio_mutation_tp53_kras
TCGA-EM-A22L	TCGA-THCA	0	0	1	1	cbio_mutation_tp53_kras
TCGA-EM-A22M	TCGA-THCA	0	0	1	1	cbio_mutation_tp53_kras
TCGA-EM-A22N	TCGA-THCA	0	0	1	1	cbio_mutation_tp53_kras
TCGA-EM-A22O	TCGA-THCA	0	0	1	1	cbio_mutation_tp53_kras
TCGA-EM-A22P	TCGA-THCA	0	0	1	1	cbio_mutation_tp53_kras
TCGA-EM-A22Q	TCGA-THCA	0	0	1	1	cbio_mutation_tp53_kras
TCGA-EM-A2CJ	TCGA-THCA	0	0	1	1	cbio_mutation_tp53_kras
TCGA-EM-A2CK	TCGA-THCA	0	0	1	1	cbio_mutation_tp53_kras
TCGA-EM-A2CL	TCGA-THCA	0	0	1	1	cbio_mutation_tp53_kras
TCGA-EM-A2CM	TCGA-THCA	Unknown	Unknown	0	0	cbio_mutation_tp53_kras
TCGA-EM-A2CN	TCGA-THCA	0	0	1	1	cbio_mutation_tp53_kras
TCGA-EM-A2CO	TCGA-THCA	0	0	1	1	cbio_mutation_tp53_kras
TCGA-EM-A2CP	TCGA-THCA	0	0	1	1	cbio_mutation_tp53_kras
TCGA-EM-A2CQ	TCGA-THCA	0	1	1	1	cbio_mutation_tp53_kras
TCGA-EM-A2CR	TCGA-THCA	0	0	1	1	cbio_mutation_tp53_kras
TCGA-EM-A2CS	TCGA-THCA	Unknown	Unknown	0	0	cbio_mutation_tp53_kras
TCGA-EM-A2CT	TCGA-THCA	0	0	1	1	cbio_mutation_tp53_kras
TCGA-EM-A2CU	TCGA-THCA	0	0	1	1	cbio_mutation_tp53_kras
TCGA-EM-A2OV	TCGA-THCA	0	0	1	1	cbio_mutation_tp53_kras
TCGA-EM-A2OW	TCGA-THCA	0	0	1	1	cbio_mutation_tp53_kras
TCGA-EM-A2OX	TCGA-THCA	0	0	1	1	cbio_mutation_tp53_kras
TCGA-EM-A2OY	TCGA-THCA	0	0	1	1	cbio_mutation_tp53_kras
TCGA-EM-A2OZ	TCGA-THCA	0	0	1	1	cbio_mutation_tp53_kras
TCGA-EM-A2P0	TCGA-THCA	0	0	1	1	cbio_mutation_tp53_kras
TCGA-EM-A2P1	TCGA-THCA	0	0	1	1	cbio_mutation_tp53_kras
TCGA-EM-A2P2	TCGA-THCA	0	0	1	1	cbio_mutation_tp53_kras
TCGA-EM-A2P3	TCGA-THCA	0	0	1	1	cbio_mutation_tp53_kras
TCGA-EM-A3AJ	TCGA-THCA	0	0	1	1	cbio_mutation_tp53_kras
TCGA-EM-A3AK	TCGA-THCA	0	0	1	1	cbio_mutation_tp53_kras
TCGA-EM-A3AL	TCGA-THCA	0	0	1	1	cbio_mutation_tp53_kras
TCGA-EM-A3AN	TCGA-THCA	0	0	1	1	cbio_mutation_tp53_kras
TCGA-EM-A3AO	TCGA-THCA	0	0	1	1	cbio_mutation_tp53_kras
TCGA-EM-A3AP	TCGA-THCA	0	0	1	1	cbio_mutation_tp53_kras
TCGA-EM-A3AQ	TCGA-THCA	0	0	1	1	cbio_mutation_tp53_kras
TCGA-EM-A3AR	TCGA-THCA	0	0	1	1	cbio_mutation_tp53_kras
TCGA-EM-A3FJ	TCGA-THCA	0	0	1	1	cbio_mutation_tp53_kras
TCGA-EM-A3FK	TCGA-THCA	0	0	1	1	cbio_mutation_tp53_kras
TCGA-EM-A3FL	TCGA-THCA	0	0	1	1	cbio_mutation_tp53_kras
TCGA-EM-A3FM	TCGA-THCA	0	0	1	1	cbio_mutation_tp53_kras
TCGA-EM-A3FN	TCGA-THCA	0	0	1	1	cbio_mutation_tp53_kras
TCGA-EM-A3FO	TCGA-THCA	0	0	1	1	cbio_mutation_tp53_kras
TCGA-EM-A3FP	TCGA-THCA	0	0	1	1	cbio_mutation_tp53_kras
TCGA-EM-A3FQ	TCGA-THCA	0	0	1	1	cbio_mutation_tp53_kras
TCGA-EM-A3FR	TCGA-THCA	0	0	1	1	cbio_mutation_tp53_kras
TCGA-EM-A3O3	TCGA-THCA	0	0	1	1	cbio_mutation_tp53_kras
TCGA-EM-A3O6	TCGA-THCA	0	0	1	1	cbio_mutation_tp53_kras
TCGA-EM-A3O7	TCGA-THCA	0	0	1	1	cbio_mutation_tp53_kras
TCGA-EM-A3O8	TCGA-THCA	0	0	1	1	cbio_mutation_tp53_kras
TCGA-EM-A3O9	TCGA-THCA	0	0	1	1	cbio_mutation_tp53_kras
TCGA-EM-A3OA	TCGA-THCA	0	0	1	1	cbio_mutation_tp53_kras
TCGA-EM-A3OB	TCGA-THCA	0	0	1	1	cbio_mutation_tp53_kras
TCGA-EM-A3ST	TCGA-THCA	0	0	1	1	cbio_mutation_tp53_kras
TCGA-EM-A3SU	TCGA-THCA	0	0	1	1	cbio_mutation_tp53_kras
TCGA-EM-A3SX	TCGA-THCA	0	0	1	1	cbio_mutation_tp53_kras
TCGA-EM-A3SY	TCGA-THCA	0	0	1	1	cbio_mutation_tp53_kras
TCGA-EM-A3SZ	TCGA-THCA	0	0	1	1	cbio_mutation_tp53_kras
TCGA-EM-A4FF	TCGA-THCA	0	0	1	1	cbio_mutation_tp53_kras
TCGA-EM-A4FH	TCGA-THCA	0	0	1	1	cbio_mutation_tp53_kras
TCGA-EM-A4FK	TCGA-THCA	0	0	1	1	cbio_mutation_tp53_kras
TCGA-EM-A4FM	TCGA-THCA	0	0	1	1	cbio_mutation_tp53_kras
TCGA-EM-A4FN	TCGA-THCA	0	0	1	1	cbio_mutation_tp53_kras
TCGA-EM-A4FO	TCGA-THCA	0	0	1	1	cbio_mutation_tp53_kras
TCGA-EM-A4FQ	TCGA-THCA	0	0	1	1	cbio_mutation_tp53_kras
TCGA-EM-A4FR	TCGA-THCA	0	0	1	1	cbio_mutation_tp53_kras
TCGA-EM-A4FU	TCGA-THCA	0	0	1	1	cbio_mutation_tp53_kras
TCGA-EM-A4FV	TCGA-THCA	0	1	1	1	cbio_mutation_tp53_kras
TCGA-EM-A4G1	TCGA-THCA	0	0	1	1	cbio_mutation_tp53_kras
TCGA-EO-A1Y5	TCGA-UCEC	1	0	1	1	cbio_mutation_tp53_kras
TCGA-EO-A1Y7	TCGA-UCEC	1	0	1	1	cbio_mutation_tp53_kras
TCGA-EO-A1Y8	TCGA-UCEC	1	0	1	1	cbio_mutation_tp53_kras
TCGA-EO-A22R	TCGA-UCEC	0	0	1	1	cbio_mutation_tp53_kras
TCGA-EO-A22S	TCGA-UCEC	0	1	1	1	cbio_mutation_tp53_kras
TCGA-EO-A22T	TCGA-UCEC	0	0	1	1	cbio_mutation_tp53_kras
TCGA-EO-A22U	TCGA-UCEC	0	0	1	1	cbio_mutation_tp53_kras
TCGA-EO-A22X	TCGA-UCEC	0	0	1	1	cbio_mutation_tp53_kras
TCGA-EO-A22Y	TCGA-UCEC	0	0	1	1	cbio_mutation_tp53_kras
TCGA-EO-A2CG	TCGA-UCEC	1	0	1	1	cbio_mutation_tp53_kras
TCGA-EO-A2CH	TCGA-UCEC	1	0	1	1	cbio_mutation_tp53_kras
TCGA-EO-A3AS	TCGA-UCEC	1	0	1	1	cbio_mutation_tp53_kras
TCGA-EO-A3AU	TCGA-UCEC	0	0	1	1	cbio_mutation_tp53_kras
TCGA-EO-A3AV	TCGA-UCEC	0	0	1	1	cbio_mutation_tp53_kras
TCGA-EO-A3AY	TCGA-UCEC	0	0	1	1	cbio_mutation_tp53_kras
TCGA-EO-A3AZ	TCGA-UCEC	1	0	1	1	cbio_mutation_tp53_kras
TCGA-EO-A3B0	TCGA-UCEC	0	0	1	1	cbio_mutation_tp53_kras
TCGA-EO-A3B1	TCGA-UCEC	1	0	1	1	cbio_mutation_tp53_kras
TCGA-EO-A3KU	TCGA-UCEC	1	0	1	1	cbio_mutation_tp53_kras
TCGA-EO-A3KW	TCGA-UCEC	0	0	1	1	cbio_mutation_tp53_kras
TCGA-EO-A3KX	TCGA-UCEC	0	0	1	1	cbio_mutation_tp53_kras
TCGA-EO-A3L0	TCGA-UCEC	1	0	1	1	cbio_mutation_tp53_kras
TCGA-EP-A12J	TCGA-LIHC	0	0	1	1	cbio_mutation_tp53_kras
TCGA-EP-A26S	TCGA-LIHC	0	0	1	1	cbio_mutation_tp53_kras
TCGA-EP-A2KA	TCGA-LIHC	0	0	1	1	cbio_mutation_tp53_kras
TCGA-EP-A2KB	TCGA-LIHC	0	0	1	1	cbio_mutation_tp53_kras
TCGA-EP-A2KC	TCGA-LIHC	0	0	1	1	cbio_mutation_tp53_kras
TCGA-EP-A3JL	TCGA-LIHC	0	0	1	1	cbio_mutation_tp53_kras
TCGA-EP-A3RK	TCGA-LIHC	0	0	1	1	cbio_mutation_tp53_kras
TCGA-EQ-5647	TCGA-STAD	0	0	1	1	cbio_mutation_tp53_kras
TCGA-EQ-A4SO	TCGA-STAD	0	1	1	1	cbio_mutation_tp53_kras
TCGA-ER-A193	TCGA-SKCM	Unknown	Unknown	0	0	cbio_mutation_tp53_kras
TCGA-ER-A194	TCGA-SKCM	0	0	1	1	cbio_mutation_tp53_kras
TCGA-ER-A195	TCGA-SKCM	Unknown	Unknown	0	0	cbio_mutation_tp53_kras
TCGA-ER-A196	TCGA-SKCM	0	0	1	1	cbio_mutation_tp53_kras
TCGA-ER-A197	TCGA-SKCM	Unknown	Unknown	0	0	cbio_mutation_tp53_kras
TCGA-ER-A198	TCGA-SKCM	Unknown	Unknown	0	0	cbio_mutation_tp53_kras
TCGA-ER-A19A	TCGA-SKCM	Unknown	Unknown	0	0	cbio_mutation_tp53_kras
TCGA-ER-A19B	TCGA-SKCM	Unknown	Unknown	0	0	cbio_mutation_tp53_kras
TCGA-ER-A19C	TCGA-SKCM	Unknown	Unknown	0	0	cbio_mutation_tp53_kras
TCGA-ER-A19D	TCGA-SKCM	Unknown	Unknown	0	0	cbio_mutation_tp53_kras
TCGA-ER-A19E	TCGA-SKCM	Unknown	Unknown	0	0	cbio_mutation_tp53_kras
TCGA-ER-A19F	TCGA-SKCM	Unknown	Unknown	0	0	cbio_mutation_tp53_kras
TCGA-ER-A19G	TCGA-SKCM	Unknown	Unknown	0	0	cbio_mutation_tp53_kras
TCGA-ER-A19H	TCGA-SKCM	Unknown	Unknown	0	0	cbio_mutation_tp53_kras
TCGA-ER-A19J	TCGA-SKCM	Unknown	Unknown	0	0	cbio_mutation_tp53_kras
TCGA-ER-A19K	TCGA-SKCM	0	0	1	1	cbio_mutation_tp53_kras
TCGA-ER-A19L	TCGA-SKCM	Unknown	Unknown	0	0	cbio_mutation_tp53_kras
TCGA-ER-A19M	TCGA-SKCM	Unknown	Unknown	0	0	cbio_mutation_tp53_kras
TCGA-ER-A19N	TCGA-SKCM	Unknown	Unknown	0	0	cbio_mutation_tp53_kras
TCGA-ER-A19O	TCGA-SKCM	Unknown	Unknown	0	0	cbio_mutation_tp53_kras
TCGA-ER-A19P	TCGA-SKCM	Unknown	Unknown	0	0	cbio_mutation_tp53_kras
TCGA-ER-A19Q	TCGA-SKCM	Unknown	Unknown	0	0	cbio_mutation_tp53_kras
TCGA-ER-A19S	TCGA-SKCM	Unknown	Unknown	0	0	cbio_mutation_tp53_kras
TCGA-ER-A19T	TCGA-SKCM	0	0	1	1	cbio_mutation_tp53_kras
TCGA-ER-A19W	TCGA-SKCM	Unknown	Unknown	0	0	cbio_mutation_tp53_kras
TCGA-ER-A1A1	TCGA-SKCM	0	1	1	1	cbio_mutation_tp53_kras
TCGA-ER-A2NB	TCGA-SKCM	0	0	1	1	cbio_mutation_tp53_kras
TCGA-ER-A2NC	TCGA-SKCM	0	0	1	1	cbio_mutation_tp53_kras
TCGA-ER-A2ND	TCGA-SKCM	Unknown	Unknown	0	0	cbio_mutation_tp53_kras
TCGA-ER-A2NE	TCGA-SKCM	Unknown	Unknown	0	0	cbio_mutation_tp53_kras
TCGA-ER-A2NF	TCGA-SKCM	0	0	1	1	cbio_mutation_tp53_kras
TCGA-ER-A2NG	TCGA-SKCM	Unknown	Unknown	0	0	cbio_mutation_tp53_kras
TCGA-ER-A2NH	TCGA-SKCM	Unknown	Unknown	0	0	cbio_mutation_tp53_kras
TCGA-ER-A3ES	TCGA-SKCM	Unknown	Unknown	0	0	cbio_mutation_tp53_kras
TCGA-ER-A3ET	TCGA-SKCM	1	0	1	1	cbio_mutation_tp53_kras
TCGA-ER-A3EV	TCGA-SKCM	Unknown	Unknown	0	0	cbio_mutation_tp53_kras
TCGA-ER-A3PL	TCGA-SKCM	Unknown	Unknown	0	0	cbio_mutation_tp53_kras
TCGA-ER-A42H	TCGA-SKCM	0	0	1	1	cbio_mutation_tp53_kras
TCGA-ER-A42K	TCGA-SKCM	Unknown	Unknown	0	0	cbio_mutation_tp53_kras
TCGA-ER-A42L	TCGA-SKCM	0	0	1	1	cbio_mutation_tp53_kras
TCGA-ET-A25G	TCGA-THCA	0	0	1	1	cbio_mutation_tp53_kras
TCGA-ET-A25I	TCGA-THCA	0	0	1	1	cbio_mutation_tp53_kras
TCGA-ET-A25J	TCGA-THCA	0	0	1	1	cbio_mutation_tp53_kras
TCGA-ET-A25K	TCGA-THCA	0	0	1	1	cbio_mutation_tp53_kras
TCGA-ET-A25L	TCGA-THCA	Unknown	Unknown	0	0	cbio_mutation_tp53_kras
TCGA-ET-A25M	TCGA-THCA	0	0	1	1	cbio_mutation_tp53_kras
TCGA-ET-A25N	TCGA-THCA	Unknown	Unknown	0	0	cbio_mutation_tp53_kras
TCGA-ET-A25O	TCGA-THCA	0	0	1	1	cbio_mutation_tp53_kras
TCGA-ET-A25P	TCGA-THCA	Unknown	Unknown	0	0	cbio_mutation_tp53_kras
TCGA-ET-A25R	TCGA-THCA	0	0	1	1	cbio_mutation_tp53_kras
TCGA-ET-A2MX	TCGA-THCA	0	0	1	1	cbio_mutation_tp53_kras
TCGA-ET-A2MY	TCGA-THCA	0	0	1	1	cbio_mutation_tp53_kras
TCGA-ET-A2MZ	TCGA-THCA	0	0	1	1	cbio_mutation_tp53_kras
TCGA-ET-A2N0	TCGA-THCA	0	0	1	1	cbio_mutation_tp53_kras
TCGA-ET-A2N1	TCGA-THCA	0	0	1	1	cbio_mutation_tp53_kras
TCGA-ET-A2N3	TCGA-THCA	0	0	1	1	cbio_mutation_tp53_kras
TCGA-ET-A2N4	TCGA-THCA	0	0	1	1	cbio_mutation_tp53_kras
TCGA-ET-A2N5	TCGA-THCA	0	0	1	1	cbio_mutation_tp53_kras
TCGA-ET-A39I	TCGA-THCA	0	0	1	1	cbio_mutation_tp53_kras
TCGA-ET-A39J	TCGA-THCA	0	0	1	1	cbio_mutation_tp53_kras
TCGA-ET-A39K	TCGA-THCA	0	0	1	1	cbio_mutation_tp53_kras
TCGA-ET-A39L	TCGA-THCA	0	0	1	1	cbio_mutation_tp53_kras
TCGA-ET-A39M	TCGA-THCA	0	0	1	1	cbio_mutation_tp53_kras
TCGA-ET-A39N	TCGA-THCA	0	0	1	1	cbio_mutation_tp53_kras
TCGA-ET-A39O	TCGA-THCA	0	0	1	1	cbio_mutation_tp53_kras
TCGA-ET-A39P	TCGA-THCA	0	0	1	1	cbio_mutation_tp53_kras
TCGA-ET-A39R	TCGA-THCA	0	0	1	1	cbio_mutation_tp53_kras
TCGA-ET-A39S	TCGA-THCA	0	0	1	1	cbio_mutation_tp53_kras
TCGA-ET-A39T	TCGA-THCA	0	0	1	1	cbio_mutation_tp53_kras
TCGA-ET-A3BN	TCGA-THCA	0	0	1	1	cbio_mutation_tp53_kras
TCGA-ET-A3BO	TCGA-THCA	0	0	1	1	cbio_mutation_tp53_kras
TCGA-ET-A3BP	TCGA-THCA	0	0	1	1	cbio_mutation_tp53_kras
TCGA-ET-A3BQ	TCGA-THCA	0	0	1	1	cbio_mutation_tp53_kras
TCGA-ET-A3BS	TCGA-THCA	0	0	1	1	cbio_mutation_tp53_kras
TCGA-ET-A3BT	TCGA-THCA	0	0	1	1	cbio_mutation_tp53_kras
TCGA-ET-A3BU	TCGA-THCA	0	0	1	1	cbio_mutation_tp53_kras
TCGA-ET-A3BV	TCGA-THCA	0	0	1	1	cbio_mutation_tp53_kras
TCGA-ET-A3BW	TCGA-THCA	0	0	1	1	cbio_mutation_tp53_kras
TCGA-ET-A3BX	TCGA-THCA	0	0	1	1	cbio_mutation_tp53_kras
TCGA-ET-A3DO	TCGA-THCA	0	0	1	1	cbio_mutation_tp53_kras
TCGA-ET-A3DP	TCGA-THCA	0	0	1	1	cbio_mutation_tp53_kras
TCGA-ET-A3DQ	TCGA-THCA	0	0	1	1	cbio_mutation_tp53_kras
TCGA-ET-A3DR	TCGA-THCA	0	0	1	1	cbio_mutation_tp53_kras
TCGA-ET-A3DS	TCGA-THCA	0	0	1	1	cbio_mutation_tp53_kras
TCGA-ET-A3DT	TCGA-THCA	0	0	1	1	cbio_mutation_tp53_kras
TCGA-ET-A3DU	TCGA-THCA	0	0	1	1	cbio_mutation_tp53_kras
TCGA-ET-A3DV	TCGA-THCA	0	0	1	1	cbio_mutation_tp53_kras
TCGA-ET-A3DW	TCGA-THCA	0	0	1	1	cbio_mutation_tp53_kras
TCGA-ET-A40P	TCGA-THCA	0	0	1	1	cbio_mutation_tp53_kras
TCGA-ET-A40Q	TCGA-THCA	0	0	1	1	cbio_mutation_tp53_kras
TCGA-ET-A40R	TCGA-THCA	0	0	1	1	cbio_mutation_tp53_kras
TCGA-ET-A40S	TCGA-THCA	0	0	1	1	cbio_mutation_tp53_kras
TCGA-ET-A40T	TCGA-THCA	0	0	1	1	cbio_mutation_tp53_kras
TCGA-ET-A4KN	TCGA-THCA	0	0	1	1	cbio_mutation_tp53_kras
TCGA-ET-A4KQ	TCGA-THCA	0	0	1	1	cbio_mutation_tp53_kras
TCGA-EU-5904	TCGA-KIRC	0	0	1	1	cbio_mutation_tp53_kras
TCGA-EU-5905	TCGA-KIRC	0	0	1	1	cbio_mutation_tp53_kras
TCGA-EU-5906	TCGA-KIRC	0	0	1	1	cbio_mutation_tp53_kras
TCGA-EU-5907	TCGA-KIRC	0	0	1	1	cbio_mutation_tp53_kras
TCGA-EV-5901	TCGA-KIRP	0	0	1	1	cbio_mutation_tp53_kras
TCGA-EV-5902	TCGA-KIRP	0	0	1	1	cbio_mutation_tp53_kras
TCGA-EV-5903	TCGA-KIRP	0	0	1	1	cbio_mutation_tp53_kras
TCGA-EW-A1IW	TCGA-BRCA_OTHERS	0	0	1	1	cbio_mutation_tp53_kras
TCGA-EW-A1IX	TCGA-BRCA_OTHERS	0	0	1	1	cbio_mutation_tp53_kras
TCGA-EW-A1IY	TCGA-BRCA_IDC	0	0	1	1	cbio_mutation_tp53_kras
TCGA-EW-A1IZ	TCGA-BRCA_IDC	0	0	1	1	cbio_mutation_tp53_kras
TCGA-EW-A1J1	TCGA-BRCA_IDC	0	0	1	1	cbio_mutation_tp53_kras
TCGA-EW-A1J2	TCGA-BRCA_OTHERS	0	0	1	1	cbio_mutation_tp53_kras
TCGA-EW-A1J3	TCGA-BRCA_OTHERS	0	0	1	1	cbio_mutation_tp53_kras
TCGA-EW-A1J5	TCGA-BRCA_OTHERS	0	0	1	1	cbio_mutation_tp53_kras
TCGA-EW-A1J6	TCGA-BRCA_IDC	0	0	1	1	cbio_mutation_tp53_kras
TCGA-EW-A1OV	TCGA-BRCA_IDC	0	0	1	1	cbio_mutation_tp53_kras
TCGA-EW-A1OW	TCGA-BRCA_OTHERS	0	0	1	1	cbio_mutation_tp53_kras
TCGA-EW-A1OX	TCGA-BRCA_IDC	0	0	1	1	cbio_mutation_tp53_kras
TCGA-EW-A1OY	TCGA-BRCA_IDC	1	0	1	1	cbio_mutation_tp53_kras
TCGA-EW-A1OZ	TCGA-BRCA_IDC	1	0	1	1	cbio_mutation_tp53_kras
TCGA-EW-A1P0	TCGA-BRCA_IDC	0	0	1	1	cbio_mutation_tp53_kras
TCGA-EW-A1P1	TCGA-BRCA_IDC	1	0	1	1	cbio_mutation_tp53_kras
TCGA-EW-A1P3	TCGA-BRCA_IDC	0	0	1	1	cbio_mutation_tp53_kras
TCGA-EW-A1P4	TCGA-BRCA_IDC	1	0	1	1	cbio_mutation_tp53_kras
TCGA-EW-A1P5	TCGA-BRCA_IDC	0	0	1	1	cbio_mutation_tp53_kras
TCGA-EW-A1P6	TCGA-BRCA_IDC	0	0	1	1	cbio_mutation_tp53_kras
TCGA-EW-A1P7	TCGA-BRCA_IDC	0	0	1	1	cbio_mutation_tp53_kras
TCGA-EW-A1P8	TCGA-BRCA_IDC	1	0	1	1	cbio_mutation_tp53_kras
TCGA-EW-A1PA	TCGA-BRCA_IDC	1	0	1	1	cbio_mutation_tp53_kras
TCGA-EW-A1PB	TCGA-BRCA_IDC	1	0	1	1	cbio_mutation_tp53_kras
TCGA-EW-A1PC	TCGA-BRCA_IDC	0	0	1	1	cbio_mutation_tp53_kras
TCGA-EW-A1PD	TCGA-BRCA_IDC	0	0	1	1	cbio_mutation_tp53_kras
TCGA-EW-A1PE	TCGA-BRCA_OTHERS	0	0	1	1	cbio_mutation_tp53_kras
TCGA-EW-A1PF	TCGA-BRCA_IDC	0	0	1	1	cbio_mutation_tp53_kras
TCGA-EW-A1PG	TCGA-BRCA_OTHERS	0	0	1	1	cbio_mutation_tp53_kras
TCGA-EW-A1PH	TCGA-BRCA_IDC	1	0	1	1	cbio_mutation_tp53_kras
TCGA-EW-A2FR	TCGA-BRCA_IDC	1	0	1	1	cbio_mutation_tp53_kras
TCGA-EW-A2FS	TCGA-BRCA_IDC	0	0	1	1	cbio_mutation_tp53_kras
TCGA-EW-A2FV	TCGA-BRCA_OTHERS	0	0	1	1	cbio_mutation_tp53_kras
TCGA-EW-A2FW	TCGA-BRCA_IDC	0	0	1	1	cbio_mutation_tp53_kras
TCGA-EW-A3E8	TCGA-BRCA_OTHERS	0	0	1	1	cbio_mutation_tp53_kras
TCGA-EW-A3U0	TCGA-BRCA_IDC	0	0	1	1	cbio_mutation_tp53_kras
TCGA-EW-A423	TCGA-BRCA_OTHERS	0	0	1	1	cbio_mutation_tp53_kras
TCGA-EW-A424	TCGA-BRCA_OTHERS	0	0	1	1	cbio_mutation_tp53_kras
TCGA-EW-A6S9	TCGA-BRCA_IDC	1	0	1	1	cbio_mutation_tp53_kras
TCGA-EW-A6SA	TCGA-BRCA_IDC	0	0	1	1	cbio_mutation_tp53_kras
TCGA-EW-A6SB	TCGA-BRCA_IDC	1	0	1	1	cbio_mutation_tp53_kras
TCGA-EW-A6SC	TCGA-BRCA_OTHERS	0	0	1	1	cbio_mutation_tp53_kras
TCGA-EW-A6SD	TCGA-BRCA_IDC	1	0	1	1	cbio_mutation_tp53_kras
TCGA-EX-A1H5	TCGA-CESC	0	0	1	1	cbio_mutation_tp53_kras
TCGA-EX-A1H6	TCGA-CESC	0	0	1	1	cbio_mutation_tp53_kras
TCGA-EX-A3L1	TCGA-CESC	0	0	1	1	cbio_mutation_tp53_kras
TCGA-EX-A449	TCGA-CESC	Unknown	Unknown	0	0	cbio_mutation_tp53_kras
TCGA-EX-A69L	TCGA-CESC	0	0	1	1	cbio_mutation_tp53_kras
TCGA-EX-A69M	TCGA-CESC	0	0	1	1	cbio_mutation_tp53_kras
TCGA-EX-A8YF	TCGA-CESC	0	0	1	1	cbio_mutation_tp53_kras
TCGA-EY-A1G7	TCGA-UCEC	Unknown	Unknown	0	0	cbio_mutation_tp53_kras
TCGA-EY-A1G8	TCGA-UCEC	Unknown	Unknown	0	0	cbio_mutation_tp53_kras
TCGA-EY-A1GC	TCGA-UCEC	1	0	1	1	cbio_mutation_tp53_kras
TCGA-EY-A1GD	TCGA-UCEC	0	1	1	1	cbio_mutation_tp53_kras
TCGA-EY-A1GE	TCGA-UCEC	0	0	1	1	cbio_mutation_tp53_kras
TCGA-EY-A1GF	TCGA-UCEC	0	0	1	1	cbio_mutation_tp53_kras
TCGA-EY-A1GH	TCGA-UCEC	0	0	1	1	cbio_mutation_tp53_kras
TCGA-EY-A1GI	TCGA-UCEC	0	0	1	1	cbio_mutation_tp53_kras
TCGA-EY-A1GJ	TCGA-UCEC	1	0	1	1	cbio_mutation_tp53_kras
TCGA-EY-A1GK	TCGA-UCEC	0	0	1	1	cbio_mutation_tp53_kras
TCGA-EY-A1GL	TCGA-UCEC	0	0	1	1	cbio_mutation_tp53_kras
TCGA-EY-A1GM	TCGA-UCEC	1	0	1	1	cbio_mutation_tp53_kras
TCGA-EY-A1GO	TCGA-UCEC	0	1	1	1	cbio_mutation_tp53_kras
TCGA-EY-A1GP	TCGA-UCEC	0	0	1	1	cbio_mutation_tp53_kras
TCGA-EY-A1GQ	TCGA-UCEC	0	0	1	1	cbio_mutation_tp53_kras
TCGA-EY-A1GR	TCGA-UCEC	1	0	1	1	cbio_mutation_tp53_kras
TCGA-EY-A1GS	TCGA-UCEC	1	0	1	1	cbio_mutation_tp53_kras
TCGA-EY-A1GT	TCGA-UCEC	0	1	1	1	cbio_mutation_tp53_kras
TCGA-EY-A1GU	TCGA-UCEC	0	1	1	1	cbio_mutation_tp53_kras
TCGA-EY-A1GV	TCGA-UCEC	1	0	1	1	cbio_mutation_tp53_kras
TCGA-EY-A1GW	TCGA-UCEC	1	0	1	1	cbio_mutation_tp53_kras
TCGA-EY-A1GX	TCGA-UCEC	0	0	1	1	cbio_mutation_tp53_kras
TCGA-EY-A1H0	TCGA-UCEC	0	1	1	1	cbio_mutation_tp53_kras
TCGA-EY-A210	TCGA-UCEC	0	0	1	1	cbio_mutation_tp53_kras
TCGA-EY-A212	TCGA-UCEC	1	0	1	1	cbio_mutation_tp53_kras
TCGA-EY-A214	TCGA-UCEC	1	1	1	1	cbio_mutation_tp53_kras
TCGA-EY-A215	TCGA-UCEC	0	0	1	1	cbio_mutation_tp53_kras
TCGA-EY-A2OM	TCGA-UCEC	0	0	1	1	cbio_mutation_tp53_kras
TCGA-EY-A2ON	TCGA-UCEC	1	0	1	1	cbio_mutation_tp53_kras
TCGA-EY-A2OO	TCGA-UCEC	0	1	1	1	cbio_mutation_tp53_kras
TCGA-EY-A2OP	TCGA-UCEC	0	0	1	1	cbio_mutation_tp53_kras
TCGA-EY-A2OQ	TCGA-UCEC	0	0	1	1	cbio_mutation_tp53_kras
TCGA-EY-A3L3	TCGA-UCEC	1	0	1	1	cbio_mutation_tp53_kras
TCGA-EY-A3QX	TCGA-UCEC	1	0	1	1	cbio_mutation_tp53_kras
TCGA-EY-A4KR	TCGA-UCEC	1	0	1	1	cbio_mutation_tp53_kras
TCGA-EY-A547	TCGA-UCEC	1	0	1	1	cbio_mutation_tp53_kras
TCGA-EY-A548	TCGA-UCEC	0	1	1	1	cbio_mutation_tp53_kras
TCGA-EY-A549	TCGA-UCEC	0	0	1	1	cbio_mutation_tp53_kras
TCGA-EY-A54A	TCGA-UCEC	1	0	1	1	cbio_mutation_tp53_kras
TCGA-EY-A5W2	TCGA-UCEC	0	1	1	1	cbio_mutation_tp53_kras
TCGA-EY-A72D	TCGA-UCEC	0	1	1	1	cbio_mutation_tp53_kras
TCGA-EZ-7264	TCGA-LGG	0	0	1	1	cbio_mutation_tp53_kras
TCGA-F1-6177	TCGA-STAD	0	0	1	1	cbio_mutation_tp53_kras
TCGA-F1-6874	TCGA-STAD	1	0	1	1	cbio_mutation_tp53_kras
TCGA-F1-6875	TCGA-STAD	1	0	1	1	cbio_mutation_tp53_kras
TCGA-F1-A448	TCGA-STAD	0	0	1	1	cbio_mutation_tp53_kras
TCGA-F1-A72C	TCGA-STAD	1	0	1	1	cbio_mutation_tp53_kras
TCGA-F2-6879	TCGA-PAAD	1	1	1	1	cbio_mutation_tp53_kras
TCGA-F2-6880	TCGA-PAAD	0	0	1	1	cbio_mutation_tp53_kras
TCGA-F2-7273	TCGA-PAAD	0	0	1	1	cbio_mutation_tp53_kras
TCGA-F2-7276	TCGA-PAAD	Unknown	Unknown	0	0	cbio_mutation_tp53_kras
TCGA-F2-A44G	TCGA-PAAD	0	1	1	1	cbio_mutation_tp53_kras
TCGA-F2-A44H	TCGA-PAAD	0	0	1	1	cbio_mutation_tp53_kras
TCGA-F2-A7TX	TCGA-PAAD	1	1	1	1	cbio_mutation_tp53_kras
TCGA-F2-A8YN	TCGA-PAAD	1	1	1	1	cbio_mutation_tp53_kras
TCGA-F4-6459	TCGA-COAD	1	0	1	1	cbio_mutation_tp53_kras
TCGA-F4-6460	TCGA-COAD	1	0	1	1	cbio_mutation_tp53_kras
TCGA-F4-6461	TCGA-COAD	0	1	1	1	cbio_mutation_tp53_kras
TCGA-F4-6463	TCGA-COAD	0	1	1	1	cbio_mutation_tp53_kras
TCGA-F4-6569	TCGA-COAD	0	0	1	1	cbio_mutation_tp53_kras
TCGA-F4-6570	TCGA-COAD	0	0	1	1	cbio_mutation_tp53_kras
TCGA-F4-6703	TCGA-COAD	0	1	1	1	cbio_mutation_tp53_kras
TCGA-F4-6704	TCGA-COAD	0	0	1	1	cbio_mutation_tp53_kras
TCGA-F4-6805	TCGA-COAD	1	1	1	1	cbio_mutation_tp53_kras
TCGA-F4-6806	TCGA-COAD	0	1	1	1	cbio_mutation_tp53_kras
TCGA-F4-6807	TCGA-COAD	1	1	1	1	cbio_mutation_tp53_kras
TCGA-F4-6808	TCGA-COAD	1	0	1	1	cbio_mutation_tp53_kras
TCGA-F4-6809	TCGA-COAD	1	0	1	1	cbio_mutation_tp53_kras
TCGA-F4-6854	TCGA-COAD	1	1	1	1	cbio_mutation_tp53_kras
TCGA-F4-6855	TCGA-COAD	0	1	1	1	cbio_mutation_tp53_kras
TCGA-F4-6856	TCGA-COAD	1	1	1	1	cbio_mutation_tp53_kras
TCGA-F5-6464	TCGA-READ	1	0	1	1	cbio_mutation_tp53_kras
TCGA-F5-6465	TCGA-READ	1	0	1	1	cbio_mutation_tp53_kras
TCGA-F5-6571	TCGA-READ	1	1	1	1	cbio_mutation_tp53_kras
TCGA-F5-6702	TCGA-READ	1	1	1	1	cbio_mutation_tp53_kras
TCGA-F5-6810	TCGA-READ	1	0	1	1	cbio_mutation_tp53_kras
TCGA-F5-6811	TCGA-READ	1	0	1	1	cbio_mutation_tp53_kras
TCGA-F5-6812	TCGA-READ	1	1	1	1	cbio_mutation_tp53_kras
TCGA-F5-6813	TCGA-READ	1	0	1	1	cbio_mutation_tp53_kras
TCGA-F5-6814	TCGA-READ	1	0	1	1	cbio_mutation_tp53_kras
TCGA-F5-6861	TCGA-READ	0	1	1	1	cbio_mutation_tp53_kras
TCGA-F5-6863	TCGA-READ	1	0	1	1	cbio_mutation_tp53_kras
TCGA-F5-6864	TCGA-READ	1	0	1	1	cbio_mutation_tp53_kras
TCGA-F6-A8O3	TCGA-LGG	0	0	1	1	cbio_mutation_tp53_kras
TCGA-F6-A8O4	TCGA-LGG	1	0	1	1	cbio_mutation_tp53_kras
TCGA-F7-7848	TCGA-HNSC	1	0	1	1	cbio_mutation_tp53_kras
TCGA-F7-8298	TCGA-HNSC	1	0	1	1	cbio_mutation_tp53_kras
TCGA-F7-8489	TCGA-HNSC	1	0	1	1	cbio_mutation_tp53_kras
TCGA-F7-A50G	TCGA-HNSC	1	0	1	1	cbio_mutation_tp53_kras
TCGA-F7-A50I	TCGA-HNSC	1	0	1	1	cbio_mutation_tp53_kras
TCGA-F7-A50J	TCGA-HNSC	0	0	1	1	cbio_mutation_tp53_kras
TCGA-F7-A61S	TCGA-HNSC	1	0	1	1	cbio_mutation_tp53_kras
TCGA-F7-A61V	TCGA-HNSC	1	0	1	1	cbio_mutation_tp53_kras
TCGA-F7-A61W	TCGA-HNSC	1	0	1	1	cbio_mutation_tp53_kras
TCGA-F7-A620	TCGA-HNSC	1	0	1	1	cbio_mutation_tp53_kras
TCGA-F7-A622	TCGA-HNSC	0	0	1	1	cbio_mutation_tp53_kras
TCGA-F7-A623	TCGA-HNSC	1	0	1	1	cbio_mutation_tp53_kras
TCGA-F7-A624	TCGA-HNSC	1	0	1	1	cbio_mutation_tp53_kras
TCGA-F9-A4JJ	TCGA-KIRP	0	0	1	1	cbio_mutation_tp53_kras
TCGA-F9-A7Q0	TCGA-KIRP	0	0	1	1	cbio_mutation_tp53_kras
TCGA-F9-A7VF	TCGA-KIRP	0	0	1	1	cbio_mutation_tp53_kras
TCGA-F9-A8NY	TCGA-KIRP	0	0	1	1	cbio_mutation_tp53_kras
TCGA-F9-A97G	TCGA-KIRP	0	0	1	1	cbio_mutation_tp53_kras
TCGA-FA-8693	TCGA-DLBC	0	0	1	1	cbio_mutation_tp53_kras
TCGA-FA-A4BB	TCGA-DLBC	0	0	1	1	cbio_mutation_tp53_kras
TCGA-FA-A4XK	TCGA-DLBC	0	0	1	1	cbio_mutation_tp53_kras
TCGA-FA-A6HN	TCGA-DLBC	0	0	1	1	cbio_mutation_tp53_kras
TCGA-FA-A6HO	TCGA-DLBC	0	0	1	1	cbio_mutation_tp53_kras
TCGA-FA-A7DS	TCGA-DLBC	0	0	1	1	cbio_mutation_tp53_kras
TCGA-FA-A7Q1	TCGA-DLBC	0	1	1	1	cbio_mutation_tp53_kras
TCGA-FA-A82F	TCGA-DLBC	1	0	1	1	cbio_mutation_tp53_kras
TCGA-FA-A86F	TCGA-DLBC	0	0	1	1	cbio_mutation_tp53_kras
TCGA-FB-A4P5	TCGA-PAAD	0	0	1	1	cbio_mutation_tp53_kras
TCGA-FB-A4P6	TCGA-PAAD	0	0	1	1	cbio_mutation_tp53_kras
TCGA-FB-A545	TCGA-PAAD	1	1	1	1	cbio_mutation_tp53_kras
TCGA-FB-A5VM	TCGA-PAAD	1	1	1	1	cbio_mutation_tp53_kras
TCGA-FB-A78T	TCGA-PAAD	1	1	1	1	cbio_mutation_tp53_kras
TCGA-FB-A7DR	TCGA-PAAD	0	1	1	1	cbio_mutation_tp53_kras
TCGA-FB-AAPP	TCGA-PAAD	0	0	1	1	cbio_mutation_tp53_kras
TCGA-FB-AAPQ	TCGA-PAAD	1	1	1	1	cbio_mutation_tp53_kras
TCGA-FB-AAPS	TCGA-PAAD	1	0	1	1	cbio_mutation_tp53_kras
TCGA-FB-AAPU	TCGA-PAAD	0	1	1	1	cbio_mutation_tp53_kras
TCGA-FB-AAPY	TCGA-PAAD	1	1	1	1	cbio_mutation_tp53_kras
TCGA-FB-AAPZ	TCGA-PAAD	1	1	1	1	cbio_mutation_tp53_kras
TCGA-FB-AAQ0	TCGA-PAAD	1	1	1	1	cbio_mutation_tp53_kras
TCGA-FB-AAQ1	TCGA-PAAD	1	1	1	1	cbio_mutation_tp53_kras
TCGA-FB-AAQ2	TCGA-PAAD	1	1	1	1	cbio_mutation_tp53_kras
TCGA-FB-AAQ3	TCGA-PAAD	1	1	1	1	cbio_mutation_tp53_kras
TCGA-FB-AAQ6	TCGA-PAAD	1	1	1	1	cbio_mutation_tp53_kras
TCGA-FC-7708	TCGA-PRAD	0	0	1	1	cbio_mutation_tp53_kras
TCGA-FC-7961	TCGA-PRAD	0	0	1	1	cbio_mutation_tp53_kras
TCGA-FC-A4JI	TCGA-PRAD	0	0	1	1	cbio_mutation_tp53_kras
TCGA-FC-A5OB	TCGA-PRAD	0	0	1	1	cbio_mutation_tp53_kras
TCGA-FC-A66V	TCGA-PRAD	0	0	1	1	cbio_mutation_tp53_kras
TCGA-FC-A6HD	TCGA-PRAD	0	0	1	1	cbio_mutation_tp53_kras
TCGA-FC-A8O0	TCGA-PRAD	0	0	1	1	cbio_mutation_tp53_kras
TCGA-FD-A3B3	TCGA-BLCA	1	0	1	1	cbio_mutation_tp53_kras
TCGA-FD-A3B4	TCGA-BLCA	0	0	1	1	cbio_mutation_tp53_kras
TCGA-FD-A3B5	TCGA-BLCA	0	0	1	1	cbio_mutation_tp53_kras
TCGA-FD-A3B6	TCGA-BLCA	1	0	1	1	cbio_mutation_tp53_kras
TCGA-FD-A3B7	TCGA-BLCA	1	0	1	1	cbio_mutation_tp53_kras
TCGA-FD-A3B8	TCGA-BLCA	1	0	1	1	cbio_mutation_tp53_kras
TCGA-FD-A3N5	TCGA-BLCA	1	0	1	1	cbio_mutation_tp53_kras
TCGA-FD-A3N6	TCGA-BLCA	0	0	1	1	cbio_mutation_tp53_kras
TCGA-FD-A3NA	TCGA-BLCA	1	0	1	1	cbio_mutation_tp53_kras
TCGA-FD-A3SJ	TCGA-BLCA	1	0	1	1	cbio_mutation_tp53_kras
TCGA-FD-A3SL	TCGA-BLCA	1	0	1	1	cbio_mutation_tp53_kras
TCGA-FD-A3SM	TCGA-BLCA	0	0	1	1	cbio_mutation_tp53_kras
TCGA-FD-A3SN	TCGA-BLCA	0	0	1	1	cbio_mutation_tp53_kras
TCGA-FD-A3SO	TCGA-BLCA	1	0	1	1	cbio_mutation_tp53_kras
TCGA-FD-A3SP	TCGA-BLCA	1	0	1	1	cbio_mutation_tp53_kras
TCGA-FD-A3SQ	TCGA-BLCA	0	0	1	1	cbio_mutation_tp53_kras
TCGA-FD-A3SR	TCGA-BLCA	1	0	1	1	cbio_mutation_tp53_kras
TCGA-FD-A3SS	TCGA-BLCA	1	0	1	1	cbio_mutation_tp53_kras
TCGA-FD-A43N	TCGA-BLCA	1	0	1	1	cbio_mutation_tp53_kras
TCGA-FD-A43P	TCGA-BLCA	1	0	1	1	cbio_mutation_tp53_kras
TCGA-FD-A43S	TCGA-BLCA	Unknown	Unknown	0	0	cbio_mutation_tp53_kras
TCGA-FD-A43U	TCGA-BLCA	0	0	1	1	cbio_mutation_tp53_kras
TCGA-FD-A43X	TCGA-BLCA	0	0	1	1	cbio_mutation_tp53_kras
TCGA-FD-A43Y	TCGA-BLCA	0	0	1	1	cbio_mutation_tp53_kras
TCGA-FD-A5BR	TCGA-BLCA	1	0	1	1	cbio_mutation_tp53_kras
TCGA-FD-A5BS	TCGA-BLCA	0	0	1	1	cbio_mutation_tp53_kras
TCGA-FD-A5BT	TCGA-BLCA	0	0	1	1	cbio_mutation_tp53_kras
TCGA-FD-A5BU	TCGA-BLCA	0	0	1	1	cbio_mutation_tp53_kras
TCGA-FD-A5BV	TCGA-BLCA	1	0	1	1	cbio_mutation_tp53_kras
TCGA-FD-A5BX	TCGA-BLCA	0	1	1	1	cbio_mutation_tp53_kras
TCGA-FD-A5BY	TCGA-BLCA	0	0	1	1	cbio_mutation_tp53_kras
TCGA-FD-A5BZ	TCGA-BLCA	0	0	1	1	cbio_mutation_tp53_kras
TCGA-FD-A5C0	TCGA-BLCA	0	0	1	1	cbio_mutation_tp53_kras
TCGA-FD-A5C1	TCGA-BLCA	0	0	1	1	cbio_mutation_tp53_kras
TCGA-FD-A62N	TCGA-BLCA	1	0	1	1	cbio_mutation_tp53_kras
TCGA-FD-A62O	TCGA-BLCA	0	0	1	1	cbio_mutation_tp53_kras
TCGA-FD-A62P	TCGA-BLCA	0	0	1	1	cbio_mutation_tp53_kras
TCGA-FD-A62S	TCGA-BLCA	1	0	1	1	cbio_mutation_tp53_kras
TCGA-FD-A6TA	TCGA-BLCA	0	0	1	1	cbio_mutation_tp53_kras
TCGA-FD-A6TB	TCGA-BLCA	0	0	1	1	cbio_mutation_tp53_kras
TCGA-FD-A6TC	TCGA-BLCA	1	0	1	1	cbio_mutation_tp53_kras
TCGA-FD-A6TD	TCGA-BLCA	1	0	1	1	cbio_mutation_tp53_kras
TCGA-FD-A6TE	TCGA-BLCA	1	0	1	1	cbio_mutation_tp53_kras
TCGA-FD-A6TF	TCGA-BLCA	1	0	1	1	cbio_mutation_tp53_kras
TCGA-FD-A6TG	TCGA-BLCA	0	0	1	1	cbio_mutation_tp53_kras
TCGA-FD-A6TH	TCGA-BLCA	0	0	1	1	cbio_mutation_tp53_kras
TCGA-FD-A6TI	TCGA-BLCA	0	0	1	1	cbio_mutation_tp53_kras
TCGA-FD-A6TK	TCGA-BLCA	0	0	1	1	cbio_mutation_tp53_kras
TCGA-FE-A22Z	TCGA-THCA	0	0	1	1	cbio_mutation_tp53_kras
TCGA-FE-A230	TCGA-THCA	0	0	1	1	cbio_mutation_tp53_kras
TCGA-FE-A231	TCGA-THCA	0	0	1	1	cbio_mutation_tp53_kras
TCGA-FE-A232	TCGA-THCA	0	0	1	1	cbio_mutation_tp53_kras
TCGA-FE-A233	TCGA-THCA	0	0	1	1	cbio_mutation_tp53_kras
TCGA-FE-A234	TCGA-THCA	0	0	1	1	cbio_mutation_tp53_kras
TCGA-FE-A235	TCGA-THCA	0	0	1	1	cbio_mutation_tp53_kras
TCGA-FE-A236	TCGA-THCA	0	0	1	1	cbio_mutation_tp53_kras
TCGA-FE-A237	TCGA-THCA	0	0	1	1	cbio_mutation_tp53_kras
TCGA-FE-A238	TCGA-THCA	Unknown	Unknown	0	0	cbio_mutation_tp53_kras
TCGA-FE-A239	TCGA-THCA	0	0	1	1	cbio_mutation_tp53_kras
TCGA-FE-A23A	TCGA-THCA	0	0	1	1	cbio_mutation_tp53_kras
TCGA-FE-A3PA	TCGA-THCA	0	0	1	1	cbio_mutation_tp53_kras
TCGA-FE-A3PB	TCGA-THCA	0	0	1	1	cbio_mutation_tp53_kras
TCGA-FE-A3PC	TCGA-THCA	0	0	1	1	cbio_mutation_tp53_kras
TCGA-FE-A3PD	TCGA-THCA	0	0	1	1	cbio_mutation_tp53_kras
TCGA-FF-8041	TCGA-DLBC	0	0	1	1	cbio_mutation_tp53_kras
TCGA-FF-8042	TCGA-DLBC	0	0	1	1	cbio_mutation_tp53_kras
TCGA-FF-8043	TCGA-DLBC	1	0	1	1	cbio_mutation_tp53_kras
TCGA-FF-8046	TCGA-DLBC	0	0	1	1	cbio_mutation_tp53_kras
TCGA-FF-8047	TCGA-DLBC	0	0	1	1	cbio_mutation_tp53_kras
TCGA-FF-8061	TCGA-DLBC	0	0	1	1	cbio_mutation_tp53_kras
TCGA-FF-8062	TCGA-DLBC	Unknown	Unknown	0	0	cbio_mutation_tp53_kras
TCGA-FG-5962	TCGA-LGG	0	0	1	1	cbio_mutation_tp53_kras
TCGA-FG-5963	TCGA-LGG	1	0	1	1	cbio_mutation_tp53_kras
TCGA-FG-5964	TCGA-LGG	0	0	1	1	cbio_mutation_tp53_kras
TCGA-FG-5965	TCGA-LGG	1	0	1	1	cbio_mutation_tp53_kras
TCGA-FG-6688	TCGA-LGG	0	0	1	1	cbio_mutation_tp53_kras
TCGA-FG-6689	TCGA-LGG	1	0	1	1	cbio_mutation_tp53_kras
TCGA-FG-6690	TCGA-LGG	1	0	1	1	cbio_mutation_tp53_kras
TCGA-FG-6691	TCGA-LGG	1	0	1	1	cbio_mutation_tp53_kras
TCGA-FG-6692	TCGA-LGG	0	0	1	1	cbio_mutation_tp53_kras
TCGA-FG-7634	TCGA-LGG	0	0	1	1	cbio_mutation_tp53_kras
TCGA-FG-7636	TCGA-LGG	1	0	1	1	cbio_mutation_tp53_kras
TCGA-FG-7637	TCGA-LGG	0	0	1	1	cbio_mutation_tp53_kras
TCGA-FG-7638	TCGA-LGG	0	0	1	1	cbio_mutation_tp53_kras
TCGA-FG-7641	TCGA-LGG	0	0	1	1	cbio_mutation_tp53_kras
TCGA-FG-7643	TCGA-LGG	0	0	1	1	cbio_mutation_tp53_kras
TCGA-FG-8181	TCGA-LGG	0	0	1	1	cbio_mutation_tp53_kras
TCGA-FG-8182	TCGA-LGG	1	0	1	1	cbio_mutation_tp53_kras
TCGA-FG-8185	TCGA-LGG	1	0	1	1	cbio_mutation_tp53_kras
TCGA-FG-8186	TCGA-LGG	0	0	1	1	cbio_mutation_tp53_kras
TCGA-FG-8187	TCGA-LGG	0	0	1	1	cbio_mutation_tp53_kras
TCGA-FG-8188	TCGA-LGG	1	0	1	1	cbio_mutation_tp53_kras
TCGA-FG-8189	TCGA-LGG	0	0	1	1	cbio_mutation_tp53_kras
TCGA-FG-8191	TCGA-LGG	1	0	1	1	cbio_mutation_tp53_kras
TCGA-FG-A4MT	TCGA-LGG	Unknown	Unknown	0	0	cbio_mutation_tp53_kras
TCGA-FG-A4MU	TCGA-LGG	0	0	1	1	cbio_mutation_tp53_kras
TCGA-FG-A4MW	TCGA-LGG	0	0	1	1	cbio_mutation_tp53_kras
TCGA-FG-A4MX	TCGA-LGG	1	0	1	1	cbio_mutation_tp53_kras
TCGA-FG-A4MY	TCGA-LGG	1	0	1	1	cbio_mutation_tp53_kras
TCGA-FG-A60J	TCGA-LGG	1	0	1	1	cbio_mutation_tp53_kras
TCGA-FG-A60K	TCGA-LGG	0	0	1	1	cbio_mutation_tp53_kras
TCGA-FG-A60L	TCGA-LGG	1	0	1	1	cbio_mutation_tp53_kras
TCGA-FG-A6IZ	TCGA-LGG	0	0	1	1	cbio_mutation_tp53_kras
TCGA-FG-A6J1	TCGA-LGG	0	0	1	1	cbio_mutation_tp53_kras
TCGA-FG-A6J3	TCGA-LGG	1	0	1	1	cbio_mutation_tp53_kras
TCGA-FG-A70Y	TCGA-LGG	1	0	1	1	cbio_mutation_tp53_kras
TCGA-FG-A70Z	TCGA-LGG	0	0	1	1	cbio_mutation_tp53_kras
TCGA-FG-A710	TCGA-LGG	0	0	1	1	cbio_mutation_tp53_kras
TCGA-FG-A711	TCGA-LGG	1	0	1	1	cbio_mutation_tp53_kras
TCGA-FG-A713	TCGA-LGG	0	0	1	1	cbio_mutation_tp53_kras
TCGA-FG-A87N	TCGA-LGG	0	0	1	1	cbio_mutation_tp53_kras
TCGA-FG-A87Q	TCGA-LGG	0	0	1	1	cbio_mutation_tp53_kras
TCGA-FI-A2CX	TCGA-UCEC	1	0	1	1	cbio_mutation_tp53_kras
TCGA-FI-A2CY	TCGA-UCEC	1	0	1	1	cbio_mutation_tp53_kras
TCGA-FI-A2D0	TCGA-UCEC	1	0	1	1	cbio_mutation_tp53_kras
TCGA-FI-A2D2	TCGA-UCEC	1	0	1	1	cbio_mutation_tp53_kras
TCGA-FI-A2D4	TCGA-UCEC	0	0	1	1	cbio_mutation_tp53_kras
TCGA-FI-A2D5	TCGA-UCEC	0	0	1	1	cbio_mutation_tp53_kras
TCGA-FI-A2D6	TCGA-UCEC	0	1	1	1	cbio_mutation_tp53_kras
TCGA-FI-A2EU	TCGA-UCEC	1	0	1	1	cbio_mutation_tp53_kras
TCGA-FI-A2EW	TCGA-UCEC	1	0	1	1	cbio_mutation_tp53_kras
TCGA-FI-A2EX	TCGA-UCEC	1	0	1	1	cbio_mutation_tp53_kras
TCGA-FI-A2EY	TCGA-UCEC	1	0	1	1	cbio_mutation_tp53_kras
TCGA-FI-A2F4	TCGA-UCEC	0	0	1	1	cbio_mutation_tp53_kras
TCGA-FI-A2F8	TCGA-UCEC	1	0	1	1	cbio_mutation_tp53_kras
TCGA-FI-A2F9	TCGA-UCEC	0	0	1	1	cbio_mutation_tp53_kras
TCGA-FI-A3PV	TCGA-UCEC	1	0	1	1	cbio_mutation_tp53_kras
TCGA-FI-A3PX	TCGA-UCEC	1	0	1	1	cbio_mutation_tp53_kras
TCGA-FJ-A3Z7	TCGA-BLCA	1	0	1	1	cbio_mutation_tp53_kras
TCGA-FJ-A3Z9	TCGA-BLCA	0	1	1	1	cbio_mutation_tp53_kras
TCGA-FJ-A3ZE	TCGA-BLCA	1	0	1	1	cbio_mutation_tp53_kras
TCGA-FJ-A3ZF	TCGA-BLCA	1	0	1	1	cbio_mutation_tp53_kras
TCGA-FJ-A871	TCGA-BLCA	0	1	1	1	cbio_mutation_tp53_kras
TCGA-FK-A3S3	TCGA-THCA	0	0	1	1	cbio_mutation_tp53_kras
TCGA-FK-A3SB	TCGA-THCA	0	0	1	1	cbio_mutation_tp53_kras
TCGA-FK-A3SD	TCGA-THCA	0	0	1	1	cbio_mutation_tp53_kras
TCGA-FK-A3SE	TCGA-THCA	0	0	1	1	cbio_mutation_tp53_kras
TCGA-FK-A3SG	TCGA-THCA	0	0	1	1	cbio_mutation_tp53_kras
TCGA-FK-A3SH	TCGA-THCA	0	0	1	1	cbio_mutation_tp53_kras
TCGA-FK-A4UB	TCGA-THCA	0	0	1	1	cbio_mutation_tp53_kras
TCGA-FM-8000	TCGA-DLBC	Unknown	Unknown	0	0	cbio_mutation_tp53_kras
TCGA-FN-7833	TCGA-LGG	1	0	1	1	cbio_mutation_tp53_kras
TCGA-FP-7735	TCGA-STAD	1	0	1	1	cbio_mutation_tp53_kras
TCGA-FP-7829	TCGA-STAD	1	0	1	1	cbio_mutation_tp53_kras
TCGA-FP-7916	TCGA-STAD	0	0	1	1	cbio_mutation_tp53_kras
TCGA-FP-7998	TCGA-STAD	0	0	1	1	cbio_mutation_tp53_kras
TCGA-FP-8099	TCGA-STAD	1	0	1	1	cbio_mutation_tp53_kras
TCGA-FP-8209	TCGA-STAD	0	0	1	1	cbio_mutation_tp53_kras
TCGA-FP-8210	TCGA-STAD	0	0	1	1	cbio_mutation_tp53_kras
TCGA-FP-8211	TCGA-STAD	0	0	1	1	cbio_mutation_tp53_kras
TCGA-FP-8631	TCGA-STAD	1	0	1	1	cbio_mutation_tp53_kras
TCGA-FP-A4BE	TCGA-STAD	1	0	1	1	cbio_mutation_tp53_kras
TCGA-FP-A4BF	TCGA-STAD	1	0	1	1	cbio_mutation_tp53_kras
TCGA-FP-A8CX	TCGA-STAD	0	0	1	1	cbio_mutation_tp53_kras
TCGA-FP-A9TM	TCGA-STAD	1	0	1	1	cbio_mutation_tp53_kras
TCGA-FR-A2OS	TCGA-SKCM	0	0	1	1	cbio_mutation_tp53_kras
TCGA-FR-A3R1	TCGA-SKCM	0	0	1	1	cbio_mutation_tp53_kras
TCGA-FR-A3YN	TCGA-SKCM	Unknown	Unknown	0	0	cbio_mutation_tp53_kras
TCGA-FR-A3YO	TCGA-SKCM	Unknown	Unknown	0	0	cbio_mutation_tp53_kras
TCGA-FR-A44A	TCGA-SKCM	Unknown	Unknown	0	0	cbio_mutation_tp53_kras
TCGA-FR-A69P	TCGA-SKCM	0	0	1	1	cbio_mutation_tp53_kras
TCGA-FR-A726	TCGA-SKCM	0	0	1	1	cbio_mutation_tp53_kras
TCGA-FR-A728	TCGA-SKCM	0	0	1	1	cbio_mutation_tp53_kras
TCGA-FR-A729	TCGA-SKCM	Unknown	Unknown	0	0	cbio_mutation_tp53_kras
TCGA-FR-A7U8	TCGA-SKCM	Unknown	Unknown	0	0	cbio_mutation_tp53_kras
TCGA-FR-A7U9	TCGA-SKCM	Unknown	Unknown	0	0	cbio_mutation_tp53_kras
TCGA-FR-A7UA	TCGA-SKCM	Unknown	Unknown	0	0	cbio_mutation_tp53_kras
TCGA-FR-A8YC	TCGA-SKCM	0	0	1	1	cbio_mutation_tp53_kras
TCGA-FR-A8YD	TCGA-SKCM	0	0	1	1	cbio_mutation_tp53_kras
TCGA-FR-A8YE	TCGA-SKCM	0	0	1	1	cbio_mutation_tp53_kras
TCGA-FS-A1Z7	TCGA-SKCM	0	0	1	1	cbio_mutation_tp53_kras
TCGA-FS-A1ZA	TCGA-SKCM	0	0	1	1	cbio_mutation_tp53_kras
TCGA-FS-A1ZC	TCGA-SKCM	0	0	1	1	cbio_mutation_tp53_kras
TCGA-FS-A1ZD	TCGA-SKCM	0	0	1	1	cbio_mutation_tp53_kras
TCGA-FS-A1ZE	TCGA-SKCM	0	0	1	1	cbio_mutation_tp53_kras
TCGA-FS-A1ZM	TCGA-SKCM	0	0	1	1	cbio_mutation_tp53_kras
TCGA-FS-A1ZN	TCGA-SKCM	0	0	1	1	cbio_mutation_tp53_kras
TCGA-FS-A1ZP	TCGA-SKCM	0	0	1	1	cbio_mutation_tp53_kras
TCGA-FS-A1ZU	TCGA-SKCM	0	0	1	1	cbio_mutation_tp53_kras
TCGA-FS-A1ZW	TCGA-SKCM	1	0	1	1	cbio_mutation_tp53_kras
TCGA-FT-A3EE	TCGA-BLCA	0	0	1	1	cbio_mutation_tp53_kras
TCGA-FT-A61P	TCGA-BLCA	0	0	1	1	cbio_mutation_tp53_kras
TCGA-FU-A23K	TCGA-CESC	0	0	1	1	cbio_mutation_tp53_kras
TCGA-FU-A23L	TCGA-CESC	0	0	1	1	cbio_mutation_tp53_kras
TCGA-FU-A2QG	TCGA-CESC	0	0	1	1	cbio_mutation_tp53_kras
TCGA-FU-A3EO	TCGA-CESC	0	1	1	1	cbio_mutation_tp53_kras
TCGA-FU-A3HY	TCGA-CESC	0	0	1	1	cbio_mutation_tp53_kras
TCGA-FU-A3HZ	TCGA-CESC	0	0	1	1	cbio_mutation_tp53_kras
TCGA-FU-A3NI	TCGA-CESC	0	0	1	1	cbio_mutation_tp53_kras
TCGA-FU-A3TQ	TCGA-CESC	0	0	1	1	cbio_mutation_tp53_kras
TCGA-FU-A3TX	TCGA-CESC	0	0	1	1	cbio_mutation_tp53_kras
TCGA-FU-A3WB	TCGA-CESC	0	1	1	1	cbio_mutation_tp53_kras
TCGA-FU-A3YQ	TCGA-CESC	0	0	1	1	cbio_mutation_tp53_kras
TCGA-FU-A40J	TCGA-CESC	0	0	1	1	cbio_mutation_tp53_kras
TCGA-FU-A57G	TCGA-CESC	Unknown	Unknown	0	0	cbio_mutation_tp53_kras
TCGA-FU-A5XV	TCGA-CESC	0	0	1	1	cbio_mutation_tp53_kras
TCGA-FU-A770	TCGA-CESC	0	0	1	1	cbio_mutation_tp53_kras
TCGA-FV-A23B	TCGA-LIHC	0	0	1	1	cbio_mutation_tp53_kras
TCGA-FV-A2QQ	TCGA-LIHC	0	0	1	1	cbio_mutation_tp53_kras
TCGA-FV-A2QR	TCGA-LIHC	0	0	1	1	cbio_mutation_tp53_kras
TCGA-FV-A3I0	TCGA-LIHC	0	0	1	1	cbio_mutation_tp53_kras
TCGA-FV-A3I1	TCGA-LIHC	1	0	1	1	cbio_mutation_tp53_kras
TCGA-FV-A3R2	TCGA-LIHC	1	0	1	1	cbio_mutation_tp53_kras
TCGA-FV-A3R3	TCGA-LIHC	0	0	1	1	cbio_mutation_tp53_kras
TCGA-FV-A495	TCGA-LIHC	0	0	1	1	cbio_mutation_tp53_kras
TCGA-FV-A496	TCGA-LIHC	1	0	1	1	cbio_mutation_tp53_kras
TCGA-FV-A4ZP	TCGA-LIHC	1	0	1	1	cbio_mutation_tp53_kras
TCGA-FV-A4ZQ	TCGA-LIHC	1	0	1	1	cbio_mutation_tp53_kras
TCGA-FW-A3I3	TCGA-SKCM	0	0	1	1	cbio_mutation_tp53_kras
TCGA-FW-A3R5	TCGA-SKCM	Unknown	Unknown	0	0	cbio_mutation_tp53_kras
TCGA-FW-A3TU	TCGA-SKCM	Unknown	Unknown	0	0	cbio_mutation_tp53_kras
TCGA-FW-A3TV	TCGA-SKCM	Unknown	Unknown	0	0	cbio_mutation_tp53_kras
TCGA-FW-A5DX	TCGA-SKCM	0	0	1	1	cbio_mutation_tp53_kras
TCGA-FW-A5DY	TCGA-SKCM	Unknown	Unknown	0	0	cbio_mutation_tp53_kras
TCGA-FX-A2QS	TCGA-SARC	0	0	1	1	cbio_mutation_tp53_kras
TCGA-FX-A3NJ	TCGA-SARC	0	0	1	1	cbio_mutation_tp53_kras
TCGA-FX-A3NK	TCGA-SARC	0	0	1	1	cbio_mutation_tp53_kras
TCGA-FX-A3RE	TCGA-SARC	0	0	1	1	cbio_mutation_tp53_kras
TCGA-FX-A3TO	TCGA-SARC	1	0	1	1	cbio_mutation_tp53_kras
TCGA-FX-A48G	TCGA-SARC	0	0	1	1	cbio_mutation_tp53_kras
TCGA-FX-A76Y	TCGA-SARC	0	0	1	1	cbio_mutation_tp53_kras
TCGA-FX-A8OO	TCGA-SARC	0	0	1	1	cbio_mutation_tp53_kras
TCGA-FY-A2QD	TCGA-THCA	0	0	1	1	cbio_mutation_tp53_kras
TCGA-FY-A3BL	TCGA-THCA	0	0	1	1	cbio_mutation_tp53_kras
TCGA-FY-A3I4	TCGA-THCA	0	0	1	1	cbio_mutation_tp53_kras
TCGA-FY-A3I5	TCGA-THCA	0	0	1	1	cbio_mutation_tp53_kras
TCGA-FY-A3NM	TCGA-THCA	0	0	1	1	cbio_mutation_tp53_kras
TCGA-FY-A3NN	TCGA-THCA	0	0	1	1	cbio_mutation_tp53_kras
TCGA-FY-A3NP	TCGA-THCA	0	0	1	1	cbio_mutation_tp53_kras
TCGA-FY-A3ON	TCGA-THCA	0	0	1	1	cbio_mutation_tp53_kras
TCGA-FY-A3R6	TCGA-THCA	0	0	1	1	cbio_mutation_tp53_kras
TCGA-FY-A3R7	TCGA-THCA	0	0	1	1	cbio_mutation_tp53_kras
TCGA-FY-A3R8	TCGA-THCA	0	0	1	1	cbio_mutation_tp53_kras
TCGA-FY-A3R9	TCGA-THCA	0	0	1	1	cbio_mutation_tp53_kras
TCGA-FY-A3RA	TCGA-THCA	0	0	1	1	cbio_mutation_tp53_kras
TCGA-FY-A3TY	TCGA-THCA	0	0	1	1	cbio_mutation_tp53_kras
TCGA-FY-A3W9	TCGA-THCA	0	0	1	1	cbio_mutation_tp53_kras
TCGA-FY-A3WA	TCGA-THCA	0	0	1	1	cbio_mutation_tp53_kras
TCGA-FY-A3YR	TCGA-THCA	0	0	1	1	cbio_mutation_tp53_kras
TCGA-FY-A40K	TCGA-THCA	0	0	1	1	cbio_mutation_tp53_kras
TCGA-FY-A40L	TCGA-THCA	0	0	1	1	cbio_mutation_tp53_kras
TCGA-FY-A40M	TCGA-THCA	0	0	1	1	cbio_mutation_tp53_kras
TCGA-FY-A40N	TCGA-THCA	0	0	1	1	cbio_mutation_tp53_kras
TCGA-FY-A4B0	TCGA-THCA	0	0	1	1	cbio_mutation_tp53_kras
TCGA-FY-A4B3	TCGA-THCA	0	0	1	1	cbio_mutation_tp53_kras
TCGA-FY-A4B4	TCGA-THCA	0	0	1	1	cbio_mutation_tp53_kras
TCGA-FY-A76V	TCGA-THCA	0	0	1	1	cbio_mutation_tp53_kras
TCGA-FZ-5919	TCGA-PAAD	1	1	1	1	cbio_mutation_tp53_kras
TCGA-FZ-5920	TCGA-PAAD	1	1	1	1	cbio_mutation_tp53_kras
TCGA-FZ-5921	TCGA-PAAD	1	1	1	1	cbio_mutation_tp53_kras
TCGA-FZ-5922	TCGA-PAAD	0	1	1	1	cbio_mutation_tp53_kras
TCGA-FZ-5923	TCGA-PAAD	0	1	1	1	cbio_mutation_tp53_kras
TCGA-FZ-5924	TCGA-PAAD	1	1	1	1	cbio_mutation_tp53_kras
TCGA-FZ-5926	TCGA-PAAD	1	1	1	1	cbio_mutation_tp53_kras
TCGA-G2-A2EC	TCGA-BLCA	0	0	1	1	cbio_mutation_tp53_kras
TCGA-G2-A2EF	TCGA-BLCA	1	0	1	1	cbio_mutation_tp53_kras
TCGA-G2-A2EJ	TCGA-BLCA	1	0	1	1	cbio_mutation_tp53_kras
TCGA-G2-A2EK	TCGA-BLCA	0	0	1	1	cbio_mutation_tp53_kras
TCGA-G2-A2EL	TCGA-BLCA	1	0	1	1	cbio_mutation_tp53_kras
TCGA-G2-A2EO	TCGA-BLCA	1	0	1	1	cbio_mutation_tp53_kras
TCGA-G2-A2ES	TCGA-BLCA	1	0	1	1	cbio_mutation_tp53_kras
TCGA-G2-A3IB	TCGA-BLCA	1	0	1	1	cbio_mutation_tp53_kras
TCGA-G2-A3IE	TCGA-BLCA	1	0	1	1	cbio_mutation_tp53_kras
TCGA-G2-A3VY	TCGA-BLCA	1	0	1	1	cbio_mutation_tp53_kras
TCGA-G2-AA3B	TCGA-BLCA	1	0	1	1	cbio_mutation_tp53_kras
TCGA-G2-AA3C	TCGA-BLCA	0	1	1	1	cbio_mutation_tp53_kras
TCGA-G2-AA3D	TCGA-BLCA	1	0	1	1	cbio_mutation_tp53_kras
TCGA-G2-AA3F	TCGA-BLCA	1	0	1	1	cbio_mutation_tp53_kras
TCGA-G3-A25S	TCGA-LIHC	0	0	1	1	cbio_mutation_tp53_kras
TCGA-G3-A25T	TCGA-LIHC	0	0	1	1	cbio_mutation_tp53_kras
TCGA-G3-A25U	TCGA-LIHC	1	0	1	1	cbio_mutation_tp53_kras
TCGA-G3-A25V	TCGA-LIHC	1	0	1	1	cbio_mutation_tp53_kras
TCGA-G3-A25W	TCGA-LIHC	0	0	1	1	cbio_mutation_tp53_kras
TCGA-G3-A25X	TCGA-LIHC	0	0	1	1	cbio_mutation_tp53_kras
TCGA-G3-A25Y	TCGA-LIHC	0	0	1	1	cbio_mutation_tp53_kras
TCGA-G3-A25Z	TCGA-LIHC	1	0	1	1	cbio_mutation_tp53_kras
TCGA-G3-A3CH	TCGA-LIHC	0	0	1	1	cbio_mutation_tp53_kras
TCGA-G3-A3CI	TCGA-LIHC	0	0	1	1	cbio_mutation_tp53_kras
TCGA-G3-A3CJ	TCGA-LIHC	Unknown	Unknown	0	0	cbio_mutation_tp53_kras
TCGA-G3-A3CK	TCGA-LIHC	0	0	1	1	cbio_mutation_tp53_kras
TCGA-G3-A5SI	TCGA-LIHC	0	0	1	1	cbio_mutation_tp53_kras
TCGA-G3-A5SJ	TCGA-LIHC	1	0	1	1	cbio_mutation_tp53_kras
TCGA-G3-A5SK	TCGA-LIHC	0	0	1	1	cbio_mutation_tp53_kras
TCGA-G3-A5SL	TCGA-LIHC	0	0	1	1	cbio_mutation_tp53_kras
TCGA-G3-A5SM	TCGA-LIHC	1	0	1	1	cbio_mutation_tp53_kras
TCGA-G3-A6UC	TCGA-LIHC	0	0	1	1	cbio_mutation_tp53_kras
TCGA-G3-A7M5	TCGA-LIHC	0	0	1	1	cbio_mutation_tp53_kras
TCGA-G3-A7M6	TCGA-LIHC	1	0	1	1	cbio_mutation_tp53_kras
TCGA-G3-A7M7	TCGA-LIHC	0	0	1	1	cbio_mutation_tp53_kras
TCGA-G3-A7M8	TCGA-LIHC	0	0	1	1	cbio_mutation_tp53_kras
TCGA-G3-AAUZ	TCGA-LIHC	0	0	1	1	cbio_mutation_tp53_kras
TCGA-G3-AAV0	TCGA-LIHC	0	0	1	1	cbio_mutation_tp53_kras
TCGA-G3-AAV1	TCGA-LIHC	0	0	1	1	cbio_mutation_tp53_kras
TCGA-G3-AAV2	TCGA-LIHC	0	0	1	1	cbio_mutation_tp53_kras
TCGA-G3-AAV3	TCGA-LIHC	0	0	1	1	cbio_mutation_tp53_kras
TCGA-G3-AAV4	TCGA-LIHC	1	0	1	1	cbio_mutation_tp53_kras
TCGA-G3-AAV5	TCGA-LIHC	0	0	1	1	cbio_mutation_tp53_kras
TCGA-G3-AAV6	TCGA-LIHC	0	0	1	1	cbio_mutation_tp53_kras
TCGA-G3-AAV7	TCGA-LIHC	1	0	1	1	cbio_mutation_tp53_kras
TCGA-G4-6293	TCGA-COAD	0	0	1	1	cbio_mutation_tp53_kras
TCGA-G4-6294	TCGA-COAD	1	1	1	1	cbio_mutation_tp53_kras
TCGA-G4-6295	TCGA-COAD	1	0	1	1	cbio_mutation_tp53_kras
TCGA-G4-6297	TCGA-COAD	1	1	1	1	cbio_mutation_tp53_kras
TCGA-G4-6298	TCGA-COAD	1	0	1	1	cbio_mutation_tp53_kras
TCGA-G4-6299	TCGA-COAD	1	0	1	1	cbio_mutation_tp53_kras
TCGA-G4-6302	TCGA-COAD	1	0	1	1	cbio_mutation_tp53_kras
TCGA-G4-6303	TCGA-COAD	1	0	1	1	cbio_mutation_tp53_kras
TCGA-G4-6304	TCGA-COAD	0	1	1	1	cbio_mutation_tp53_kras
TCGA-G4-6306	TCGA-COAD	1	0	1	1	cbio_mutation_tp53_kras
TCGA-G4-6307	TCGA-COAD	1	0	1	1	cbio_mutation_tp53_kras
TCGA-G4-6309	TCGA-COAD	0	0	1	1	cbio_mutation_tp53_kras
TCGA-G4-6310	TCGA-COAD	Unknown	Unknown	0	0	cbio_mutation_tp53_kras
TCGA-G4-6311	TCGA-COAD	1	0	1	1	cbio_mutation_tp53_kras
TCGA-G4-6314	TCGA-COAD	Unknown	Unknown	0	0	cbio_mutation_tp53_kras
TCGA-G4-6315	TCGA-COAD	1	0	1	1	cbio_mutation_tp53_kras
TCGA-G4-6317	TCGA-COAD	1	0	1	1	cbio_mutation_tp53_kras
TCGA-G4-6320	TCGA-COAD	1	1	1	1	cbio_mutation_tp53_kras
TCGA-G4-6321	TCGA-COAD	0	0	1	1	cbio_mutation_tp53_kras
TCGA-G4-6322	TCGA-COAD	0	0	1	1	cbio_mutation_tp53_kras
TCGA-G4-6323	TCGA-COAD	0	1	1	1	cbio_mutation_tp53_kras
TCGA-G4-6586	TCGA-COAD	1	0	1	1	cbio_mutation_tp53_kras
TCGA-G4-6588	TCGA-COAD	0	0	1	1	cbio_mutation_tp53_kras
TCGA-G4-6625	TCGA-COAD	Unknown	Unknown	0	0	cbio_mutation_tp53_kras
TCGA-G4-6626	TCGA-COAD	1	0	1	1	cbio_mutation_tp53_kras
TCGA-G4-6627	TCGA-COAD	0	1	1	1	cbio_mutation_tp53_kras
TCGA-G4-6628	TCGA-COAD	0	0	1	1	cbio_mutation_tp53_kras
TCGA-G5-6233	TCGA-READ	Unknown	Unknown	0	0	cbio_mutation_tp53_kras
TCGA-G5-6235	TCGA-READ	Unknown	Unknown	0	0	cbio_mutation_tp53_kras
TCGA-G5-6572	TCGA-READ	Unknown	Unknown	0	0	cbio_mutation_tp53_kras
TCGA-G5-6641	TCGA-READ	0	0	1	1	cbio_mutation_tp53_kras
TCGA-G6-A5PC	TCGA-KIRC	0	0	1	1	cbio_mutation_tp53_kras
TCGA-G6-A8L6	TCGA-KIRC	0	0	1	1	cbio_mutation_tp53_kras
TCGA-G6-A8L7	TCGA-KIRC	0	0	1	1	cbio_mutation_tp53_kras
TCGA-G6-A8L8	TCGA-KIRC	0	0	1	1	cbio_mutation_tp53_kras
TCGA-G7-6789	TCGA-KIRP	0	0	1	1	cbio_mutation_tp53_kras
TCGA-G7-6790	TCGA-KIRP	0	0	1	1	cbio_mutation_tp53_kras
TCGA-G7-6792	TCGA-KIRP	0	0	1	1	cbio_mutation_tp53_kras
TCGA-G7-6793	TCGA-KIRP	0	0	1	1	cbio_mutation_tp53_kras
TCGA-G7-6795	TCGA-KIRP	0	0	1	1	cbio_mutation_tp53_kras
TCGA-G7-6796	TCGA-KIRP	0	0	1	1	cbio_mutation_tp53_kras
TCGA-G7-6797	TCGA-KIRP	0	0	1	1	cbio_mutation_tp53_kras
TCGA-G7-7501	TCGA-KIRP	0	0	1	1	cbio_mutation_tp53_kras
TCGA-G7-7502	TCGA-KIRP	0	0	1	1	cbio_mutation_tp53_kras
TCGA-G7-A4TM	TCGA-KIRP	0	0	1	1	cbio_mutation_tp53_kras
TCGA-G7-A8LB	TCGA-KIRP	0	0	1	1	cbio_mutation_tp53_kras
TCGA-G7-A8LC	TCGA-KIRP	0	0	1	1	cbio_mutation_tp53_kras
TCGA-G7-A8LD	TCGA-KIRP	0	0	1	1	cbio_mutation_tp53_kras
TCGA-G7-A8LE	TCGA-KIRP	0	0	1	1	cbio_mutation_tp53_kras
TCGA-G8-6324	TCGA-DLBC	Unknown	Unknown	0	0	cbio_mutation_tp53_kras
TCGA-G8-6325	TCGA-DLBC	0	0	1	1	cbio_mutation_tp53_kras
TCGA-G8-6326	TCGA-DLBC	0	0	1	1	cbio_mutation_tp53_kras
TCGA-G8-6906	TCGA-DLBC	0	0	1	1	cbio_mutation_tp53_kras
TCGA-G8-6907	TCGA-DLBC	Unknown	Unknown	0	0	cbio_mutation_tp53_kras
TCGA-G8-6909	TCGA-DLBC	0	0	1	1	cbio_mutation_tp53_kras
TCGA-G8-6914	TCGA-DLBC	Unknown	Unknown	0	0	cbio_mutation_tp53_kras
TCGA-G9-6329	TCGA-PRAD	0	0	1	1	cbio_mutation_tp53_kras
TCGA-G9-6332	TCGA-PRAD	0	0	1	1	cbio_mutation_tp53_kras
TCGA-G9-6333	TCGA-PRAD	0	0	1	1	cbio_mutation_tp53_kras
TCGA-G9-6336	TCGA-PRAD	0	0	1	1	cbio_mutation_tp53_kras
TCGA-G9-6338	TCGA-PRAD	0	0	1	1	cbio_mutation_tp53_kras
TCGA-G9-6339	TCGA-PRAD	0	0	1	1	cbio_mutation_tp53_kras
TCGA-G9-6342	TCGA-PRAD	0	0	1	1	cbio_mutation_tp53_kras
TCGA-G9-6343	TCGA-PRAD	0	0	1	1	cbio_mutation_tp53_kras
TCGA-G9-6347	TCGA-PRAD	0	0	1	1	cbio_mutation_tp53_kras
TCGA-G9-6348	TCGA-PRAD	0	0	1	1	cbio_mutation_tp53_kras
TCGA-G9-6351	TCGA-PRAD	0	0	1	1	cbio_mutation_tp53_kras
TCGA-G9-6353	TCGA-PRAD	0	0	1	1	cbio_mutation_tp53_kras
TCGA-G9-6354	TCGA-PRAD	0	0	1	1	cbio_mutation_tp53_kras
TCGA-G9-6356	TCGA-PRAD	0	0	1	1	cbio_mutation_tp53_kras
TCGA-G9-6361	TCGA-PRAD	0	0	1	1	cbio_mutation_tp53_kras
TCGA-G9-6362	TCGA-PRAD	0	0	1	1	cbio_mutation_tp53_kras
TCGA-G9-6363	TCGA-PRAD	0	0	1	1	cbio_mutation_tp53_kras
TCGA-G9-6364	TCGA-PRAD	0	0	1	1	cbio_mutation_tp53_kras
TCGA-G9-6365	TCGA-PRAD	0	0	1	1	cbio_mutation_tp53_kras
TCGA-G9-6366	TCGA-PRAD	0	0	1	1	cbio_mutation_tp53_kras
TCGA-G9-6367	TCGA-PRAD	0	0	1	1	cbio_mutation_tp53_kras
TCGA-G9-6369	TCGA-PRAD	0	0	1	1	cbio_mutation_tp53_kras
TCGA-G9-6370	TCGA-PRAD	0	0	1	1	cbio_mutation_tp53_kras
TCGA-G9-6371	TCGA-PRAD	0	0	1	1	cbio_mutation_tp53_kras
TCGA-G9-6373	TCGA-PRAD	0	0	1	1	cbio_mutation_tp53_kras
TCGA-G9-6377	TCGA-PRAD	0	0	1	1	cbio_mutation_tp53_kras
TCGA-G9-6378	TCGA-PRAD	0	0	1	1	cbio_mutation_tp53_kras
TCGA-G9-6379	TCGA-PRAD	0	0	1	1	cbio_mutation_tp53_kras
TCGA-G9-6384	TCGA-PRAD	0	0	1	1	cbio_mutation_tp53_kras
TCGA-G9-6385	TCGA-PRAD	0	0	1	1	cbio_mutation_tp53_kras
TCGA-G9-6494	TCGA-PRAD	0	0	1	1	cbio_mutation_tp53_kras
TCGA-G9-6496	TCGA-PRAD	0	0	1	1	cbio_mutation_tp53_kras
TCGA-G9-6498	TCGA-PRAD	0	0	1	1	cbio_mutation_tp53_kras
TCGA-G9-6499	TCGA-PRAD	1	0	1	1	cbio_mutation_tp53_kras
TCGA-G9-7509	TCGA-PRAD	0	0	1	1	cbio_mutation_tp53_kras
TCGA-G9-7510	TCGA-PRAD	1	0	1	1	cbio_mutation_tp53_kras
TCGA-G9-7519	TCGA-PRAD	0	0	1	1	cbio_mutation_tp53_kras
TCGA-G9-7521	TCGA-PRAD	1	0	1	1	cbio_mutation_tp53_kras
TCGA-G9-7522	TCGA-PRAD	0	0	1	1	cbio_mutation_tp53_kras
TCGA-G9-7523	TCGA-PRAD	0	0	1	1	cbio_mutation_tp53_kras
TCGA-G9-7525	TCGA-PRAD	0	0	1	1	cbio_mutation_tp53_kras
TCGA-G9-A9S0	TCGA-PRAD	1	0	1	1	cbio_mutation_tp53_kras
TCGA-G9-A9S4	TCGA-PRAD	Unknown	Unknown	0	0	cbio_mutation_tp53_kras
TCGA-G9-A9S7	TCGA-PRAD	0	0	1	1	cbio_mutation_tp53_kras
TCGA-GC-A3BM	TCGA-BLCA	0	0	1	1	cbio_mutation_tp53_kras
TCGA-GC-A3I6	TCGA-BLCA	0	0	1	1	cbio_mutation_tp53_kras
TCGA-GC-A3OO	TCGA-BLCA	1	0	1	1	cbio_mutation_tp53_kras
TCGA-GC-A3RB	TCGA-BLCA	1	0	1	1	cbio_mutation_tp53_kras
TCGA-GC-A3RC	TCGA-BLCA	1	0	1	1	cbio_mutation_tp53_kras
TCGA-GC-A3RD	TCGA-BLCA	0	0	1	1	cbio_mutation_tp53_kras
TCGA-GC-A3WC	TCGA-BLCA	1	0	1	1	cbio_mutation_tp53_kras
TCGA-GC-A3YS	TCGA-BLCA	1	0	1	1	cbio_mutation_tp53_kras
TCGA-GC-A4ZW	TCGA-BLCA	1	0	1	1	cbio_mutation_tp53_kras
TCGA-GC-A6I1	TCGA-BLCA	1	0	1	1	cbio_mutation_tp53_kras
TCGA-GC-A6I3	TCGA-BLCA	1	0	1	1	cbio_mutation_tp53_kras
TCGA-GD-A2C5	TCGA-BLCA	1	0	1	1	cbio_mutation_tp53_kras
TCGA-GD-A3OP	TCGA-BLCA	0	0	1	1	cbio_mutation_tp53_kras
TCGA-GD-A3OQ	TCGA-BLCA	0	0	1	1	cbio_mutation_tp53_kras
TCGA-GD-A3OS	TCGA-BLCA	1	0	1	1	cbio_mutation_tp53_kras
TCGA-GD-A6C6	TCGA-BLCA	1	0	1	1	cbio_mutation_tp53_kras
TCGA-GD-A76B	TCGA-BLCA	0	0	1	1	cbio_mutation_tp53_kras
TCGA-GE-A2C6	TCGA-THCA	0	0	1	1	cbio_mutation_tp53_kras
TCGA-GF-A2C7	TCGA-SKCM	0	0	1	1	cbio_mutation_tp53_kras
TCGA-GF-A3OT	TCGA-SKCM	Unknown	Unknown	0	0	cbio_mutation_tp53_kras
TCGA-GF-A4EO	TCGA-SKCM	Unknown	Unknown	0	0	cbio_mutation_tp53_kras
TCGA-GF-A6C8	TCGA-SKCM	1	0	1	1	cbio_mutation_tp53_kras
TCGA-GF-A6C9	TCGA-SKCM	1	0	1	1	cbio_mutation_tp53_kras
TCGA-GF-A769	TCGA-SKCM	0	0	1	1	cbio_mutation_tp53_kras
TCGA-GH-A9DA	TCGA-CESC	0	0	1	1	cbio_mutation_tp53_kras
TCGA-GI-A2C8	TCGA-BRCA_IDC	0	0	1	1	cbio_mutation_tp53_kras
TCGA-GI-A2C9	TCGA-BRCA_IDC	0	0	1	1	cbio_mutation_tp53_kras
TCGA-GJ-A3OU	TCGA-LIHC	1	0	1	1	cbio_mutation_tp53_kras
TCGA-GJ-A6C0	TCGA-LIHC	0	0	1	1	cbio_mutation_tp53_kras
TCGA-GJ-A9DB	TCGA-LIHC	0	0	1	1	cbio_mutation_tp53_kras
TCGA-GK-A6C7	TCGA-KIRC	0	0	1	1	cbio_mutation_tp53_kras
TCGA-GL-7966	TCGA-KIRP	0	0	1	1	cbio_mutation_tp53_kras
TCGA-GL-A4EM	TCGA-KIRP	0	0	1	1	cbio_mutation_tp53_kras
TCGA-GL-A59R	TCGA-KIRP	0	0	1	1	cbio_mutation_tp53_kras
TCGA-GL-A59T	TCGA-KIRP	0	0	1	1	cbio_mutation_tp53_kras
TCGA-GL-A9DC	TCGA-KIRP	0	1	1	1	cbio_mutation_tp53_kras
TCGA-GL-A9DD	TCGA-KIRP	0	0	1	1	cbio_mutation_tp53_kras
TCGA-GL-A9DE	TCGA-KIRP	0	0	1	1	cbio_mutation_tp53_kras
TCGA-GM-A2D9	TCGA-BRCA_IDC	0	0	1	1	cbio_mutation_tp53_kras
TCGA-GM-A2DA	TCGA-BRCA_IDC	0	0	1	1	cbio_mutation_tp53_kras
TCGA-GM-A2DB	TCGA-BRCA_IDC	1	0	1	1	cbio_mutation_tp53_kras
TCGA-GM-A2DC	TCGA-BRCA_IDC	0	0	1	1	cbio_mutation_tp53_kras
TCGA-GM-A2DD	TCGA-BRCA_IDC	1	0	1	1	cbio_mutation_tp53_kras
TCGA-GM-A2DF	TCGA-BRCA_IDC	1	0	1	1	cbio_mutation_tp53_kras
TCGA-GM-A2DH	TCGA-BRCA_IDC	1	0	1	1	cbio_mutation_tp53_kras
TCGA-GM-A2DI	TCGA-BRCA_IDC	0	0	1	1	cbio_mutation_tp53_kras
TCGA-GM-A2DK	TCGA-BRCA_IDC	0	0	1	1	cbio_mutation_tp53_kras
TCGA-GM-A2DL	TCGA-BRCA_IDC	1	0	1	1	cbio_mutation_tp53_kras
TCGA-GM-A2DM	TCGA-BRCA_IDC	0	0	1	1	cbio_mutation_tp53_kras
TCGA-GM-A2DN	TCGA-BRCA_IDC	0	0	1	1	cbio_mutation_tp53_kras
TCGA-GM-A2DO	TCGA-BRCA_OTHERS	0	0	1	1	cbio_mutation_tp53_kras
TCGA-GM-A3NW	TCGA-BRCA_OTHERS	0	0	1	1	cbio_mutation_tp53_kras
TCGA-GM-A3NY	TCGA-BRCA_OTHERS	0	0	1	1	cbio_mutation_tp53_kras
TCGA-GM-A3XG	TCGA-BRCA_OTHERS	Unknown	Unknown	0	0	cbio_mutation_tp53_kras
TCGA-GM-A3XL	TCGA-BRCA_IDC	1	0	1	1	cbio_mutation_tp53_kras
TCGA-GM-A3XN	TCGA-BRCA_OTHERS	Unknown	Unknown	0	0	cbio_mutation_tp53_kras
TCGA-GM-A4E0	TCGA-BRCA_OTHERS	0	0	1	1	cbio_mutation_tp53_kras
TCGA-GN-A262	TCGA-SKCM	Unknown	Unknown	0	0	cbio_mutation_tp53_kras
TCGA-GN-A263	TCGA-SKCM	0	0	1	1	cbio_mutation_tp53_kras
TCGA-GN-A264	TCGA-SKCM	Unknown	Unknown	0	0	cbio_mutation_tp53_kras
TCGA-GN-A265	TCGA-SKCM	Unknown	Unknown	0	0	cbio_mutation_tp53_kras
TCGA-GN-A266	TCGA-SKCM	1	0	1	1	cbio_mutation_tp53_kras
TCGA-GN-A267	TCGA-SKCM	Unknown	Unknown	0	0	cbio_mutation_tp53_kras
TCGA-GN-A268	TCGA-SKCM	0	0	1	1	cbio_mutation_tp53_kras
TCGA-GN-A269	TCGA-SKCM	0	0	1	1	cbio_mutation_tp53_kras
TCGA-GN-A26A	TCGA-SKCM	0	0	1	1	cbio_mutation_tp53_kras
TCGA-GN-A26C	TCGA-SKCM	1	0	1	1	cbio_mutation_tp53_kras
TCGA-GN-A26D	TCGA-SKCM	Unknown	Unknown	0	0	cbio_mutation_tp53_kras
TCGA-GN-A4U3	TCGA-SKCM	1	0	1	1	cbio_mutation_tp53_kras
TCGA-GN-A4U4	TCGA-SKCM	0	0	1	1	cbio_mutation_tp53_kras
TCGA-GN-A4U5	TCGA-SKCM	0	0	1	1	cbio_mutation_tp53_kras
TCGA-GN-A4U7	TCGA-SKCM	0	0	1	1	cbio_mutation_tp53_kras
TCGA-GN-A4U8	TCGA-SKCM	0	0	1	1	cbio_mutation_tp53_kras
TCGA-GN-A4U9	TCGA-SKCM	0	0	1	1	cbio_mutation_tp53_kras
TCGA-GN-A8LK	TCGA-SKCM	1	0	1	1	cbio_mutation_tp53_kras
TCGA-GN-A8LL	TCGA-SKCM	0	0	1	1	cbio_mutation_tp53_kras
TCGA-GN-A8LN	TCGA-SKCM	Unknown	Unknown	0	0	cbio_mutation_tp53_kras
TCGA-GN-A9SD	TCGA-SKCM	0	0	1	1	cbio_mutation_tp53_kras
TCGA-GR-7351	TCGA-DLBC	Unknown	Unknown	0	0	cbio_mutation_tp53_kras
TCGA-GR-7353	TCGA-DLBC	Unknown	Unknown	0	0	cbio_mutation_tp53_kras
TCGA-GR-A4D4	TCGA-DLBC	1	0	1	1	cbio_mutation_tp53_kras
TCGA-GR-A4D5	TCGA-DLBC	0	0	1	1	cbio_mutation_tp53_kras
TCGA-GR-A4D6	TCGA-DLBC	0	0	1	1	cbio_mutation_tp53_kras
TCGA-GR-A4D9	TCGA-DLBC	0	0	1	1	cbio_mutation_tp53_kras
TCGA-GS-A9TQ	TCGA-DLBC	0	0	1	1	cbio_mutation_tp53_kras
TCGA-GS-A9TT	TCGA-DLBC	0	0	1	1	cbio_mutation_tp53_kras
TCGA-GS-A9TU	TCGA-DLBC	0	0	1	1	cbio_mutation_tp53_kras
TCGA-GS-A9TV	TCGA-DLBC	0	0	1	1	cbio_mutation_tp53_kras
TCGA-GS-A9TW	TCGA-DLBC	0	0	1	1	cbio_mutation_tp53_kras
TCGA-GS-A9TX	TCGA-DLBC	0	0	1	1	cbio_mutation_tp53_kras
TCGA-GS-A9TY	TCGA-DLBC	1	0	1	1	cbio_mutation_tp53_kras
TCGA-GS-A9TZ	TCGA-DLBC	0	0	1	1	cbio_mutation_tp53_kras
TCGA-GS-A9U3	TCGA-DLBC	0	0	1	1	cbio_mutation_tp53_kras
TCGA-GS-A9U4	TCGA-DLBC	0	0	1	1	cbio_mutation_tp53_kras
TCGA-GU-A42P	TCGA-BLCA	1	0	1	1	cbio_mutation_tp53_kras
TCGA-GU-A42Q	TCGA-BLCA	1	0	1	1	cbio_mutation_tp53_kras
TCGA-GU-A42R	TCGA-BLCA	0	0	1	1	cbio_mutation_tp53_kras
TCGA-GU-A762	TCGA-BLCA	1	0	1	1	cbio_mutation_tp53_kras
TCGA-GU-A763	TCGA-BLCA	0	0	1	1	cbio_mutation_tp53_kras
TCGA-GU-A764	TCGA-BLCA	1	0	1	1	cbio_mutation_tp53_kras
TCGA-GU-A766	TCGA-BLCA	1	0	1	1	cbio_mutation_tp53_kras
TCGA-GU-A767	TCGA-BLCA	1	0	1	1	cbio_mutation_tp53_kras
TCGA-GU-AATO	TCGA-BLCA	1	0	1	1	cbio_mutation_tp53_kras
TCGA-GU-AATP	TCGA-BLCA	1	0	1	1	cbio_mutation_tp53_kras
TCGA-GU-AATQ	TCGA-BLCA	0	0	1	1	cbio_mutation_tp53_kras
TCGA-GV-A3JV	TCGA-BLCA	0	0	1	1	cbio_mutation_tp53_kras
TCGA-GV-A3JW	TCGA-BLCA	1	0	1	1	cbio_mutation_tp53_kras
TCGA-GV-A3JX	TCGA-BLCA	1	0	1	1	cbio_mutation_tp53_kras
TCGA-GV-A3JZ	TCGA-BLCA	1	0	1	1	cbio_mutation_tp53_kras
TCGA-GV-A3QF	TCGA-BLCA	0	0	1	1	cbio_mutation_tp53_kras
TCGA-GV-A3QG	TCGA-BLCA	0	0	1	1	cbio_mutation_tp53_kras
TCGA-GV-A3QH	TCGA-BLCA	1	0	1	1	cbio_mutation_tp53_kras
TCGA-GV-A3QI	TCGA-BLCA	0	0	1	1	cbio_mutation_tp53_kras
TCGA-GV-A3QK	TCGA-BLCA	0	0	1	1	cbio_mutation_tp53_kras
TCGA-GV-A40E	TCGA-BLCA	0	0	1	1	cbio_mutation_tp53_kras
TCGA-GV-A40G	TCGA-BLCA	1	0	1	1	cbio_mutation_tp53_kras
TCGA-GV-A6ZA	TCGA-BLCA	0	0	1	1	cbio_mutation_tp53_kras
TCGA-H2-A2K9	TCGA-THCA	0	0	1	1	cbio_mutation_tp53_kras
TCGA-H2-A3RH	TCGA-THCA	0	1	1	1	cbio_mutation_tp53_kras
TCGA-H2-A3RI	TCGA-THCA	0	0	1	1	cbio_mutation_tp53_kras
TCGA-H2-A421	TCGA-THCA	0	0	1	1	cbio_mutation_tp53_kras
TCGA-H2-A422	TCGA-THCA	0	0	1	1	cbio_mutation_tp53_kras
TCGA-H4-A2HO	TCGA-BLCA	0	0	1	1	cbio_mutation_tp53_kras
TCGA-H4-A2HQ	TCGA-BLCA	0	0	1	1	cbio_mutation_tp53_kras
TCGA-H5-A2HR	TCGA-UCEC	1	0	1	1	cbio_mutation_tp53_kras
TCGA-H6-A45N	TCGA-PAAD	1	0	1	1	cbio_mutation_tp53_kras
TCGA-H7-A6C4	TCGA-HNSC	1	0	1	1	cbio_mutation_tp53_kras
TCGA-H7-A6C5	TCGA-HNSC	1	0	1	1	cbio_mutation_tp53_kras
TCGA-H7-A76A	TCGA-HNSC	0	0	1	1	cbio_mutation_tp53_kras
TCGA-H8-A6C1	TCGA-PAAD	1	1	1	1	cbio_mutation_tp53_kras
TCGA-H9-7775	TCGA-PRAD	0	0	1	1	cbio_mutation_tp53_kras
TCGA-H9-A6BX	TCGA-PRAD	0	0	1	1	cbio_mutation_tp53_kras
TCGA-H9-A6BY	TCGA-PRAD	0	0	1	1	cbio_mutation_tp53_kras
TCGA-HB-A2OT	TCGA-SARC	0	0	1	1	cbio_mutation_tp53_kras
TCGA-HB-A3L4	TCGA-SARC	0	0	1	1	cbio_mutation_tp53_kras
TCGA-HB-A3YV	TCGA-SARC	0	0	1	1	cbio_mutation_tp53_kras
TCGA-HB-A43Z	TCGA-SARC	1	0	1	1	cbio_mutation_tp53_kras
TCGA-HB-A5W3	TCGA-SARC	1	0	1	1	cbio_mutation_tp53_kras
TCGA-HC-7075	TCGA-PRAD	0	0	1	1	cbio_mutation_tp53_kras
TCGA-HC-7077	TCGA-PRAD	0	0	1	1	cbio_mutation_tp53_kras
TCGA-HC-7078	TCGA-PRAD	0	0	1	1	cbio_mutation_tp53_kras
TCGA-HC-7079	TCGA-PRAD	0	0	1	1	cbio_mutation_tp53_kras
TCGA-HC-7080	TCGA-PRAD	0	0	1	1	cbio_mutation_tp53_kras
TCGA-HC-7081	TCGA-PRAD	0	0	1	1	cbio_mutation_tp53_kras
TCGA-HC-7209	TCGA-PRAD	0	0	1	1	cbio_mutation_tp53_kras
TCGA-HC-7210	TCGA-PRAD	0	0	1	1	cbio_mutation_tp53_kras
TCGA-HC-7211	TCGA-PRAD	0	0	1	1	cbio_mutation_tp53_kras
TCGA-HC-7212	TCGA-PRAD	0	0	1	1	cbio_mutation_tp53_kras
TCGA-HC-7213	TCGA-PRAD	1	0	1	1	cbio_mutation_tp53_kras
TCGA-HC-7230	TCGA-PRAD	1	0	1	1	cbio_mutation_tp53_kras
TCGA-HC-7231	TCGA-PRAD	0	0	1	1	cbio_mutation_tp53_kras
TCGA-HC-7232	TCGA-PRAD	0	0	1	1	cbio_mutation_tp53_kras
TCGA-HC-7233	TCGA-PRAD	0	0	1	1	cbio_mutation_tp53_kras
TCGA-HC-7736	TCGA-PRAD	0	0	1	1	cbio_mutation_tp53_kras
TCGA-HC-7737	TCGA-PRAD	0	0	1	1	cbio_mutation_tp53_kras
TCGA-HC-7738	TCGA-PRAD	0	0	1	1	cbio_mutation_tp53_kras
TCGA-HC-7740	TCGA-PRAD	0	0	1	1	cbio_mutation_tp53_kras
TCGA-HC-7741	TCGA-PRAD	Unknown	Unknown	0	0	cbio_mutation_tp53_kras
TCGA-HC-7742	TCGA-PRAD	1	0	1	1	cbio_mutation_tp53_kras
TCGA-HC-7744	TCGA-PRAD	0	0	1	1	cbio_mutation_tp53_kras
TCGA-HC-7745	TCGA-PRAD	0	0	1	1	cbio_mutation_tp53_kras
TCGA-HC-7747	TCGA-PRAD	0	0	1	1	cbio_mutation_tp53_kras
TCGA-HC-7748	TCGA-PRAD	0	0	1	1	cbio_mutation_tp53_kras
TCGA-HC-7749	TCGA-PRAD	0	0	1	1	cbio_mutation_tp53_kras
TCGA-HC-7750	TCGA-PRAD	0	0	1	1	cbio_mutation_tp53_kras
TCGA-HC-7752	TCGA-PRAD	0	0	1	1	cbio_mutation_tp53_kras
TCGA-HC-7817	TCGA-PRAD	0	0	1	1	cbio_mutation_tp53_kras
TCGA-HC-7818	TCGA-PRAD	0	0	1	1	cbio_mutation_tp53_kras
TCGA-HC-7819	TCGA-PRAD	0	0	1	1	cbio_mutation_tp53_kras
TCGA-HC-7820	TCGA-PRAD	0	0	1	1	cbio_mutation_tp53_kras
TCGA-HC-7821	TCGA-PRAD	0	0	1	1	cbio_mutation_tp53_kras
TCGA-HC-8212	TCGA-PRAD	Unknown	Unknown	0	0	cbio_mutation_tp53_kras
TCGA-HC-8213	TCGA-PRAD	0	0	1	1	cbio_mutation_tp53_kras
TCGA-HC-8216	TCGA-PRAD	1	0	1	1	cbio_mutation_tp53_kras
TCGA-HC-8256	TCGA-PRAD	0	0	1	1	cbio_mutation_tp53_kras
TCGA-HC-8257	TCGA-PRAD	0	0	1	1	cbio_mutation_tp53_kras
TCGA-HC-8258	TCGA-PRAD	0	0	1	1	cbio_mutation_tp53_kras
TCGA-HC-8259	TCGA-PRAD	0	0	1	1	cbio_mutation_tp53_kras
TCGA-HC-8260	TCGA-PRAD	0	0	1	1	cbio_mutation_tp53_kras
TCGA-HC-8261	TCGA-PRAD	0	0	1	1	cbio_mutation_tp53_kras
TCGA-HC-8262	TCGA-PRAD	0	0	1	1	cbio_mutation_tp53_kras
TCGA-HC-8264	TCGA-PRAD	1	0	1	1	cbio_mutation_tp53_kras
TCGA-HC-8265	TCGA-PRAD	0	0	1	1	cbio_mutation_tp53_kras
TCGA-HC-8266	TCGA-PRAD	0	0	1	1	cbio_mutation_tp53_kras
TCGA-HC-A48F	TCGA-PRAD	1	0	1	1	cbio_mutation_tp53_kras
TCGA-HC-A4ZV	TCGA-PRAD	0	0	1	1	cbio_mutation_tp53_kras
TCGA-HC-A631	TCGA-PRAD	1	0	1	1	cbio_mutation_tp53_kras
TCGA-HC-A632	TCGA-PRAD	1	0	1	1	cbio_mutation_tp53_kras
TCGA-HC-A6AL	TCGA-PRAD	0	0	1	1	cbio_mutation_tp53_kras
TCGA-HC-A6AN	TCGA-PRAD	0	0	1	1	cbio_mutation_tp53_kras
TCGA-HC-A6AO	TCGA-PRAD	0	0	1	1	cbio_mutation_tp53_kras
TCGA-HC-A6AP	TCGA-PRAD	0	0	1	1	cbio_mutation_tp53_kras
TCGA-HC-A6AQ	TCGA-PRAD	0	0	1	1	cbio_mutation_tp53_kras
TCGA-HC-A6AS	TCGA-PRAD	0	0	1	1	cbio_mutation_tp53_kras
TCGA-HC-A6HX	TCGA-PRAD	0	0	1	1	cbio_mutation_tp53_kras
TCGA-HC-A6HY	TCGA-PRAD	0	0	1	1	cbio_mutation_tp53_kras
TCGA-HC-A76W	TCGA-PRAD	0	0	1	1	cbio_mutation_tp53_kras
TCGA-HC-A76X	TCGA-PRAD	0	0	1	1	cbio_mutation_tp53_kras
TCGA-HC-A8CY	TCGA-PRAD	0	0	1	1	cbio_mutation_tp53_kras
TCGA-HC-A8D0	TCGA-PRAD	0	0	1	1	cbio_mutation_tp53_kras
TCGA-HC-A8D1	TCGA-PRAD	0	0	1	1	cbio_mutation_tp53_kras
TCGA-HC-A9TE	TCGA-PRAD	1	0	1	1	cbio_mutation_tp53_kras
TCGA-HC-A9TH	TCGA-PRAD	1	0	1	1	cbio_mutation_tp53_kras
TCGA-HD-7229	TCGA-HNSC	1	0	1	1	cbio_mutation_tp53_kras
TCGA-HD-7753	TCGA-HNSC	1	0	1	1	cbio_mutation_tp53_kras
TCGA-HD-7754	TCGA-HNSC	0	0	1	1	cbio_mutation_tp53_kras
TCGA-HD-7831	TCGA-HNSC	1	0	1	1	cbio_mutation_tp53_kras
TCGA-HD-7832	TCGA-HNSC	0	0	1	1	cbio_mutation_tp53_kras
TCGA-HD-7917	TCGA-HNSC	Unknown	Unknown	0	0	cbio_mutation_tp53_kras
TCGA-HD-8224	TCGA-HNSC	1	0	1	1	cbio_mutation_tp53_kras
TCGA-HD-8314	TCGA-HNSC	0	0	1	1	cbio_mutation_tp53_kras
TCGA-HD-8634	TCGA-HNSC	1	0	1	1	cbio_mutation_tp53_kras
TCGA-HD-8635	TCGA-HNSC	1	0	1	1	cbio_mutation_tp53_kras
TCGA-HD-A4C1	TCGA-HNSC	0	0	1	1	cbio_mutation_tp53_kras
TCGA-HD-A633	TCGA-HNSC	1	0	1	1	cbio_mutation_tp53_kras
TCGA-HD-A634	TCGA-HNSC	0	0	1	1	cbio_mutation_tp53_kras
TCGA-HD-A6HZ	TCGA-HNSC	1	0	1	1	cbio_mutation_tp53_kras
TCGA-HD-A6I0	TCGA-HNSC	0	0	1	1	cbio_mutation_tp53_kras
TCGA-HE-7128	TCGA-KIRP	0	0	1	1	cbio_mutation_tp53_kras
TCGA-HE-7129	TCGA-KIRP	0	0	1	1	cbio_mutation_tp53_kras
TCGA-HE-7130	TCGA-KIRP	0	0	1	1	cbio_mutation_tp53_kras
TCGA-HE-A5NF	TCGA-KIRP	0	0	1	1	cbio_mutation_tp53_kras
TCGA-HE-A5NH	TCGA-KIRP	0	0	1	1	cbio_mutation_tp53_kras
TCGA-HE-A5NI	TCGA-KIRP	0	0	1	1	cbio_mutation_tp53_kras
TCGA-HE-A5NJ	TCGA-KIRP	0	0	1	1	cbio_mutation_tp53_kras
TCGA-HE-A5NK	TCGA-KIRP	0	0	1	1	cbio_mutation_tp53_kras
TCGA-HE-A5NL	TCGA-KIRP	0	0	1	1	cbio_mutation_tp53_kras
TCGA-HF-7131	TCGA-STAD	Unknown	Unknown	0	0	cbio_mutation_tp53_kras
TCGA-HF-7132	TCGA-STAD	1	0	1	1	cbio_mutation_tp53_kras
TCGA-HF-7133	TCGA-STAD	0	0	1	1	cbio_mutation_tp53_kras
TCGA-HF-7134	TCGA-STAD	0	0	1	1	cbio_mutation_tp53_kras
TCGA-HF-7136	TCGA-STAD	0	0	1	1	cbio_mutation_tp53_kras
TCGA-HF-A5NB	TCGA-STAD	0	1	1	1	cbio_mutation_tp53_kras
TCGA-HG-A2PA	TCGA-CESC	0	0	1	1	cbio_mutation_tp53_kras
TCGA-HG-A9SC	TCGA-CESC	0	0	1	1	cbio_mutation_tp53_kras
TCGA-HI-7168	TCGA-PRAD	0	0	1	1	cbio_mutation_tp53_kras
TCGA-HI-7169	TCGA-PRAD	0	0	1	1	cbio_mutation_tp53_kras
TCGA-HI-7170	TCGA-PRAD	0	0	1	1	cbio_mutation_tp53_kras
TCGA-HI-7171	TCGA-PRAD	1	0	1	1	cbio_mutation_tp53_kras
TCGA-HJ-7597	TCGA-STAD	1	0	1	1	cbio_mutation_tp53_kras
TCGA-HL-7533	TCGA-HNSC	0	0	1	1	cbio_mutation_tp53_kras
TCGA-HM-A3JJ	TCGA-CESC	0	0	1	1	cbio_mutation_tp53_kras
TCGA-HM-A3JK	TCGA-CESC	0	0	1	1	cbio_mutation_tp53_kras
TCGA-HM-A4S6	TCGA-CESC	Unknown	Unknown	0	0	cbio_mutation_tp53_kras
TCGA-HM-A6W2	TCGA-CESC	1	0	1	1	cbio_mutation_tp53_kras
TCGA-HN-A2NL	TCGA-BRCA_OTHERS	0	0	1	1	cbio_mutation_tp53_kras
TCGA-HN-A2OB	TCGA-BRCA_OTHERS	0	0	1	1	cbio_mutation_tp53_kras
TCGA-HP-A5MZ	TCGA-LIHC	0	0	1	1	cbio_mutation_tp53_kras
TCGA-HP-A5N0	TCGA-LIHC	0	0	1	1	cbio_mutation_tp53_kras
TCGA-HQ-A2OE	TCGA-BLCA	0	0	1	1	cbio_mutation_tp53_kras
TCGA-HQ-A2OF	TCGA-BLCA	1	0	1	1	cbio_mutation_tp53_kras
TCGA-HQ-A5ND	TCGA-BLCA	1	0	1	1	cbio_mutation_tp53_kras
TCGA-HQ-A5NE	TCGA-BLCA	1	0	1	1	cbio_mutation_tp53_kras
TCGA-HR-A2OG	TCGA-SKCM	Unknown	Unknown	0	0	cbio_mutation_tp53_kras
TCGA-HR-A2OH	TCGA-SKCM	Unknown	Unknown	0	0	cbio_mutation_tp53_kras
TCGA-HR-A5NC	TCGA-SKCM	Unknown	Unknown	0	0	cbio_mutation_tp53_kras
TCGA-HS-A5N7	TCGA-SARC	0	0	1	1	cbio_mutation_tp53_kras
TCGA-HS-A5N8	TCGA-SARC	0	0	1	1	cbio_mutation_tp53_kras
TCGA-HS-A5N9	TCGA-SARC	Unknown	Unknown	0	0	cbio_mutation_tp53_kras
TCGA-HS-A5NA	TCGA-SARC	0	0	1	1	cbio_mutation_tp53_kras
TCGA-HT-7467	TCGA-LGG	0	0	1	1	cbio_mutation_tp53_kras
TCGA-HT-7468	TCGA-LGG	0	0	1	1	cbio_mutation_tp53_kras
TCGA-HT-7469	TCGA-LGG	1	0	1	1	cbio_mutation_tp53_kras
TCGA-HT-7470	TCGA-LGG	1	0	1	1	cbio_mutation_tp53_kras
TCGA-HT-7472	TCGA-LGG	1	0	1	1	cbio_mutation_tp53_kras
TCGA-HT-7473	TCGA-LGG	1	0	1	1	cbio_mutation_tp53_kras
TCGA-HT-7474	TCGA-LGG	1	0	1	1	cbio_mutation_tp53_kras
TCGA-HT-7475	TCGA-LGG	1	0	1	1	cbio_mutation_tp53_kras
TCGA-HT-7476	TCGA-LGG	1	0	1	1	cbio_mutation_tp53_kras
TCGA-HT-7477	TCGA-LGG	1	0	1	1	cbio_mutation_tp53_kras
TCGA-HT-7478	TCGA-LGG	1	0	1	1	cbio_mutation_tp53_kras
TCGA-HT-7479	TCGA-LGG	1	0	1	1	cbio_mutation_tp53_kras
TCGA-HT-7480	TCGA-LGG	0	0	1	1	cbio_mutation_tp53_kras
TCGA-HT-7481	TCGA-LGG	0	0	1	1	cbio_mutation_tp53_kras
TCGA-HT-7482	TCGA-LGG	1	0	1	1	cbio_mutation_tp53_kras
TCGA-HT-7483	TCGA-LGG	1	0	1	1	cbio_mutation_tp53_kras
TCGA-HT-7485	TCGA-LGG	1	0	1	1	cbio_mutation_tp53_kras
TCGA-HT-7601	TCGA-LGG	1	0	1	1	cbio_mutation_tp53_kras
TCGA-HT-7602	TCGA-LGG	1	0	1	1	cbio_mutation_tp53_kras
TCGA-HT-7603	TCGA-LGG	1	0	1	1	cbio_mutation_tp53_kras
TCGA-HT-7604	TCGA-LGG	1	0	1	1	cbio_mutation_tp53_kras
TCGA-HT-7605	TCGA-LGG	0	0	1	1	cbio_mutation_tp53_kras
TCGA-HT-7606	TCGA-LGG	1	0	1	1	cbio_mutation_tp53_kras
TCGA-HT-7607	TCGA-LGG	0	0	1	1	cbio_mutation_tp53_kras
TCGA-HT-7608	TCGA-LGG	0	0	1	1	cbio_mutation_tp53_kras
TCGA-HT-7609	TCGA-LGG	1	0	1	1	cbio_mutation_tp53_kras
TCGA-HT-7610	TCGA-LGG	1	0	1	1	cbio_mutation_tp53_kras
TCGA-HT-7611	TCGA-LGG	1	0	1	1	cbio_mutation_tp53_kras
TCGA-HT-7616	TCGA-LGG	0	0	1	1	cbio_mutation_tp53_kras
TCGA-HT-7620	TCGA-LGG	0	0	1	1	cbio_mutation_tp53_kras
TCGA-HT-7676	TCGA-LGG	1	0	1	1	cbio_mutation_tp53_kras
TCGA-HT-7677	TCGA-LGG	0	0	1	1	cbio_mutation_tp53_kras
TCGA-HT-7680	TCGA-LGG	0	0	1	1	cbio_mutation_tp53_kras
TCGA-HT-7681	TCGA-LGG	0	0	1	1	cbio_mutation_tp53_kras
TCGA-HT-7684	TCGA-LGG	0	0	1	1	cbio_mutation_tp53_kras
TCGA-HT-7686	TCGA-LGG	1	0	1	1	cbio_mutation_tp53_kras
TCGA-HT-7687	TCGA-LGG	0	0	1	1	cbio_mutation_tp53_kras
TCGA-HT-7688	TCGA-LGG	1	0	1	1	cbio_mutation_tp53_kras
TCGA-HT-7689	TCGA-LGG	1	0	1	1	cbio_mutation_tp53_kras
TCGA-HT-7690	TCGA-LGG	1	0	1	1	cbio_mutation_tp53_kras
TCGA-HT-7691	TCGA-LGG	0	0	1	1	cbio_mutation_tp53_kras
TCGA-HT-7692	TCGA-LGG	0	0	1	1	cbio_mutation_tp53_kras
TCGA-HT-7693	TCGA-LGG	1	0	1	1	cbio_mutation_tp53_kras
TCGA-HT-7694	TCGA-LGG	0	0	1	1	cbio_mutation_tp53_kras
TCGA-HT-7695	TCGA-LGG	0	0	1	1	cbio_mutation_tp53_kras
TCGA-HT-7854	TCGA-LGG	0	0	1	1	cbio_mutation_tp53_kras
TCGA-HT-7855	TCGA-LGG	1	0	1	1	cbio_mutation_tp53_kras
TCGA-HT-7856	TCGA-LGG	0	0	1	1	cbio_mutation_tp53_kras
TCGA-HT-7857	TCGA-LGG	0	0	1	1	cbio_mutation_tp53_kras
TCGA-HT-7858	TCGA-LGG	1	0	1	1	cbio_mutation_tp53_kras
TCGA-HT-7860	TCGA-LGG	0	0	1	1	cbio_mutation_tp53_kras
TCGA-HT-7873	TCGA-LGG	1	0	1	1	cbio_mutation_tp53_kras
TCGA-HT-7874	TCGA-LGG	0	0	1	1	cbio_mutation_tp53_kras
TCGA-HT-7875	TCGA-LGG	0	0	1	1	cbio_mutation_tp53_kras
TCGA-HT-7877	TCGA-LGG	0	0	1	1	cbio_mutation_tp53_kras
TCGA-HT-7879	TCGA-LGG	1	0	1	1	cbio_mutation_tp53_kras
TCGA-HT-7880	TCGA-LGG	1	0	1	1	cbio_mutation_tp53_kras
TCGA-HT-7881	TCGA-LGG	0	0	1	1	cbio_mutation_tp53_kras
TCGA-HT-7882	TCGA-LGG	0	0	1	1	cbio_mutation_tp53_kras
TCGA-HT-7884	TCGA-LGG	1	0	1	1	cbio_mutation_tp53_kras
TCGA-HT-7902	TCGA-LGG	1	0	1	1	cbio_mutation_tp53_kras
TCGA-HT-8010	TCGA-LGG	0	0	1	1	cbio_mutation_tp53_kras
TCGA-HT-8011	TCGA-LGG	0	0	1	1	cbio_mutation_tp53_kras
TCGA-HT-8012	TCGA-LGG	0	0	1	1	cbio_mutation_tp53_kras
TCGA-HT-8013	TCGA-LGG	1	0	1	1	cbio_mutation_tp53_kras
TCGA-HT-8015	TCGA-LGG	0	0	1	1	cbio_mutation_tp53_kras
TCGA-HT-8018	TCGA-LGG	1	0	1	1	cbio_mutation_tp53_kras
TCGA-HT-8019	TCGA-LGG	0	0	1	1	cbio_mutation_tp53_kras
TCGA-HT-8104	TCGA-LGG	0	0	1	1	cbio_mutation_tp53_kras
TCGA-HT-8105	TCGA-LGG	1	0	1	1	cbio_mutation_tp53_kras
TCGA-HT-8106	TCGA-LGG	1	0	1	1	cbio_mutation_tp53_kras
TCGA-HT-8107	TCGA-LGG	0	0	1	1	cbio_mutation_tp53_kras
TCGA-HT-8108	TCGA-LGG	1	0	1	1	cbio_mutation_tp53_kras
TCGA-HT-8109	TCGA-LGG	0	0	1	1	cbio_mutation_tp53_kras
TCGA-HT-8110	TCGA-LGG	0	0	1	1	cbio_mutation_tp53_kras
TCGA-HT-8111	TCGA-LGG	1	0	1	1	cbio_mutation_tp53_kras
TCGA-HT-8113	TCGA-LGG	0	0	1	1	cbio_mutation_tp53_kras
TCGA-HT-8114	TCGA-LGG	1	0	1	1	cbio_mutation_tp53_kras
TCGA-HT-8558	TCGA-LGG	0	0	1	1	cbio_mutation_tp53_kras
TCGA-HT-8563	TCGA-LGG	1	0	1	1	cbio_mutation_tp53_kras
TCGA-HT-8564	TCGA-LGG	1	0	1	1	cbio_mutation_tp53_kras
TCGA-HT-A4DS	TCGA-LGG	1	0	1	1	cbio_mutation_tp53_kras
TCGA-HT-A4DV	TCGA-LGG	0	0	1	1	cbio_mutation_tp53_kras
TCGA-HT-A5R5	TCGA-LGG	1	0	1	1	cbio_mutation_tp53_kras
TCGA-HT-A5R7	TCGA-LGG	0	0	1	1	cbio_mutation_tp53_kras
TCGA-HT-A5R9	TCGA-LGG	0	0	1	1	cbio_mutation_tp53_kras
TCGA-HT-A5RA	TCGA-LGG	0	0	1	1	cbio_mutation_tp53_kras
TCGA-HT-A5RB	TCGA-LGG	1	0	1	1	cbio_mutation_tp53_kras
TCGA-HT-A5RC	TCGA-LGG	0	0	1	1	cbio_mutation_tp53_kras
TCGA-HT-A614	TCGA-LGG	1	0	1	1	cbio_mutation_tp53_kras
TCGA-HT-A615	TCGA-LGG	0	0	1	1	cbio_mutation_tp53_kras
TCGA-HT-A616	TCGA-LGG	0	0	1	1	cbio_mutation_tp53_kras
TCGA-HT-A617	TCGA-LGG	0	0	1	1	cbio_mutation_tp53_kras
TCGA-HT-A618	TCGA-LGG	1	0	1	1	cbio_mutation_tp53_kras
TCGA-HT-A619	TCGA-LGG	Unknown	Unknown	0	0	cbio_mutation_tp53_kras
TCGA-HT-A61A	TCGA-LGG	0	0	1	1	cbio_mutation_tp53_kras
TCGA-HT-A61B	TCGA-LGG	1	0	1	1	cbio_mutation_tp53_kras
TCGA-HT-A61C	TCGA-LGG	0	0	1	1	cbio_mutation_tp53_kras
TCGA-HT-A74H	TCGA-LGG	0	0	1	1	cbio_mutation_tp53_kras
TCGA-HT-A74J	TCGA-LGG	1	0	1	1	cbio_mutation_tp53_kras
TCGA-HT-A74K	TCGA-LGG	0	0	1	1	cbio_mutation_tp53_kras
TCGA-HT-A74L	TCGA-LGG	0	0	1	1	cbio_mutation_tp53_kras
TCGA-HT-A74O	TCGA-LGG	1	0	1	1	cbio_mutation_tp53_kras
TCGA-HU-8238	TCGA-STAD	1	0	1	1	cbio_mutation_tp53_kras
TCGA-HU-8244	TCGA-STAD	1	0	1	1	cbio_mutation_tp53_kras
TCGA-HU-8245	TCGA-STAD	1	0	1	1	cbio_mutation_tp53_kras
TCGA-HU-8249	TCGA-STAD	0	0	1	1	cbio_mutation_tp53_kras
TCGA-HU-8604	TCGA-STAD	1	0	1	1	cbio_mutation_tp53_kras
TCGA-HU-8608	TCGA-STAD	0	0	1	1	cbio_mutation_tp53_kras
TCGA-HU-8610	TCGA-STAD	0	0	1	1	cbio_mutation_tp53_kras
TCGA-HU-A4G2	TCGA-STAD	0	0	1	1	cbio_mutation_tp53_kras
TCGA-HU-A4G3	TCGA-STAD	0	0	1	1	cbio_mutation_tp53_kras
TCGA-HU-A4G6	TCGA-STAD	0	0	1	1	cbio_mutation_tp53_kras
TCGA-HU-A4G8	TCGA-STAD	0	0	1	1	cbio_mutation_tp53_kras
TCGA-HU-A4G9	TCGA-STAD	0	0	1	1	cbio_mutation_tp53_kras
TCGA-HU-A4GC	TCGA-STAD	1	0	1	1	cbio_mutation_tp53_kras
TCGA-HU-A4GD	TCGA-STAD	1	0	1	1	cbio_mutation_tp53_kras
TCGA-HU-A4GF	TCGA-STAD	1	0	1	1	cbio_mutation_tp53_kras
TCGA-HU-A4GH	TCGA-STAD	1	0	1	1	cbio_mutation_tp53_kras
TCGA-HU-A4GJ	TCGA-STAD	0	0	1	1	cbio_mutation_tp53_kras
TCGA-HU-A4GN	TCGA-STAD	1	0	1	1	cbio_mutation_tp53_kras
TCGA-HU-A4GP	TCGA-STAD	1	0	1	1	cbio_mutation_tp53_kras
TCGA-HU-A4GQ	TCGA-STAD	1	0	1	1	cbio_mutation_tp53_kras
TCGA-HU-A4GT	TCGA-STAD	0	0	1	1	cbio_mutation_tp53_kras
TCGA-HU-A4GU	TCGA-STAD	1	0	1	1	cbio_mutation_tp53_kras
TCGA-HU-A4GX	TCGA-STAD	1	0	1	1	cbio_mutation_tp53_kras
TCGA-HU-A4GY	TCGA-STAD	0	0	1	1	cbio_mutation_tp53_kras
TCGA-HU-A4H0	TCGA-STAD	0	0	1	1	cbio_mutation_tp53_kras
TCGA-HU-A4H5	TCGA-STAD	0	0	1	1	cbio_mutation_tp53_kras
TCGA-HU-A4H6	TCGA-STAD	0	0	1	1	cbio_mutation_tp53_kras
TCGA-HU-A4H8	TCGA-STAD	0	0	1	1	cbio_mutation_tp53_kras
TCGA-HU-A4HB	TCGA-STAD	0	0	1	1	cbio_mutation_tp53_kras
TCGA-HU-A4HD	TCGA-STAD	1	0	1	1	cbio_mutation_tp53_kras
TCGA-HV-A5A3	TCGA-PAAD	1	1	1	1	cbio_mutation_tp53_kras
TCGA-HV-A5A4	TCGA-PAAD	0	1	1	1	cbio_mutation_tp53_kras
TCGA-HV-A5A5	TCGA-PAAD	1	0	1	1	cbio_mutation_tp53_kras
TCGA-HV-A5A6	TCGA-PAAD	1	1	1	1	cbio_mutation_tp53_kras
TCGA-HV-A7OL	TCGA-PAAD	1	1	1	1	cbio_mutation_tp53_kras
TCGA-HV-A7OP	TCGA-PAAD	0	1	1	1	cbio_mutation_tp53_kras
TCGA-HV-AA8V	TCGA-PAAD	1	1	1	1	cbio_mutation_tp53_kras
TCGA-HV-AA8X	TCGA-PAAD	1	1	1	1	cbio_mutation_tp53_kras
TCGA-HW-7486	TCGA-LGG	0	0	1	1	cbio_mutation_tp53_kras
TCGA-HW-7487	TCGA-LGG	0	0	1	1	cbio_mutation_tp53_kras
TCGA-HW-7489	TCGA-LGG	1	0	1	1	cbio_mutation_tp53_kras
TCGA-HW-7490	TCGA-LGG	1	0	1	1	cbio_mutation_tp53_kras
TCGA-HW-7491	TCGA-LGG	0	0	1	1	cbio_mutation_tp53_kras
TCGA-HW-7493	TCGA-LGG	0	0	1	1	cbio_mutation_tp53_kras
TCGA-HW-7495	TCGA-LGG	0	0	1	1	cbio_mutation_tp53_kras
TCGA-HW-8319	TCGA-LGG	1	0	1	1	cbio_mutation_tp53_kras
TCGA-HW-8320	TCGA-LGG	1	0	1	1	cbio_mutation_tp53_kras
TCGA-HW-8321	TCGA-LGG	1	0	1	1	cbio_mutation_tp53_kras
TCGA-HW-8322	TCGA-LGG	0	0	1	1	cbio_mutation_tp53_kras
TCGA-HW-A5KJ	TCGA-LGG	0	0	1	1	cbio_mutation_tp53_kras
TCGA-HW-A5KK	TCGA-LGG	0	0	1	1	cbio_mutation_tp53_kras
TCGA-HW-A5KL	TCGA-LGG	1	0	1	1	cbio_mutation_tp53_kras
TCGA-HW-A5KM	TCGA-LGG	1	0	1	1	cbio_mutation_tp53_kras
TCGA-HZ-7289	TCGA-PAAD	0	0	1	1	cbio_mutation_tp53_kras
TCGA-HZ-7918	TCGA-PAAD	0	0	1	1	cbio_mutation_tp53_kras
TCGA-HZ-7919	TCGA-PAAD	0	1	1	1	cbio_mutation_tp53_kras
TCGA-HZ-7920	TCGA-PAAD	0	0	1	1	cbio_mutation_tp53_kras
TCGA-HZ-7922	TCGA-PAAD	1	1	1	1	cbio_mutation_tp53_kras
TCGA-HZ-7923	TCGA-PAAD	Unknown	Unknown	0	0	cbio_mutation_tp53_kras
TCGA-HZ-7924	TCGA-PAAD	0	0	1	1	cbio_mutation_tp53_kras
TCGA-HZ-7925	TCGA-PAAD	1	1	1	1	cbio_mutation_tp53_kras
TCGA-HZ-7926	TCGA-PAAD	1	1	1	1	cbio_mutation_tp53_kras
TCGA-HZ-8001	TCGA-PAAD	1	0	1	1	cbio_mutation_tp53_kras
TCGA-HZ-8002	TCGA-PAAD	0	0	1	1	cbio_mutation_tp53_kras
TCGA-HZ-8003	TCGA-PAAD	0	0	1	1	cbio_mutation_tp53_kras
TCGA-HZ-8005	TCGA-PAAD	1	1	1	1	cbio_mutation_tp53_kras
TCGA-HZ-8315	TCGA-PAAD	1	1	1	1	cbio_mutation_tp53_kras
TCGA-HZ-8317	TCGA-PAAD	0	0	1	1	cbio_mutation_tp53_kras
TCGA-HZ-8519	TCGA-PAAD	Unknown	Unknown	0	0	cbio_mutation_tp53_kras
TCGA-HZ-8636	TCGA-PAAD	1	1	1	1	cbio_mutation_tp53_kras
TCGA-HZ-8637	TCGA-PAAD	1	1	1	1	cbio_mutation_tp53_kras
TCGA-HZ-8638	TCGA-PAAD	0	0	1	1	cbio_mutation_tp53_kras
TCGA-HZ-A49G	TCGA-PAAD	1	1	1	1	cbio_mutation_tp53_kras
TCGA-HZ-A49H	TCGA-PAAD	0	1	1	1	cbio_mutation_tp53_kras
TCGA-HZ-A49I	TCGA-PAAD	1	1	1	1	cbio_mutation_tp53_kras
TCGA-HZ-A4BH	TCGA-PAAD	1	1	1	1	cbio_mutation_tp53_kras
TCGA-HZ-A4BK	TCGA-PAAD	1	1	1	1	cbio_mutation_tp53_kras
TCGA-HZ-A77O	TCGA-PAAD	1	1	1	1	cbio_mutation_tp53_kras
TCGA-HZ-A77P	TCGA-PAAD	1	0	1	1	cbio_mutation_tp53_kras
TCGA-HZ-A77Q	TCGA-PAAD	1	1	1	1	cbio_mutation_tp53_kras
TCGA-HZ-A8P0	TCGA-PAAD	0	1	1	1	cbio_mutation_tp53_kras
TCGA-HZ-A8P1	TCGA-PAAD	0	1	1	1	cbio_mutation_tp53_kras
TCGA-HZ-A9TJ	TCGA-PAAD	1	1	1	1	cbio_mutation_tp53_kras
TCGA-IA-A40U	TCGA-KIRP	0	0	1	1	cbio_mutation_tp53_kras
TCGA-IA-A40X	TCGA-KIRP	0	0	1	1	cbio_mutation_tp53_kras
TCGA-IA-A40Y	TCGA-KIRP	0	0	1	1	cbio_mutation_tp53_kras
TCGA-IA-A83S	TCGA-KIRP	0	0	1	1	cbio_mutation_tp53_kras
TCGA-IA-A83T	TCGA-KIRP	0	0	1	1	cbio_mutation_tp53_kras
TCGA-IA-A83V	TCGA-KIRP	0	0	1	1	cbio_mutation_tp53_kras
TCGA-IA-A83W	TCGA-KIRP	0	0	1	1	cbio_mutation_tp53_kras
TCGA-IB-7644	TCGA-PAAD	1	1	1	1	cbio_mutation_tp53_kras
TCGA-IB-7645	TCGA-PAAD	1	1	1	1	cbio_mutation_tp53_kras
TCGA-IB-7646	TCGA-PAAD	1	1	1	1	cbio_mutation_tp53_kras
TCGA-IB-7647	TCGA-PAAD	1	1	1	1	cbio_mutation_tp53_kras
TCGA-IB-7649	TCGA-PAAD	1	1	1	1	cbio_mutation_tp53_kras
TCGA-IB-7651	TCGA-PAAD	0	1	1	1	cbio_mutation_tp53_kras
TCGA-IB-7652	TCGA-PAAD	1	1	1	1	cbio_mutation_tp53_kras
TCGA-IB-7654	TCGA-PAAD	Unknown	Unknown	0	0	cbio_mutation_tp53_kras
TCGA-IB-7885	TCGA-PAAD	0	0	1	1	cbio_mutation_tp53_kras
TCGA-IB-7886	TCGA-PAAD	1	1	1	1	cbio_mutation_tp53_kras
TCGA-IB-7887	TCGA-PAAD	1	1	1	1	cbio_mutation_tp53_kras
TCGA-IB-7888	TCGA-PAAD	1	0	1	1	cbio_mutation_tp53_kras
TCGA-IB-7889	TCGA-PAAD	1	1	1	1	cbio_mutation_tp53_kras
TCGA-IB-7890	TCGA-PAAD	1	1	1	1	cbio_mutation_tp53_kras
TCGA-IB-7891	TCGA-PAAD	1	0	1	1	cbio_mutation_tp53_kras
TCGA-IB-7893	TCGA-PAAD	1	1	1	1	cbio_mutation_tp53_kras
TCGA-IB-7897	TCGA-PAAD	0	0	1	1	cbio_mutation_tp53_kras
TCGA-IB-8126	TCGA-PAAD	0	0	1	1	cbio_mutation_tp53_kras
TCGA-IB-8127	TCGA-PAAD	1	1	1	1	cbio_mutation_tp53_kras
TCGA-IB-A5SO	TCGA-PAAD	1	1	1	1	cbio_mutation_tp53_kras
TCGA-IB-A5SP	TCGA-PAAD	1	1	1	1	cbio_mutation_tp53_kras
TCGA-IB-A5SQ	TCGA-PAAD	0	0	1	1	cbio_mutation_tp53_kras
TCGA-IB-A5SS	TCGA-PAAD	1	1	1	1	cbio_mutation_tp53_kras
TCGA-IB-A5ST	TCGA-PAAD	0	0	1	1	cbio_mutation_tp53_kras
TCGA-IB-A6UF	TCGA-PAAD	1	1	1	1	cbio_mutation_tp53_kras
TCGA-IB-A6UG	TCGA-PAAD	1	1	1	1	cbio_mutation_tp53_kras
TCGA-IB-A7LX	TCGA-PAAD	0	1	1	1	cbio_mutation_tp53_kras
TCGA-IB-A7M4	TCGA-PAAD	1	1	1	1	cbio_mutation_tp53_kras
TCGA-IB-AAUM	TCGA-PAAD	0	1	1	1	cbio_mutation_tp53_kras
TCGA-IB-AAUN	TCGA-PAAD	1	1	1	1	cbio_mutation_tp53_kras
TCGA-IB-AAUO	TCGA-PAAD	0	1	1	1	cbio_mutation_tp53_kras
TCGA-IB-AAUP	TCGA-PAAD	0	0	1	1	cbio_mutation_tp53_kras
TCGA-IB-AAUQ	TCGA-PAAD	1	1	1	1	cbio_mutation_tp53_kras
TCGA-IB-AAUR	TCGA-PAAD	0	0	1	1	cbio_mutation_tp53_kras
TCGA-IB-AAUS	TCGA-PAAD	0	0	1	1	cbio_mutation_tp53_kras
TCGA-IB-AAUT	TCGA-PAAD	Unknown	Unknown	0	0	cbio_mutation_tp53_kras
TCGA-IB-AAUU	TCGA-PAAD	1	1	1	1	cbio_mutation_tp53_kras
TCGA-IB-AAUV	TCGA-PAAD	0	0	1	1	cbio_mutation_tp53_kras
TCGA-IB-AAUW	TCGA-PAAD	0	0	1	1	cbio_mutation_tp53_kras
TCGA-IE-A3OV	TCGA-SARC	0	0	1	1	cbio_mutation_tp53_kras
TCGA-IE-A4EH	TCGA-SARC	1	0	1	1	cbio_mutation_tp53_kras
TCGA-IE-A4EI	TCGA-SARC	1	0	1	1	cbio_mutation_tp53_kras
TCGA-IE-A4EJ	TCGA-SARC	1	0	1	1	cbio_mutation_tp53_kras
TCGA-IE-A4EK	TCGA-SARC	0	0	1	1	cbio_mutation_tp53_kras
TCGA-IE-A6BZ	TCGA-SARC	0	0	1	1	cbio_mutation_tp53_kras
TCGA-IF-A3RQ	TCGA-SARC	0	0	1	1	cbio_mutation_tp53_kras
TCGA-IF-A4AJ	TCGA-SARC	1	0	1	1	cbio_mutation_tp53_kras
TCGA-IF-A4AK	TCGA-SARC	Unknown	Unknown	0	0	cbio_mutation_tp53_kras
TCGA-IG-A3I8	TCGA-ESCA	1	0	1	1	cbio_mutation_tp53_kras
TCGA-IG-A3QL	TCGA-ESCA	1	0	1	1	cbio_mutation_tp53_kras
TCGA-IG-A3Y9	TCGA-ESCA	1	0	1	1	cbio_mutation_tp53_kras
TCGA-IG-A3YA	TCGA-ESCA	1	0	1	1	cbio_mutation_tp53_kras
TCGA-IG-A3YB	TCGA-ESCA	1	0	1	1	cbio_mutation_tp53_kras
TCGA-IG-A3YC	TCGA-ESCA	1	0	1	1	cbio_mutation_tp53_kras
TCGA-IG-A4P3	TCGA-ESCA	1	0	1	1	cbio_mutation_tp53_kras
TCGA-IG-A4QS	TCGA-ESCA	1	0	1	1	cbio_mutation_tp53_kras
TCGA-IG-A4QT	TCGA-ESCA	0	0	1	1	cbio_mutation_tp53_kras
TCGA-IG-A50L	TCGA-ESCA	1	0	1	1	cbio_mutation_tp53_kras
TCGA-IG-A51D	TCGA-ESCA	1	0	1	1	cbio_mutation_tp53_kras
TCGA-IG-A5B8	TCGA-ESCA	1	0	1	1	cbio_mutation_tp53_kras
TCGA-IG-A5S3	TCGA-ESCA	1	0	1	1	cbio_mutation_tp53_kras
TCGA-IG-A625	TCGA-ESCA	1	0	1	1	cbio_mutation_tp53_kras
TCGA-IG-A6QS	TCGA-ESCA	1	0	1	1	cbio_mutation_tp53_kras
TCGA-IG-A7DP	TCGA-ESCA	0	0	1	1	cbio_mutation_tp53_kras
TCGA-IG-A8O2	TCGA-ESCA	1	0	1	1	cbio_mutation_tp53_kras
TCGA-IG-A97H	TCGA-ESCA	1	0	1	1	cbio_mutation_tp53_kras
TCGA-IG-A97I	TCGA-ESCA	1	0	1	1	cbio_mutation_tp53_kras
TCGA-IH-A3EA	TCGA-SKCM	0	0	1	1	cbio_mutation_tp53_kras
TCGA-IK-7675	TCGA-LGG	1	0	1	1	cbio_mutation_tp53_kras
TCGA-IK-8125	TCGA-LGG	0	0	1	1	cbio_mutation_tp53_kras
TCGA-IM-A3EB	TCGA-THCA	0	0	1	1	cbio_mutation_tp53_kras
TCGA-IM-A3ED	TCGA-THCA	0	0	1	1	cbio_mutation_tp53_kras
TCGA-IM-A3U2	TCGA-THCA	0	0	1	1	cbio_mutation_tp53_kras
TCGA-IM-A3U3	TCGA-THCA	0	0	1	1	cbio_mutation_tp53_kras
TCGA-IM-A41Y	TCGA-THCA	0	0	1	1	cbio_mutation_tp53_kras
TCGA-IM-A41Z	TCGA-THCA	Unknown	Unknown	0	0	cbio_mutation_tp53_kras
TCGA-IM-A420	TCGA-THCA	0	0	1	1	cbio_mutation_tp53_kras
TCGA-IM-A4EB	TCGA-THCA	0	0	1	1	cbio_mutation_tp53_kras
TCGA-IN-7806	TCGA-STAD	1	0	1	1	cbio_mutation_tp53_kras
TCGA-IN-7808	TCGA-STAD	1	0	1	1	cbio_mutation_tp53_kras
TCGA-IN-8663	TCGA-STAD	0	0	1	1	cbio_mutation_tp53_kras
TCGA-IP-7968	TCGA-STAD	1	0	1	1	cbio_mutation_tp53_kras
TCGA-IQ-7630	TCGA-HNSC	1	0	1	1	cbio_mutation_tp53_kras
TCGA-IQ-7631	TCGA-HNSC	0	0	1	1	cbio_mutation_tp53_kras
TCGA-IQ-7632	TCGA-HNSC	0	0	1	1	cbio_mutation_tp53_kras
TCGA-IQ-A61E	TCGA-HNSC	1	0	1	1	cbio_mutation_tp53_kras
TCGA-IQ-A61G	TCGA-HNSC	1	0	1	1	cbio_mutation_tp53_kras
TCGA-IQ-A61H	TCGA-HNSC	1	0	1	1	cbio_mutation_tp53_kras
TCGA-IQ-A61I	TCGA-HNSC	0	0	1	1	cbio_mutation_tp53_kras
TCGA-IQ-A61J	TCGA-HNSC	1	0	1	1	cbio_mutation_tp53_kras
TCGA-IQ-A61K	TCGA-HNSC	1	0	1	1	cbio_mutation_tp53_kras
TCGA-IQ-A61L	TCGA-HNSC	1	0	1	1	cbio_mutation_tp53_kras
TCGA-IQ-A61O	TCGA-HNSC	1	0	1	1	cbio_mutation_tp53_kras
TCGA-IQ-A6SG	TCGA-HNSC	1	0	1	1	cbio_mutation_tp53_kras
TCGA-IQ-A6SH	TCGA-HNSC	1	0	1	1	cbio_mutation_tp53_kras
TCGA-IR-A3L7	TCGA-CESC	0	0	1	1	cbio_mutation_tp53_kras
TCGA-IR-A3LA	TCGA-CESC	1	0	1	1	cbio_mutation_tp53_kras
TCGA-IR-A3LB	TCGA-CESC	0	1	1	1	cbio_mutation_tp53_kras
TCGA-IR-A3LC	TCGA-CESC	0	0	1	1	cbio_mutation_tp53_kras
TCGA-IR-A3LF	TCGA-CESC	0	0	1	1	cbio_mutation_tp53_kras
TCGA-IR-A3LH	TCGA-CESC	0	0	1	1	cbio_mutation_tp53_kras
TCGA-IR-A3LI	TCGA-CESC	0	0	1	1	cbio_mutation_tp53_kras
TCGA-IR-A3LK	TCGA-CESC	1	0	1	1	cbio_mutation_tp53_kras
TCGA-IR-A3LL	TCGA-CESC	0	0	1	1	cbio_mutation_tp53_kras
TCGA-IS-A3K6	TCGA-SARC	1	0	1	1	cbio_mutation_tp53_kras
TCGA-IS-A3K7	TCGA-SARC	1	0	1	1	cbio_mutation_tp53_kras
TCGA-IS-A3K8	TCGA-SARC	0	0	1	1	cbio_mutation_tp53_kras
TCGA-IS-A3KA	TCGA-SARC	1	0	1	1	cbio_mutation_tp53_kras
TCGA-IW-A3M4	TCGA-SARC	0	0	1	1	cbio_mutation_tp53_kras
TCGA-IW-A3M6	TCGA-SARC	0	0	1	1	cbio_mutation_tp53_kras
TCGA-IZ-8195	TCGA-KIRP	0	0	1	1	cbio_mutation_tp53_kras
TCGA-IZ-8196	TCGA-KIRP	0	0	1	1	cbio_mutation_tp53_kras
TCGA-IZ-A6M8	TCGA-KIRP	0	0	1	1	cbio_mutation_tp53_kras
TCGA-IZ-A6M9	TCGA-KIRP	0	0	1	1	cbio_mutation_tp53_kras
TCGA-J1-A4AH	TCGA-LUSC	1	0	1	1	cbio_mutation_tp53_kras
TCGA-J2-8192	TCGA-LUAD	0	0	1	1	cbio_mutation_tp53_kras
TCGA-J2-8194	TCGA-LUAD	0	1	1	1	cbio_mutation_tp53_kras
TCGA-J2-A4AD	TCGA-LUAD	1	0	1	1	cbio_mutation_tp53_kras
TCGA-J2-A4AE	TCGA-LUAD	0	0	1	1	cbio_mutation_tp53_kras
TCGA-J2-A4AG	TCGA-LUAD	0	1	1	1	cbio_mutation_tp53_kras
TCGA-J4-8198	TCGA-PRAD	0	0	1	1	cbio_mutation_tp53_kras
TCGA-J4-8200	TCGA-PRAD	0	0	1	1	cbio_mutation_tp53_kras
TCGA-J4-A67K	TCGA-PRAD	0	0	1	1	cbio_mutation_tp53_kras
TCGA-J4-A67L	TCGA-PRAD	1	0	1	1	cbio_mutation_tp53_kras
TCGA-J4-A67M	TCGA-PRAD	0	0	1	1	cbio_mutation_tp53_kras
TCGA-J4-A67N	TCGA-PRAD	0	0	1	1	cbio_mutation_tp53_kras
TCGA-J4-A67O	TCGA-PRAD	0	0	1	1	cbio_mutation_tp53_kras
TCGA-J4-A67Q	TCGA-PRAD	0	0	1	1	cbio_mutation_tp53_kras
TCGA-J4-A67R	TCGA-PRAD	0	0	1	1	cbio_mutation_tp53_kras
TCGA-J4-A67S	TCGA-PRAD	0	0	1	1	cbio_mutation_tp53_kras
TCGA-J4-A67T	TCGA-PRAD	0	0	1	1	cbio_mutation_tp53_kras
TCGA-J4-A6G1	TCGA-PRAD	0	0	1	1	cbio_mutation_tp53_kras
TCGA-J4-A6G3	TCGA-PRAD	0	0	1	1	cbio_mutation_tp53_kras
TCGA-J4-A6M7	TCGA-PRAD	0	0	1	1	cbio_mutation_tp53_kras
TCGA-J4-A83I	TCGA-PRAD	0	0	1	1	cbio_mutation_tp53_kras
TCGA-J4-A83J	TCGA-PRAD	0	0	1	1	cbio_mutation_tp53_kras
TCGA-J4-A83K	TCGA-PRAD	0	0	1	1	cbio_mutation_tp53_kras
TCGA-J4-A83L	TCGA-PRAD	0	0	1	1	cbio_mutation_tp53_kras
TCGA-J4-A83M	TCGA-PRAD	0	0	1	1	cbio_mutation_tp53_kras
TCGA-J4-A83N	TCGA-PRAD	0	0	1	1	cbio_mutation_tp53_kras
TCGA-J4-AATV	TCGA-PRAD	0	0	1	1	cbio_mutation_tp53_kras
TCGA-J4-AATZ	TCGA-PRAD	0	0	1	1	cbio_mutation_tp53_kras
TCGA-J4-AAU2	TCGA-PRAD	0	0	1	1	cbio_mutation_tp53_kras
TCGA-J7-6720	TCGA-KIRP	0	0	1	1	cbio_mutation_tp53_kras
TCGA-J7-8537	TCGA-KIRP	0	0	1	1	cbio_mutation_tp53_kras
TCGA-J7-A8I2	TCGA-KIRP	0	0	1	1	cbio_mutation_tp53_kras
TCGA-J8-A3NZ	TCGA-THCA	0	0	1	1	cbio_mutation_tp53_kras
TCGA-J8-A3O0	TCGA-THCA	0	0	1	1	cbio_mutation_tp53_kras
TCGA-J8-A3O1	TCGA-THCA	0	0	1	1	cbio_mutation_tp53_kras
TCGA-J8-A3O2	TCGA-THCA	0	0	1	1	cbio_mutation_tp53_kras
TCGA-J8-A3YD	TCGA-THCA	0	0	1	1	cbio_mutation_tp53_kras
TCGA-J8-A3YE	TCGA-THCA	0	0	1	1	cbio_mutation_tp53_kras
TCGA-J8-A3YF	TCGA-THCA	0	0	1	1	cbio_mutation_tp53_kras
TCGA-J8-A3YG	TCGA-THCA	0	0	1	1	cbio_mutation_tp53_kras
TCGA-J8-A3YH	TCGA-THCA	0	0	1	1	cbio_mutation_tp53_kras
TCGA-J8-A42S	TCGA-THCA	0	0	1	1	cbio_mutation_tp53_kras
TCGA-J8-A4HW	TCGA-THCA	0	0	1	1	cbio_mutation_tp53_kras
TCGA-J8-A4HY	TCGA-THCA	0	0	1	1	cbio_mutation_tp53_kras
TCGA-JL-A3YW	TCGA-BRCA_OTHERS	0	0	1	1	cbio_mutation_tp53_kras
TCGA-JL-A3YX	TCGA-BRCA_OTHERS	0	0	1	1	cbio_mutation_tp53_kras
TCGA-JU-AAVI	TCGA-UCEC	1	0	1	1	cbio_mutation_tp53_kras
TCGA-JV-A5VE	TCGA-SARC	0	0	1	1	cbio_mutation_tp53_kras
TCGA-JV-A5VF	TCGA-SARC	1	0	1	1	cbio_mutation_tp53_kras
TCGA-JV-A75J	TCGA-SARC	0	0	1	1	cbio_mutation_tp53_kras
TCGA-JW-A5VG	TCGA-CESC	0	0	1	1	cbio_mutation_tp53_kras
TCGA-JW-A5VH	TCGA-CESC	0	1	1	1	cbio_mutation_tp53_kras
TCGA-JW-A5VK	TCGA-CESC	0	0	1	1	cbio_mutation_tp53_kras
TCGA-JW-A5VL	TCGA-CESC	0	0	1	1	cbio_mutation_tp53_kras
TCGA-JW-A69B	TCGA-CESC	0	0	1	1	cbio_mutation_tp53_kras
TCGA-JW-AAVH	TCGA-CESC	0	0	1	1	cbio_mutation_tp53_kras
TCGA-JX-A3PZ	TCGA-CESC	0	0	1	1	cbio_mutation_tp53_kras
TCGA-JX-A3Q0	TCGA-CESC	1	0	1	1	cbio_mutation_tp53_kras
TCGA-JX-A3Q8	TCGA-CESC	0	0	1	1	cbio_mutation_tp53_kras
TCGA-JX-A5QV	TCGA-CESC	0	0	1	1	cbio_mutation_tp53_kras
TCGA-JY-A6F8	TCGA-ESCA	1	0	1	1	cbio_mutation_tp53_kras
TCGA-JY-A6FA	TCGA-ESCA	1	0	1	1	cbio_mutation_tp53_kras
TCGA-JY-A6FB	TCGA-ESCA	1	0	1	1	cbio_mutation_tp53_kras
TCGA-JY-A6FD	TCGA-ESCA	1	0	1	1	cbio_mutation_tp53_kras
TCGA-JY-A6FE	TCGA-ESCA	1	0	1	1	cbio_mutation_tp53_kras
TCGA-JY-A6FG	TCGA-ESCA	1	0	1	1	cbio_mutation_tp53_kras
TCGA-JY-A6FH	TCGA-ESCA	1	0	1	1	cbio_mutation_tp53_kras
TCGA-JY-A938	TCGA-ESCA	1	0	1	1	cbio_mutation_tp53_kras
TCGA-JY-A939	TCGA-ESCA	1	0	1	1	cbio_mutation_tp53_kras
TCGA-JY-A93C	TCGA-ESCA	1	0	1	1	cbio_mutation_tp53_kras
TCGA-JY-A93D	TCGA-ESCA	1	0	1	1	cbio_mutation_tp53_kras
TCGA-JY-A93E	TCGA-ESCA	1	0	1	1	cbio_mutation_tp53_kras
TCGA-JY-A93F	TCGA-ESCA	0	0	1	1	cbio_mutation_tp53_kras
TCGA-K1-A3PO	TCGA-SARC	0	0	1	1	cbio_mutation_tp53_kras
TCGA-K1-A42W	TCGA-SARC	0	0	1	1	cbio_mutation_tp53_kras
TCGA-K1-A42X	TCGA-SARC	0	0	1	1	cbio_mutation_tp53_kras
TCGA-K4-A3WS	TCGA-BLCA	0	0	1	1	cbio_mutation_tp53_kras
TCGA-K4-A3WU	TCGA-BLCA	0	0	1	1	cbio_mutation_tp53_kras
TCGA-K4-A3WV	TCGA-BLCA	0	0	1	1	cbio_mutation_tp53_kras
TCGA-K4-A4AB	TCGA-BLCA	1	0	1	1	cbio_mutation_tp53_kras
TCGA-K4-A4AC	TCGA-BLCA	1	0	1	1	cbio_mutation_tp53_kras
TCGA-K4-A54R	TCGA-BLCA	1	0	1	1	cbio_mutation_tp53_kras
TCGA-K4-A5RH	TCGA-BLCA	1	0	1	1	cbio_mutation_tp53_kras
TCGA-K4-A5RI	TCGA-BLCA	1	0	1	1	cbio_mutation_tp53_kras
TCGA-K4-A5RJ	TCGA-BLCA	1	0	1	1	cbio_mutation_tp53_kras
TCGA-K4-A6FZ	TCGA-BLCA	1	0	1	1	cbio_mutation_tp53_kras
TCGA-K4-A6MB	TCGA-BLCA	1	0	1	1	cbio_mutation_tp53_kras
TCGA-K4-A83P	TCGA-BLCA	0	0	1	1	cbio_mutation_tp53_kras
TCGA-K4-AAQO	TCGA-BLCA	1	0	1	1	cbio_mutation_tp53_kras
TCGA-K6-A3WQ	TCGA-UCEC	1	0	1	1	cbio_mutation_tp53_kras
TCGA-K7-A5RF	TCGA-LIHC	0	0	1	1	cbio_mutation_tp53_kras
TCGA-K7-A5RG	TCGA-LIHC	1	0	1	1	cbio_mutation_tp53_kras
TCGA-K7-A6G5	TCGA-LIHC	0	0	1	1	cbio_mutation_tp53_kras
TCGA-K7-AAU7	TCGA-LIHC	1	0	1	1	cbio_mutation_tp53_kras
TCGA-KB-A6F5	TCGA-STAD	1	0	1	1	cbio_mutation_tp53_kras
TCGA-KB-A6F7	TCGA-STAD	0	0	1	1	cbio_mutation_tp53_kras
TCGA-KB-A93G	TCGA-STAD	1	0	1	1	cbio_mutation_tp53_kras
TCGA-KB-A93H	TCGA-STAD	1	0	1	1	cbio_mutation_tp53_kras
TCGA-KB-A93J	TCGA-STAD	1	0	1	1	cbio_mutation_tp53_kras
TCGA-KD-A5QS	TCGA-SARC	0	0	1	1	cbio_mutation_tp53_kras
TCGA-KD-A5QT	TCGA-SARC	1	0	1	1	cbio_mutation_tp53_kras
TCGA-KF-A41W	TCGA-SARC	1	0	1	1	cbio_mutation_tp53_kras
TCGA-KH-A6WC	TCGA-ESCA	0	0	1	1	cbio_mutation_tp53_kras
TCGA-KJ-A3U4	TCGA-UCEC	Unknown	Unknown	0	0	cbio_mutation_tp53_kras
TCGA-KK-A59V	TCGA-PRAD	0	0	1	1	cbio_mutation_tp53_kras
TCGA-KK-A59X	TCGA-PRAD	0	0	1	1	cbio_mutation_tp53_kras
TCGA-KK-A59Y	TCGA-PRAD	0	0	1	1	cbio_mutation_tp53_kras
TCGA-KK-A59Z	TCGA-PRAD	0	0	1	1	cbio_mutation_tp53_kras
TCGA-KK-A5A1	TCGA-PRAD	0	0	1	1	cbio_mutation_tp53_kras
TCGA-KK-A6DY	TCGA-PRAD	1	0	1	1	cbio_mutation_tp53_kras
TCGA-KK-A6E0	TCGA-PRAD	0	0	1	1	cbio_mutation_tp53_kras
TCGA-KK-A6E1	TCGA-PRAD	0	0	1	1	cbio_mutation_tp53_kras
TCGA-KK-A6E2	TCGA-PRAD	0	0	1	1	cbio_mutation_tp53_kras
TCGA-KK-A6E3	TCGA-PRAD	0	0	1	1	cbio_mutation_tp53_kras
TCGA-KK-A6E4	TCGA-PRAD	0	0	1	1	cbio_mutation_tp53_kras
TCGA-KK-A6E5	TCGA-PRAD	0	0	1	1	cbio_mutation_tp53_kras
TCGA-KK-A6E6	TCGA-PRAD	0	0	1	1	cbio_mutation_tp53_kras
TCGA-KK-A6E7	TCGA-PRAD	0	0	1	1	cbio_mutation_tp53_kras
TCGA-KK-A6E8	TCGA-PRAD	0	0	1	1	cbio_mutation_tp53_kras
TCGA-KK-A7AP	TCGA-PRAD	0	0	1	1	cbio_mutation_tp53_kras
TCGA-KK-A7AQ	TCGA-PRAD	0	0	1	1	cbio_mutation_tp53_kras
TCGA-KK-A7AU	TCGA-PRAD	1	0	1	1	cbio_mutation_tp53_kras
TCGA-KK-A7AV	TCGA-PRAD	0	0	1	1	cbio_mutation_tp53_kras
TCGA-KK-A7AW	TCGA-PRAD	0	0	1	1	cbio_mutation_tp53_kras
TCGA-KK-A7AY	TCGA-PRAD	0	0	1	1	cbio_mutation_tp53_kras
TCGA-KK-A7AZ	TCGA-PRAD	0	0	1	1	cbio_mutation_tp53_kras
TCGA-KK-A7B0	TCGA-PRAD	0	0	1	1	cbio_mutation_tp53_kras
TCGA-KK-A7B1	TCGA-PRAD	0	0	1	1	cbio_mutation_tp53_kras
TCGA-KK-A7B2	TCGA-PRAD	0	0	1	1	cbio_mutation_tp53_kras
TCGA-KK-A7B3	TCGA-PRAD	0	0	1	1	cbio_mutation_tp53_kras
TCGA-KK-A7B4	TCGA-PRAD	1	0	1	1	cbio_mutation_tp53_kras
TCGA-KK-A8I4	TCGA-PRAD	0	0	1	1	cbio_mutation_tp53_kras
TCGA-KK-A8I5	TCGA-PRAD	0	0	1	1	cbio_mutation_tp53_kras
TCGA-KK-A8I6	TCGA-PRAD	0	0	1	1	cbio_mutation_tp53_kras
TCGA-KK-A8I7	TCGA-PRAD	0	0	1	1	cbio_mutation_tp53_kras
TCGA-KK-A8I8	TCGA-PRAD	0	0	1	1	cbio_mutation_tp53_kras
TCGA-KK-A8I9	TCGA-PRAD	0	0	1	1	cbio_mutation_tp53_kras
TCGA-KK-A8IA	TCGA-PRAD	0	0	1	1	cbio_mutation_tp53_kras
TCGA-KK-A8IB	TCGA-PRAD	0	0	1	1	cbio_mutation_tp53_kras
TCGA-KK-A8IC	TCGA-PRAD	0	0	1	1	cbio_mutation_tp53_kras
TCGA-KK-A8ID	TCGA-PRAD	0	0	1	1	cbio_mutation_tp53_kras
TCGA-KK-A8IF	TCGA-PRAD	0	0	1	1	cbio_mutation_tp53_kras
TCGA-KK-A8IG	TCGA-PRAD	1	0	1	1	cbio_mutation_tp53_kras
TCGA-KK-A8IH	TCGA-PRAD	0	0	1	1	cbio_mutation_tp53_kras
TCGA-KK-A8II	TCGA-PRAD	0	0	1	1	cbio_mutation_tp53_kras
TCGA-KK-A8IJ	TCGA-PRAD	0	0	1	1	cbio_mutation_tp53_kras
TCGA-KK-A8IK	TCGA-PRAD	0	0	1	1	cbio_mutation_tp53_kras
TCGA-KK-A8IL	TCGA-PRAD	0	0	1	1	cbio_mutation_tp53_kras
TCGA-KK-A8IM	TCGA-PRAD	0	0	1	1	cbio_mutation_tp53_kras
TCGA-KL-8323	TCGA-KICH	0	0	1	1	cbio_mutation_tp53_kras
TCGA-KL-8324	TCGA-KICH	1	0	1	1	cbio_mutation_tp53_kras
TCGA-KL-8325	TCGA-KICH	0	0	1	1	cbio_mutation_tp53_kras
TCGA-KL-8326	TCGA-KICH	0	0	1	1	cbio_mutation_tp53_kras
TCGA-KL-8327	TCGA-KICH	0	0	1	1	cbio_mutation_tp53_kras
TCGA-KL-8328	TCGA-KICH	0	0	1	1	cbio_mutation_tp53_kras
TCGA-KL-8329	TCGA-KICH	1	0	1	1	cbio_mutation_tp53_kras
TCGA-KL-8330	TCGA-KICH	0	0	1	1	cbio_mutation_tp53_kras
TCGA-KL-8331	TCGA-KICH	0	0	1	1	cbio_mutation_tp53_kras
TCGA-KL-8332	TCGA-KICH	0	0	1	1	cbio_mutation_tp53_kras
TCGA-KL-8333	TCGA-KICH	0	0	1	1	cbio_mutation_tp53_kras
TCGA-KL-8334	TCGA-KICH	0	0	1	1	cbio_mutation_tp53_kras
TCGA-KL-8335	TCGA-KICH	1	0	1	1	cbio_mutation_tp53_kras
TCGA-KL-8336	TCGA-KICH	1	0	1	1	cbio_mutation_tp53_kras
TCGA-KL-8337	TCGA-KICH	1	0	1	1	cbio_mutation_tp53_kras
TCGA-KL-8338	TCGA-KICH	1	0	1	1	cbio_mutation_tp53_kras
TCGA-KL-8339	TCGA-KICH	1	0	1	1	cbio_mutation_tp53_kras
TCGA-KL-8340	TCGA-KICH	0	0	1	1	cbio_mutation_tp53_kras
TCGA-KL-8341	TCGA-KICH	1	0	1	1	cbio_mutation_tp53_kras
TCGA-KL-8342	TCGA-KICH	0	0	1	1	cbio_mutation_tp53_kras
TCGA-KL-8343	TCGA-KICH	0	0	1	1	cbio_mutation_tp53_kras
TCGA-KL-8344	TCGA-KICH	0	0	1	1	cbio_mutation_tp53_kras
TCGA-KL-8345	TCGA-KICH	0	0	1	1	cbio_mutation_tp53_kras
TCGA-KL-8346	TCGA-KICH	0	0	1	1	cbio_mutation_tp53_kras
TCGA-KM-8438	TCGA-KICH	0	0	1	1	cbio_mutation_tp53_kras
TCGA-KM-8439	TCGA-KICH	0	0	1	1	cbio_mutation_tp53_kras
TCGA-KM-8440	TCGA-KICH	0	0	1	1	cbio_mutation_tp53_kras
TCGA-KM-8441	TCGA-KICH	0	0	1	1	cbio_mutation_tp53_kras
TCGA-KM-8442	TCGA-KICH	0	0	1	1	cbio_mutation_tp53_kras
TCGA-KM-8443	TCGA-KICH	0	0	1	1	cbio_mutation_tp53_kras
TCGA-KM-8476	TCGA-KICH	0	0	1	1	cbio_mutation_tp53_kras
TCGA-KM-8477	TCGA-KICH	0	0	1	1	cbio_mutation_tp53_kras
TCGA-KM-8639	TCGA-KICH	0	0	1	1	cbio_mutation_tp53_kras
TCGA-KM-A7QA	TCGA-KICH	Unknown	Unknown	0	0	cbio_mutation_tp53_kras
TCGA-KM-A7QB	TCGA-KICH	Unknown	Unknown	0	0	cbio_mutation_tp53_kras
TCGA-KM-A7QC	TCGA-KICH	Unknown	Unknown	0	0	cbio_mutation_tp53_kras
TCGA-KM-A7QD	TCGA-KICH	Unknown	Unknown	0	0	cbio_mutation_tp53_kras
TCGA-KM-A7QE	TCGA-KICH	Unknown	Unknown	0	0	cbio_mutation_tp53_kras
TCGA-KM-A7QG	TCGA-KICH	Unknown	Unknown	0	0	cbio_mutation_tp53_kras
TCGA-KM-A7QH	TCGA-KICH	Unknown	Unknown	0	0	cbio_mutation_tp53_kras
TCGA-KM-A7QI	TCGA-KICH	Unknown	Unknown	0	0	cbio_mutation_tp53_kras
TCGA-KM-A7QJ	TCGA-KICH	Unknown	Unknown	0	0	cbio_mutation_tp53_kras
TCGA-KM-A7QK	TCGA-KICH	Unknown	Unknown	0	0	cbio_mutation_tp53_kras
TCGA-KM-A7QL	TCGA-KICH	Unknown	Unknown	0	0	cbio_mutation_tp53_kras
TCGA-KN-8418	TCGA-KICH	1	0	1	1	cbio_mutation_tp53_kras
TCGA-KN-8419	TCGA-KICH	0	0	1	1	cbio_mutation_tp53_kras
TCGA-KN-8421	TCGA-KICH	0	0	1	1	cbio_mutation_tp53_kras
TCGA-KN-8422	TCGA-KICH	0	0	1	1	cbio_mutation_tp53_kras
TCGA-KN-8423	TCGA-KICH	1	0	1	1	cbio_mutation_tp53_kras
TCGA-KN-8424	TCGA-KICH	1	0	1	1	cbio_mutation_tp53_kras
TCGA-KN-8425	TCGA-KICH	0	0	1	1	cbio_mutation_tp53_kras
TCGA-KN-8426	TCGA-KICH	0	0	1	1	cbio_mutation_tp53_kras
TCGA-KN-8427	TCGA-KICH	0	0	1	1	cbio_mutation_tp53_kras
TCGA-KN-8428	TCGA-KICH	1	0	1	1	cbio_mutation_tp53_kras
TCGA-KN-8429	TCGA-KICH	0	0	1	1	cbio_mutation_tp53_kras
TCGA-KN-8430	TCGA-KICH	Unknown	Unknown	0	0	cbio_mutation_tp53_kras
TCGA-KN-8431	TCGA-KICH	0	0	1	1	cbio_mutation_tp53_kras
TCGA-KN-8432	TCGA-KICH	0	0	1	1	cbio_mutation_tp53_kras
TCGA-KN-8433	TCGA-KICH	1	0	1	1	cbio_mutation_tp53_kras
TCGA-KN-8434	TCGA-KICH	1	0	1	1	cbio_mutation_tp53_kras
TCGA-KN-8435	TCGA-KICH	0	0	1	1	cbio_mutation_tp53_kras
TCGA-KN-8436	TCGA-KICH	1	0	1	1	cbio_mutation_tp53_kras
TCGA-KN-8437	TCGA-KICH	0	0	1	1	cbio_mutation_tp53_kras
TCGA-KO-8403	TCGA-KICH	1	0	1	1	cbio_mutation_tp53_kras
TCGA-KO-8404	TCGA-KICH	1	0	1	1	cbio_mutation_tp53_kras
TCGA-KO-8405	TCGA-KICH	0	0	1	1	cbio_mutation_tp53_kras
TCGA-KO-8406	TCGA-KICH	0	0	1	1	cbio_mutation_tp53_kras
TCGA-KO-8407	TCGA-KICH	0	0	1	1	cbio_mutation_tp53_kras
TCGA-KO-8408	TCGA-KICH	1	0	1	1	cbio_mutation_tp53_kras
TCGA-KO-8409	TCGA-KICH	0	0	1	1	cbio_mutation_tp53_kras
TCGA-KO-8410	TCGA-KICH	0	0	1	1	cbio_mutation_tp53_kras
TCGA-KO-8411	TCGA-KICH	0	0	1	1	cbio_mutation_tp53_kras
TCGA-KO-8413	TCGA-KICH	1	0	1	1	cbio_mutation_tp53_kras
TCGA-KO-8414	TCGA-KICH	1	0	1	1	cbio_mutation_tp53_kras
TCGA-KO-8415	TCGA-KICH	0	0	1	1	cbio_mutation_tp53_kras
TCGA-KO-8416	TCGA-KICH	1	0	1	1	cbio_mutation_tp53_kras
TCGA-KO-8417	TCGA-KICH	0	0	1	1	cbio_mutation_tp53_kras
TCGA-KS-A41F	TCGA-THCA	0	0	1	1	cbio_mutation_tp53_kras
TCGA-KS-A41I	TCGA-THCA	0	0	1	1	cbio_mutation_tp53_kras
TCGA-KS-A41J	TCGA-THCA	0	0	1	1	cbio_mutation_tp53_kras
TCGA-KS-A41L	TCGA-THCA	0	0	1	1	cbio_mutation_tp53_kras
TCGA-KS-A4I1	TCGA-THCA	0	0	1	1	cbio_mutation_tp53_kras
TCGA-KS-A4I3	TCGA-THCA	0	0	1	1	cbio_mutation_tp53_kras
TCGA-KS-A4I5	TCGA-THCA	0	0	1	1	cbio_mutation_tp53_kras
TCGA-KS-A4I7	TCGA-THCA	0	0	1	1	cbio_mutation_tp53_kras
TCGA-KS-A4I9	TCGA-THCA	0	0	1	1	cbio_mutation_tp53_kras
TCGA-KS-A4IB	TCGA-THCA	0	0	1	1	cbio_mutation_tp53_kras
TCGA-KS-A4IC	TCGA-THCA	0	0	1	1	cbio_mutation_tp53_kras
TCGA-KS-A4ID	TCGA-THCA	0	0	1	1	cbio_mutation_tp53_kras
TCGA-KT-A74X	TCGA-LGG	0	0	1	1	cbio_mutation_tp53_kras
TCGA-KT-A7W1	TCGA-LGG	0	0	1	1	cbio_mutation_tp53_kras
TCGA-KU-A66S	TCGA-HNSC	0	0	1	1	cbio_mutation_tp53_kras
TCGA-KU-A66T	TCGA-HNSC	1	0	1	1	cbio_mutation_tp53_kras
TCGA-KU-A6H7	TCGA-HNSC	0	0	1	1	cbio_mutation_tp53_kras
TCGA-KU-A6H8	TCGA-HNSC	0	0	1	1	cbio_mutation_tp53_kras
TCGA-KV-A6GD	TCGA-KIRP	0	0	1	1	cbio_mutation_tp53_kras
TCGA-KV-A6GE	TCGA-KIRP	0	0	1	1	cbio_mutation_tp53_kras
TCGA-KV-A74V	TCGA-KIRP	0	0	1	1	cbio_mutation_tp53_kras
TCGA-L1-A7W4	TCGA-PAAD	0	0	1	1	cbio_mutation_tp53_kras
TCGA-L3-A4E7	TCGA-LUSC	1	0	1	1	cbio_mutation_tp53_kras
TCGA-L3-A524	TCGA-LUSC	1	0	1	1	cbio_mutation_tp53_kras
TCGA-L4-A4E5	TCGA-LUAD	1	0	1	1	cbio_mutation_tp53_kras
TCGA-L4-A4E6	TCGA-LUAD	0	0	1	1	cbio_mutation_tp53_kras
TCGA-L5-A43E	TCGA-ESCA	1	0	1	1	cbio_mutation_tp53_kras
TCGA-L5-A43H	TCGA-ESCA	1	0	1	1	cbio_mutation_tp53_kras
TCGA-L5-A43J	TCGA-ESCA	1	0	1	1	cbio_mutation_tp53_kras
TCGA-L5-A43M	TCGA-ESCA	0	0	1	1	cbio_mutation_tp53_kras
TCGA-L5-A4OE	TCGA-ESCA	1	1	1	1	cbio_mutation_tp53_kras
TCGA-L5-A4OF	TCGA-ESCA	1	0	1	1	cbio_mutation_tp53_kras
TCGA-L5-A4OG	TCGA-ESCA	1	0	1	1	cbio_mutation_tp53_kras
TCGA-L5-A4OH	TCGA-ESCA	0	0	1	1	cbio_mutation_tp53_kras
TCGA-L5-A4OI	TCGA-ESCA	0	0	1	1	cbio_mutation_tp53_kras
TCGA-L5-A4OJ	TCGA-ESCA	1	0	1	1	cbio_mutation_tp53_kras
TCGA-L5-A4OM	TCGA-ESCA	1	0	1	1	cbio_mutation_tp53_kras
TCGA-L5-A4ON	TCGA-ESCA	1	0	1	1	cbio_mutation_tp53_kras
TCGA-L5-A4OO	TCGA-ESCA	1	0	1	1	cbio_mutation_tp53_kras
TCGA-L5-A4OP	TCGA-ESCA	1	0	1	1	cbio_mutation_tp53_kras
TCGA-L5-A4OQ	TCGA-ESCA	1	0	1	1	cbio_mutation_tp53_kras
TCGA-L5-A4OR	TCGA-ESCA	1	0	1	1	cbio_mutation_tp53_kras
TCGA-L5-A4OS	TCGA-ESCA	0	0	1	1	cbio_mutation_tp53_kras
TCGA-L5-A4OT	TCGA-ESCA	1	0	1	1	cbio_mutation_tp53_kras
TCGA-L5-A4OU	TCGA-ESCA	1	0	1	1	cbio_mutation_tp53_kras
TCGA-L5-A4OW	TCGA-ESCA	1	0	1	1	cbio_mutation_tp53_kras
TCGA-L5-A4OX	TCGA-ESCA	1	0	1	1	cbio_mutation_tp53_kras
TCGA-L6-A4EP	TCGA-THCA	0	0	1	1	cbio_mutation_tp53_kras
TCGA-L6-A4EQ	TCGA-THCA	0	0	1	1	cbio_mutation_tp53_kras
TCGA-L6-A4ET	TCGA-THCA	0	0	1	1	cbio_mutation_tp53_kras
TCGA-L6-A4EU	TCGA-THCA	0	0	1	1	cbio_mutation_tp53_kras
TCGA-L7-A56G	TCGA-ESCA	1	0	1	1	cbio_mutation_tp53_kras
TCGA-L7-A6VZ	TCGA-ESCA	1	0	1	1	cbio_mutation_tp53_kras
TCGA-L9-A443	TCGA-LUAD	0	1	1	1	cbio_mutation_tp53_kras
TCGA-L9-A444	TCGA-LUAD	1	0	1	1	cbio_mutation_tp53_kras
TCGA-L9-A50W	TCGA-LUAD	0	0	1	1	cbio_mutation_tp53_kras
TCGA-L9-A5IP	TCGA-LUAD	1	0	1	1	cbio_mutation_tp53_kras
TCGA-L9-A743	TCGA-LUAD	1	0	1	1	cbio_mutation_tp53_kras
TCGA-L9-A7SV	TCGA-LUAD	1	0	1	1	cbio_mutation_tp53_kras
TCGA-L9-A8F4	TCGA-LUAD	1	0	1	1	cbio_mutation_tp53_kras
TCGA-LA-A446	TCGA-LUSC	1	0	1	1	cbio_mutation_tp53_kras
TCGA-LA-A7SW	TCGA-LUSC	0	1	1	1	cbio_mutation_tp53_kras
TCGA-LB-A7SX	TCGA-PAAD	1	0	1	1	cbio_mutation_tp53_kras
TCGA-LB-A8F3	TCGA-PAAD	0	0	1	1	cbio_mutation_tp53_kras
TCGA-LB-A9Q5	TCGA-PAAD	1	0	1	1	cbio_mutation_tp53_kras
TCGA-LC-A66R	TCGA-BLCA	1	0	1	1	cbio_mutation_tp53_kras
TCGA-LD-A66U	TCGA-BRCA_OTHERS	0	0	1	1	cbio_mutation_tp53_kras
TCGA-LD-A74U	TCGA-BRCA_OTHERS	1	0	1	1	cbio_mutation_tp53_kras
TCGA-LD-A7W5	TCGA-BRCA_IDC	1	0	1	1	cbio_mutation_tp53_kras
TCGA-LD-A7W6	TCGA-BRCA_OTHERS	0	0	1	1	cbio_mutation_tp53_kras
TCGA-LD-A9QF	TCGA-BRCA_IDC	0	0	1	1	cbio_mutation_tp53_kras
TCGA-LG-A6GG	TCGA-LIHC	0	0	1	1	cbio_mutation_tp53_kras
TCGA-LG-A9QC	TCGA-LIHC	0	0	1	1	cbio_mutation_tp53_kras
TCGA-LG-A9QD	TCGA-LIHC	0	0	1	1	cbio_mutation_tp53_kras
TCGA-LH-A9QB	TCGA-SKCM	Unknown	Unknown	0	0	cbio_mutation_tp53_kras
TCGA-LI-A67I	TCGA-SARC	1	0	1	1	cbio_mutation_tp53_kras
TCGA-LI-A9QH	TCGA-SARC	1	0	1	1	cbio_mutation_tp53_kras
TCGA-LK-A4NW	TCGA-MESO	0	0	1	1	cbio_mutation_tp53_kras
TCGA-LK-A4NY	TCGA-MESO	0	0	1	1	cbio_mutation_tp53_kras
TCGA-LK-A4NZ	TCGA-MESO	0	0	1	1	cbio_mutation_tp53_kras
TCGA-LK-A4O0	TCGA-MESO	0	0	1	1	cbio_mutation_tp53_kras
TCGA-LK-A4O2	TCGA-MESO	0	0	1	1	cbio_mutation_tp53_kras
TCGA-LK-A4O4	TCGA-MESO	0	0	1	1	cbio_mutation_tp53_kras
TCGA-LK-A4O5	TCGA-MESO	0	0	1	1	cbio_mutation_tp53_kras
TCGA-LK-A4O6	TCGA-MESO	0	0	1	1	cbio_mutation_tp53_kras
TCGA-LK-A4O7	TCGA-MESO	0	0	1	1	cbio_mutation_tp53_kras
TCGA-LL-A440	TCGA-BRCA_OTHERS	0	0	1	1	cbio_mutation_tp53_kras
TCGA-LL-A441	TCGA-BRCA_IDC	0	0	1	1	cbio_mutation_tp53_kras
TCGA-LL-A442	TCGA-BRCA_IDC	Unknown	Unknown	0	0	cbio_mutation_tp53_kras
TCGA-LL-A50Y	TCGA-BRCA_OTHERS	0	0	1	1	cbio_mutation_tp53_kras
TCGA-LL-A5YL	TCGA-BRCA_OTHERS	0	0	1	1	cbio_mutation_tp53_kras
TCGA-LL-A5YM	TCGA-BRCA_OTHERS	0	0	1	1	cbio_mutation_tp53_kras
TCGA-LL-A5YN	TCGA-BRCA_IDC	0	0	1	1	cbio_mutation_tp53_kras
TCGA-LL-A5YO	TCGA-BRCA_IDC	1	0	1	1	cbio_mutation_tp53_kras
TCGA-LL-A5YP	TCGA-BRCA_IDC	1	0	1	1	cbio_mutation_tp53_kras
TCGA-LL-A6FP	TCGA-BRCA_OTHERS	0	0	1	1	cbio_mutation_tp53_kras
TCGA-LL-A6FQ	TCGA-BRCA_IDC	0	0	1	1	cbio_mutation_tp53_kras
TCGA-LL-A6FR	TCGA-BRCA_IDC	1	0	1	1	cbio_mutation_tp53_kras
TCGA-LL-A73Y	TCGA-BRCA_IDC	1	0	1	1	cbio_mutation_tp53_kras
TCGA-LL-A73Z	TCGA-BRCA_IDC	0	0	1	1	cbio_mutation_tp53_kras
TCGA-LL-A740	TCGA-BRCA_IDC	0	0	1	1	cbio_mutation_tp53_kras
TCGA-LL-A7SZ	TCGA-BRCA_IDC	1	0	1	1	cbio_mutation_tp53_kras
TCGA-LL-A7T0	TCGA-BRCA_IDC	0	0	1	1	cbio_mutation_tp53_kras
TCGA-LL-A8F5	TCGA-BRCA_IDC	1	0	1	1	cbio_mutation_tp53_kras
TCGA-LL-A9Q3	TCGA-BRCA_OTHERS	0	0	1	1	cbio_mutation_tp53_kras
TCGA-LN-A49K	TCGA-ESCA	1	0	1	1	cbio_mutation_tp53_kras
TCGA-LN-A49L	TCGA-ESCA	1	0	1	1	cbio_mutation_tp53_kras
TCGA-LN-A49M	TCGA-ESCA	1	0	1	1	cbio_mutation_tp53_kras
TCGA-LN-A49N	TCGA-ESCA	1	0	1	1	cbio_mutation_tp53_kras
TCGA-LN-A49O	TCGA-ESCA	1	0	1	1	cbio_mutation_tp53_kras
TCGA-LN-A49P	TCGA-ESCA	1	0	1	1	cbio_mutation_tp53_kras
TCGA-LN-A49R	TCGA-ESCA	1	0	1	1	cbio_mutation_tp53_kras
TCGA-LN-A49S	TCGA-ESCA	1	0	1	1	cbio_mutation_tp53_kras
TCGA-LN-A49U	TCGA-ESCA	1	0	1	1	cbio_mutation_tp53_kras
TCGA-LN-A49V	TCGA-ESCA	1	0	1	1	cbio_mutation_tp53_kras
TCGA-LN-A49W	TCGA-ESCA	1	0	1	1	cbio_mutation_tp53_kras
TCGA-LN-A49X	TCGA-ESCA	1	0	1	1	cbio_mutation_tp53_kras
TCGA-LN-A49Y	TCGA-ESCA	1	0	1	1	cbio_mutation_tp53_kras
TCGA-LN-A4A1	TCGA-ESCA	1	0	1	1	cbio_mutation_tp53_kras
TCGA-LN-A4A2	TCGA-ESCA	1	0	1	1	cbio_mutation_tp53_kras
TCGA-LN-A4A3	TCGA-ESCA	1	0	1	1	cbio_mutation_tp53_kras
TCGA-LN-A4A4	TCGA-ESCA	1	0	1	1	cbio_mutation_tp53_kras
TCGA-LN-A4A5	TCGA-ESCA	1	0	1	1	cbio_mutation_tp53_kras
TCGA-LN-A4A6	TCGA-ESCA	1	0	1	1	cbio_mutation_tp53_kras
TCGA-LN-A4A8	TCGA-ESCA	1	0	1	1	cbio_mutation_tp53_kras
TCGA-LN-A4A9	TCGA-ESCA	1	0	1	1	cbio_mutation_tp53_kras
TCGA-LN-A4MQ	TCGA-ESCA	1	0	1	1	cbio_mutation_tp53_kras
TCGA-LN-A4MR	TCGA-ESCA	1	0	1	1	cbio_mutation_tp53_kras
TCGA-LN-A5U5	TCGA-ESCA	1	0	1	1	cbio_mutation_tp53_kras
TCGA-LN-A5U6	TCGA-ESCA	1	0	1	1	cbio_mutation_tp53_kras
TCGA-LN-A5U7	TCGA-ESCA	1	0	1	1	cbio_mutation_tp53_kras
TCGA-LN-A7HV	TCGA-ESCA	1	0	1	1	cbio_mutation_tp53_kras
TCGA-LN-A7HW	TCGA-ESCA	1	0	1	1	cbio_mutation_tp53_kras
TCGA-LN-A7HX	TCGA-ESCA	1	0	1	1	cbio_mutation_tp53_kras
TCGA-LN-A7HY	TCGA-ESCA	1	0	1	1	cbio_mutation_tp53_kras
TCGA-LN-A7HZ	TCGA-ESCA	1	0	1	1	cbio_mutation_tp53_kras
TCGA-LN-A8HZ	TCGA-ESCA	1	0	1	1	cbio_mutation_tp53_kras
TCGA-LN-A8I0	TCGA-ESCA	1	0	1	1	cbio_mutation_tp53_kras
TCGA-LN-A8I1	TCGA-ESCA	1	0	1	1	cbio_mutation_tp53_kras
TCGA-LN-A9FO	TCGA-ESCA	1	0	1	1	cbio_mutation_tp53_kras
TCGA-LN-A9FP	TCGA-ESCA	1	0	1	1	cbio_mutation_tp53_kras
TCGA-LN-A9FQ	TCGA-ESCA	1	0	1	1	cbio_mutation_tp53_kras
TCGA-LN-A9FR	TCGA-ESCA	1	0	1	1	cbio_mutation_tp53_kras
TCGA-LP-A4AU	TCGA-CESC	0	0	1	1	cbio_mutation_tp53_kras
TCGA-LP-A4AV	TCGA-CESC	0	0	1	1	cbio_mutation_tp53_kras
TCGA-LP-A4AW	TCGA-CESC	0	0	1	1	cbio_mutation_tp53_kras
TCGA-LP-A4AX	TCGA-CESC	0	0	1	1	cbio_mutation_tp53_kras
TCGA-LP-A5U2	TCGA-CESC	1	0	1	1	cbio_mutation_tp53_kras
TCGA-LP-A5U3	TCGA-CESC	0	0	1	1	cbio_mutation_tp53_kras
TCGA-LP-A7HU	TCGA-CESC	0	0	1	1	cbio_mutation_tp53_kras
TCGA-LQ-A4E4	TCGA-BRCA_OTHERS	Unknown	Unknown	0	0	cbio_mutation_tp53_kras
TCGA-LT-A5Z6	TCGA-BLCA	1	0	1	1	cbio_mutation_tp53_kras
TCGA-LT-A8JT	TCGA-BLCA	0	0	1	1	cbio_mutation_tp53_kras
TCGA-M7-A71Y	TCGA-PRAD	0	0	1	1	cbio_mutation_tp53_kras
TCGA-M7-A71Z	TCGA-PRAD	0	0	1	1	cbio_mutation_tp53_kras
TCGA-M7-A720	TCGA-PRAD	0	0	1	1	cbio_mutation_tp53_kras
TCGA-M7-A721	TCGA-PRAD	0	0	1	1	cbio_mutation_tp53_kras
TCGA-M7-A722	TCGA-PRAD	0	0	1	1	cbio_mutation_tp53_kras
TCGA-M7-A723	TCGA-PRAD	0	0	1	1	cbio_mutation_tp53_kras
TCGA-M7-A724	TCGA-PRAD	0	0	1	1	cbio_mutation_tp53_kras
TCGA-M7-A725	TCGA-PRAD	0	0	1	1	cbio_mutation_tp53_kras
TCGA-M8-A5N4	TCGA-PAAD	1	1	1	1	cbio_mutation_tp53_kras
TCGA-M9-A5M8	TCGA-ESCA	0	0	1	1	cbio_mutation_tp53_kras
TCGA-MA-AA3W	TCGA-CESC	0	0	1	1	cbio_mutation_tp53_kras
TCGA-MA-AA3X	TCGA-CESC	0	0	1	1	cbio_mutation_tp53_kras
TCGA-MA-AA3Y	TCGA-CESC	0	0	1	1	cbio_mutation_tp53_kras
TCGA-MA-AA3Z	TCGA-CESC	0	0	1	1	cbio_mutation_tp53_kras
TCGA-MA-AA41	TCGA-CESC	0	0	1	1	cbio_mutation_tp53_kras
TCGA-MA-AA42	TCGA-CESC	0	0	1	1	cbio_mutation_tp53_kras
TCGA-MA-AA43	TCGA-CESC	0	0	1	1	cbio_mutation_tp53_kras
TCGA-MB-A5Y8	TCGA-SARC	0	0	1	1	cbio_mutation_tp53_kras
TCGA-MB-A5Y9	TCGA-SARC	0	0	1	1	cbio_mutation_tp53_kras
TCGA-MB-A5YA	TCGA-SARC	1	0	1	1	cbio_mutation_tp53_kras
TCGA-MB-A8JK	TCGA-SARC	0	0	1	1	cbio_mutation_tp53_kras
TCGA-MB-A8JL	TCGA-SARC	1	0	1	1	cbio_mutation_tp53_kras
TCGA-MF-A522	TCGA-LUSC	1	0	1	1	cbio_mutation_tp53_kras
TCGA-MG-AAMC	TCGA-PRAD	0	0	1	1	cbio_mutation_tp53_kras
TCGA-MH-A55W	TCGA-KIRP	0	0	1	1	cbio_mutation_tp53_kras
TCGA-MH-A55Z	TCGA-KIRP	0	0	1	1	cbio_mutation_tp53_kras
TCGA-MH-A560	TCGA-KIRP	0	0	1	1	cbio_mutation_tp53_kras
TCGA-MH-A561	TCGA-KIRP	0	0	1	1	cbio_mutation_tp53_kras
TCGA-MH-A562	TCGA-KIRP	0	0	1	1	cbio_mutation_tp53_kras
TCGA-MH-A854	TCGA-KIRP	0	1	1	1	cbio_mutation_tp53_kras
TCGA-MH-A855	TCGA-KIRP	0	0	1	1	cbio_mutation_tp53_kras
TCGA-MH-A856	TCGA-KIRP	0	0	1	1	cbio_mutation_tp53_kras
TCGA-MH-A857	TCGA-KIRP	0	0	1	1	cbio_mutation_tp53_kras
TCGA-MI-A75C	TCGA-LIHC	0	1	1	1	cbio_mutation_tp53_kras
TCGA-MI-A75E	TCGA-LIHC	0	0	1	1	cbio_mutation_tp53_kras
TCGA-MI-A75G	TCGA-LIHC	1	0	1	1	cbio_mutation_tp53_kras
TCGA-MI-A75H	TCGA-LIHC	0	0	1	1	cbio_mutation_tp53_kras
TCGA-MI-A75I	TCGA-LIHC	1	0	1	1	cbio_mutation_tp53_kras
TCGA-MJ-A68H	TCGA-SARC	0	0	1	1	cbio_mutation_tp53_kras
TCGA-MJ-A68J	TCGA-SARC	0	0	1	1	cbio_mutation_tp53_kras
TCGA-MJ-A850	TCGA-SARC	0	0	1	1	cbio_mutation_tp53_kras
TCGA-MK-A4N6	TCGA-THCA	0	0	1	1	cbio_mutation_tp53_kras
TCGA-MK-A4N7	TCGA-THCA	0	0	1	1	cbio_mutation_tp53_kras
TCGA-MK-A4N9	TCGA-THCA	0	0	1	1	cbio_mutation_tp53_kras
TCGA-MK-A84Z	TCGA-THCA	0	0	1	1	cbio_mutation_tp53_kras
TCGA-MM-A563	TCGA-KIRC	0	0	1	1	cbio_mutation_tp53_kras
TCGA-MM-A564	TCGA-KIRC	0	0	1	1	cbio_mutation_tp53_kras
TCGA-MN-A4N1	TCGA-LUAD	1	0	1	1	cbio_mutation_tp53_kras
TCGA-MN-A4N4	TCGA-LUAD	1	0	1	1	cbio_mutation_tp53_kras
TCGA-MN-A4N5	TCGA-LUAD	1	1	1	1	cbio_mutation_tp53_kras
TCGA-MO-A47P	TCGA-SARC	0	0	1	1	cbio_mutation_tp53_kras
TCGA-MO-A47R	TCGA-SARC	0	0	1	1	cbio_mutation_tp53_kras
TCGA-MP-A4SV	TCGA-LUAD	1	0	1	1	cbio_mutation_tp53_kras
TCGA-MP-A4SW	TCGA-LUAD	0	0	1	1	cbio_mutation_tp53_kras
TCGA-MP-A4SY	TCGA-LUAD	0	1	1	1	cbio_mutation_tp53_kras
TCGA-MP-A4T2	TCGA-LUAD	0	0	1	1	cbio_mutation_tp53_kras
TCGA-MP-A4T4	TCGA-LUAD	1	1	1	1	cbio_mutation_tp53_kras
TCGA-MP-A4T6	TCGA-LUAD	0	0	1	1	cbio_mutation_tp53_kras
TCGA-MP-A4T7	TCGA-LUAD	0	1	1	1	cbio_mutation_tp53_kras
TCGA-MP-A4T8	TCGA-LUAD	0	1	1	1	cbio_mutation_tp53_kras
TCGA-MP-A4T9	TCGA-LUAD	1	0	1	1	cbio_mutation_tp53_kras
TCGA-MP-A4TA	TCGA-LUAD	1	0	1	1	cbio_mutation_tp53_kras
TCGA-MP-A4TC	TCGA-LUAD	1	0	1	1	cbio_mutation_tp53_kras
TCGA-MP-A4TD	TCGA-LUAD	0	1	1	1	cbio_mutation_tp53_kras
TCGA-MP-A4TE	TCGA-LUAD	0	1	1	1	cbio_mutation_tp53_kras
TCGA-MP-A4TF	TCGA-LUAD	1	1	1	1	cbio_mutation_tp53_kras
TCGA-MP-A4TH	TCGA-LUAD	0	0	1	1	cbio_mutation_tp53_kras
TCGA-MP-A4TI	TCGA-LUAD	1	1	1	1	cbio_mutation_tp53_kras
TCGA-MP-A4TJ	TCGA-LUAD	0	0	1	1	cbio_mutation_tp53_kras
TCGA-MP-A4TK	TCGA-LUAD	1	1	1	1	cbio_mutation_tp53_kras
TCGA-MP-A5C7	TCGA-LUAD	0	0	1	1	cbio_mutation_tp53_kras
TCGA-MQ-A6BL	TCGA-MESO	0	0	1	1	cbio_mutation_tp53_kras
TCGA-MQ-A6BN	TCGA-MESO	Unknown	Unknown	0	0	cbio_mutation_tp53_kras
TCGA-MQ-A6BQ	TCGA-MESO	0	0	1	1	cbio_mutation_tp53_kras
TCGA-MQ-A6BR	TCGA-MESO	1	0	1	1	cbio_mutation_tp53_kras
TCGA-MQ-A6BS	TCGA-MESO	0	0	1	1	cbio_mutation_tp53_kras
TCGA-MR-A520	TCGA-LIHC	0	0	1	1	cbio_mutation_tp53_kras
TCGA-MR-A8JO	TCGA-LIHC	0	0	1	1	cbio_mutation_tp53_kras
TCGA-MS-A51U	TCGA-BRCA_OTHERS	0	0	1	1	cbio_mutation_tp53_kras
TCGA-MT-A51W	TCGA-HNSC	1	0	1	1	cbio_mutation_tp53_kras
TCGA-MT-A51X	TCGA-HNSC	0	0	1	1	cbio_mutation_tp53_kras
TCGA-MT-A67A	TCGA-HNSC	0	0	1	1	cbio_mutation_tp53_kras
TCGA-MT-A67D	TCGA-HNSC	0	0	1	1	cbio_mutation_tp53_kras
TCGA-MT-A67F	TCGA-HNSC	0	0	1	1	cbio_mutation_tp53_kras
TCGA-MT-A67G	TCGA-HNSC	0	0	1	1	cbio_mutation_tp53_kras
TCGA-MT-A7BN	TCGA-HNSC	1	0	1	1	cbio_mutation_tp53_kras
TCGA-MU-A51Y	TCGA-CESC	0	0	1	1	cbio_mutation_tp53_kras
TCGA-MU-A5YI	TCGA-CESC	0	0	1	1	cbio_mutation_tp53_kras
TCGA-MU-A8JM	TCGA-CESC	0	0	1	1	cbio_mutation_tp53_kras
TCGA-MV-A51V	TCGA-BLCA	0	0	1	1	cbio_mutation_tp53_kras
TCGA-MX-A5UG	TCGA-STAD	0	0	1	1	cbio_mutation_tp53_kras
TCGA-MX-A5UJ	TCGA-STAD	0	0	1	1	cbio_mutation_tp53_kras
TCGA-MX-A663	TCGA-STAD	0	0	1	1	cbio_mutation_tp53_kras
TCGA-MX-A666	TCGA-STAD	1	0	1	1	cbio_mutation_tp53_kras
TCGA-MY-A5BD	TCGA-CESC	Unknown	Unknown	0	0	cbio_mutation_tp53_kras
TCGA-MY-A5BE	TCGA-CESC	0	0	1	1	cbio_mutation_tp53_kras
TCGA-MY-A5BF	TCGA-CESC	0	0	1	1	cbio_mutation_tp53_kras
TCGA-MY-A913	TCGA-CESC	0	0	1	1	cbio_mutation_tp53_kras
TCGA-MZ-A6I9	TCGA-HNSC	0	0	1	1	cbio_mutation_tp53_kras
TCGA-MZ-A7D7	TCGA-HNSC	1	0	1	1	cbio_mutation_tp53_kras
TCGA-N1-A6IA	TCGA-SARC	1	0	1	1	cbio_mutation_tp53_kras
TCGA-N5-A4R8	TCGA-UCS	1	0	1	1	cbio_mutation_tp53_kras
TCGA-N5-A4RA	TCGA-UCS	1	0	1	1	cbio_mutation_tp53_kras
TCGA-N5-A4RD	TCGA-UCS	1	0	1	1	cbio_mutation_tp53_kras
TCGA-N5-A4RF	TCGA-UCS	1	1	1	1	cbio_mutation_tp53_kras
TCGA-N5-A4RJ	TCGA-UCS	1	0	1	1	cbio_mutation_tp53_kras
TCGA-N5-A4RM	TCGA-UCS	1	0	1	1	cbio_mutation_tp53_kras
TCGA-N5-A4RN	TCGA-UCS	1	0	1	1	cbio_mutation_tp53_kras
TCGA-N5-A4RO	TCGA-UCS	1	0	1	1	cbio_mutation_tp53_kras
TCGA-N5-A4RS	TCGA-UCS	1	1	1	1	cbio_mutation_tp53_kras
TCGA-N5-A4RT	TCGA-UCS	1	0	1	1	cbio_mutation_tp53_kras
TCGA-N5-A4RU	TCGA-UCS	1	0	1	1	cbio_mutation_tp53_kras
TCGA-N5-A4RV	TCGA-UCS	1	0	1	1	cbio_mutation_tp53_kras
TCGA-N5-A59E	TCGA-UCS	1	0	1	1	cbio_mutation_tp53_kras
TCGA-N5-A59F	TCGA-UCS	1	0	1	1	cbio_mutation_tp53_kras
TCGA-N6-A4V9	TCGA-UCS	1	1	1	1	cbio_mutation_tp53_kras
TCGA-N6-A4VC	TCGA-UCS	1	1	1	1	cbio_mutation_tp53_kras
TCGA-N6-A4VD	TCGA-UCS	0	0	1	1	cbio_mutation_tp53_kras
TCGA-N6-A4VE	TCGA-UCS	1	0	1	1	cbio_mutation_tp53_kras
TCGA-N6-A4VF	TCGA-UCS	1	0	1	1	cbio_mutation_tp53_kras
TCGA-N6-A4VG	TCGA-UCS	1	0	1	1	cbio_mutation_tp53_kras
TCGA-N7-A4Y0	TCGA-UCS	0	0	1	1	cbio_mutation_tp53_kras
TCGA-N7-A4Y5	TCGA-UCS	1	0	1	1	cbio_mutation_tp53_kras
TCGA-N7-A4Y8	TCGA-UCS	1	0	1	1	cbio_mutation_tp53_kras
TCGA-N7-A59B	TCGA-UCS	1	0	1	1	cbio_mutation_tp53_kras
TCGA-N8-A4PI	TCGA-UCS	1	0	1	1	cbio_mutation_tp53_kras
TCGA-N8-A4PL	TCGA-UCS	1	1	1	1	cbio_mutation_tp53_kras
TCGA-N8-A4PM	TCGA-UCS	1	0	1	1	cbio_mutation_tp53_kras
TCGA-N8-A4PN	TCGA-UCS	1	0	1	1	cbio_mutation_tp53_kras
TCGA-N8-A4PO	TCGA-UCS	1	0	1	1	cbio_mutation_tp53_kras
TCGA-N8-A4PP	TCGA-UCS	1	0	1	1	cbio_mutation_tp53_kras
TCGA-N8-A4PQ	TCGA-UCS	1	0	1	1	cbio_mutation_tp53_kras
TCGA-N8-A56S	TCGA-UCS	1	0	1	1	cbio_mutation_tp53_kras
TCGA-N9-A4PZ	TCGA-UCS	1	0	1	1	cbio_mutation_tp53_kras
TCGA-N9-A4Q1	TCGA-UCS	1	0	1	1	cbio_mutation_tp53_kras
TCGA-N9-A4Q3	TCGA-UCS	1	1	1	1	cbio_mutation_tp53_kras
TCGA-N9-A4Q4	TCGA-UCS	1	0	1	1	cbio_mutation_tp53_kras
TCGA-N9-A4Q7	TCGA-UCS	1	0	1	1	cbio_mutation_tp53_kras
TCGA-N9-A4Q8	TCGA-UCS	1	0	1	1	cbio_mutation_tp53_kras
TCGA-NA-A4QV	TCGA-UCS	1	0	1	1	cbio_mutation_tp53_kras
TCGA-NA-A4QW	TCGA-UCS	1	0	1	1	cbio_mutation_tp53_kras
TCGA-NA-A4QX	TCGA-UCS	1	0	1	1	cbio_mutation_tp53_kras
TCGA-NA-A4QY	TCGA-UCS	1	0	1	1	cbio_mutation_tp53_kras
TCGA-NA-A4R0	TCGA-UCS	1	0	1	1	cbio_mutation_tp53_kras
TCGA-NA-A4R1	TCGA-UCS	1	0	1	1	cbio_mutation_tp53_kras
TCGA-NA-A5I1	TCGA-UCS	1	0	1	1	cbio_mutation_tp53_kras
TCGA-NC-A5HD	TCGA-LUSC	1	0	1	1	cbio_mutation_tp53_kras
TCGA-NC-A5HE	TCGA-LUSC	0	0	1	1	cbio_mutation_tp53_kras
TCGA-NC-A5HF	TCGA-LUSC	1	0	1	1	cbio_mutation_tp53_kras
TCGA-NC-A5HG	TCGA-LUSC	1	0	1	1	cbio_mutation_tp53_kras
TCGA-NC-A5HH	TCGA-LUSC	0	0	1	1	cbio_mutation_tp53_kras
TCGA-NC-A5HI	TCGA-LUSC	1	0	1	1	cbio_mutation_tp53_kras
TCGA-NC-A5HJ	TCGA-LUSC	1	0	1	1	cbio_mutation_tp53_kras
TCGA-NC-A5HK	TCGA-LUSC	1	0	1	1	cbio_mutation_tp53_kras
TCGA-NC-A5HL	TCGA-LUSC	1	0	1	1	cbio_mutation_tp53_kras
TCGA-NC-A5HM	TCGA-LUSC	1	0	1	1	cbio_mutation_tp53_kras
TCGA-NC-A5HN	TCGA-LUSC	1	0	1	1	cbio_mutation_tp53_kras
TCGA-NC-A5HO	TCGA-LUSC	1	0	1	1	cbio_mutation_tp53_kras
TCGA-NC-A5HP	TCGA-LUSC	1	0	1	1	cbio_mutation_tp53_kras
TCGA-NC-A5HQ	TCGA-LUSC	1	0	1	1	cbio_mutation_tp53_kras
TCGA-NC-A5HR	TCGA-LUSC	1	0	1	1	cbio_mutation_tp53_kras
TCGA-NC-A5HT	TCGA-LUSC	1	0	1	1	cbio_mutation_tp53_kras
TCGA-ND-A4W6	TCGA-UCS	1	0	1	1	cbio_mutation_tp53_kras
TCGA-ND-A4WA	TCGA-UCS	0	0	1	1	cbio_mutation_tp53_kras
TCGA-ND-A4WC	TCGA-UCS	1	0	1	1	cbio_mutation_tp53_kras
TCGA-ND-A4WF	TCGA-UCS	0	0	1	1	cbio_mutation_tp53_kras
TCGA-NG-A4VU	TCGA-UCS	1	0	1	1	cbio_mutation_tp53_kras
TCGA-NG-A4VW	TCGA-UCS	0	0	1	1	cbio_mutation_tp53_kras
TCGA-NH-A50T	TCGA-COAD	0	0	1	1	cbio_mutation_tp53_kras
TCGA-NH-A50U	TCGA-COAD	1	1	1	1	cbio_mutation_tp53_kras
TCGA-NH-A50V	TCGA-COAD	1	1	1	1	cbio_mutation_tp53_kras
TCGA-NH-A5IV	TCGA-COAD	0	1	1	1	cbio_mutation_tp53_kras
TCGA-NH-A6GA	TCGA-COAD	1	1	1	1	cbio_mutation_tp53_kras
TCGA-NH-A6GB	TCGA-COAD	1	1	1	1	cbio_mutation_tp53_kras
TCGA-NH-A6GC	TCGA-COAD	1	1	1	1	cbio_mutation_tp53_kras
TCGA-NH-A8F7	TCGA-COAD	1	0	1	1	cbio_mutation_tp53_kras
TCGA-NH-A8F8	TCGA-COAD	1	1	1	1	cbio_mutation_tp53_kras
TCGA-NI-A4U2	TCGA-LIHC	0	0	1	1	cbio_mutation_tp53_kras
TCGA-NI-A8LF	TCGA-LIHC	1	0	1	1	cbio_mutation_tp53_kras
TCGA-NJ-A4YF	TCGA-LUAD	1	0	1	1	cbio_mutation_tp53_kras
TCGA-NJ-A4YG	TCGA-LUAD	0	1	1	1	cbio_mutation_tp53_kras
TCGA-NJ-A4YI	TCGA-LUAD	0	1	1	1	cbio_mutation_tp53_kras
TCGA-NJ-A4YP	TCGA-LUAD	0	1	1	1	cbio_mutation_tp53_kras
TCGA-NJ-A4YQ	TCGA-LUAD	0	0	1	1	cbio_mutation_tp53_kras
TCGA-NJ-A55A	TCGA-LUAD	0	0	1	1	cbio_mutation_tp53_kras
TCGA-NJ-A55O	TCGA-LUAD	0	1	1	1	cbio_mutation_tp53_kras
TCGA-NJ-A55R	TCGA-LUAD	0	1	1	1	cbio_mutation_tp53_kras
TCGA-NJ-A7XG	TCGA-LUAD	0	0	1	1	cbio_mutation_tp53_kras
TCGA-NK-A5CR	TCGA-LUSC	1	0	1	1	cbio_mutation_tp53_kras
TCGA-NK-A5CT	TCGA-LUSC	1	0	1	1	cbio_mutation_tp53_kras
TCGA-NK-A5CX	TCGA-LUSC	1	0	1	1	cbio_mutation_tp53_kras
TCGA-NK-A5D1	TCGA-LUSC	Unknown	Unknown	0	0	cbio_mutation_tp53_kras
TCGA-NK-A7XE	TCGA-LUSC	1	0	1	1	cbio_mutation_tp53_kras
TCGA-NP-A5B3	TCGA-KICH	Unknown	Unknown	0	0	cbio_mutation_tp53_kras
TCGA-NP-A5GY	TCGA-KICH	Unknown	Unknown	0	0	cbio_mutation_tp53_kras
TCGA-NP-A5GZ	TCGA-KICH	Unknown	Unknown	0	0	cbio_mutation_tp53_kras
TCGA-NP-A5H1	TCGA-KICH	Unknown	Unknown	0	0	cbio_mutation_tp53_kras
TCGA-NP-A5H5	TCGA-KICH	Unknown	Unknown	0	0	cbio_mutation_tp53_kras
TCGA-NP-A5H6	TCGA-KICH	Unknown	Unknown	0	0	cbio_mutation_tp53_kras
TCGA-NP-A5H7	TCGA-KICH	Unknown	Unknown	0	0	cbio_mutation_tp53_kras
TCGA-NQ-A57I	TCGA-MESO	1	1	1	1	cbio_mutation_tp53_kras
TCGA-NQ-A638	TCGA-MESO	0	0	1	1	cbio_mutation_tp53_kras
TCGA-O1-A52J	TCGA-LUAD	1	0	1	1	cbio_mutation_tp53_kras
TCGA-O2-A52N	TCGA-LUSC	1	0	1	1	cbio_mutation_tp53_kras
TCGA-O2-A52S	TCGA-LUSC	0	0	1	1	cbio_mutation_tp53_kras
TCGA-O2-A52V	TCGA-LUSC	1	0	1	1	cbio_mutation_tp53_kras
TCGA-O2-A52W	TCGA-LUSC	1	0	1	1	cbio_mutation_tp53_kras
TCGA-O2-A5IB	TCGA-LUSC	0	0	1	1	cbio_mutation_tp53_kras
TCGA-O8-A75V	TCGA-LIHC	0	0	1	1	cbio_mutation_tp53_kras
TCGA-O9-A75Z	TCGA-KIRP	0	0	1	1	cbio_mutation_tp53_kras
TCGA-OD-A75X	TCGA-SKCM	1	0	1	1	cbio_mutation_tp53_kras
TCGA-OE-A75W	TCGA-PAAD	1	1	1	1	cbio_mutation_tp53_kras
TCGA-OK-A5Q2	TCGA-BRCA_OTHERS	0	0	1	1	cbio_mutation_tp53_kras
TCGA-OL-A5D6	TCGA-BRCA_IDC	1	0	1	1	cbio_mutation_tp53_kras
TCGA-OL-A5D7	TCGA-BRCA_IDC	1	0	1	1	cbio_mutation_tp53_kras
TCGA-OL-A5D8	TCGA-BRCA_IDC	0	0	1	1	cbio_mutation_tp53_kras
TCGA-OL-A5DA	TCGA-BRCA_OTHERS	0	0	1	1	cbio_mutation_tp53_kras
TCGA-OL-A66H	TCGA-BRCA_OTHERS	0	0	1	1	cbio_mutation_tp53_kras
TCGA-OL-A66I	TCGA-BRCA_IDC	1	0	1	1	cbio_mutation_tp53_kras
TCGA-OL-A66J	TCGA-BRCA_OTHERS	0	0	1	1	cbio_mutation_tp53_kras
TCGA-OL-A66K	TCGA-BRCA_OTHERS	0	0	1	1	cbio_mutation_tp53_kras
TCGA-OL-A66L	TCGA-BRCA_IDC	0	0	1	1	cbio_mutation_tp53_kras
TCGA-OL-A66N	TCGA-BRCA_OTHERS	0	0	1	1	cbio_mutation_tp53_kras
TCGA-OL-A66O	TCGA-BRCA_IDC	0	0	1	1	cbio_mutation_tp53_kras
TCGA-OL-A66P	TCGA-BRCA_IDC	0	0	1	1	cbio_mutation_tp53_kras
TCGA-OL-A6VO	TCGA-BRCA_IDC	1	0	1	1	cbio_mutation_tp53_kras
TCGA-OL-A6VQ	TCGA-BRCA_OTHERS	0	0	1	1	cbio_mutation_tp53_kras
TCGA-OL-A97C	TCGA-BRCA_OTHERS	0	0	1	1	cbio_mutation_tp53_kras
TCGA-OR-A5J1	TCGA-ACC	0	0	1	1	cbio_mutation_tp53_kras
TCGA-OR-A5J2	TCGA-ACC	1	0	1	1	cbio_mutation_tp53_kras
TCGA-OR-A5J3	TCGA-ACC	0	0	1	1	cbio_mutation_tp53_kras
TCGA-OR-A5J5	TCGA-ACC	1	0	1	1	cbio_mutation_tp53_kras
TCGA-OR-A5J6	TCGA-ACC	0	0	1	1	cbio_mutation_tp53_kras
TCGA-OR-A5J7	TCGA-ACC	0	0	1	1	cbio_mutation_tp53_kras
TCGA-OR-A5J8	TCGA-ACC	1	0	1	1	cbio_mutation_tp53_kras
TCGA-OR-A5J9	TCGA-ACC	0	0	1	1	cbio_mutation_tp53_kras
TCGA-OR-A5JA	TCGA-ACC	1	0	1	1	cbio_mutation_tp53_kras
TCGA-OR-A5JB	TCGA-ACC	1	0	1	1	cbio_mutation_tp53_kras
TCGA-OR-A5JC	TCGA-ACC	0	0	1	1	cbio_mutation_tp53_kras
TCGA-OR-A5JD	TCGA-ACC	0	0	1	1	cbio_mutation_tp53_kras
TCGA-OR-A5JE	TCGA-ACC	0	0	1	1	cbio_mutation_tp53_kras
TCGA-OR-A5JF	TCGA-ACC	0	0	1	1	cbio_mutation_tp53_kras
TCGA-OR-A5JG	TCGA-ACC	1	0	1	1	cbio_mutation_tp53_kras
TCGA-OR-A5JI	TCGA-ACC	0	0	1	1	cbio_mutation_tp53_kras
TCGA-OR-A5JJ	TCGA-ACC	1	0	1	1	cbio_mutation_tp53_kras
TCGA-OR-A5JK	TCGA-ACC	0	0	1	1	cbio_mutation_tp53_kras
TCGA-OR-A5JL	TCGA-ACC	1	0	1	1	cbio_mutation_tp53_kras
TCGA-OR-A5JM	TCGA-ACC	0	0	1	1	cbio_mutation_tp53_kras
TCGA-OR-A5JP	TCGA-ACC	1	0	1	1	cbio_mutation_tp53_kras
TCGA-OR-A5JQ	TCGA-ACC	0	0	1	1	cbio_mutation_tp53_kras
TCGA-OR-A5JR	TCGA-ACC	0	0	1	1	cbio_mutation_tp53_kras
TCGA-OR-A5JS	TCGA-ACC	0	0	1	1	cbio_mutation_tp53_kras
TCGA-OR-A5JT	TCGA-ACC	0	0	1	1	cbio_mutation_tp53_kras
TCGA-OR-A5JV	TCGA-ACC	0	0	1	1	cbio_mutation_tp53_kras
TCGA-OR-A5JW	TCGA-ACC	0	0	1	1	cbio_mutation_tp53_kras
TCGA-OR-A5JX	TCGA-ACC	0	0	1	1	cbio_mutation_tp53_kras
TCGA-OR-A5JY	TCGA-ACC	0	0	1	1	cbio_mutation_tp53_kras
TCGA-OR-A5JZ	TCGA-ACC	0	0	1	1	cbio_mutation_tp53_kras
TCGA-OR-A5K0	TCGA-ACC	0	0	1	1	cbio_mutation_tp53_kras
TCGA-OR-A5K1	TCGA-ACC	0	0	1	1	cbio_mutation_tp53_kras
TCGA-OR-A5K2	TCGA-ACC	0	0	1	1	cbio_mutation_tp53_kras
TCGA-OR-A5K3	TCGA-ACC	0	0	1	1	cbio_mutation_tp53_kras
TCGA-OR-A5K4	TCGA-ACC	1	0	1	1	cbio_mutation_tp53_kras
TCGA-OR-A5K5	TCGA-ACC	0	0	1	1	cbio_mutation_tp53_kras
TCGA-OR-A5K6	TCGA-ACC	0	0	1	1	cbio_mutation_tp53_kras
TCGA-OR-A5K8	TCGA-ACC	0	0	1	1	cbio_mutation_tp53_kras
TCGA-OR-A5K9	TCGA-ACC	0	0	1	1	cbio_mutation_tp53_kras
TCGA-OR-A5LK	TCGA-ACC	0	0	1	1	cbio_mutation_tp53_kras
TCGA-OR-A5LL	TCGA-ACC	0	0	1	1	cbio_mutation_tp53_kras
TCGA-OR-A5LM	TCGA-ACC	0	0	1	1	cbio_mutation_tp53_kras
TCGA-OR-A5LN	TCGA-ACC	0	0	1	1	cbio_mutation_tp53_kras
TCGA-OR-A5LO	TCGA-ACC	0	0	1	1	cbio_mutation_tp53_kras
TCGA-OR-A5LP	TCGA-ACC	0	0	1	1	cbio_mutation_tp53_kras
TCGA-OR-A5LR	TCGA-ACC	0	0	1	1	cbio_mutation_tp53_kras
TCGA-OR-A5LS	TCGA-ACC	0	0	1	1	cbio_mutation_tp53_kras
TCGA-OR-A5LT	TCGA-ACC	0	0	1	1	cbio_mutation_tp53_kras
TCGA-OU-A5PI	TCGA-ACC	0	0	1	1	cbio_mutation_tp53_kras
TCGA-OX-A56R	TCGA-GBM	0	0	1	1	cbio_mutation_tp53_kras
TCGA-OY-A56P	TCGA-OV	1	0	1	1	cbio_mutation_tp53_kras
TCGA-OY-A56Q	TCGA-OV	1	0	1	1	cbio_mutation_tp53_kras
TCGA-P3-A5Q5	TCGA-HNSC	0	0	1	1	cbio_mutation_tp53_kras
TCGA-P3-A5Q6	TCGA-HNSC	1	0	1	1	cbio_mutation_tp53_kras
TCGA-P3-A5QA	TCGA-HNSC	1	0	1	1	cbio_mutation_tp53_kras
TCGA-P3-A5QE	TCGA-HNSC	0	0	1	1	cbio_mutation_tp53_kras
TCGA-P3-A5QF	TCGA-HNSC	0	0	1	1	cbio_mutation_tp53_kras
TCGA-P3-A6SW	TCGA-HNSC	0	0	1	1	cbio_mutation_tp53_kras
TCGA-P3-A6SX	TCGA-HNSC	1	0	1	1	cbio_mutation_tp53_kras
TCGA-P3-A6T0	TCGA-HNSC	1	0	1	1	cbio_mutation_tp53_kras
TCGA-P3-A6T2	TCGA-HNSC	1	0	1	1	cbio_mutation_tp53_kras
TCGA-P3-A6T3	TCGA-HNSC	1	0	1	1	cbio_mutation_tp53_kras
TCGA-P3-A6T4	TCGA-HNSC	1	0	1	1	cbio_mutation_tp53_kras
TCGA-P3-A6T5	TCGA-HNSC	1	0	1	1	cbio_mutation_tp53_kras
TCGA-P3-A6T6	TCGA-HNSC	0	0	1	1	cbio_mutation_tp53_kras
TCGA-P3-A6T7	TCGA-HNSC	1	0	1	1	cbio_mutation_tp53_kras
TCGA-P3-A6T8	TCGA-HNSC	1	0	1	1	cbio_mutation_tp53_kras
TCGA-P4-A5E6	TCGA-KIRP	0	0	1	1	cbio_mutation_tp53_kras
TCGA-P4-A5E7	TCGA-KIRP	0	0	1	1	cbio_mutation_tp53_kras
TCGA-P4-A5E8	TCGA-KIRP	0	0	1	1	cbio_mutation_tp53_kras
TCGA-P4-A5EA	TCGA-KIRP	0	0	1	1	cbio_mutation_tp53_kras
TCGA-P4-A5EB	TCGA-KIRP	0	0	1	1	cbio_mutation_tp53_kras
TCGA-P4-A5ED	TCGA-KIRP	0	0	1	1	cbio_mutation_tp53_kras
TCGA-P4-AAVK	TCGA-KIRP	Unknown	Unknown	0	0	cbio_mutation_tp53_kras
TCGA-P4-AAVL	TCGA-KIRP	0	0	1	1	cbio_mutation_tp53_kras
TCGA-P4-AAVM	TCGA-KIRP	0	0	1	1	cbio_mutation_tp53_kras
TCGA-P4-AAVO	TCGA-KIRP	Unknown	Unknown	0	0	cbio_mutation_tp53_kras
TCGA-P5-A72U	TCGA-LGG	0	0	1	1	cbio_mutation_tp53_kras
TCGA-P5-A72W	TCGA-LGG	1	0	1	1	cbio_mutation_tp53_kras
TCGA-P5-A72X	TCGA-LGG	1	0	1	1	cbio_mutation_tp53_kras
TCGA-P5-A72Z	TCGA-LGG	0	0	1	1	cbio_mutation_tp53_kras
TCGA-P5-A730	TCGA-LGG	0	0	1	1	cbio_mutation_tp53_kras
TCGA-P5-A731	TCGA-LGG	0	0	1	1	cbio_mutation_tp53_kras
TCGA-P5-A733	TCGA-LGG	1	0	1	1	cbio_mutation_tp53_kras
TCGA-P5-A735	TCGA-LGG	1	0	1	1	cbio_mutation_tp53_kras
TCGA-P5-A736	TCGA-LGG	1	0	1	1	cbio_mutation_tp53_kras
TCGA-P5-A737	TCGA-LGG	0	0	1	1	cbio_mutation_tp53_kras
TCGA-P5-A77W	TCGA-LGG	0	0	1	1	cbio_mutation_tp53_kras
TCGA-P5-A77X	TCGA-LGG	0	0	1	1	cbio_mutation_tp53_kras
TCGA-P5-A780	TCGA-LGG	1	0	1	1	cbio_mutation_tp53_kras
TCGA-P5-A781	TCGA-LGG	0	0	1	1	cbio_mutation_tp53_kras
TCGA-P6-A5OG	TCGA-ACC	Unknown	Unknown	0	0	cbio_mutation_tp53_kras
TCGA-P7-A5NX	TCGA-PCPG	0	0	1	1	cbio_mutation_tp53_kras
TCGA-P7-A5NY	TCGA-PCPG	0	0	1	1	cbio_mutation_tp53_kras
TCGA-P8-A5KC	TCGA-PCPG	0	0	1	1	cbio_mutation_tp53_kras
TCGA-P8-A5KD	TCGA-PCPG	0	0	1	1	cbio_mutation_tp53_kras
TCGA-PA-A5YG	TCGA-ACC	0	0	1	1	cbio_mutation_tp53_kras
TCGA-PC-A5DK	TCGA-SARC	1	0	1	1	cbio_mutation_tp53_kras
TCGA-PC-A5DL	TCGA-SARC	0	0	1	1	cbio_mutation_tp53_kras
TCGA-PC-A5DM	TCGA-SARC	Unknown	Unknown	0	0	cbio_mutation_tp53_kras
TCGA-PC-A5DN	TCGA-SARC	0	0	1	1	cbio_mutation_tp53_kras
TCGA-PC-A5DO	TCGA-SARC	0	0	1	1	cbio_mutation_tp53_kras
TCGA-PC-A5DP	TCGA-SARC	Unknown	Unknown	0	0	cbio_mutation_tp53_kras
TCGA-PD-A5DF	TCGA-LIHC	0	0	1	1	cbio_mutation_tp53_kras
TCGA-PE-A5DC	TCGA-BRCA_OTHERS	0	0	1	1	cbio_mutation_tp53_kras
TCGA-PE-A5DD	TCGA-BRCA_OTHERS	0	0	1	1	cbio_mutation_tp53_kras
TCGA-PE-A5DE	TCGA-BRCA_OTHERS	1	0	1	1	cbio_mutation_tp53_kras
TCGA-PG-A5BC	TCGA-UCEC	1	0	1	1	cbio_mutation_tp53_kras
TCGA-PG-A6IB	TCGA-UCEC	0	0	1	1	cbio_mutation_tp53_kras
TCGA-PG-A7D5	TCGA-UCEC	1	0	1	1	cbio_mutation_tp53_kras
TCGA-PG-A914	TCGA-UCEC	1	0	1	1	cbio_mutation_tp53_kras
TCGA-PG-A916	TCGA-UCEC	0	0	1	1	cbio_mutation_tp53_kras
TCGA-PG-A917	TCGA-UCEC	0	0	1	1	cbio_mutation_tp53_kras
TCGA-PJ-A5Z8	TCGA-KIRP	0	0	1	1	cbio_mutation_tp53_kras
TCGA-PJ-A5Z9	TCGA-KIRP	0	0	1	1	cbio_mutation_tp53_kras
TCGA-PJ-A8JU	TCGA-KIRP	Unknown	Unknown	0	0	cbio_mutation_tp53_kras
TCGA-PK-A5H8	TCGA-ACC	0	0	1	1	cbio_mutation_tp53_kras
TCGA-PK-A5H9	TCGA-ACC	0	0	1	1	cbio_mutation_tp53_kras
TCGA-PK-A5HA	TCGA-ACC	0	0	1	1	cbio_mutation_tp53_kras
TCGA-PK-A5HB	TCGA-ACC	1	0	1	1	cbio_mutation_tp53_kras
TCGA-PK-A5HC	TCGA-ACC	1	0	1	1	cbio_mutation_tp53_kras
TCGA-PL-A8LV	TCGA-BRCA_IDC	1	0	1	1	cbio_mutation_tp53_kras
TCGA-PL-A8LX	TCGA-BRCA_IDC	0	0	1	1	cbio_mutation_tp53_kras
TCGA-PL-A8LY	TCGA-BRCA_IDC	0	0	1	1	cbio_mutation_tp53_kras
TCGA-PL-A8LZ	TCGA-BRCA_IDC	1	0	1	1	cbio_mutation_tp53_kras
TCGA-PN-A8MA	TCGA-CESC	0	0	1	1	cbio_mutation_tp53_kras
TCGA-PQ-A6FI	TCGA-BLCA	1	0	1	1	cbio_mutation_tp53_kras
TCGA-PQ-A6FN	TCGA-BLCA	1	0	1	1	cbio_mutation_tp53_kras
TCGA-PR-A5PF	TCGA-PCPG	0	0	1	1	cbio_mutation_tp53_kras
TCGA-PR-A5PG	TCGA-PCPG	0	0	1	1	cbio_mutation_tp53_kras
TCGA-PR-A5PH	TCGA-PCPG	0	0	1	1	cbio_mutation_tp53_kras
TCGA-PT-A8TR	TCGA-SARC	Unknown	Unknown	0	0	cbio_mutation_tp53_kras
TCGA-PZ-A5RE	TCGA-PAAD	1	1	1	1	cbio_mutation_tp53_kras
TCGA-Q1-A5R1	TCGA-CESC	0	0	1	1	cbio_mutation_tp53_kras
TCGA-Q1-A5R2	TCGA-CESC	0	0	1	1	cbio_mutation_tp53_kras
TCGA-Q1-A5R3	TCGA-CESC	0	0	1	1	cbio_mutation_tp53_kras
TCGA-Q1-A6DT	TCGA-CESC	0	0	1	1	cbio_mutation_tp53_kras
TCGA-Q1-A6DV	TCGA-CESC	0	0	1	1	cbio_mutation_tp53_kras
TCGA-Q1-A6DW	TCGA-CESC	0	0	1	1	cbio_mutation_tp53_kras
TCGA-Q1-A73O	TCGA-CESC	0	0	1	1	cbio_mutation_tp53_kras
TCGA-Q1-A73P	TCGA-CESC	0	0	1	1	cbio_mutation_tp53_kras
TCGA-Q1-A73Q	TCGA-CESC	0	0	1	1	cbio_mutation_tp53_kras
TCGA-Q1-A73R	TCGA-CESC	0	0	1	1	cbio_mutation_tp53_kras
TCGA-Q1-A73S	TCGA-CESC	0	0	1	1	cbio_mutation_tp53_kras
TCGA-Q2-A5QZ	TCGA-KIRP	0	0	1	1	cbio_mutation_tp53_kras
TCGA-Q3-A5QY	TCGA-PAAD	0	0	1	1	cbio_mutation_tp53_kras
TCGA-Q3-AA2A	TCGA-PAAD	0	1	1	1	cbio_mutation_tp53_kras
TCGA-Q9-A6FU	TCGA-ESCA	0	0	1	1	cbio_mutation_tp53_kras
TCGA-Q9-A6FW	TCGA-ESCA	0	0	1	1	cbio_mutation_tp53_kras
TCGA-QA-A7B7	TCGA-LIHC	1	0	1	1	cbio_mutation_tp53_kras
TCGA-QB-A6FS	TCGA-SKCM	Unknown	Unknown	0	0	cbio_mutation_tp53_kras
TCGA-QB-AA9O	TCGA-SKCM	Unknown	Unknown	0	0	cbio_mutation_tp53_kras
TCGA-QC-A6FX	TCGA-SARC	1	0	1	1	cbio_mutation_tp53_kras
TCGA-QC-A7B5	TCGA-SARC	1	0	1	1	cbio_mutation_tp53_kras
TCGA-QC-AA9N	TCGA-SARC	0	0	1	1	cbio_mutation_tp53_kras
TCGA-QD-A8IV	TCGA-THCA	0	0	1	1	cbio_mutation_tp53_kras
TCGA-QF-A5YS	TCGA-UCEC	1	0	1	1	cbio_mutation_tp53_kras
TCGA-QF-A5YT	TCGA-UCEC	0	0	1	1	cbio_mutation_tp53_kras
TCGA-QG-A5YV	TCGA-COAD	1	1	1	1	cbio_mutation_tp53_kras
TCGA-QG-A5YW	TCGA-COAD	1	0	1	1	cbio_mutation_tp53_kras
TCGA-QG-A5YX	TCGA-COAD	1	0	1	1	cbio_mutation_tp53_kras
TCGA-QG-A5Z1	TCGA-COAD	1	0	1	1	cbio_mutation_tp53_kras
TCGA-QG-A5Z2	TCGA-COAD	0	0	1	1	cbio_mutation_tp53_kras
TCGA-QH-A65R	TCGA-LGG	0	0	1	1	cbio_mutation_tp53_kras
TCGA-QH-A65S	TCGA-LGG	1	0	1	1	cbio_mutation_tp53_kras
TCGA-QH-A65V	TCGA-LGG	0	0	1	1	cbio_mutation_tp53_kras
TCGA-QH-A65X	TCGA-LGG	0	0	1	1	cbio_mutation_tp53_kras
TCGA-QH-A65Z	TCGA-LGG	0	0	1	1	cbio_mutation_tp53_kras
TCGA-QH-A6CS	TCGA-LGG	0	0	1	1	cbio_mutation_tp53_kras
TCGA-QH-A6CU	TCGA-LGG	0	0	1	1	cbio_mutation_tp53_kras
TCGA-QH-A6CV	TCGA-LGG	0	0	1	1	cbio_mutation_tp53_kras
TCGA-QH-A6CW	TCGA-LGG	1	0	1	1	cbio_mutation_tp53_kras
TCGA-QH-A6CX	TCGA-LGG	0	0	1	1	cbio_mutation_tp53_kras
TCGA-QH-A6CY	TCGA-LGG	0	0	1	1	cbio_mutation_tp53_kras
TCGA-QH-A6CZ	TCGA-LGG	1	0	1	1	cbio_mutation_tp53_kras
TCGA-QH-A6X3	TCGA-LGG	1	0	1	1	cbio_mutation_tp53_kras
TCGA-QH-A6X4	TCGA-LGG	0	0	1	1	cbio_mutation_tp53_kras
TCGA-QH-A6X5	TCGA-LGG	0	0	1	1	cbio_mutation_tp53_kras
TCGA-QH-A6X8	TCGA-LGG	0	0	1	1	cbio_mutation_tp53_kras
TCGA-QH-A6X9	TCGA-LGG	1	0	1	1	cbio_mutation_tp53_kras
TCGA-QH-A6XA	TCGA-LGG	1	0	1	1	cbio_mutation_tp53_kras
TCGA-QH-A6XC	TCGA-LGG	0	0	1	1	cbio_mutation_tp53_kras
TCGA-QH-A86X	TCGA-LGG	0	0	1	1	cbio_mutation_tp53_kras
TCGA-QH-A870	TCGA-LGG	1	0	1	1	cbio_mutation_tp53_kras
TCGA-QK-A64Z	TCGA-HNSC	1	0	1	1	cbio_mutation_tp53_kras
TCGA-QK-A652	TCGA-HNSC	1	0	1	1	cbio_mutation_tp53_kras
TCGA-QK-A6IF	TCGA-HNSC	0	0	1	1	cbio_mutation_tp53_kras
TCGA-QK-A6IG	TCGA-HNSC	1	0	1	1	cbio_mutation_tp53_kras
TCGA-QK-A6IH	TCGA-HNSC	1	0	1	1	cbio_mutation_tp53_kras
TCGA-QK-A6II	TCGA-HNSC	1	0	1	1	cbio_mutation_tp53_kras
TCGA-QK-A6IJ	TCGA-HNSC	1	0	1	1	cbio_mutation_tp53_kras
TCGA-QK-A6V9	TCGA-HNSC	0	0	1	1	cbio_mutation_tp53_kras
TCGA-QK-A6VB	TCGA-HNSC	1	0	1	1	cbio_mutation_tp53_kras
TCGA-QK-A6VC	TCGA-HNSC	1	0	1	1	cbio_mutation_tp53_kras
TCGA-QK-A8Z7	TCGA-HNSC	1	0	1	1	cbio_mutation_tp53_kras
TCGA-QK-A8Z8	TCGA-HNSC	1	0	1	1	cbio_mutation_tp53_kras
TCGA-QK-A8Z9	TCGA-HNSC	1	0	1	1	cbio_mutation_tp53_kras
TCGA-QK-A8ZA	TCGA-HNSC	1	0	1	1	cbio_mutation_tp53_kras
TCGA-QK-A8ZB	TCGA-HNSC	1	0	1	1	cbio_mutation_tp53_kras
TCGA-QK-AA3J	TCGA-HNSC	1	0	1	1	cbio_mutation_tp53_kras
TCGA-QK-AA3K	TCGA-HNSC	1	0	1	1	cbio_mutation_tp53_kras
TCGA-QL-A97D	TCGA-COAD	1	1	1	1	cbio_mutation_tp53_kras
TCGA-QM-A5NM	TCGA-UCS	1	0	1	1	cbio_mutation_tp53_kras
TCGA-QN-A5NN	TCGA-UCS	1	0	1	1	cbio_mutation_tp53_kras
TCGA-QQ-A5V2	TCGA-SARC	0	0	1	1	cbio_mutation_tp53_kras
TCGA-QQ-A5V9	TCGA-SARC	1	0	1	1	cbio_mutation_tp53_kras
TCGA-QQ-A5VA	TCGA-SARC	1	0	1	1	cbio_mutation_tp53_kras
TCGA-QQ-A5VB	TCGA-SARC	1	0	1	1	cbio_mutation_tp53_kras
TCGA-QQ-A5VC	TCGA-SARC	0	0	1	1	cbio_mutation_tp53_kras
TCGA-QQ-A5VD	TCGA-SARC	1	0	1	1	cbio_mutation_tp53_kras
TCGA-QQ-A8VB	TCGA-SARC	0	0	1	1	cbio_mutation_tp53_kras
TCGA-QQ-A8VD	TCGA-SARC	0	0	1	1	cbio_mutation_tp53_kras
TCGA-QQ-A8VF	TCGA-SARC	1	0	1	1	cbio_mutation_tp53_kras
TCGA-QQ-A8VG	TCGA-SARC	0	0	1	1	cbio_mutation_tp53_kras
TCGA-QQ-A8VH	TCGA-SARC	1	0	1	1	cbio_mutation_tp53_kras
TCGA-QR-A6GO	TCGA-PCPG	0	0	1	1	cbio_mutation_tp53_kras
TCGA-QR-A6GR	TCGA-PCPG	0	0	1	1	cbio_mutation_tp53_kras
TCGA-QR-A6GS	TCGA-PCPG	0	0	1	1	cbio_mutation_tp53_kras
TCGA-QR-A6GT	TCGA-PCPG	0	0	1	1	cbio_mutation_tp53_kras
TCGA-QR-A6GU	TCGA-PCPG	0	0	1	1	cbio_mutation_tp53_kras
TCGA-QR-A6GW	TCGA-PCPG	0	0	1	1	cbio_mutation_tp53_kras
TCGA-QR-A6GX	TCGA-PCPG	0	0	1	1	cbio_mutation_tp53_kras
TCGA-QR-A6GY	TCGA-PCPG	1	0	1	1	cbio_mutation_tp53_kras
TCGA-QR-A6GZ	TCGA-PCPG	0	0	1	1	cbio_mutation_tp53_kras
TCGA-QR-A6H0	TCGA-PCPG	0	0	1	1	cbio_mutation_tp53_kras
TCGA-QR-A6H1	TCGA-PCPG	0	0	1	1	cbio_mutation_tp53_kras
TCGA-QR-A6H2	TCGA-PCPG	0	0	1	1	cbio_mutation_tp53_kras
TCGA-QR-A6H3	TCGA-PCPG	0	0	1	1	cbio_mutation_tp53_kras
TCGA-QR-A6H4	TCGA-PCPG	0	0	1	1	cbio_mutation_tp53_kras
TCGA-QR-A6H5	TCGA-PCPG	0	0	1	1	cbio_mutation_tp53_kras
TCGA-QR-A6H6	TCGA-PCPG	0	0	1	1	cbio_mutation_tp53_kras
TCGA-QR-A6ZZ	TCGA-PCPG	0	0	1	1	cbio_mutation_tp53_kras
TCGA-QR-A700	TCGA-PCPG	0	0	1	1	cbio_mutation_tp53_kras
TCGA-QR-A702	TCGA-PCPG	0	0	1	1	cbio_mutation_tp53_kras
TCGA-QR-A703	TCGA-PCPG	0	0	1	1	cbio_mutation_tp53_kras
TCGA-QR-A705	TCGA-PCPG	0	0	1	1	cbio_mutation_tp53_kras
TCGA-QR-A706	TCGA-PCPG	0	0	1	1	cbio_mutation_tp53_kras
TCGA-QR-A707	TCGA-PCPG	0	0	1	1	cbio_mutation_tp53_kras
TCGA-QR-A708	TCGA-PCPG	0	0	1	1	cbio_mutation_tp53_kras
TCGA-QR-A70A	TCGA-PCPG	0	0	1	1	cbio_mutation_tp53_kras
TCGA-QR-A70C	TCGA-PCPG	0	0	1	1	cbio_mutation_tp53_kras
TCGA-QR-A70D	TCGA-PCPG	0	0	1	1	cbio_mutation_tp53_kras
TCGA-QR-A70E	TCGA-PCPG	0	0	1	1	cbio_mutation_tp53_kras
TCGA-QR-A70G	TCGA-PCPG	0	0	1	1	cbio_mutation_tp53_kras
TCGA-QR-A70H	TCGA-PCPG	0	0	1	1	cbio_mutation_tp53_kras
TCGA-QR-A70I	TCGA-PCPG	0	0	1	1	cbio_mutation_tp53_kras
TCGA-QR-A70J	TCGA-PCPG	0	0	1	1	cbio_mutation_tp53_kras
TCGA-QR-A70K	TCGA-PCPG	0	0	1	1	cbio_mutation_tp53_kras
TCGA-QR-A70M	TCGA-PCPG	0	0	1	1	cbio_mutation_tp53_kras
TCGA-QR-A70N	TCGA-PCPG	0	0	1	1	cbio_mutation_tp53_kras
TCGA-QR-A70O	TCGA-PCPG	0	0	1	1	cbio_mutation_tp53_kras
TCGA-QR-A70P	TCGA-PCPG	0	0	1	1	cbio_mutation_tp53_kras
TCGA-QR-A70Q	TCGA-PCPG	0	0	1	1	cbio_mutation_tp53_kras
TCGA-QR-A70R	TCGA-PCPG	0	0	1	1	cbio_mutation_tp53_kras
TCGA-QR-A70T	TCGA-PCPG	0	0	1	1	cbio_mutation_tp53_kras
TCGA-QR-A70U	TCGA-PCPG	0	0	1	1	cbio_mutation_tp53_kras
TCGA-QR-A70V	TCGA-PCPG	0	0	1	1	cbio_mutation_tp53_kras
TCGA-QR-A70W	TCGA-PCPG	0	0	1	1	cbio_mutation_tp53_kras
TCGA-QR-A70X	TCGA-PCPG	0	0	1	1	cbio_mutation_tp53_kras
TCGA-QR-A7IN	TCGA-PCPG	0	0	1	1	cbio_mutation_tp53_kras
TCGA-QR-A7IP	TCGA-PCPG	0	0	1	1	cbio_mutation_tp53_kras
TCGA-QS-A5YQ	TCGA-UCEC	0	0	1	1	cbio_mutation_tp53_kras
TCGA-QS-A5YR	TCGA-UCEC	0	0	1	1	cbio_mutation_tp53_kras
TCGA-QS-A744	TCGA-UCEC	0	0	1	1	cbio_mutation_tp53_kras
TCGA-QS-A8F1	TCGA-UCEC	1	0	1	1	cbio_mutation_tp53_kras
TCGA-QT-A5XJ	TCGA-PCPG	0	0	1	1	cbio_mutation_tp53_kras
TCGA-QT-A5XK	TCGA-PCPG	0	0	1	1	cbio_mutation_tp53_kras
TCGA-QT-A5XL	TCGA-PCPG	0	0	1	1	cbio_mutation_tp53_kras
TCGA-QT-A5XM	TCGA-PCPG	0	0	1	1	cbio_mutation_tp53_kras
TCGA-QT-A5XN	TCGA-PCPG	0	0	1	1	cbio_mutation_tp53_kras
TCGA-QT-A5XO	TCGA-PCPG	0	0	1	1	cbio_mutation_tp53_kras
TCGA-QT-A5XP	TCGA-PCPG	0	0	1	1	cbio_mutation_tp53_kras
TCGA-QT-A69Q	TCGA-PCPG	0	0	1	1	cbio_mutation_tp53_kras
TCGA-QT-A7U0	TCGA-PCPG	0	0	1	1	cbio_mutation_tp53_kras
TCGA-QU-A6IL	TCGA-PRAD	0	0	1	1	cbio_mutation_tp53_kras
TCGA-QU-A6IM	TCGA-PRAD	0	0	1	1	cbio_mutation_tp53_kras
TCGA-QU-A6IN	TCGA-PRAD	0	0	1	1	cbio_mutation_tp53_kras
TCGA-QU-A6IO	TCGA-PRAD	0	0	1	1	cbio_mutation_tp53_kras
TCGA-QU-A6IP	TCGA-PRAD	0	0	1	1	cbio_mutation_tp53_kras
TCGA-R5-A7O7	TCGA-STAD	1	0	1	1	cbio_mutation_tp53_kras
TCGA-R5-A7ZE	TCGA-STAD	1	0	1	1	cbio_mutation_tp53_kras
TCGA-R5-A7ZF	TCGA-STAD	1	0	1	1	cbio_mutation_tp53_kras
TCGA-R5-A7ZI	TCGA-STAD	0	0	1	1	cbio_mutation_tp53_kras
TCGA-R5-A7ZR	TCGA-STAD	0	0	1	1	cbio_mutation_tp53_kras
TCGA-R5-A804	TCGA-STAD	0	0	1	1	cbio_mutation_tp53_kras
TCGA-R5-A805	TCGA-STAD	0	0	1	1	cbio_mutation_tp53_kras
TCGA-R6-A6DN	TCGA-ESCA	1	0	1	1	cbio_mutation_tp53_kras
TCGA-R6-A6DQ	TCGA-ESCA	1	0	1	1	cbio_mutation_tp53_kras
TCGA-R6-A6KZ	TCGA-ESCA	1	0	1	1	cbio_mutation_tp53_kras
TCGA-R6-A6L4	TCGA-ESCA	1	0	1	1	cbio_mutation_tp53_kras
TCGA-R6-A6L6	TCGA-ESCA	0	0	1	1	cbio_mutation_tp53_kras
TCGA-R6-A6XG	TCGA-ESCA	0	0	1	1	cbio_mutation_tp53_kras
TCGA-R6-A6XQ	TCGA-ESCA	1	0	1	1	cbio_mutation_tp53_kras
TCGA-R6-A6Y0	TCGA-ESCA	1	0	1	1	cbio_mutation_tp53_kras
TCGA-R6-A6Y2	TCGA-ESCA	1	0	1	1	cbio_mutation_tp53_kras
TCGA-R6-A8W5	TCGA-ESCA	1	0	1	1	cbio_mutation_tp53_kras
TCGA-R6-A8W8	TCGA-ESCA	1	0	1	1	cbio_mutation_tp53_kras
TCGA-R6-A8WC	TCGA-ESCA	1	0	1	1	cbio_mutation_tp53_kras
TCGA-R6-A8WG	TCGA-ESCA	1	0	1	1	cbio_mutation_tp53_kras
TCGA-R8-A6MK	TCGA-LGG	0	0	1	1	cbio_mutation_tp53_kras
TCGA-R8-A6ML	TCGA-LGG	0	0	1	1	cbio_mutation_tp53_kras
TCGA-R8-A6MO	TCGA-LGG	0	0	1	1	cbio_mutation_tp53_kras
TCGA-R8-A6YH	TCGA-LGG	1	0	1	1	cbio_mutation_tp53_kras
TCGA-R8-A73M	TCGA-LGG	Unknown	Unknown	0	0	cbio_mutation_tp53_kras
TCGA-RA-A741	TCGA-CESC	0	0	1	1	cbio_mutation_tp53_kras
TCGA-RB-A7B8	TCGA-PAAD	0	1	1	1	cbio_mutation_tp53_kras
TCGA-RB-AA9M	TCGA-PAAD	1	0	1	1	cbio_mutation_tp53_kras
TCGA-RC-A6M3	TCGA-LIHC	0	0	1	1	cbio_mutation_tp53_kras
TCGA-RC-A6M4	TCGA-LIHC	0	0	1	1	cbio_mutation_tp53_kras
TCGA-RC-A6M5	TCGA-LIHC	0	0	1	1	cbio_mutation_tp53_kras
TCGA-RC-A6M6	TCGA-LIHC	1	0	1	1	cbio_mutation_tp53_kras
TCGA-RC-A7S9	TCGA-LIHC	0	0	1	1	cbio_mutation_tp53_kras
TCGA-RC-A7SB	TCGA-LIHC	1	0	1	1	cbio_mutation_tp53_kras
TCGA-RC-A7SF	TCGA-LIHC	0	0	1	1	cbio_mutation_tp53_kras
TCGA-RC-A7SH	TCGA-LIHC	1	0	1	1	cbio_mutation_tp53_kras
TCGA-RC-A7SK	TCGA-LIHC	1	0	1	1	cbio_mutation_tp53_kras
TCGA-RD-A7BS	TCGA-STAD	0	0	1	1	cbio_mutation_tp53_kras
TCGA-RD-A7BT	TCGA-STAD	0	0	1	1	cbio_mutation_tp53_kras
TCGA-RD-A7BW	TCGA-STAD	0	0	1	1	cbio_mutation_tp53_kras
TCGA-RD-A7C1	TCGA-STAD	0	0	1	1	cbio_mutation_tp53_kras
TCGA-RD-A8MV	TCGA-STAD	0	0	1	1	cbio_mutation_tp53_kras
TCGA-RD-A8MW	TCGA-STAD	1	0	1	1	cbio_mutation_tp53_kras
TCGA-RD-A8N0	TCGA-STAD	0	0	1	1	cbio_mutation_tp53_kras
TCGA-RD-A8N1	TCGA-STAD	1	0	1	1	cbio_mutation_tp53_kras
TCGA-RD-A8N2	TCGA-STAD	0	0	1	1	cbio_mutation_tp53_kras
TCGA-RD-A8N4	TCGA-STAD	0	0	1	1	cbio_mutation_tp53_kras
TCGA-RD-A8N5	TCGA-STAD	0	0	1	1	cbio_mutation_tp53_kras
TCGA-RD-A8N6	TCGA-STAD	1	0	1	1	cbio_mutation_tp53_kras
TCGA-RD-A8N9	TCGA-STAD	1	0	1	1	cbio_mutation_tp53_kras
TCGA-RD-A8NB	TCGA-STAD	1	0	1	1	cbio_mutation_tp53_kras
TCGA-RE-A7BO	TCGA-ESCA	0	0	1	1	cbio_mutation_tp53_kras
TCGA-RG-A7D4	TCGA-LIHC	1	0	1	1	cbio_mutation_tp53_kras
TCGA-RL-AAAS	TCGA-PAAD	0	0	1	1	cbio_mutation_tp53_kras
TCGA-RM-A68T	TCGA-PCPG	0	0	1	1	cbio_mutation_tp53_kras
TCGA-RM-A68W	TCGA-PCPG	0	0	1	1	cbio_mutation_tp53_kras
TCGA-RN-A68Q	TCGA-SARC	0	0	1	1	cbio_mutation_tp53_kras
TCGA-RN-AAAQ	TCGA-SARC	0	0	1	1	cbio_mutation_tp53_kras
TCGA-RP-A690	TCGA-SKCM	Unknown	Unknown	0	0	cbio_mutation_tp53_kras
TCGA-RP-A693	TCGA-SKCM	Unknown	Unknown	0	0	cbio_mutation_tp53_kras
TCGA-RP-A694	TCGA-SKCM	Unknown	Unknown	0	0	cbio_mutation_tp53_kras
TCGA-RP-A695	TCGA-SKCM	Unknown	Unknown	0	0	cbio_mutation_tp53_kras
TCGA-RP-A6K9	TCGA-SKCM	Unknown	Unknown	0	0	cbio_mutation_tp53_kras
TCGA-RQ-A68N	TCGA-DLBC	0	0	1	1	cbio_mutation_tp53_kras
TCGA-RQ-A6JB	TCGA-DLBC	0	0	1	1	cbio_mutation_tp53_kras
TCGA-RQ-AAAT	TCGA-DLBC	1	0	1	1	cbio_mutation_tp53_kras
TCGA-RR-A6KA	TCGA-GBM	0	0	1	1	cbio_mutation_tp53_kras
TCGA-RR-A6KB	TCGA-GBM	0	0	1	1	cbio_mutation_tp53_kras
TCGA-RR-A6KC	TCGA-GBM	0	0	1	1	cbio_mutation_tp53_kras
TCGA-RS-A6TO	TCGA-HNSC	1	0	1	1	cbio_mutation_tp53_kras
TCGA-RS-A6TP	TCGA-HNSC	0	0	1	1	cbio_mutation_tp53_kras
TCGA-RT-A6Y9	TCGA-PCPG	0	0	1	1	cbio_mutation_tp53_kras
TCGA-RT-A6YA	TCGA-PCPG	0	0	1	1	cbio_mutation_tp53_kras
TCGA-RT-A6YC	TCGA-PCPG	0	0	1	1	cbio_mutation_tp53_kras
TCGA-RW-A67V	TCGA-PCPG	0	0	1	1	cbio_mutation_tp53_kras
TCGA-RW-A67W	TCGA-PCPG	0	0	1	1	cbio_mutation_tp53_kras
TCGA-RW-A67X	TCGA-PCPG	0	0	1	1	cbio_mutation_tp53_kras
TCGA-RW-A67Y	TCGA-PCPG	0	0	1	1	cbio_mutation_tp53_kras
TCGA-RW-A680	TCGA-PCPG	0	0	1	1	cbio_mutation_tp53_kras
TCGA-RW-A681	TCGA-PCPG	0	0	1	1	cbio_mutation_tp53_kras
TCGA-RW-A684	TCGA-PCPG	0	0	1	1	cbio_mutation_tp53_kras
TCGA-RW-A685	TCGA-PCPG	0	0	1	1	cbio_mutation_tp53_kras
TCGA-RW-A686	TCGA-PCPG	0	0	1	1	cbio_mutation_tp53_kras
TCGA-RW-A688	TCGA-PCPG	0	0	1	1	cbio_mutation_tp53_kras
TCGA-RW-A689	TCGA-PCPG	0	0	1	1	cbio_mutation_tp53_kras
TCGA-RW-A68A	TCGA-PCPG	0	0	1	1	cbio_mutation_tp53_kras
TCGA-RW-A68B	TCGA-PCPG	0	0	1	1	cbio_mutation_tp53_kras
TCGA-RW-A68C	TCGA-PCPG	0	0	1	1	cbio_mutation_tp53_kras
TCGA-RW-A68D	TCGA-PCPG	0	0	1	1	cbio_mutation_tp53_kras
TCGA-RW-A68F	TCGA-PCPG	0	0	1	1	cbio_mutation_tp53_kras
TCGA-RW-A68G	TCGA-PCPG	0	0	1	1	cbio_mutation_tp53_kras
TCGA-RW-A7CZ	TCGA-PCPG	0	0	1	1	cbio_mutation_tp53_kras
TCGA-RW-A7D0	TCGA-PCPG	0	0	1	1	cbio_mutation_tp53_kras
TCGA-RW-A8AZ	TCGA-PCPG	0	0	1	1	cbio_mutation_tp53_kras
TCGA-RX-A8JQ	TCGA-PCPG	0	0	1	1	cbio_mutation_tp53_kras
TCGA-RY-A83X	TCGA-LGG	0	0	1	1	cbio_mutation_tp53_kras
TCGA-RY-A83Y	TCGA-LGG	0	0	1	1	cbio_mutation_tp53_kras
TCGA-RY-A83Z	TCGA-LGG	1	0	1	1	cbio_mutation_tp53_kras
TCGA-RY-A840	TCGA-LGG	0	0	1	1	cbio_mutation_tp53_kras
TCGA-RY-A843	TCGA-LGG	0	1	1	1	cbio_mutation_tp53_kras
TCGA-RY-A845	TCGA-LGG	1	0	1	1	cbio_mutation_tp53_kras
TCGA-RY-A847	TCGA-LGG	0	0	1	1	cbio_mutation_tp53_kras
TCGA-RZ-AB0B	TCGA-UVM	0	0	1	1	cbio_mutation_tp53_kras
TCGA-S2-AA1A	TCGA-LUAD	0	0	1	1	cbio_mutation_tp53_kras
TCGA-S3-A6ZF	TCGA-BRCA_IDC	0	0	1	1	cbio_mutation_tp53_kras
TCGA-S3-A6ZG	TCGA-BRCA_OTHERS	0	0	1	1	cbio_mutation_tp53_kras
TCGA-S3-A6ZH	TCGA-BRCA_IDC	0	0	1	1	cbio_mutation_tp53_kras
TCGA-S3-AA0Z	TCGA-BRCA_IDC	1	0	1	1	cbio_mutation_tp53_kras
TCGA-S3-AA10	TCGA-BRCA_IDC	1	0	1	1	cbio_mutation_tp53_kras
TCGA-S3-AA11	TCGA-BRCA_IDC	0	0	1	1	cbio_mutation_tp53_kras
TCGA-S3-AA12	TCGA-BRCA_IDC	0	0	1	1	cbio_mutation_tp53_kras
TCGA-S3-AA14	TCGA-BRCA_IDC	0	0	1	1	cbio_mutation_tp53_kras
TCGA-S3-AA15	TCGA-BRCA_IDC	0	0	1	1	cbio_mutation_tp53_kras
TCGA-S3-AA17	TCGA-BRCA_IDC	0	0	1	1	cbio_mutation_tp53_kras
TCGA-S4-A8RM	TCGA-PAAD	0	1	1	1	cbio_mutation_tp53_kras
TCGA-S4-A8RO	TCGA-PAAD	1	1	1	1	cbio_mutation_tp53_kras
TCGA-S4-A8RP	TCGA-PAAD	0	1	1	1	cbio_mutation_tp53_kras
TCGA-S5-A6DX	TCGA-BLCA	0	0	1	1	cbio_mutation_tp53_kras
TCGA-S5-AA26	TCGA-BLCA	0	0	1	1	cbio_mutation_tp53_kras
TCGA-S6-A8JW	TCGA-TGCT	0	1	1	1	cbio_mutation_tp53_kras
TCGA-S6-A8JX	TCGA-TGCT	0	0	1	1	cbio_mutation_tp53_kras
TCGA-S6-A8JY	TCGA-TGCT	0	0	1	1	cbio_mutation_tp53_kras
TCGA-S7-A7WL	TCGA-PCPG	0	0	1	1	cbio_mutation_tp53_kras
TCGA-S7-A7WM	TCGA-PCPG	0	0	1	1	cbio_mutation_tp53_kras
TCGA-S7-A7WN	TCGA-PCPG	0	0	1	1	cbio_mutation_tp53_kras
TCGA-S7-A7WO	TCGA-PCPG	0	0	1	1	cbio_mutation_tp53_kras
TCGA-S7-A7WP	TCGA-PCPG	0	0	1	1	cbio_mutation_tp53_kras
TCGA-S7-A7WQ	TCGA-PCPG	0	0	1	1	cbio_mutation_tp53_kras
TCGA-S7-A7WR	TCGA-PCPG	0	0	1	1	cbio_mutation_tp53_kras
TCGA-S7-A7WT	TCGA-PCPG	0	0	1	1	cbio_mutation_tp53_kras
TCGA-S7-A7WU	TCGA-PCPG	0	0	1	1	cbio_mutation_tp53_kras
TCGA-S7-A7WV	TCGA-PCPG	0	0	1	1	cbio_mutation_tp53_kras
TCGA-S7-A7WW	TCGA-PCPG	0	0	1	1	cbio_mutation_tp53_kras
TCGA-S7-A7WX	TCGA-PCPG	0	0	1	1	cbio_mutation_tp53_kras
TCGA-S7-A7X0	TCGA-PCPG	0	0	1	1	cbio_mutation_tp53_kras
TCGA-S7-A7X1	TCGA-PCPG	0	0	1	1	cbio_mutation_tp53_kras
TCGA-S7-A7X2	TCGA-PCPG	0	0	1	1	cbio_mutation_tp53_kras
TCGA-S8-A6BV	TCGA-ESCA	1	0	1	1	cbio_mutation_tp53_kras
TCGA-S8-A6BW	TCGA-ESCA	1	0	1	1	cbio_mutation_tp53_kras
TCGA-S9-A6TS	TCGA-LGG	1	0	1	1	cbio_mutation_tp53_kras
TCGA-S9-A6TU	TCGA-LGG	1	0	1	1	cbio_mutation_tp53_kras
TCGA-S9-A6TV	TCGA-LGG	1	0	1	1	cbio_mutation_tp53_kras
TCGA-S9-A6TW	TCGA-LGG	0	0	1	1	cbio_mutation_tp53_kras
TCGA-S9-A6TX	TCGA-LGG	0	0	1	1	cbio_mutation_tp53_kras
TCGA-S9-A6TY	TCGA-LGG	0	0	1	1	cbio_mutation_tp53_kras
TCGA-S9-A6TZ	TCGA-LGG	1	0	1	1	cbio_mutation_tp53_kras
TCGA-S9-A6U0	TCGA-LGG	0	0	1	1	cbio_mutation_tp53_kras
TCGA-S9-A6U1	TCGA-LGG	0	0	1	1	cbio_mutation_tp53_kras
TCGA-S9-A6U2	TCGA-LGG	0	0	1	1	cbio_mutation_tp53_kras
TCGA-S9-A6U5	TCGA-LGG	0	0	1	1	cbio_mutation_tp53_kras
TCGA-S9-A6U6	TCGA-LGG	1	0	1	1	cbio_mutation_tp53_kras
TCGA-S9-A6U8	TCGA-LGG	1	0	1	1	cbio_mutation_tp53_kras
TCGA-S9-A6U9	TCGA-LGG	1	0	1	1	cbio_mutation_tp53_kras
TCGA-S9-A6UA	TCGA-LGG	0	0	1	1	cbio_mutation_tp53_kras
TCGA-S9-A6UB	TCGA-LGG	0	0	1	1	cbio_mutation_tp53_kras
TCGA-S9-A6WD	TCGA-LGG	0	0	1	1	cbio_mutation_tp53_kras
TCGA-S9-A6WE	TCGA-LGG	0	0	1	1	cbio_mutation_tp53_kras
TCGA-S9-A6WG	TCGA-LGG	1	0	1	1	cbio_mutation_tp53_kras
TCGA-S9-A6WH	TCGA-LGG	0	0	1	1	cbio_mutation_tp53_kras
TCGA-S9-A6WI	TCGA-LGG	0	0	1	1	cbio_mutation_tp53_kras
TCGA-S9-A6WL	TCGA-LGG	0	0	1	1	cbio_mutation_tp53_kras
TCGA-S9-A6WM	TCGA-LGG	0	0	1	1	cbio_mutation_tp53_kras
TCGA-S9-A6WN	TCGA-LGG	0	0	1	1	cbio_mutation_tp53_kras
TCGA-S9-A6WO	TCGA-LGG	1	0	1	1	cbio_mutation_tp53_kras
TCGA-S9-A6WP	TCGA-LGG	0	0	1	1	cbio_mutation_tp53_kras
TCGA-S9-A6WQ	TCGA-LGG	1	0	1	1	cbio_mutation_tp53_kras
TCGA-S9-A7IQ	TCGA-LGG	0	0	1	1	cbio_mutation_tp53_kras
TCGA-S9-A7IS	TCGA-LGG	0	0	1	1	cbio_mutation_tp53_kras
TCGA-S9-A7IX	TCGA-LGG	0	0	1	1	cbio_mutation_tp53_kras
TCGA-S9-A7IY	TCGA-LGG	0	0	1	1	cbio_mutation_tp53_kras
TCGA-S9-A7IZ	TCGA-LGG	1	0	1	1	cbio_mutation_tp53_kras
TCGA-S9-A7J0	TCGA-LGG	1	0	1	1	cbio_mutation_tp53_kras
TCGA-S9-A7J1	TCGA-LGG	0	0	1	1	cbio_mutation_tp53_kras
TCGA-S9-A7J2	TCGA-LGG	0	0	1	1	cbio_mutation_tp53_kras
TCGA-S9-A7J3	TCGA-LGG	0	0	1	1	cbio_mutation_tp53_kras
TCGA-S9-A7QW	TCGA-LGG	1	0	1	1	cbio_mutation_tp53_kras
TCGA-S9-A7QX	TCGA-LGG	1	0	1	1	cbio_mutation_tp53_kras
TCGA-S9-A7QY	TCGA-LGG	0	0	1	1	cbio_mutation_tp53_kras
TCGA-S9-A7QZ	TCGA-LGG	1	0	1	1	cbio_mutation_tp53_kras
TCGA-S9-A7R1	TCGA-LGG	0	0	1	1	cbio_mutation_tp53_kras
TCGA-S9-A7R2	TCGA-LGG	0	0	1	1	cbio_mutation_tp53_kras
TCGA-S9-A7R3	TCGA-LGG	1	0	1	1	cbio_mutation_tp53_kras
TCGA-S9-A7R4	TCGA-LGG	1	0	1	1	cbio_mutation_tp53_kras
TCGA-S9-A7R7	TCGA-LGG	1	0	1	1	cbio_mutation_tp53_kras
TCGA-S9-A7R8	TCGA-LGG	1	0	1	1	cbio_mutation_tp53_kras
TCGA-S9-A89V	TCGA-LGG	0	0	1	1	cbio_mutation_tp53_kras
TCGA-S9-A89Z	TCGA-LGG	1	0	1	1	cbio_mutation_tp53_kras
TCGA-SA-A6C2	TCGA-PCPG	0	0	1	1	cbio_mutation_tp53_kras
TCGA-SB-A6J6	TCGA-TGCT	0	0	1	1	cbio_mutation_tp53_kras
TCGA-SB-A76C	TCGA-TGCT	0	0	1	1	cbio_mutation_tp53_kras
TCGA-SC-A6LM	TCGA-MESO	0	0	1	1	cbio_mutation_tp53_kras
TCGA-SC-A6LN	TCGA-MESO	0	0	1	1	cbio_mutation_tp53_kras
TCGA-SC-A6LP	TCGA-MESO	1	0	1	1	cbio_mutation_tp53_kras
TCGA-SC-A6LQ	TCGA-MESO	0	0	1	1	cbio_mutation_tp53_kras
TCGA-SC-A6LR	TCGA-MESO	0	0	1	1	cbio_mutation_tp53_kras
TCGA-SC-AA5Z	TCGA-MESO	1	0	1	1	cbio_mutation_tp53_kras
TCGA-SG-A6Z4	TCGA-SARC	1	0	1	1	cbio_mutation_tp53_kras
TCGA-SG-A6Z7	TCGA-SARC	0	0	1	1	cbio_mutation_tp53_kras
TCGA-SG-A849	TCGA-SARC	0	0	1	1	cbio_mutation_tp53_kras
TCGA-SH-A7BC	TCGA-MESO	0	0	1	1	cbio_mutation_tp53_kras
TCGA-SH-A7BD	TCGA-MESO	0	0	1	1	cbio_mutation_tp53_kras
TCGA-SH-A7BH	TCGA-MESO	1	0	1	1	cbio_mutation_tp53_kras
TCGA-SH-A9CT	TCGA-MESO	0	0	1	1	cbio_mutation_tp53_kras
TCGA-SH-A9CU	TCGA-MESO	0	0	1	1	cbio_mutation_tp53_kras
TCGA-SI-A71O	TCGA-SARC	0	0	1	1	cbio_mutation_tp53_kras
TCGA-SI-A71P	TCGA-SARC	0	0	1	1	cbio_mutation_tp53_kras
TCGA-SI-A71Q	TCGA-SARC	0	0	1	1	cbio_mutation_tp53_kras
TCGA-SI-AA8B	TCGA-SARC	0	0	1	1	cbio_mutation_tp53_kras
TCGA-SI-AA8C	TCGA-SARC	0	0	1	1	cbio_mutation_tp53_kras
TCGA-SJ-A6ZI	TCGA-UCEC	1	0	1	1	cbio_mutation_tp53_kras
TCGA-SJ-A6ZJ	TCGA-UCEC	0	0	1	1	cbio_mutation_tp53_kras
TCGA-SL-A6J9	TCGA-UCEC	1	0	1	1	cbio_mutation_tp53_kras
TCGA-SL-A6JA	TCGA-UCEC	0	1	1	1	cbio_mutation_tp53_kras
TCGA-SN-A6IS	TCGA-TGCT	0	0	1	1	cbio_mutation_tp53_kras
TCGA-SN-A84W	TCGA-TGCT	0	0	1	1	cbio_mutation_tp53_kras
TCGA-SN-A84X	TCGA-TGCT	0	0	1	1	cbio_mutation_tp53_kras
TCGA-SN-A84Y	TCGA-TGCT	0	0	1	1	cbio_mutation_tp53_kras
TCGA-SO-A8JP	TCGA-TGCT	0	0	1	1	cbio_mutation_tp53_kras
TCGA-SP-A6QC	TCGA-PCPG	0	0	1	1	cbio_mutation_tp53_kras
TCGA-SP-A6QD	TCGA-PCPG	0	0	1	1	cbio_mutation_tp53_kras
TCGA-SP-A6QF	TCGA-PCPG	0	0	1	1	cbio_mutation_tp53_kras
TCGA-SP-A6QG	TCGA-PCPG	0	0	1	1	cbio_mutation_tp53_kras
TCGA-SP-A6QH	TCGA-PCPG	0	0	1	1	cbio_mutation_tp53_kras
TCGA-SP-A6QI	TCGA-PCPG	0	0	1	1	cbio_mutation_tp53_kras
TCGA-SP-A6QJ	TCGA-PCPG	0	0	1	1	cbio_mutation_tp53_kras
TCGA-SP-A6QK	TCGA-PCPG	0	0	1	1	cbio_mutation_tp53_kras
TCGA-SQ-A6I4	TCGA-PCPG	0	0	1	1	cbio_mutation_tp53_kras
TCGA-SQ-A6I6	TCGA-PCPG	0	0	1	1	cbio_mutation_tp53_kras
TCGA-SR-A6MP	TCGA-PCPG	0	0	1	1	cbio_mutation_tp53_kras
TCGA-SR-A6MQ	TCGA-PCPG	0	0	1	1	cbio_mutation_tp53_kras
TCGA-SR-A6MR	TCGA-PCPG	0	0	1	1	cbio_mutation_tp53_kras
TCGA-SR-A6MS	TCGA-PCPG	0	0	1	1	cbio_mutation_tp53_kras
TCGA-SR-A6MT	TCGA-PCPG	0	0	1	1	cbio_mutation_tp53_kras
TCGA-SR-A6MU	TCGA-PCPG	0	0	1	1	cbio_mutation_tp53_kras
TCGA-SR-A6MV	TCGA-PCPG	0	0	1	1	cbio_mutation_tp53_kras
TCGA-SR-A6MX	TCGA-PCPG	0	0	1	1	cbio_mutation_tp53_kras
TCGA-SR-A6MY	TCGA-PCPG	0	0	1	1	cbio_mutation_tp53_kras
TCGA-SR-A6MZ	TCGA-PCPG	0	0	1	1	cbio_mutation_tp53_kras
TCGA-SR-A6N0	TCGA-PCPG	0	0	1	1	cbio_mutation_tp53_kras
TCGA-SS-A7HO	TCGA-COAD	1	1	1	1	cbio_mutation_tp53_kras
TCGA-SU-A7E7	TCGA-PRAD	0	0	1	1	cbio_mutation_tp53_kras
TCGA-SW-A7EA	TCGA-STAD	0	1	1	1	cbio_mutation_tp53_kras
TCGA-SW-A7EB	TCGA-STAD	1	0	1	1	cbio_mutation_tp53_kras
TCGA-SX-A71R	TCGA-KIRP	0	0	1	1	cbio_mutation_tp53_kras
TCGA-SX-A71S	TCGA-KIRP	0	0	1	1	cbio_mutation_tp53_kras
TCGA-SX-A71U	TCGA-KIRP	0	0	1	1	cbio_mutation_tp53_kras
TCGA-SX-A71V	TCGA-KIRP	0	0	1	1	cbio_mutation_tp53_kras
TCGA-SX-A71W	TCGA-KIRP	Unknown	Unknown	0	0	cbio_mutation_tp53_kras
TCGA-SX-A7SL	TCGA-KIRP	0	0	1	1	cbio_mutation_tp53_kras
TCGA-SX-A7SM	TCGA-KIRP	0	0	1	1	cbio_mutation_tp53_kras
TCGA-SX-A7SN	TCGA-KIRP	0	0	1	1	cbio_mutation_tp53_kras
TCGA-SX-A7SO	TCGA-KIRP	0	0	1	1	cbio_mutation_tp53_kras
TCGA-SX-A7SP	TCGA-KIRP	0	0	1	1	cbio_mutation_tp53_kras
TCGA-SX-A7SQ	TCGA-KIRP	0	0	1	1	cbio_mutation_tp53_kras
TCGA-SX-A7SR	TCGA-KIRP	0	0	1	1	cbio_mutation_tp53_kras
TCGA-SX-A7SS	TCGA-KIRP	0	0	1	1	cbio_mutation_tp53_kras
TCGA-SX-A7SU	TCGA-KIRP	0	0	1	1	cbio_mutation_tp53_kras
TCGA-SY-A9G0	TCGA-BLCA	0	0	1	1	cbio_mutation_tp53_kras
TCGA-SY-A9G5	TCGA-BLCA	0	0	1	1	cbio_mutation_tp53_kras
TCGA-T1-A6J8	TCGA-LIHC	Unknown	Unknown	0	0	cbio_mutation_tp53_kras
TCGA-T2-A6WX	TCGA-HNSC	0	0	1	1	cbio_mutation_tp53_kras
TCGA-T2-A6WZ	TCGA-HNSC	1	0	1	1	cbio_mutation_tp53_kras
TCGA-T2-A6X0	TCGA-HNSC	0	0	1	1	cbio_mutation_tp53_kras
TCGA-T2-A6X2	TCGA-HNSC	0	0	1	1	cbio_mutation_tp53_kras
TCGA-T3-A92M	TCGA-HNSC	1	0	1	1	cbio_mutation_tp53_kras
TCGA-T3-A92N	TCGA-HNSC	0	0	1	1	cbio_mutation_tp53_kras
TCGA-T7-A92I	TCGA-KIRC	0	0	1	1	cbio_mutation_tp53_kras
TCGA-T9-A92H	TCGA-COAD	1	0	1	1	cbio_mutation_tp53_kras
TCGA-TK-A8OK	TCGA-PRAD	0	0	1	1	cbio_mutation_tp53_kras
TCGA-TM-A7C3	TCGA-LGG	0	0	1	1	cbio_mutation_tp53_kras
TCGA-TM-A7C4	TCGA-LGG	1	0	1	1	cbio_mutation_tp53_kras
TCGA-TM-A7C5	TCGA-LGG	0	0	1	1	cbio_mutation_tp53_kras
TCGA-TM-A7CA	TCGA-LGG	1	0	1	1	cbio_mutation_tp53_kras
TCGA-TM-A7CF	TCGA-LGG	1	0	1	1	cbio_mutation_tp53_kras
TCGA-TM-A84B	TCGA-LGG	0	0	1	1	cbio_mutation_tp53_kras
TCGA-TM-A84C	TCGA-LGG	0	0	1	1	cbio_mutation_tp53_kras
TCGA-TM-A84F	TCGA-LGG	1	0	1	1	cbio_mutation_tp53_kras
TCGA-TM-A84G	TCGA-LGG	0	0	1	1	cbio_mutation_tp53_kras
TCGA-TM-A84H	TCGA-LGG	1	0	1	1	cbio_mutation_tp53_kras
TCGA-TM-A84I	TCGA-LGG	1	0	1	1	cbio_mutation_tp53_kras
TCGA-TM-A84J	TCGA-LGG	1	0	1	1	cbio_mutation_tp53_kras
TCGA-TM-A84L	TCGA-LGG	1	0	1	1	cbio_mutation_tp53_kras
TCGA-TM-A84M	TCGA-LGG	1	0	1	1	cbio_mutation_tp53_kras
TCGA-TM-A84O	TCGA-LGG	0	0	1	1	cbio_mutation_tp53_kras
TCGA-TM-A84Q	TCGA-LGG	1	0	1	1	cbio_mutation_tp53_kras
TCGA-TM-A84R	TCGA-LGG	0	0	1	1	cbio_mutation_tp53_kras
TCGA-TM-A84S	TCGA-LGG	0	0	1	1	cbio_mutation_tp53_kras
TCGA-TM-A84T	TCGA-LGG	1	0	1	1	cbio_mutation_tp53_kras
TCGA-TN-A7HI	TCGA-HNSC	0	0	1	1	cbio_mutation_tp53_kras
TCGA-TN-A7HJ	TCGA-HNSC	1	0	1	1	cbio_mutation_tp53_kras
TCGA-TN-A7HL	TCGA-HNSC	0	0	1	1	cbio_mutation_tp53_kras
TCGA-TP-A8TT	TCGA-PRAD	0	0	1	1	cbio_mutation_tp53_kras
TCGA-TP-A8TV	TCGA-PRAD	0	0	1	1	cbio_mutation_tp53_kras
TCGA-TQ-A7RF	TCGA-LGG	1	0	1	1	cbio_mutation_tp53_kras
TCGA-TQ-A7RG	TCGA-LGG	0	0	1	1	cbio_mutation_tp53_kras
TCGA-TQ-A7RH	TCGA-LGG	1	0	1	1	cbio_mutation_tp53_kras
TCGA-TQ-A7RI	TCGA-LGG	0	0	1	1	cbio_mutation_tp53_kras
TCGA-TQ-A7RJ	TCGA-LGG	1	0	1	1	cbio_mutation_tp53_kras
TCGA-TQ-A7RK	TCGA-LGG	1	0	1	1	cbio_mutation_tp53_kras
TCGA-TQ-A7RM	TCGA-LGG	1	0	1	1	cbio_mutation_tp53_kras
TCGA-TQ-A7RN	TCGA-LGG	1	0	1	1	cbio_mutation_tp53_kras
TCGA-TQ-A7RO	TCGA-LGG	0	0	1	1	cbio_mutation_tp53_kras
TCGA-TQ-A7RP	TCGA-LGG	0	0	1	1	cbio_mutation_tp53_kras
TCGA-TQ-A7RQ	TCGA-LGG	0	0	1	1	cbio_mutation_tp53_kras
TCGA-TQ-A7RR	TCGA-LGG	1	0	1	1	cbio_mutation_tp53_kras
TCGA-TQ-A7RS	TCGA-LGG	0	0	1	1	cbio_mutation_tp53_kras
TCGA-TQ-A7RU	TCGA-LGG	0	0	1	1	cbio_mutation_tp53_kras
TCGA-TQ-A7RV	TCGA-LGG	1	0	1	1	cbio_mutation_tp53_kras
TCGA-TQ-A7RW	TCGA-LGG	1	0	1	1	cbio_mutation_tp53_kras
TCGA-TQ-A8XE	TCGA-LGG	1	0	1	1	cbio_mutation_tp53_kras
TCGA-TS-A7OU	TCGA-MESO	1	0	1	1	cbio_mutation_tp53_kras
TCGA-TS-A7OY	TCGA-MESO	0	0	1	1	cbio_mutation_tp53_kras
TCGA-TS-A7OZ	TCGA-MESO	0	0	1	1	cbio_mutation_tp53_kras
TCGA-TS-A7P0	TCGA-MESO	0	0	1	1	cbio_mutation_tp53_kras
TCGA-TS-A7P1	TCGA-MESO	0	0	1	1	cbio_mutation_tp53_kras
TCGA-TS-A7P3	TCGA-MESO	0	0	1	1	cbio_mutation_tp53_kras
TCGA-TS-A7P6	TCGA-MESO	0	0	1	1	cbio_mutation_tp53_kras
TCGA-TS-A7P7	TCGA-MESO	0	0	1	1	cbio_mutation_tp53_kras
TCGA-TS-A7P8	TCGA-MESO	0	0	1	1	cbio_mutation_tp53_kras
TCGA-TS-A7PB	TCGA-MESO	0	0	1	1	cbio_mutation_tp53_kras
TCGA-TS-A8AF	TCGA-MESO	0	0	1	1	cbio_mutation_tp53_kras
TCGA-TS-A8AI	TCGA-MESO	0	0	1	1	cbio_mutation_tp53_kras
TCGA-TS-A8AS	TCGA-MESO	0	0	1	1	cbio_mutation_tp53_kras
TCGA-TS-A8AV	TCGA-MESO	0	0	1	1	cbio_mutation_tp53_kras
TCGA-TS-A8AY	TCGA-MESO	0	0	1	1	cbio_mutation_tp53_kras
TCGA-TT-A6YJ	TCGA-PCPG	0	0	1	1	cbio_mutation_tp53_kras
TCGA-TT-A6YK	TCGA-PCPG	0	0	1	1	cbio_mutation_tp53_kras
TCGA-TT-A6YN	TCGA-PCPG	0	0	1	1	cbio_mutation_tp53_kras
TCGA-TT-A6YO	TCGA-PCPG	0	0	1	1	cbio_mutation_tp53_kras
TCGA-TT-A6YP	TCGA-PCPG	0	0	1	1	cbio_mutation_tp53_kras
TCGA-UB-A7MA	TCGA-LIHC	0	0	1	1	cbio_mutation_tp53_kras
TCGA-UB-A7MB	TCGA-LIHC	1	0	1	1	cbio_mutation_tp53_kras
TCGA-UB-A7MC	TCGA-LIHC	1	0	1	1	cbio_mutation_tp53_kras
TCGA-UB-A7MD	TCGA-LIHC	1	0	1	1	cbio_mutation_tp53_kras
TCGA-UB-A7ME	TCGA-LIHC	0	0	1	1	cbio_mutation_tp53_kras
TCGA-UB-A7MF	TCGA-LIHC	1	0	1	1	cbio_mutation_tp53_kras
TCGA-UB-AA0U	TCGA-LIHC	0	0	1	1	cbio_mutation_tp53_kras
TCGA-UB-AA0V	TCGA-LIHC	0	0	1	1	cbio_mutation_tp53_kras
TCGA-UC-A7PD	TCGA-CESC	0	0	1	1	cbio_mutation_tp53_kras
TCGA-UC-A7PF	TCGA-CESC	0	0	1	1	cbio_mutation_tp53_kras
TCGA-UC-A7PG	TCGA-CESC	0	0	1	1	cbio_mutation_tp53_kras
TCGA-UC-A7PI	TCGA-CESC	0	1	1	1	cbio_mutation_tp53_kras
TCGA-UD-AABY	TCGA-MESO	0	0	1	1	cbio_mutation_tp53_kras
TCGA-UD-AABZ	TCGA-MESO	0	0	1	1	cbio_mutation_tp53_kras
TCGA-UD-AAC1	TCGA-MESO	1	0	1	1	cbio_mutation_tp53_kras
TCGA-UD-AAC4	TCGA-MESO	0	0	1	1	cbio_mutation_tp53_kras
TCGA-UD-AAC5	TCGA-MESO	1	0	1	1	cbio_mutation_tp53_kras
TCGA-UD-AAC6	TCGA-MESO	0	0	1	1	cbio_mutation_tp53_kras
TCGA-UD-AAC7	TCGA-MESO	1	0	1	1	cbio_mutation_tp53_kras
TCGA-UE-A6QT	TCGA-SARC	1	0	1	1	cbio_mutation_tp53_kras
TCGA-UE-A6QU	TCGA-SARC	0	0	1	1	cbio_mutation_tp53_kras
TCGA-UF-A718	TCGA-HNSC	1	0	1	1	cbio_mutation_tp53_kras
TCGA-UF-A719	TCGA-HNSC	1	0	1	1	cbio_mutation_tp53_kras
TCGA-UF-A71A	TCGA-HNSC	1	0	1	1	cbio_mutation_tp53_kras
TCGA-UF-A71B	TCGA-HNSC	1	0	1	1	cbio_mutation_tp53_kras
TCGA-UF-A71D	TCGA-HNSC	1	0	1	1	cbio_mutation_tp53_kras
TCGA-UF-A71E	TCGA-HNSC	1	0	1	1	cbio_mutation_tp53_kras
TCGA-UF-A7J9	TCGA-HNSC	1	0	1	1	cbio_mutation_tp53_kras
TCGA-UF-A7JA	TCGA-HNSC	1	0	1	1	cbio_mutation_tp53_kras
TCGA-UF-A7JC	TCGA-HNSC	0	0	1	1	cbio_mutation_tp53_kras
TCGA-UF-A7JD	TCGA-HNSC	1	0	1	1	cbio_mutation_tp53_kras
TCGA-UF-A7JF	TCGA-HNSC	1	0	1	1	cbio_mutation_tp53_kras
TCGA-UF-A7JH	TCGA-HNSC	1	0	1	1	cbio_mutation_tp53_kras
TCGA-UF-A7JJ	TCGA-HNSC	1	0	1	1	cbio_mutation_tp53_kras
TCGA-UF-A7JK	TCGA-HNSC	1	0	1	1	cbio_mutation_tp53_kras
TCGA-UF-A7JO	TCGA-HNSC	1	0	1	1	cbio_mutation_tp53_kras
TCGA-UF-A7JS	TCGA-HNSC	1	0	1	1	cbio_mutation_tp53_kras
TCGA-UF-A7JT	TCGA-HNSC	1	0	1	1	cbio_mutation_tp53_kras
TCGA-UF-A7JV	TCGA-HNSC	0	0	1	1	cbio_mutation_tp53_kras
TCGA-UL-AAZ6	TCGA-BRCA_IDC	0	0	1	1	cbio_mutation_tp53_kras
TCGA-US-A774	TCGA-PAAD	0	0	1	1	cbio_mutation_tp53_kras
TCGA-US-A776	TCGA-PAAD	0	0	1	1	cbio_mutation_tp53_kras
TCGA-US-A779	TCGA-PAAD	1	1	1	1	cbio_mutation_tp53_kras
TCGA-US-A77E	TCGA-PAAD	0	0	1	1	cbio_mutation_tp53_kras
TCGA-US-A77G	TCGA-PAAD	0	1	1	1	cbio_mutation_tp53_kras
TCGA-US-A77J	TCGA-PAAD	Unknown	Unknown	0	0	cbio_mutation_tp53_kras
TCGA-UT-A88C	TCGA-MESO	0	0	1	1	cbio_mutation_tp53_kras
TCGA-UT-A88D	TCGA-MESO	0	0	1	1	cbio_mutation_tp53_kras
TCGA-UT-A88E	TCGA-MESO	0	0	1	1	cbio_mutation_tp53_kras
TCGA-UT-A88G	TCGA-MESO	0	0	1	1	cbio_mutation_tp53_kras
TCGA-UT-A97Y	TCGA-MESO	0	0	1	1	cbio_mutation_tp53_kras
TCGA-UU-A93S	TCGA-BRCA_IDC	1	0	1	1	cbio_mutation_tp53_kras
TCGA-UW-A72H	TCGA-KICH	Unknown	Unknown	0	0	cbio_mutation_tp53_kras
TCGA-UW-A72I	TCGA-KICH	Unknown	Unknown	0	0	cbio_mutation_tp53_kras
TCGA-UW-A72J	TCGA-KICH	Unknown	Unknown	0	0	cbio_mutation_tp53_kras
TCGA-UW-A72K	TCGA-KICH	Unknown	Unknown	0	0	cbio_mutation_tp53_kras
TCGA-UW-A72L	TCGA-KICH	Unknown	Unknown	0	0	cbio_mutation_tp53_kras
TCGA-UW-A72M	TCGA-KICH	Unknown	Unknown	0	0	cbio_mutation_tp53_kras
TCGA-UW-A72N	TCGA-KICH	Unknown	Unknown	0	0	cbio_mutation_tp53_kras
TCGA-UW-A72O	TCGA-KICH	Unknown	Unknown	0	0	cbio_mutation_tp53_kras
TCGA-UW-A72P	TCGA-KICH	Unknown	Unknown	0	0	cbio_mutation_tp53_kras
TCGA-UW-A72Q	TCGA-KICH	Unknown	Unknown	0	0	cbio_mutation_tp53_kras
TCGA-UW-A72R	TCGA-KICH	Unknown	Unknown	0	0	cbio_mutation_tp53_kras
TCGA-UW-A72S	TCGA-KICH	Unknown	Unknown	0	0	cbio_mutation_tp53_kras
TCGA-UW-A72T	TCGA-KICH	Unknown	Unknown	0	0	cbio_mutation_tp53_kras
TCGA-UW-A7GC	TCGA-KICH	Unknown	Unknown	0	0	cbio_mutation_tp53_kras
TCGA-UW-A7GG	TCGA-KICH	Unknown	Unknown	0	0	cbio_mutation_tp53_kras
TCGA-UW-A7GI	TCGA-KICH	Unknown	Unknown	0	0	cbio_mutation_tp53_kras
TCGA-UW-A7GJ	TCGA-KICH	Unknown	Unknown	0	0	cbio_mutation_tp53_kras
TCGA-UW-A7GK	TCGA-KICH	Unknown	Unknown	0	0	cbio_mutation_tp53_kras
TCGA-UW-A7GL	TCGA-KICH	Unknown	Unknown	0	0	cbio_mutation_tp53_kras
TCGA-UW-A7GN	TCGA-KICH	Unknown	Unknown	0	0	cbio_mutation_tp53_kras
TCGA-UW-A7GP	TCGA-KICH	Unknown	Unknown	0	0	cbio_mutation_tp53_kras
TCGA-UW-A7GR	TCGA-KICH	Unknown	Unknown	0	0	cbio_mutation_tp53_kras
TCGA-UW-A7GU	TCGA-KICH	Unknown	Unknown	0	0	cbio_mutation_tp53_kras
TCGA-UW-A7GX	TCGA-KICH	Unknown	Unknown	0	0	cbio_mutation_tp53_kras
TCGA-UW-A7GY	TCGA-KICH	Unknown	Unknown	0	0	cbio_mutation_tp53_kras
TCGA-UY-A78K	TCGA-BLCA	1	0	1	1	cbio_mutation_tp53_kras
TCGA-UY-A78L	TCGA-BLCA	1	0	1	1	cbio_mutation_tp53_kras
TCGA-UY-A78M	TCGA-BLCA	1	0	1	1	cbio_mutation_tp53_kras
TCGA-UY-A78N	TCGA-BLCA	0	0	1	1	cbio_mutation_tp53_kras
TCGA-UY-A78O	TCGA-BLCA	1	0	1	1	cbio_mutation_tp53_kras
TCGA-UY-A78P	TCGA-BLCA	1	1	1	1	cbio_mutation_tp53_kras
TCGA-UY-A8OB	TCGA-BLCA	1	0	1	1	cbio_mutation_tp53_kras
TCGA-UY-A8OC	TCGA-BLCA	0	1	1	1	cbio_mutation_tp53_kras
TCGA-UY-A8OD	TCGA-BLCA	0	0	1	1	cbio_mutation_tp53_kras
TCGA-UY-A9PA	TCGA-BLCA	1	0	1	1	cbio_mutation_tp53_kras
TCGA-UY-A9PB	TCGA-BLCA	1	0	1	1	cbio_mutation_tp53_kras
TCGA-UY-A9PD	TCGA-BLCA	1	0	1	1	cbio_mutation_tp53_kras
TCGA-UY-A9PE	TCGA-BLCA	1	0	1	1	cbio_mutation_tp53_kras
TCGA-UY-A9PF	TCGA-BLCA	0	0	1	1	cbio_mutation_tp53_kras
TCGA-UY-A9PH	TCGA-BLCA	1	0	1	1	cbio_mutation_tp53_kras
TCGA-UZ-A9PJ	TCGA-KIRP	0	0	1	1	cbio_mutation_tp53_kras
TCGA-UZ-A9PK	TCGA-KIRP	0	0	1	1	cbio_mutation_tp53_kras
TCGA-UZ-A9PL	TCGA-KIRP	0	0	1	1	cbio_mutation_tp53_kras
TCGA-UZ-A9PM	TCGA-KIRP	0	0	1	1	cbio_mutation_tp53_kras
TCGA-UZ-A9PN	TCGA-KIRP	0	0	1	1	cbio_mutation_tp53_kras
TCGA-UZ-A9PO	TCGA-KIRP	0	0	1	1	cbio_mutation_tp53_kras
TCGA-UZ-A9PP	TCGA-KIRP	0	0	1	1	cbio_mutation_tp53_kras
TCGA-UZ-A9PR	TCGA-KIRP	0	0	1	1	cbio_mutation_tp53_kras
TCGA-UZ-A9PS	TCGA-KIRP	0	0	1	1	cbio_mutation_tp53_kras
TCGA-UZ-A9PU	TCGA-KIRP	0	0	1	1	cbio_mutation_tp53_kras
TCGA-UZ-A9PV	TCGA-KIRP	0	0	1	1	cbio_mutation_tp53_kras
TCGA-UZ-A9PX	TCGA-KIRP	0	0	1	1	cbio_mutation_tp53_kras
TCGA-UZ-A9PZ	TCGA-KIRP	0	0	1	1	cbio_mutation_tp53_kras
TCGA-UZ-A9Q0	TCGA-KIRP	0	0	1	1	cbio_mutation_tp53_kras
TCGA-UZ-A9Q1	TCGA-KIRP	0	0	1	1	cbio_mutation_tp53_kras
TCGA-V1-A8MF	TCGA-PRAD	0	0	1	1	cbio_mutation_tp53_kras
TCGA-V1-A8MG	TCGA-PRAD	0	0	1	1	cbio_mutation_tp53_kras
TCGA-V1-A8MJ	TCGA-PRAD	1	0	1	1	cbio_mutation_tp53_kras
TCGA-V1-A8MK	TCGA-PRAD	0	0	1	1	cbio_mutation_tp53_kras
TCGA-V1-A8ML	TCGA-PRAD	0	0	1	1	cbio_mutation_tp53_kras
TCGA-V1-A8MM	TCGA-PRAD	0	0	1	1	cbio_mutation_tp53_kras
TCGA-V1-A8MU	TCGA-PRAD	0	0	1	1	cbio_mutation_tp53_kras
TCGA-V1-A8WL	TCGA-PRAD	0	0	1	1	cbio_mutation_tp53_kras
TCGA-V1-A8WN	TCGA-PRAD	0	0	1	1	cbio_mutation_tp53_kras
TCGA-V1-A8WS	TCGA-PRAD	0	0	1	1	cbio_mutation_tp53_kras
TCGA-V1-A8WV	TCGA-PRAD	0	0	1	1	cbio_mutation_tp53_kras
TCGA-V1-A8WW	TCGA-PRAD	0	0	1	1	cbio_mutation_tp53_kras
TCGA-V1-A8X3	TCGA-PRAD	0	0	1	1	cbio_mutation_tp53_kras
TCGA-V1-A9O5	TCGA-PRAD	1	0	1	1	cbio_mutation_tp53_kras
TCGA-V1-A9O7	TCGA-PRAD	0	0	1	1	cbio_mutation_tp53_kras
TCGA-V1-A9O9	TCGA-PRAD	0	0	1	1	cbio_mutation_tp53_kras
TCGA-V1-A9OA	TCGA-PRAD	0	0	1	1	cbio_mutation_tp53_kras
TCGA-V1-A9OF	TCGA-PRAD	0	0	1	1	cbio_mutation_tp53_kras
TCGA-V1-A9OH	TCGA-PRAD	0	0	1	1	cbio_mutation_tp53_kras
TCGA-V1-A9OL	TCGA-PRAD	0	0	1	1	cbio_mutation_tp53_kras
TCGA-V1-A9OQ	TCGA-PRAD	0	0	1	1	cbio_mutation_tp53_kras
TCGA-V1-A9OT	TCGA-PRAD	0	0	1	1	cbio_mutation_tp53_kras
TCGA-V1-A9OX	TCGA-PRAD	0	0	1	1	cbio_mutation_tp53_kras
TCGA-V1-A9OY	TCGA-PRAD	0	0	1	1	cbio_mutation_tp53_kras
TCGA-V1-A9Z7	TCGA-PRAD	1	0	1	1	cbio_mutation_tp53_kras
TCGA-V1-A9Z8	TCGA-PRAD	0	0	1	1	cbio_mutation_tp53_kras
TCGA-V1-A9Z9	TCGA-PRAD	0	0	1	1	cbio_mutation_tp53_kras
TCGA-V1-A9ZG	TCGA-PRAD	0	0	1	1	cbio_mutation_tp53_kras
TCGA-V1-A9ZI	TCGA-PRAD	1	0	1	1	cbio_mutation_tp53_kras
TCGA-V1-A9ZK	TCGA-PRAD	0	0	1	1	cbio_mutation_tp53_kras
TCGA-V1-A9ZR	TCGA-PRAD	0	0	1	1	cbio_mutation_tp53_kras
TCGA-V3-A9ZX	TCGA-UVM	0	0	1	1	cbio_mutation_tp53_kras
TCGA-V3-A9ZY	TCGA-UVM	0	0	1	1	cbio_mutation_tp53_kras
TCGA-V4-A9E5	TCGA-UVM	0	0	1	1	cbio_mutation_tp53_kras
TCGA-V4-A9E7	TCGA-UVM	0	0	1	1	cbio_mutation_tp53_kras
TCGA-V4-A9E8	TCGA-UVM	0	0	1	1	cbio_mutation_tp53_kras
TCGA-V4-A9E9	TCGA-UVM	0	0	1	1	cbio_mutation_tp53_kras
TCGA-V4-A9EA	TCGA-UVM	0	0	1	1	cbio_mutation_tp53_kras
TCGA-V4-A9EC	TCGA-UVM	0	0	1	1	cbio_mutation_tp53_kras
TCGA-V4-A9ED	TCGA-UVM	0	0	1	1	cbio_mutation_tp53_kras
TCGA-V4-A9EE	TCGA-UVM	0	0	1	1	cbio_mutation_tp53_kras
TCGA-V4-A9EF	TCGA-UVM	0	0	1	1	cbio_mutation_tp53_kras
TCGA-V4-A9EH	TCGA-UVM	0	0	1	1	cbio_mutation_tp53_kras
TCGA-V4-A9EI	TCGA-UVM	0	0	1	1	cbio_mutation_tp53_kras
TCGA-V4-A9EJ	TCGA-UVM	0	0	1	1	cbio_mutation_tp53_kras
TCGA-V4-A9EK	TCGA-UVM	0	0	1	1	cbio_mutation_tp53_kras
TCGA-V4-A9EL	TCGA-UVM	0	0	1	1	cbio_mutation_tp53_kras
TCGA-V4-A9EM	TCGA-UVM	0	0	1	1	cbio_mutation_tp53_kras
TCGA-V4-A9EO	TCGA-UVM	0	0	1	1	cbio_mutation_tp53_kras
TCGA-V4-A9EQ	TCGA-UVM	0	0	1	1	cbio_mutation_tp53_kras
TCGA-V4-A9ES	TCGA-UVM	0	0	1	1	cbio_mutation_tp53_kras
TCGA-V4-A9ET	TCGA-UVM	0	0	1	1	cbio_mutation_tp53_kras
TCGA-V4-A9EU	TCGA-UVM	0	0	1	1	cbio_mutation_tp53_kras
TCGA-V4-A9EV	TCGA-UVM	0	0	1	1	cbio_mutation_tp53_kras
TCGA-V4-A9EW	TCGA-UVM	0	0	1	1	cbio_mutation_tp53_kras
TCGA-V4-A9EX	TCGA-UVM	0	0	1	1	cbio_mutation_tp53_kras
TCGA-V4-A9EY	TCGA-UVM	0	0	1	1	cbio_mutation_tp53_kras
TCGA-V4-A9EZ	TCGA-UVM	0	0	1	1	cbio_mutation_tp53_kras
TCGA-V4-A9F0	TCGA-UVM	0	0	1	1	cbio_mutation_tp53_kras
TCGA-V4-A9F1	TCGA-UVM	0	0	1	1	cbio_mutation_tp53_kras
TCGA-V4-A9F2	TCGA-UVM	0	0	1	1	cbio_mutation_tp53_kras
TCGA-V4-A9F3	TCGA-UVM	0	0	1	1	cbio_mutation_tp53_kras
TCGA-V4-A9F4	TCGA-UVM	0	0	1	1	cbio_mutation_tp53_kras
TCGA-V4-A9F5	TCGA-UVM	0	0	1	1	cbio_mutation_tp53_kras
TCGA-V4-A9F7	TCGA-UVM	0	0	1	1	cbio_mutation_tp53_kras
TCGA-V4-A9F8	TCGA-UVM	0	0	1	1	cbio_mutation_tp53_kras
TCGA-V5-A7RB	TCGA-ESCA	1	0	1	1	cbio_mutation_tp53_kras
TCGA-V5-A7RC	TCGA-ESCA	1	0	1	1	cbio_mutation_tp53_kras
TCGA-V5-A7RE	TCGA-ESCA	1	0	1	1	cbio_mutation_tp53_kras
TCGA-V5-AASV	TCGA-ESCA	0	0	1	1	cbio_mutation_tp53_kras
TCGA-V5-AASW	TCGA-ESCA	1	0	1	1	cbio_mutation_tp53_kras
TCGA-V5-AASX	TCGA-ESCA	1	0	1	1	cbio_mutation_tp53_kras
TCGA-V9-A7HT	TCGA-KIRP	0	0	1	1	cbio_mutation_tp53_kras
TCGA-VB-A8QN	TCGA-DLBC	0	1	1	1	cbio_mutation_tp53_kras
TCGA-VD-A8K7	TCGA-UVM	0	0	1	1	cbio_mutation_tp53_kras
TCGA-VD-A8K8	TCGA-UVM	0	0	1	1	cbio_mutation_tp53_kras
TCGA-VD-A8K9	TCGA-UVM	0	0	1	1	cbio_mutation_tp53_kras
TCGA-VD-A8KA	TCGA-UVM	0	0	1	1	cbio_mutation_tp53_kras
TCGA-VD-A8KB	TCGA-UVM	0	0	1	1	cbio_mutation_tp53_kras
TCGA-VD-A8KD	TCGA-UVM	0	0	1	1	cbio_mutation_tp53_kras
TCGA-VD-A8KE	TCGA-UVM	0	0	1	1	cbio_mutation_tp53_kras
TCGA-VD-A8KF	TCGA-UVM	0	0	1	1	cbio_mutation_tp53_kras
TCGA-VD-A8KG	TCGA-UVM	0	0	1	1	cbio_mutation_tp53_kras
TCGA-VD-A8KH	TCGA-UVM	0	0	1	1	cbio_mutation_tp53_kras
TCGA-VD-A8KI	TCGA-UVM	0	0	1	1	cbio_mutation_tp53_kras
TCGA-VD-A8KJ	TCGA-UVM	0	0	1	1	cbio_mutation_tp53_kras
TCGA-VD-A8KK	TCGA-UVM	0	0	1	1	cbio_mutation_tp53_kras
TCGA-VD-A8KL	TCGA-UVM	0	0	1	1	cbio_mutation_tp53_kras
TCGA-VD-A8KM	TCGA-UVM	0	0	1	1	cbio_mutation_tp53_kras
TCGA-VD-A8KN	TCGA-UVM	0	0	1	1	cbio_mutation_tp53_kras
TCGA-VD-A8KO	TCGA-UVM	0	0	1	1	cbio_mutation_tp53_kras
TCGA-VD-AA8M	TCGA-UVM	0	0	1	1	cbio_mutation_tp53_kras
TCGA-VD-AA8N	TCGA-UVM	0	0	1	1	cbio_mutation_tp53_kras
TCGA-VD-AA8O	TCGA-UVM	0	0	1	1	cbio_mutation_tp53_kras
TCGA-VD-AA8P	TCGA-UVM	0	0	1	1	cbio_mutation_tp53_kras
TCGA-VD-AA8Q	TCGA-UVM	0	0	1	1	cbio_mutation_tp53_kras
TCGA-VD-AA8R	TCGA-UVM	0	0	1	1	cbio_mutation_tp53_kras
TCGA-VD-AA8S	TCGA-UVM	0	0	1	1	cbio_mutation_tp53_kras
TCGA-VD-AA8T	TCGA-UVM	0	0	1	1	cbio_mutation_tp53_kras
TCGA-VF-A8A8	TCGA-TGCT	0	0	1	1	cbio_mutation_tp53_kras
TCGA-VF-A8A9	TCGA-TGCT	0	0	1	1	cbio_mutation_tp53_kras
TCGA-VF-A8AA	TCGA-TGCT	0	0	1	1	cbio_mutation_tp53_kras
TCGA-VF-A8AB	TCGA-TGCT	0	0	1	1	cbio_mutation_tp53_kras
TCGA-VF-A8AC	TCGA-TGCT	0	1	1	1	cbio_mutation_tp53_kras
TCGA-VF-A8AD	TCGA-TGCT	0	0	1	1	cbio_mutation_tp53_kras
TCGA-VF-A8AE	TCGA-TGCT	0	0	1	1	cbio_mutation_tp53_kras
TCGA-VG-A8LO	TCGA-OV	1	0	1	1	cbio_mutation_tp53_kras
TCGA-VM-A8C8	TCGA-LGG	1	0	1	1	cbio_mutation_tp53_kras
TCGA-VM-A8C9	TCGA-LGG	0	0	1	1	cbio_mutation_tp53_kras
TCGA-VM-A8CA	TCGA-LGG	0	0	1	1	cbio_mutation_tp53_kras
TCGA-VM-A8CB	TCGA-LGG	0	0	1	1	cbio_mutation_tp53_kras
TCGA-VM-A8CD	TCGA-LGG	0	0	1	1	cbio_mutation_tp53_kras
TCGA-VM-A8CE	TCGA-LGG	0	0	1	1	cbio_mutation_tp53_kras
TCGA-VM-A8CF	TCGA-LGG	1	0	1	1	cbio_mutation_tp53_kras
TCGA-VM-A8CH	TCGA-LGG	0	0	1	1	cbio_mutation_tp53_kras
TCGA-VP-A872	TCGA-PRAD	1	0	1	1	cbio_mutation_tp53_kras
TCGA-VP-A875	TCGA-PRAD	0	0	1	1	cbio_mutation_tp53_kras
TCGA-VP-A876	TCGA-PRAD	1	0	1	1	cbio_mutation_tp53_kras
TCGA-VP-A878	TCGA-PRAD	0	0	1	1	cbio_mutation_tp53_kras
TCGA-VP-A879	TCGA-PRAD	0	0	1	1	cbio_mutation_tp53_kras
TCGA-VP-A87B	TCGA-PRAD	0	0	1	1	cbio_mutation_tp53_kras
TCGA-VP-A87C	TCGA-PRAD	0	0	1	1	cbio_mutation_tp53_kras
TCGA-VP-A87D	TCGA-PRAD	1	0	1	1	cbio_mutation_tp53_kras
TCGA-VP-A87E	TCGA-PRAD	0	0	1	1	cbio_mutation_tp53_kras
TCGA-VP-A87H	TCGA-PRAD	0	0	1	1	cbio_mutation_tp53_kras
TCGA-VP-A87J	TCGA-PRAD	0	0	1	1	cbio_mutation_tp53_kras
TCGA-VP-A87K	TCGA-PRAD	0	0	1	1	cbio_mutation_tp53_kras
TCGA-VP-AA1N	TCGA-PRAD	0	0	1	1	cbio_mutation_tp53_kras
TCGA-VQ-A8DL	TCGA-STAD	1	0	1	1	cbio_mutation_tp53_kras
TCGA-VQ-A8DT	TCGA-STAD	1	0	1	1	cbio_mutation_tp53_kras
TCGA-VQ-A8DU	TCGA-STAD	1	0	1	1	cbio_mutation_tp53_kras
TCGA-VQ-A8DV	TCGA-STAD	1	0	1	1	cbio_mutation_tp53_kras
TCGA-VQ-A8DZ	TCGA-STAD	1	0	1	1	cbio_mutation_tp53_kras
TCGA-VQ-A8E0	TCGA-STAD	1	0	1	1	cbio_mutation_tp53_kras
TCGA-VQ-A8E2	TCGA-STAD	1	0	1	1	cbio_mutation_tp53_kras
TCGA-VQ-A8E3	TCGA-STAD	1	0	1	1	cbio_mutation_tp53_kras
TCGA-VQ-A8E7	TCGA-STAD	1	0	1	1	cbio_mutation_tp53_kras
TCGA-VQ-A8P2	TCGA-STAD	1	0	1	1	cbio_mutation_tp53_kras
TCGA-VQ-A8P3	TCGA-STAD	0	0	1	1	cbio_mutation_tp53_kras
TCGA-VQ-A8P5	TCGA-STAD	1	0	1	1	cbio_mutation_tp53_kras
TCGA-VQ-A8P8	TCGA-STAD	0	0	1	1	cbio_mutation_tp53_kras
TCGA-VQ-A8PB	TCGA-STAD	0	0	1	1	cbio_mutation_tp53_kras
TCGA-VQ-A8PC	TCGA-STAD	1	0	1	1	cbio_mutation_tp53_kras
TCGA-VQ-A8PD	TCGA-STAD	0	0	1	1	cbio_mutation_tp53_kras
TCGA-VQ-A8PE	TCGA-STAD	1	0	1	1	cbio_mutation_tp53_kras
TCGA-VQ-A8PF	TCGA-STAD	0	0	1	1	cbio_mutation_tp53_kras
TCGA-VQ-A8PH	TCGA-STAD	1	0	1	1	cbio_mutation_tp53_kras
TCGA-VQ-A8PJ	TCGA-STAD	1	0	1	1	cbio_mutation_tp53_kras
TCGA-VQ-A8PK	TCGA-STAD	1	0	1	1	cbio_mutation_tp53_kras
TCGA-VQ-A8PM	TCGA-STAD	1	0	1	1	cbio_mutation_tp53_kras
TCGA-VQ-A8PO	TCGA-STAD	0	0	1	1	cbio_mutation_tp53_kras
TCGA-VQ-A8PP	TCGA-STAD	1	1	1	1	cbio_mutation_tp53_kras
TCGA-VQ-A8PQ	TCGA-STAD	0	0	1	1	cbio_mutation_tp53_kras
TCGA-VQ-A8PS	TCGA-STAD	0	0	1	1	cbio_mutation_tp53_kras
TCGA-VQ-A8PT	TCGA-STAD	0	0	1	1	cbio_mutation_tp53_kras
TCGA-VQ-A8PU	TCGA-STAD	0	1	1	1	cbio_mutation_tp53_kras
TCGA-VQ-A8PX	TCGA-STAD	1	0	1	1	cbio_mutation_tp53_kras
TCGA-VQ-A8PY	TCGA-STAD	1	0	1	1	cbio_mutation_tp53_kras
TCGA-VQ-A8PZ	TCGA-STAD	0	0	1	1	cbio_mutation_tp53_kras
TCGA-VQ-A91A	TCGA-STAD	0	0	1	1	cbio_mutation_tp53_kras
TCGA-VQ-A91D	TCGA-STAD	0	1	1	1	cbio_mutation_tp53_kras
TCGA-VQ-A91E	TCGA-STAD	1	1	1	1	cbio_mutation_tp53_kras
TCGA-VQ-A91K	TCGA-STAD	0	0	1	1	cbio_mutation_tp53_kras
TCGA-VQ-A91N	TCGA-STAD	1	0	1	1	cbio_mutation_tp53_kras
TCGA-VQ-A91Q	TCGA-STAD	0	0	1	1	cbio_mutation_tp53_kras
TCGA-VQ-A91S	TCGA-STAD	1	0	1	1	cbio_mutation_tp53_kras
TCGA-VQ-A91U	TCGA-STAD	1	0	1	1	cbio_mutation_tp53_kras
TCGA-VQ-A91V	TCGA-STAD	1	0	1	1	cbio_mutation_tp53_kras
TCGA-VQ-A91W	TCGA-STAD	0	0	1	1	cbio_mutation_tp53_kras
TCGA-VQ-A91X	TCGA-STAD	1	0	1	1	cbio_mutation_tp53_kras
TCGA-VQ-A91Y	TCGA-STAD	1	0	1	1	cbio_mutation_tp53_kras
TCGA-VQ-A91Z	TCGA-STAD	1	0	1	1	cbio_mutation_tp53_kras
TCGA-VQ-A922	TCGA-STAD	1	0	1	1	cbio_mutation_tp53_kras
TCGA-VQ-A923	TCGA-STAD	1	0	1	1	cbio_mutation_tp53_kras
TCGA-VQ-A924	TCGA-STAD	0	0	1	1	cbio_mutation_tp53_kras
TCGA-VQ-A925	TCGA-STAD	1	0	1	1	cbio_mutation_tp53_kras
TCGA-VQ-A927	TCGA-STAD	0	0	1	1	cbio_mutation_tp53_kras
TCGA-VQ-A928	TCGA-STAD	0	0	1	1	cbio_mutation_tp53_kras
TCGA-VQ-A92D	TCGA-STAD	0	0	1	1	cbio_mutation_tp53_kras
TCGA-VQ-A94O	TCGA-STAD	1	0	1	1	cbio_mutation_tp53_kras
TCGA-VQ-A94P	TCGA-STAD	1	0	1	1	cbio_mutation_tp53_kras
TCGA-VQ-A94R	TCGA-STAD	1	0	1	1	cbio_mutation_tp53_kras
TCGA-VQ-A94T	TCGA-STAD	0	1	1	1	cbio_mutation_tp53_kras
TCGA-VQ-A94U	TCGA-STAD	1	0	1	1	cbio_mutation_tp53_kras
TCGA-VQ-AA64	TCGA-STAD	0	0	1	1	cbio_mutation_tp53_kras
TCGA-VQ-AA68	TCGA-STAD	1	0	1	1	cbio_mutation_tp53_kras
TCGA-VQ-AA69	TCGA-STAD	0	1	1	1	cbio_mutation_tp53_kras
TCGA-VQ-AA6A	TCGA-STAD	1	0	1	1	cbio_mutation_tp53_kras
TCGA-VQ-AA6B	TCGA-STAD	1	0	1	1	cbio_mutation_tp53_kras
TCGA-VQ-AA6D	TCGA-STAD	0	0	1	1	cbio_mutation_tp53_kras
TCGA-VQ-AA6F	TCGA-STAD	0	0	1	1	cbio_mutation_tp53_kras
TCGA-VQ-AA6G	TCGA-STAD	1	0	1	1	cbio_mutation_tp53_kras
TCGA-VQ-AA6I	TCGA-STAD	1	0	1	1	cbio_mutation_tp53_kras
TCGA-VQ-AA6J	TCGA-STAD	0	0	1	1	cbio_mutation_tp53_kras
TCGA-VQ-AA6K	TCGA-STAD	0	0	1	1	cbio_mutation_tp53_kras
TCGA-VR-A8EO	TCGA-ESCA	1	0	1	1	cbio_mutation_tp53_kras
TCGA-VR-A8EP	TCGA-ESCA	1	0	1	1	cbio_mutation_tp53_kras
TCGA-VR-A8EQ	TCGA-ESCA	1	0	1	1	cbio_mutation_tp53_kras
TCGA-VR-A8ER	TCGA-ESCA	1	0	1	1	cbio_mutation_tp53_kras
TCGA-VR-A8ET	TCGA-ESCA	0	0	1	1	cbio_mutation_tp53_kras
TCGA-VR-A8EU	TCGA-ESCA	1	0	1	1	cbio_mutation_tp53_kras
TCGA-VR-A8EW	TCGA-ESCA	1	0	1	1	cbio_mutation_tp53_kras
TCGA-VR-A8EX	TCGA-ESCA	1	0	1	1	cbio_mutation_tp53_kras
TCGA-VR-A8EY	TCGA-ESCA	1	0	1	1	cbio_mutation_tp53_kras
TCGA-VR-A8EZ	TCGA-ESCA	1	0	1	1	cbio_mutation_tp53_kras
TCGA-VR-A8Q7	TCGA-ESCA	1	0	1	1	cbio_mutation_tp53_kras
TCGA-VR-AA4D	TCGA-ESCA	1	0	1	1	cbio_mutation_tp53_kras
TCGA-VR-AA4G	TCGA-ESCA	1	0	1	1	cbio_mutation_tp53_kras
TCGA-VR-AA7B	TCGA-ESCA	1	0	1	1	cbio_mutation_tp53_kras
TCGA-VR-AA7D	TCGA-ESCA	1	0	1	1	cbio_mutation_tp53_kras
TCGA-VR-AA7I	TCGA-ESCA	1	0	1	1	cbio_mutation_tp53_kras
TCGA-VS-A8EB	TCGA-CESC	0	0	1	1	cbio_mutation_tp53_kras
TCGA-VS-A8EC	TCGA-CESC	0	0	1	1	cbio_mutation_tp53_kras
TCGA-VS-A8EG	TCGA-CESC	0	0	1	1	cbio_mutation_tp53_kras
TCGA-VS-A8EH	TCGA-CESC	0	0	1	1	cbio_mutation_tp53_kras
TCGA-VS-A8EI	TCGA-CESC	0	0	1	1	cbio_mutation_tp53_kras
TCGA-VS-A8EJ	TCGA-CESC	1	0	1	1	cbio_mutation_tp53_kras
TCGA-VS-A8EK	TCGA-CESC	Unknown	Unknown	0	0	cbio_mutation_tp53_kras
TCGA-VS-A8EL	TCGA-CESC	1	0	1	1	cbio_mutation_tp53_kras
TCGA-VS-A8Q8	TCGA-CESC	0	0	1	1	cbio_mutation_tp53_kras
TCGA-VS-A8Q9	TCGA-CESC	0	0	1	1	cbio_mutation_tp53_kras
TCGA-VS-A8QA	TCGA-CESC	0	0	1	1	cbio_mutation_tp53_kras
TCGA-VS-A8QC	TCGA-CESC	0	0	1	1	cbio_mutation_tp53_kras
TCGA-VS-A8QF	TCGA-CESC	0	0	1	1	cbio_mutation_tp53_kras
TCGA-VS-A8QH	TCGA-CESC	1	1	1	1	cbio_mutation_tp53_kras
TCGA-VS-A8QM	TCGA-CESC	0	0	1	1	cbio_mutation_tp53_kras
TCGA-VS-A94W	TCGA-CESC	0	0	1	1	cbio_mutation_tp53_kras
TCGA-VS-A94X	TCGA-CESC	0	0	1	1	cbio_mutation_tp53_kras
TCGA-VS-A94Y	TCGA-CESC	0	0	1	1	cbio_mutation_tp53_kras
TCGA-VS-A94Z	TCGA-CESC	0	0	1	1	cbio_mutation_tp53_kras
TCGA-VS-A950	TCGA-CESC	0	0	1	1	cbio_mutation_tp53_kras
TCGA-VS-A952	TCGA-CESC	0	0	1	1	cbio_mutation_tp53_kras
TCGA-VS-A953	TCGA-CESC	0	0	1	1	cbio_mutation_tp53_kras
TCGA-VS-A954	TCGA-CESC	0	0	1	1	cbio_mutation_tp53_kras
TCGA-VS-A957	TCGA-CESC	0	0	1	1	cbio_mutation_tp53_kras
TCGA-VS-A958	TCGA-CESC	0	0	1	1	cbio_mutation_tp53_kras
TCGA-VS-A959	TCGA-CESC	0	0	1	1	cbio_mutation_tp53_kras
TCGA-VS-A9U5	TCGA-CESC	0	0	1	1	cbio_mutation_tp53_kras
TCGA-VS-A9U6	TCGA-CESC	0	0	1	1	cbio_mutation_tp53_kras
TCGA-VS-A9U7	TCGA-CESC	0	0	1	1	cbio_mutation_tp53_kras
TCGA-VS-A9UA	TCGA-CESC	1	0	1	1	cbio_mutation_tp53_kras
TCGA-VS-A9UB	TCGA-CESC	0	0	1	1	cbio_mutation_tp53_kras
TCGA-VS-A9UC	TCGA-CESC	0	0	1	1	cbio_mutation_tp53_kras
TCGA-VS-A9UD	TCGA-CESC	1	0	1	1	cbio_mutation_tp53_kras
TCGA-VS-A9UH	TCGA-CESC	0	0	1	1	cbio_mutation_tp53_kras
TCGA-VS-A9UI	TCGA-CESC	0	0	1	1	cbio_mutation_tp53_kras
TCGA-VS-A9UJ	TCGA-CESC	0	1	1	1	cbio_mutation_tp53_kras
TCGA-VS-A9UL	TCGA-CESC	0	0	1	1	cbio_mutation_tp53_kras
TCGA-VS-A9UM	TCGA-CESC	0	0	1	1	cbio_mutation_tp53_kras
TCGA-VS-A9UO	TCGA-CESC	0	0	1	1	cbio_mutation_tp53_kras
TCGA-VS-A9UP	TCGA-CESC	0	0	1	1	cbio_mutation_tp53_kras
TCGA-VS-A9UQ	TCGA-CESC	0	0	1	1	cbio_mutation_tp53_kras
TCGA-VS-A9UR	TCGA-CESC	0	0	1	1	cbio_mutation_tp53_kras
TCGA-VS-A9UT	TCGA-CESC	1	0	1	1	cbio_mutation_tp53_kras
TCGA-VS-A9UU	TCGA-CESC	0	0	1	1	cbio_mutation_tp53_kras
TCGA-VS-A9UV	TCGA-CESC	0	0	1	1	cbio_mutation_tp53_kras
TCGA-VS-A9UY	TCGA-CESC	0	0	1	1	cbio_mutation_tp53_kras
TCGA-VS-A9UZ	TCGA-CESC	0	0	1	1	cbio_mutation_tp53_kras
TCGA-VS-A9V0	TCGA-CESC	1	0	1	1	cbio_mutation_tp53_kras
TCGA-VS-A9V1	TCGA-CESC	1	1	1	1	cbio_mutation_tp53_kras
TCGA-VS-A9V2	TCGA-CESC	0	0	1	1	cbio_mutation_tp53_kras
TCGA-VS-A9V3	TCGA-CESC	0	0	1	1	cbio_mutation_tp53_kras
TCGA-VS-A9V4	TCGA-CESC	1	0	1	1	cbio_mutation_tp53_kras
TCGA-VS-A9V5	TCGA-CESC	0	0	1	1	cbio_mutation_tp53_kras
TCGA-VS-AA62	TCGA-CESC	0	0	1	1	cbio_mutation_tp53_kras
TCGA-VT-A80G	TCGA-SARC	0	0	1	1	cbio_mutation_tp53_kras
TCGA-VT-A80J	TCGA-SARC	1	0	1	1	cbio_mutation_tp53_kras
TCGA-VT-AB3D	TCGA-SARC	0	0	1	1	cbio_mutation_tp53_kras
TCGA-VV-A829	TCGA-LGG	0	0	1	1	cbio_mutation_tp53_kras
TCGA-VV-A86M	TCGA-LGG	1	0	1	1	cbio_mutation_tp53_kras
TCGA-W2-A7H5	TCGA-PCPG	0	0	1	1	cbio_mutation_tp53_kras
TCGA-W2-A7H7	TCGA-PCPG	0	0	1	1	cbio_mutation_tp53_kras
TCGA-W2-A7HA	TCGA-PCPG	0	0	1	1	cbio_mutation_tp53_kras
TCGA-W2-A7HB	TCGA-PCPG	0	0	1	1	cbio_mutation_tp53_kras
TCGA-W2-A7HC	TCGA-PCPG	0	0	1	1	cbio_mutation_tp53_kras
TCGA-W2-A7HD	TCGA-PCPG	0	0	1	1	cbio_mutation_tp53_kras
TCGA-W2-A7HE	TCGA-PCPG	0	0	1	1	cbio_mutation_tp53_kras
TCGA-W2-A7HF	TCGA-PCPG	0	0	1	1	cbio_mutation_tp53_kras
TCGA-W2-A7HH	TCGA-PCPG	0	0	1	1	cbio_mutation_tp53_kras
TCGA-W2-A7UY	TCGA-PCPG	0	0	1	1	cbio_mutation_tp53_kras
TCGA-W3-A824	TCGA-SKCM	0	0	1	1	cbio_mutation_tp53_kras
TCGA-W3-A825	TCGA-SKCM	0	0	1	1	cbio_mutation_tp53_kras
TCGA-W3-A828	TCGA-SKCM	1	0	1	1	cbio_mutation_tp53_kras
TCGA-W3-AA1O	TCGA-SKCM	Unknown	Unknown	0	0	cbio_mutation_tp53_kras
TCGA-W3-AA1Q	TCGA-SKCM	Unknown	Unknown	0	0	cbio_mutation_tp53_kras
TCGA-W3-AA1R	TCGA-SKCM	Unknown	Unknown	0	0	cbio_mutation_tp53_kras
TCGA-W3-AA1V	TCGA-SKCM	Unknown	Unknown	0	0	cbio_mutation_tp53_kras
TCGA-W3-AA1W	TCGA-SKCM	Unknown	Unknown	0	0	cbio_mutation_tp53_kras
TCGA-W3-AA21	TCGA-SKCM	Unknown	Unknown	0	0	cbio_mutation_tp53_kras
TCGA-W4-A7U2	TCGA-TGCT	0	0	1	1	cbio_mutation_tp53_kras
TCGA-W4-A7U3	TCGA-TGCT	0	0	1	1	cbio_mutation_tp53_kras
TCGA-W4-A7U4	TCGA-TGCT	0	0	1	1	cbio_mutation_tp53_kras
TCGA-W5-AA2G	TCGA-CHOL	0	0	1	1	cbio_mutation_tp53_kras
TCGA-W5-AA2H	TCGA-CHOL	0	0	1	1	cbio_mutation_tp53_kras
TCGA-W5-AA2I	TCGA-CHOL	1	0	1	1	cbio_mutation_tp53_kras
TCGA-W5-AA2O	TCGA-CHOL	1	0	1	1	cbio_mutation_tp53_kras
TCGA-W5-AA2Q	TCGA-CHOL	0	0	1	1	cbio_mutation_tp53_kras
TCGA-W5-AA2R	TCGA-CHOL	0	0	1	1	cbio_mutation_tp53_kras
TCGA-W5-AA2T	TCGA-CHOL	0	0	1	1	cbio_mutation_tp53_kras
TCGA-W5-AA2U	TCGA-CHOL	0	0	1	1	cbio_mutation_tp53_kras
TCGA-W5-AA2W	TCGA-CHOL	0	0	1	1	cbio_mutation_tp53_kras
TCGA-W5-AA2X	TCGA-CHOL	0	0	1	1	cbio_mutation_tp53_kras
TCGA-W5-AA2Z	TCGA-CHOL	0	0	1	1	cbio_mutation_tp53_kras
TCGA-W5-AA30	TCGA-CHOL	0	0	1	1	cbio_mutation_tp53_kras
TCGA-W5-AA31	TCGA-CHOL	0	0	1	1	cbio_mutation_tp53_kras
TCGA-W5-AA33	TCGA-CHOL	0	0	1	1	cbio_mutation_tp53_kras
TCGA-W5-AA34	TCGA-CHOL	0	0	1	1	cbio_mutation_tp53_kras
TCGA-W5-AA36	TCGA-CHOL	0	0	1	1	cbio_mutation_tp53_kras
TCGA-W5-AA38	TCGA-CHOL	0	0	1	1	cbio_mutation_tp53_kras
TCGA-W5-AA39	TCGA-CHOL	0	0	1	1	cbio_mutation_tp53_kras
TCGA-W6-AA0S	TCGA-CHOL	0	0	1	1	cbio_mutation_tp53_kras
TCGA-W6-AA0T	TCGA-CHOL	Unknown	Unknown	0	0	cbio_mutation_tp53_kras
TCGA-W8-A86G	TCGA-BRCA_OTHERS	0	0	1	1	cbio_mutation_tp53_kras
TCGA-W9-A837	TCGA-LGG	0	0	1	1	cbio_mutation_tp53_kras
TCGA-WA-A7GZ	TCGA-HNSC	1	0	1	1	cbio_mutation_tp53_kras
TCGA-WA-A7H4	TCGA-HNSC	0	0	1	1	cbio_mutation_tp53_kras
TCGA-WB-A80K	TCGA-PCPG	0	0	1	1	cbio_mutation_tp53_kras
TCGA-WB-A80L	TCGA-PCPG	0	0	1	1	cbio_mutation_tp53_kras
TCGA-WB-A80M	TCGA-PCPG	0	0	1	1	cbio_mutation_tp53_kras
TCGA-WB-A80N	TCGA-PCPG	0	0	1	1	cbio_mutation_tp53_kras
TCGA-WB-A80O	TCGA-PCPG	0	0	1	1	cbio_mutation_tp53_kras
TCGA-WB-A80P	TCGA-PCPG	0	0	1	1	cbio_mutation_tp53_kras
TCGA-WB-A80Q	TCGA-PCPG	0	0	1	1	cbio_mutation_tp53_kras
TCGA-WB-A80V	TCGA-PCPG	0	0	1	1	cbio_mutation_tp53_kras
TCGA-WB-A80Y	TCGA-PCPG	0	0	1	1	cbio_mutation_tp53_kras
TCGA-WB-A814	TCGA-PCPG	0	0	1	1	cbio_mutation_tp53_kras
TCGA-WB-A815	TCGA-PCPG	0	0	1	1	cbio_mutation_tp53_kras
TCGA-WB-A816	TCGA-PCPG	0	0	1	1	cbio_mutation_tp53_kras
TCGA-WB-A817	TCGA-PCPG	0	0	1	1	cbio_mutation_tp53_kras
TCGA-WB-A818	TCGA-PCPG	0	0	1	1	cbio_mutation_tp53_kras
TCGA-WB-A819	TCGA-PCPG	0	0	1	1	cbio_mutation_tp53_kras
TCGA-WB-A81A	TCGA-PCPG	0	0	1	1	cbio_mutation_tp53_kras
TCGA-WB-A81D	TCGA-PCPG	0	0	1	1	cbio_mutation_tp53_kras
TCGA-WB-A81E	TCGA-PCPG	0	0	1	1	cbio_mutation_tp53_kras
TCGA-WB-A81F	TCGA-PCPG	0	0	1	1	cbio_mutation_tp53_kras
TCGA-WB-A81G	TCGA-PCPG	0	0	1	1	cbio_mutation_tp53_kras
TCGA-WB-A81H	TCGA-PCPG	0	0	1	1	cbio_mutation_tp53_kras
TCGA-WB-A81I	TCGA-PCPG	0	0	1	1	cbio_mutation_tp53_kras
TCGA-WB-A81J	TCGA-PCPG	0	0	1	1	cbio_mutation_tp53_kras
TCGA-WB-A81K	TCGA-PCPG	0	0	1	1	cbio_mutation_tp53_kras
TCGA-WB-A81M	TCGA-PCPG	0	0	1	1	cbio_mutation_tp53_kras
TCGA-WB-A81N	TCGA-PCPG	0	0	1	1	cbio_mutation_tp53_kras
TCGA-WB-A81P	TCGA-PCPG	0	0	1	1	cbio_mutation_tp53_kras
TCGA-WB-A81Q	TCGA-PCPG	0	0	1	1	cbio_mutation_tp53_kras
TCGA-WB-A81R	TCGA-PCPG	0	0	1	1	cbio_mutation_tp53_kras
TCGA-WB-A81S	TCGA-PCPG	0	0	1	1	cbio_mutation_tp53_kras
TCGA-WB-A81T	TCGA-PCPG	0	0	1	1	cbio_mutation_tp53_kras
TCGA-WB-A81V	TCGA-PCPG	0	0	1	1	cbio_mutation_tp53_kras
TCGA-WB-A81W	TCGA-PCPG	0	0	1	1	cbio_mutation_tp53_kras
TCGA-WB-A820	TCGA-PCPG	Unknown	Unknown	0	0	cbio_mutation_tp53_kras
TCGA-WB-A821	TCGA-PCPG	0	0	1	1	cbio_mutation_tp53_kras
TCGA-WB-A822	TCGA-PCPG	0	0	1	1	cbio_mutation_tp53_kras
TCGA-WC-A87T	TCGA-UVM	0	0	1	1	cbio_mutation_tp53_kras
TCGA-WC-A87U	TCGA-UVM	0	0	1	1	cbio_mutation_tp53_kras
TCGA-WC-A87W	TCGA-UVM	0	0	1	1	cbio_mutation_tp53_kras
TCGA-WC-A87Y	TCGA-UVM	0	0	1	1	cbio_mutation_tp53_kras
TCGA-WC-A880	TCGA-UVM	0	0	1	1	cbio_mutation_tp53_kras
TCGA-WC-A881	TCGA-UVM	0	0	1	1	cbio_mutation_tp53_kras
TCGA-WC-A882	TCGA-UVM	0	0	1	1	cbio_mutation_tp53_kras
TCGA-WC-A883	TCGA-UVM	0	0	1	1	cbio_mutation_tp53_kras
TCGA-WC-A884	TCGA-UVM	0	0	1	1	cbio_mutation_tp53_kras
TCGA-WC-A885	TCGA-UVM	0	0	1	1	cbio_mutation_tp53_kras
TCGA-WC-A888	TCGA-UVM	0	0	1	1	cbio_mutation_tp53_kras
TCGA-WC-A88A	TCGA-UVM	0	0	1	1	cbio_mutation_tp53_kras
TCGA-WC-AA9A	TCGA-UVM	0	0	1	1	cbio_mutation_tp53_kras
TCGA-WC-AA9E	TCGA-UVM	0	0	1	1	cbio_mutation_tp53_kras
TCGA-WD-A7RX	TCGA-CHOL	0	0	1	1	cbio_mutation_tp53_kras
TCGA-WE-A8JZ	TCGA-SKCM	0	0	1	1	cbio_mutation_tp53_kras
TCGA-WE-A8K1	TCGA-SKCM	0	0	1	1	cbio_mutation_tp53_kras
TCGA-WE-A8K4	TCGA-SKCM	Unknown	Unknown	0	0	cbio_mutation_tp53_kras
TCGA-WE-A8K5	TCGA-SKCM	0	0	1	1	cbio_mutation_tp53_kras
TCGA-WE-A8K6	TCGA-SKCM	0	0	1	1	cbio_mutation_tp53_kras
TCGA-WE-A8ZM	TCGA-SKCM	0	0	1	1	cbio_mutation_tp53_kras
TCGA-WE-A8ZN	TCGA-SKCM	0	0	1	1	cbio_mutation_tp53_kras
TCGA-WE-A8ZO	TCGA-SKCM	0	0	1	1	cbio_mutation_tp53_kras
TCGA-WE-A8ZQ	TCGA-SKCM	0	0	1	1	cbio_mutation_tp53_kras
TCGA-WE-A8ZR	TCGA-SKCM	Unknown	Unknown	0	0	cbio_mutation_tp53_kras
TCGA-WE-A8ZT	TCGA-SKCM	0	0	1	1	cbio_mutation_tp53_kras
TCGA-WE-A8ZX	TCGA-SKCM	1	0	1	1	cbio_mutation_tp53_kras
TCGA-WE-A8ZY	TCGA-SKCM	0	0	1	1	cbio_mutation_tp53_kras
TCGA-WE-AA9Y	TCGA-SKCM	0	0	1	1	cbio_mutation_tp53_kras
TCGA-WE-AAA0	TCGA-SKCM	0	0	1	1	cbio_mutation_tp53_kras
TCGA-WE-AAA3	TCGA-SKCM	0	0	1	1	cbio_mutation_tp53_kras
TCGA-WE-AAA4	TCGA-SKCM	Unknown	Unknown	0	0	cbio_mutation_tp53_kras
TCGA-WH-A86K	TCGA-LGG	1	0	1	1	cbio_mutation_tp53_kras
TCGA-WJ-A86L	TCGA-LIHC	1	0	1	1	cbio_mutation_tp53_kras
TCGA-WK-A8XO	TCGA-SARC	0	0	1	1	cbio_mutation_tp53_kras
TCGA-WK-A8XQ	TCGA-SARC	0	0	1	1	cbio_mutation_tp53_kras
TCGA-WK-A8XS	TCGA-SARC	0	0	1	1	cbio_mutation_tp53_kras
TCGA-WK-A8XT	TCGA-SARC	0	0	1	1	cbio_mutation_tp53_kras
TCGA-WK-A8XX	TCGA-SARC	1	0	1	1	cbio_mutation_tp53_kras
TCGA-WK-A8XY	TCGA-SARC	1	0	1	1	cbio_mutation_tp53_kras
TCGA-WK-A8XZ	TCGA-SARC	1	0	1	1	cbio_mutation_tp53_kras
TCGA-WK-A8Y0	TCGA-SARC	1	0	1	1	cbio_mutation_tp53_kras
TCGA-WL-A834	TCGA-CESC	0	0	1	1	cbio_mutation_tp53_kras
TCGA-WN-A9G9	TCGA-KIRP	0	0	1	1	cbio_mutation_tp53_kras
TCGA-WN-AB4C	TCGA-KIRP	0	0	1	1	cbio_mutation_tp53_kras
TCGA-WP-A9GB	TCGA-SARC	1	0	1	1	cbio_mutation_tp53_kras
TCGA-WQ-A9G7	TCGA-LIHC	1	0	1	1	cbio_mutation_tp53_kras
TCGA-WQ-AB4B	TCGA-LIHC	1	0	1	1	cbio_mutation_tp53_kras
TCGA-WR-A838	TCGA-OV	1	0	1	1	cbio_mutation_tp53_kras
TCGA-WS-AB45	TCGA-COAD	1	0	1	1	cbio_mutation_tp53_kras
TCGA-WT-AB41	TCGA-BRCA_IDC	0	0	1	1	cbio_mutation_tp53_kras
TCGA-WT-AB44	TCGA-BRCA_OTHERS	0	0	1	1	cbio_mutation_tp53_kras
TCGA-WW-A8ZI	TCGA-PRAD	0	0	1	1	cbio_mutation_tp53_kras
TCGA-WX-AA44	TCGA-LIHC	1	0	1	1	cbio_mutation_tp53_kras
TCGA-WX-AA46	TCGA-LIHC	0	0	1	1	cbio_mutation_tp53_kras
TCGA-WX-AA47	TCGA-LIHC	0	0	1	1	cbio_mutation_tp53_kras
TCGA-WY-A858	TCGA-LGG	1	0	1	1	cbio_mutation_tp53_kras
TCGA-WY-A859	TCGA-LGG	1	0	1	1	cbio_mutation_tp53_kras
TCGA-WY-A85A	TCGA-LGG	1	0	1	1	cbio_mutation_tp53_kras
TCGA-WY-A85B	TCGA-LGG	1	0	1	1	cbio_mutation_tp53_kras
TCGA-WY-A85C	TCGA-LGG	1	0	1	1	cbio_mutation_tp53_kras
TCGA-WY-A85D	TCGA-LGG	1	0	1	1	cbio_mutation_tp53_kras
TCGA-WY-A85E	TCGA-LGG	1	0	1	1	cbio_mutation_tp53_kras
TCGA-WZ-A7V3	TCGA-TGCT	0	0	1	1	cbio_mutation_tp53_kras
TCGA-WZ-A7V4	TCGA-TGCT	0	0	1	1	cbio_mutation_tp53_kras
TCGA-WZ-A7V5	TCGA-TGCT	0	0	1	1	cbio_mutation_tp53_kras
TCGA-WZ-A8D5	TCGA-TGCT	0	0	1	1	cbio_mutation_tp53_kras
TCGA-X2-A95T	TCGA-SARC	1	0	1	1	cbio_mutation_tp53_kras
TCGA-X3-A8G4	TCGA-TGCT	0	0	1	1	cbio_mutation_tp53_kras
TCGA-X4-A8KQ	TCGA-PRAD	0	0	1	1	cbio_mutation_tp53_kras
TCGA-X4-A8KS	TCGA-PRAD	0	0	1	1	cbio_mutation_tp53_kras
TCGA-X6-A7W8	TCGA-SARC	0	0	1	1	cbio_mutation_tp53_kras
TCGA-X6-A7WA	TCGA-SARC	1	0	1	1	cbio_mutation_tp53_kras
TCGA-X6-A7WB	TCGA-SARC	1	0	1	1	cbio_mutation_tp53_kras
TCGA-X6-A7WC	TCGA-SARC	1	0	1	1	cbio_mutation_tp53_kras
TCGA-X6-A7WD	TCGA-SARC	0	0	1	1	cbio_mutation_tp53_kras
TCGA-X6-A8C2	TCGA-SARC	1	0	1	1	cbio_mutation_tp53_kras
TCGA-X6-A8C3	TCGA-SARC	0	0	1	1	cbio_mutation_tp53_kras
TCGA-X6-A8C4	TCGA-SARC	0	0	1	1	cbio_mutation_tp53_kras
TCGA-X6-A8C5	TCGA-SARC	1	0	1	1	cbio_mutation_tp53_kras
TCGA-X6-A8C6	TCGA-SARC	0	0	1	1	cbio_mutation_tp53_kras
TCGA-X6-A8C7	TCGA-SARC	0	0	1	1	cbio_mutation_tp53_kras
TCGA-X7-A8D6	TCGA-THYM	0	0	1	1	cbio_mutation_tp53_kras
TCGA-X7-A8D7	TCGA-THYM	0	0	1	1	cbio_mutation_tp53_kras
TCGA-X7-A8D8	TCGA-THYM	0	0	1	1	cbio_mutation_tp53_kras
TCGA-X7-A8D9	TCGA-THYM	0	0	1	1	cbio_mutation_tp53_kras
TCGA-X7-A8DB	TCGA-THYM	0	0	1	1	cbio_mutation_tp53_kras
TCGA-X7-A8DC	TCGA-THYM	0	0	1	1	cbio_mutation_tp53_kras
TCGA-X7-A8DD	TCGA-THYM	0	0	1	1	cbio_mutation_tp53_kras
TCGA-X7-A8DE	TCGA-THYM	0	0	1	1	cbio_mutation_tp53_kras
TCGA-X7-A8DF	TCGA-THYM	0	0	1	1	cbio_mutation_tp53_kras
TCGA-X7-A8DG	TCGA-THYM	0	0	1	1	cbio_mutation_tp53_kras
TCGA-X7-A8DI	TCGA-THYM	0	0	1	1	cbio_mutation_tp53_kras
TCGA-X7-A8DJ	TCGA-THYM	0	0	1	1	cbio_mutation_tp53_kras
TCGA-X7-A8M0	TCGA-THYM	0	0	1	1	cbio_mutation_tp53_kras
TCGA-X7-A8M1	TCGA-THYM	0	0	1	1	cbio_mutation_tp53_kras
TCGA-X7-A8M3	TCGA-THYM	0	0	1	1	cbio_mutation_tp53_kras
TCGA-X7-A8M4	TCGA-THYM	0	0	1	1	cbio_mutation_tp53_kras
TCGA-X7-A8M5	TCGA-THYM	0	0	1	1	cbio_mutation_tp53_kras
TCGA-X7-A8M6	TCGA-THYM	0	0	1	1	cbio_mutation_tp53_kras
TCGA-X7-A8M7	TCGA-THYM	0	0	1	1	cbio_mutation_tp53_kras
TCGA-X7-A8M8	TCGA-THYM	0	0	1	1	cbio_mutation_tp53_kras
TCGA-X8-AAAR	TCGA-ESCA	1	0	1	1	cbio_mutation_tp53_kras
TCGA-X9-A971	TCGA-SARC	0	0	1	1	cbio_mutation_tp53_kras
TCGA-X9-A973	TCGA-SARC	0	0	1	1	cbio_mutation_tp53_kras
TCGA-XA-A8JR	TCGA-PRAD	0	0	1	1	cbio_mutation_tp53_kras
TCGA-XC-AA0X	TCGA-LUSC	1	0	1	1	cbio_mutation_tp53_kras
TCGA-XD-AAUG	TCGA-PAAD	1	0	1	1	cbio_mutation_tp53_kras
TCGA-XD-AAUH	TCGA-PAAD	0	0	1	1	cbio_mutation_tp53_kras
TCGA-XD-AAUI	TCGA-PAAD	1	1	1	1	cbio_mutation_tp53_kras
TCGA-XD-AAUL	TCGA-PAAD	1	1	1	1	cbio_mutation_tp53_kras
TCGA-XE-A8H1	TCGA-TGCT	0	0	1	1	cbio_mutation_tp53_kras
TCGA-XE-A8H4	TCGA-TGCT	0	0	1	1	cbio_mutation_tp53_kras
TCGA-XE-A8H5	TCGA-TGCT	0	1	1	1	cbio_mutation_tp53_kras
TCGA-XE-A9SE	TCGA-TGCT	0	0	1	1	cbio_mutation_tp53_kras
TCGA-XE-AANI	TCGA-TGCT	0	0	1	1	cbio_mutation_tp53_kras
TCGA-XE-AANJ	TCGA-TGCT	0	0	1	1	cbio_mutation_tp53_kras
TCGA-XE-AANR	TCGA-TGCT	0	0	1	1	cbio_mutation_tp53_kras
TCGA-XE-AANV	TCGA-TGCT	0	0	1	1	cbio_mutation_tp53_kras
TCGA-XE-AAO3	TCGA-TGCT	0	0	1	1	cbio_mutation_tp53_kras
TCGA-XE-AAO4	TCGA-TGCT	0	0	1	1	cbio_mutation_tp53_kras
TCGA-XE-AAO6	TCGA-TGCT	0	0	1	1	cbio_mutation_tp53_kras
TCGA-XE-AAOB	TCGA-TGCT	0	0	1	1	cbio_mutation_tp53_kras
TCGA-XE-AAOC	TCGA-TGCT	0	0	1	1	cbio_mutation_tp53_kras
TCGA-XE-AAOD	TCGA-TGCT	0	0	1	1	cbio_mutation_tp53_kras
TCGA-XE-AAOF	TCGA-TGCT	0	0	1	1	cbio_mutation_tp53_kras
TCGA-XE-AAOL	TCGA-TGCT	0	0	1	1	cbio_mutation_tp53_kras
TCGA-XF-A8HB	TCGA-BLCA	0	0	1	1	cbio_mutation_tp53_kras
TCGA-XF-A8HC	TCGA-BLCA	0	0	1	1	cbio_mutation_tp53_kras
TCGA-XF-A8HD	TCGA-BLCA	1	0	1	1	cbio_mutation_tp53_kras
TCGA-XF-A8HE	TCGA-BLCA	0	0	1	1	cbio_mutation_tp53_kras
TCGA-XF-A8HF	TCGA-BLCA	1	0	1	1	cbio_mutation_tp53_kras
TCGA-XF-A8HG	TCGA-BLCA	0	0	1	1	cbio_mutation_tp53_kras
TCGA-XF-A8HH	TCGA-BLCA	1	0	1	1	cbio_mutation_tp53_kras
TCGA-XF-A8HI	TCGA-BLCA	0	0	1	1	cbio_mutation_tp53_kras
TCGA-XF-A9SG	TCGA-BLCA	0	0	1	1	cbio_mutation_tp53_kras
TCGA-XF-A9SH	TCGA-BLCA	0	0	1	1	cbio_mutation_tp53_kras
TCGA-XF-A9SI	TCGA-BLCA	1	0	1	1	cbio_mutation_tp53_kras
TCGA-XF-A9SJ	TCGA-BLCA	0	0	1	1	cbio_mutation_tp53_kras
TCGA-XF-A9SK	TCGA-BLCA	1	0	1	1	cbio_mutation_tp53_kras
TCGA-XF-A9SL	TCGA-BLCA	0	0	1	1	cbio_mutation_tp53_kras
TCGA-XF-A9SM	TCGA-BLCA	1	0	1	1	cbio_mutation_tp53_kras
TCGA-XF-A9SP	TCGA-BLCA	0	0	1	1	cbio_mutation_tp53_kras
TCGA-XF-A9ST	TCGA-BLCA	1	0	1	1	cbio_mutation_tp53_kras
TCGA-XF-A9SU	TCGA-BLCA	0	1	1	1	cbio_mutation_tp53_kras
TCGA-XF-A9SV	TCGA-BLCA	0	0	1	1	cbio_mutation_tp53_kras
TCGA-XF-A9SW	TCGA-BLCA	0	0	1	1	cbio_mutation_tp53_kras
TCGA-XF-A9SX	TCGA-BLCA	1	0	1	1	cbio_mutation_tp53_kras
TCGA-XF-A9SY	TCGA-BLCA	1	0	1	1	cbio_mutation_tp53_kras
TCGA-XF-A9SZ	TCGA-BLCA	1	0	1	1	cbio_mutation_tp53_kras
TCGA-XF-A9T0	TCGA-BLCA	1	0	1	1	cbio_mutation_tp53_kras
TCGA-XF-A9T2	TCGA-BLCA	0	0	1	1	cbio_mutation_tp53_kras
TCGA-XF-A9T3	TCGA-BLCA	1	0	1	1	cbio_mutation_tp53_kras
TCGA-XF-A9T4	TCGA-BLCA	0	0	1	1	cbio_mutation_tp53_kras
TCGA-XF-A9T5	TCGA-BLCA	1	0	1	1	cbio_mutation_tp53_kras
TCGA-XF-A9T6	TCGA-BLCA	1	0	1	1	cbio_mutation_tp53_kras
TCGA-XF-A9T8	TCGA-BLCA	0	0	1	1	cbio_mutation_tp53_kras
TCGA-XF-AAME	TCGA-BLCA	0	0	1	1	cbio_mutation_tp53_kras
TCGA-XF-AAMF	TCGA-BLCA	1	0	1	1	cbio_mutation_tp53_kras
TCGA-XF-AAMG	TCGA-BLCA	1	0	1	1	cbio_mutation_tp53_kras
TCGA-XF-AAMH	TCGA-BLCA	0	1	1	1	cbio_mutation_tp53_kras
TCGA-XF-AAMJ	TCGA-BLCA	1	0	1	1	cbio_mutation_tp53_kras
TCGA-XF-AAML	TCGA-BLCA	1	0	1	1	cbio_mutation_tp53_kras
TCGA-XF-AAMQ	TCGA-BLCA	1	0	1	1	cbio_mutation_tp53_kras
TCGA-XF-AAMR	TCGA-BLCA	0	0	1	1	cbio_mutation_tp53_kras
TCGA-XF-AAMT	TCGA-BLCA	1	0	1	1	cbio_mutation_tp53_kras
TCGA-XF-AAMW	TCGA-BLCA	1	0	1	1	cbio_mutation_tp53_kras
TCGA-XF-AAMX	TCGA-BLCA	1	0	1	1	cbio_mutation_tp53_kras
TCGA-XF-AAMY	TCGA-BLCA	0	0	1	1	cbio_mutation_tp53_kras
TCGA-XF-AAMZ	TCGA-BLCA	0	0	1	1	cbio_mutation_tp53_kras
TCGA-XF-AAN0	TCGA-BLCA	1	0	1	1	cbio_mutation_tp53_kras
TCGA-XF-AAN1	TCGA-BLCA	0	0	1	1	cbio_mutation_tp53_kras
TCGA-XF-AAN2	TCGA-BLCA	0	0	1	1	cbio_mutation_tp53_kras
TCGA-XF-AAN3	TCGA-BLCA	1	0	1	1	cbio_mutation_tp53_kras
TCGA-XF-AAN4	TCGA-BLCA	0	0	1	1	cbio_mutation_tp53_kras
TCGA-XF-AAN5	TCGA-BLCA	0	0	1	1	cbio_mutation_tp53_kras
TCGA-XF-AAN7	TCGA-BLCA	1	1	1	1	cbio_mutation_tp53_kras
TCGA-XF-AAN8	TCGA-BLCA	0	0	1	1	cbio_mutation_tp53_kras
TCGA-XH-A853	TCGA-THYM	0	0	1	1	cbio_mutation_tp53_kras
TCGA-XJ-A83F	TCGA-PRAD	0	0	1	1	cbio_mutation_tp53_kras
TCGA-XJ-A83G	TCGA-PRAD	0	0	1	1	cbio_mutation_tp53_kras
TCGA-XJ-A83H	TCGA-PRAD	0	0	1	1	cbio_mutation_tp53_kras
TCGA-XJ-A9DI	TCGA-PRAD	0	0	1	1	cbio_mutation_tp53_kras
TCGA-XJ-A9DK	TCGA-PRAD	0	0	1	1	cbio_mutation_tp53_kras
TCGA-XJ-A9DQ	TCGA-PRAD	0	0	1	1	cbio_mutation_tp53_kras
TCGA-XJ-A9DX	TCGA-PRAD	0	0	1	1	cbio_mutation_tp53_kras
TCGA-XK-AAIR	TCGA-PRAD	0	0	1	1	cbio_mutation_tp53_kras
TCGA-XK-AAIV	TCGA-PRAD	0	0	1	1	cbio_mutation_tp53_kras
TCGA-XK-AAIW	TCGA-PRAD	1	1	1	1	cbio_mutation_tp53_kras
TCGA-XK-AAJ3	TCGA-PRAD	Unknown	Unknown	0	0	cbio_mutation_tp53_kras
TCGA-XK-AAJA	TCGA-PRAD	0	0	1	1	cbio_mutation_tp53_kras
TCGA-XK-AAJP	TCGA-PRAD	0	0	1	1	cbio_mutation_tp53_kras
TCGA-XK-AAJR	TCGA-PRAD	0	0	1	1	cbio_mutation_tp53_kras
TCGA-XK-AAJT	TCGA-PRAD	0	0	1	1	cbio_mutation_tp53_kras
TCGA-XK-AAJU	TCGA-PRAD	0	0	1	1	cbio_mutation_tp53_kras
TCGA-XK-AAK1	TCGA-PRAD	Unknown	Unknown	0	0	cbio_mutation_tp53_kras
TCGA-XM-A8R8	TCGA-THYM	0	0	1	1	cbio_mutation_tp53_kras
TCGA-XM-A8R9	TCGA-THYM	0	0	1	1	cbio_mutation_tp53_kras
TCGA-XM-A8RB	TCGA-THYM	0	0	1	1	cbio_mutation_tp53_kras
TCGA-XM-A8RC	TCGA-THYM	0	0	1	1	cbio_mutation_tp53_kras
TCGA-XM-A8RD	TCGA-THYM	0	0	1	1	cbio_mutation_tp53_kras
TCGA-XM-A8RE	TCGA-THYM	0	0	1	1	cbio_mutation_tp53_kras
TCGA-XM-A8RF	TCGA-THYM	0	0	1	1	cbio_mutation_tp53_kras
TCGA-XM-A8RG	TCGA-THYM	0	0	1	1	cbio_mutation_tp53_kras
TCGA-XM-A8RH	TCGA-THYM	0	0	1	1	cbio_mutation_tp53_kras
TCGA-XM-A8RI	TCGA-THYM	0	0	1	1	cbio_mutation_tp53_kras
TCGA-XM-A8RL	TCGA-THYM	0	0	1	1	cbio_mutation_tp53_kras
TCGA-XM-AAZ1	TCGA-THYM	0	0	1	1	cbio_mutation_tp53_kras
TCGA-XM-AAZ2	TCGA-THYM	0	0	1	1	cbio_mutation_tp53_kras
TCGA-XM-AAZ3	TCGA-THYM	0	0	1	1	cbio_mutation_tp53_kras
TCGA-XN-A8T3	TCGA-PAAD	1	1	1	1	cbio_mutation_tp53_kras
TCGA-XN-A8T5	TCGA-PAAD	0	0	1	1	cbio_mutation_tp53_kras
TCGA-XP-A8T6	TCGA-ESCA	1	0	1	1	cbio_mutation_tp53_kras
TCGA-XP-A8T7	TCGA-ESCA	1	0	1	1	cbio_mutation_tp53_kras
TCGA-XP-A8T8	TCGA-ESCA	1	0	1	1	cbio_mutation_tp53_kras
TCGA-XQ-A8TA	TCGA-PRAD	0	0	1	1	cbio_mutation_tp53_kras
TCGA-XQ-A8TB	TCGA-PRAD	0	0	1	1	cbio_mutation_tp53_kras
TCGA-XR-A8TC	TCGA-LIHC	Unknown	Unknown	0	0	cbio_mutation_tp53_kras
TCGA-XR-A8TD	TCGA-LIHC	0	0	1	1	cbio_mutation_tp53_kras
TCGA-XR-A8TE	TCGA-LIHC	0	0	1	1	cbio_mutation_tp53_kras
TCGA-XR-A8TF	TCGA-LIHC	0	0	1	1	cbio_mutation_tp53_kras
TCGA-XR-A8TG	TCGA-LIHC	1	0	1	1	cbio_mutation_tp53_kras
TCGA-XS-A8TJ	TCGA-CESC	0	0	1	1	cbio_mutation_tp53_kras
TCGA-XT-AASU	TCGA-MESO	0	0	1	1	cbio_mutation_tp53_kras
TCGA-XU-A92O	TCGA-THYM	0	0	1	1	cbio_mutation_tp53_kras
TCGA-XU-A92Q	TCGA-THYM	0	0	1	1	cbio_mutation_tp53_kras
TCGA-XU-A92R	TCGA-THYM	0	0	1	1	cbio_mutation_tp53_kras
TCGA-XU-A92T	TCGA-THYM	0	0	1	1	cbio_mutation_tp53_kras
TCGA-XU-A92U	TCGA-THYM	0	0	1	1	cbio_mutation_tp53_kras
TCGA-XU-A92V	TCGA-THYM	0	0	1	1	cbio_mutation_tp53_kras
TCGA-XU-A92W	TCGA-THYM	0	0	1	1	cbio_mutation_tp53_kras
TCGA-XU-A92X	TCGA-THYM	0	0	1	1	cbio_mutation_tp53_kras
TCGA-XU-A92Y	TCGA-THYM	0	0	1	1	cbio_mutation_tp53_kras
TCGA-XU-A92Z	TCGA-THYM	0	0	1	1	cbio_mutation_tp53_kras
TCGA-XU-A930	TCGA-THYM	0	0	1	1	cbio_mutation_tp53_kras
TCGA-XU-A931	TCGA-THYM	0	0	1	1	cbio_mutation_tp53_kras
TCGA-XU-A932	TCGA-THYM	0	0	1	1	cbio_mutation_tp53_kras
TCGA-XU-A933	TCGA-THYM	0	0	1	1	cbio_mutation_tp53_kras
TCGA-XU-A936	TCGA-THYM	0	0	1	1	cbio_mutation_tp53_kras
TCGA-XU-AAXV	TCGA-THYM	Unknown	Unknown	0	0	cbio_mutation_tp53_kras
TCGA-XU-AAXW	TCGA-THYM	0	0	1	1	cbio_mutation_tp53_kras
TCGA-XU-AAXX	TCGA-THYM	0	0	1	1	cbio_mutation_tp53_kras
TCGA-XU-AAXY	TCGA-THYM	0	0	1	1	cbio_mutation_tp53_kras
TCGA-XU-AAXZ	TCGA-THYM	0	0	1	1	cbio_mutation_tp53_kras
TCGA-XU-AAY0	TCGA-THYM	0	0	1	1	cbio_mutation_tp53_kras
TCGA-XU-AAY1	TCGA-THYM	0	0	1	1	cbio_mutation_tp53_kras
TCGA-XV-A9VZ	TCGA-SKCM	Unknown	Unknown	0	0	cbio_mutation_tp53_kras
TCGA-XV-A9W2	TCGA-SKCM	Unknown	Unknown	0	0	cbio_mutation_tp53_kras
TCGA-XV-A9W5	TCGA-SKCM	Unknown	Unknown	0	0	cbio_mutation_tp53_kras
TCGA-XV-AAZV	TCGA-SKCM	Unknown	Unknown	0	0	cbio_mutation_tp53_kras
TCGA-XV-AAZW	TCGA-SKCM	Unknown	Unknown	0	0	cbio_mutation_tp53_kras
TCGA-XV-AAZY	TCGA-SKCM	Unknown	Unknown	0	0	cbio_mutation_tp53_kras
TCGA-XV-AB01	TCGA-SKCM	Unknown	Unknown	0	0	cbio_mutation_tp53_kras
TCGA-XX-A899	TCGA-BRCA_OTHERS	0	0	1	1	cbio_mutation_tp53_kras
TCGA-XX-A89A	TCGA-BRCA_OTHERS	0	0	1	1	cbio_mutation_tp53_kras
TCGA-XY-A89B	TCGA-TGCT	1	0	1	1	cbio_mutation_tp53_kras
TCGA-XY-A8S2	TCGA-TGCT	0	0	1	1	cbio_mutation_tp53_kras
TCGA-XY-A8S3	TCGA-TGCT	0	0	1	1	cbio_mutation_tp53_kras
TCGA-XY-A9T9	TCGA-TGCT	0	1	1	1	cbio_mutation_tp53_kras
TCGA-Y6-A8TL	TCGA-PRAD	0	0	1	1	cbio_mutation_tp53_kras
TCGA-Y6-A9XI	TCGA-PRAD	0	0	1	1	cbio_mutation_tp53_kras
TCGA-Y8-A894	TCGA-KIRP	0	0	1	1	cbio_mutation_tp53_kras
TCGA-Y8-A895	TCGA-KIRP	0	0	1	1	cbio_mutation_tp53_kras
TCGA-Y8-A896	TCGA-KIRP	0	0	1	1	cbio_mutation_tp53_kras
TCGA-Y8-A897	TCGA-KIRP	0	0	1	1	cbio_mutation_tp53_kras
TCGA-Y8-A898	TCGA-KIRP	0	0	1	1	cbio_mutation_tp53_kras
TCGA-Y8-A8RY	TCGA-KIRP	0	0	1	1	cbio_mutation_tp53_kras
TCGA-Y8-A8RZ	TCGA-KIRP	0	0	1	1	cbio_mutation_tp53_kras
TCGA-Y8-A8S0	TCGA-KIRP	0	0	1	1	cbio_mutation_tp53_kras
TCGA-Y8-A8S1	TCGA-KIRP	0	0	1	1	cbio_mutation_tp53_kras
TCGA-YA-A8S7	TCGA-LIHC	1	0	1	1	cbio_mutation_tp53_kras
TCGA-YB-A89D	TCGA-PAAD	0	1	1	1	cbio_mutation_tp53_kras
TCGA-YC-A89H	TCGA-BLCA	0	0	1	1	cbio_mutation_tp53_kras
TCGA-YC-A8S6	TCGA-BLCA	0	0	1	1	cbio_mutation_tp53_kras
TCGA-YC-A9TC	TCGA-BLCA	0	0	1	1	cbio_mutation_tp53_kras
TCGA-YD-A89C	TCGA-SKCM	1	0	1	1	cbio_mutation_tp53_kras
TCGA-YD-A9TA	TCGA-SKCM	Unknown	Unknown	0	0	cbio_mutation_tp53_kras
TCGA-YD-A9TB	TCGA-SKCM	Unknown	Unknown	0	0	cbio_mutation_tp53_kras
TCGA-YF-AA3L	TCGA-BLCA	0	0	1	1	cbio_mutation_tp53_kras
TCGA-YF-AA3M	TCGA-BLCA	1	0	1	1	cbio_mutation_tp53_kras
TCGA-YG-AA3N	TCGA-SKCM	Unknown	Unknown	0	0	cbio_mutation_tp53_kras
TCGA-YG-AA3O	TCGA-SKCM	Unknown	Unknown	0	0	cbio_mutation_tp53_kras
TCGA-YG-AA3P	TCGA-SKCM	Unknown	Unknown	0	0	cbio_mutation_tp53_kras
TCGA-YL-A8HJ	TCGA-PRAD	0	0	1	1	cbio_mutation_tp53_kras
TCGA-YL-A8HK	TCGA-PRAD	1	0	1	1	cbio_mutation_tp53_kras
TCGA-YL-A8HL	TCGA-PRAD	1	0	1	1	cbio_mutation_tp53_kras
TCGA-YL-A8HM	TCGA-PRAD	1	0	1	1	cbio_mutation_tp53_kras
TCGA-YL-A8HO	TCGA-PRAD	0	0	1	1	cbio_mutation_tp53_kras
TCGA-YL-A8S8	TCGA-PRAD	0	0	1	1	cbio_mutation_tp53_kras
TCGA-YL-A8S9	TCGA-PRAD	0	0	1	1	cbio_mutation_tp53_kras
TCGA-YL-A8SA	TCGA-PRAD	0	0	1	1	cbio_mutation_tp53_kras
TCGA-YL-A8SB	TCGA-PRAD	1	0	1	1	cbio_mutation_tp53_kras
TCGA-YL-A8SC	TCGA-PRAD	0	0	1	1	cbio_mutation_tp53_kras
TCGA-YL-A8SF	TCGA-PRAD	0	0	1	1	cbio_mutation_tp53_kras
TCGA-YL-A8SH	TCGA-PRAD	0	0	1	1	cbio_mutation_tp53_kras
TCGA-YL-A8SI	TCGA-PRAD	0	0	1	1	cbio_mutation_tp53_kras
TCGA-YL-A8SJ	TCGA-PRAD	1	0	1	1	cbio_mutation_tp53_kras
TCGA-YL-A8SK	TCGA-PRAD	0	0	1	1	cbio_mutation_tp53_kras
TCGA-YL-A8SL	TCGA-PRAD	0	0	1	1	cbio_mutation_tp53_kras
TCGA-YL-A8SO	TCGA-PRAD	0	0	1	1	cbio_mutation_tp53_kras
TCGA-YL-A8SP	TCGA-PRAD	0	0	1	1	cbio_mutation_tp53_kras
TCGA-YL-A8SQ	TCGA-PRAD	0	0	1	1	cbio_mutation_tp53_kras
TCGA-YL-A8SR	TCGA-PRAD	0	0	1	1	cbio_mutation_tp53_kras
TCGA-YL-A9WH	TCGA-PRAD	1	0	1	1	cbio_mutation_tp53_kras
TCGA-YL-A9WI	TCGA-PRAD	0	0	1	1	cbio_mutation_tp53_kras
TCGA-YL-A9WJ	TCGA-PRAD	0	0	1	1	cbio_mutation_tp53_kras
TCGA-YL-A9WK	TCGA-PRAD	1	0	1	1	cbio_mutation_tp53_kras
TCGA-YL-A9WL	TCGA-PRAD	0	0	1	1	cbio_mutation_tp53_kras
TCGA-YL-A9WX	TCGA-PRAD	1	0	1	1	cbio_mutation_tp53_kras
TCGA-YL-A9WY	TCGA-PRAD	1	1	1	1	cbio_mutation_tp53_kras
TCGA-YR-A95A	TCGA-CHOL	0	0	1	1	cbio_mutation_tp53_kras
TCGA-YS-A95B	TCGA-MESO	0	0	1	1	cbio_mutation_tp53_kras
TCGA-YS-A95C	TCGA-MESO	0	0	1	1	cbio_mutation_tp53_kras
TCGA-YS-AA4M	TCGA-MESO	0	0	1	1	cbio_mutation_tp53_kras
TCGA-YT-A95D	TCGA-THYM	0	0	1	1	cbio_mutation_tp53_kras
TCGA-YT-A95E	TCGA-THYM	0	0	1	1	cbio_mutation_tp53_kras
TCGA-YT-A95F	TCGA-THYM	0	0	1	1	cbio_mutation_tp53_kras
TCGA-YT-A95G	TCGA-THYM	0	0	1	1	cbio_mutation_tp53_kras
TCGA-YT-A95H	TCGA-THYM	0	0	1	1	cbio_mutation_tp53_kras
TCGA-YU-A90P	TCGA-TGCT	0	0	1	1	cbio_mutation_tp53_kras
TCGA-YU-A90Q	TCGA-TGCT	0	0	1	1	cbio_mutation_tp53_kras
TCGA-YU-A90S	TCGA-TGCT	0	0	1	1	cbio_mutation_tp53_kras
TCGA-YU-A90W	TCGA-TGCT	0	0	1	1	cbio_mutation_tp53_kras
TCGA-YU-A90Y	TCGA-TGCT	0	0	1	1	cbio_mutation_tp53_kras
TCGA-YU-A912	TCGA-TGCT	0	0	1	1	cbio_mutation_tp53_kras
TCGA-YU-A94D	TCGA-TGCT	0	0	1	1	cbio_mutation_tp53_kras
TCGA-YU-A94I	TCGA-TGCT	0	0	1	1	cbio_mutation_tp53_kras
TCGA-YU-AA4L	TCGA-TGCT	0	0	1	1	cbio_mutation_tp53_kras
TCGA-YU-AA61	TCGA-TGCT	0	0	1	1	cbio_mutation_tp53_kras
TCGA-YY-A8LH	TCGA-PAAD	0	1	1	1	cbio_mutation_tp53_kras
TCGA-YZ-A980	TCGA-UVM	0	0	1	1	cbio_mutation_tp53_kras
TCGA-YZ-A982	TCGA-UVM	0	0	1	1	cbio_mutation_tp53_kras
TCGA-YZ-A983	TCGA-UVM	0	0	1	1	cbio_mutation_tp53_kras
TCGA-YZ-A984	TCGA-UVM	0	0	1	1	cbio_mutation_tp53_kras
TCGA-YZ-A985	TCGA-UVM	0	0	1	1	cbio_mutation_tp53_kras
TCGA-Z2-A8RT	TCGA-SKCM	Unknown	Unknown	0	0	cbio_mutation_tp53_kras
TCGA-Z2-AA3S	TCGA-SKCM	Unknown	Unknown	0	0	cbio_mutation_tp53_kras
TCGA-Z2-AA3V	TCGA-SKCM	Unknown	Unknown	0	0	cbio_mutation_tp53_kras
TCGA-Z4-A8JB	TCGA-SARC	0	0	1	1	cbio_mutation_tp53_kras
TCGA-Z4-A9VC	TCGA-SARC	0	0	1	1	cbio_mutation_tp53_kras
TCGA-Z4-AAPF	TCGA-SARC	0	0	1	1	cbio_mutation_tp53_kras
TCGA-Z4-AAPG	TCGA-SARC	0	0	1	1	cbio_mutation_tp53_kras
TCGA-Z5-AAPL	TCGA-PAAD	1	0	1	1	cbio_mutation_tp53_kras
TCGA-Z6-A8JD	TCGA-ESCA	1	0	1	1	cbio_mutation_tp53_kras
TCGA-Z6-A8JE	TCGA-ESCA	1	0	1	1	cbio_mutation_tp53_kras
TCGA-Z6-A9VB	TCGA-ESCA	1	0	1	1	cbio_mutation_tp53_kras
TCGA-Z6-AAPN	TCGA-ESCA	1	0	1	1	cbio_mutation_tp53_kras
TCGA-Z7-A8R5	TCGA-BRCA_OTHERS	0	0	1	1	cbio_mutation_tp53_kras
TCGA-Z7-A8R6	TCGA-BRCA_IDC	1	0	1	1	cbio_mutation_tp53_kras
TCGA-ZA-A8F6	TCGA-STAD	0	0	1	1	cbio_mutation_tp53_kras
TCGA-ZB-A961	TCGA-THYM	0	0	1	1	cbio_mutation_tp53_kras
TCGA-ZB-A962	TCGA-THYM	0	0	1	1	cbio_mutation_tp53_kras
TCGA-ZB-A963	TCGA-THYM	0	0	1	1	cbio_mutation_tp53_kras
TCGA-ZB-A965	TCGA-THYM	0	0	1	1	cbio_mutation_tp53_kras
TCGA-ZB-A966	TCGA-THYM	1	0	1	1	cbio_mutation_tp53_kras
TCGA-ZB-A969	TCGA-THYM	0	0	1	1	cbio_mutation_tp53_kras
TCGA-ZB-A96A	TCGA-THYM	0	0	1	1	cbio_mutation_tp53_kras
TCGA-ZB-A96B	TCGA-THYM	0	0	1	1	cbio_mutation_tp53_kras
TCGA-ZB-A96C	TCGA-THYM	0	0	1	1	cbio_mutation_tp53_kras
TCGA-ZB-A96D	TCGA-THYM	0	0	1	1	cbio_mutation_tp53_kras
TCGA-ZB-A96E	TCGA-THYM	0	0	1	1	cbio_mutation_tp53_kras
TCGA-ZB-A96F	TCGA-THYM	0	0	1	1	cbio_mutation_tp53_kras
TCGA-ZB-A96G	TCGA-THYM	0	0	1	1	cbio_mutation_tp53_kras
TCGA-ZB-A96H	TCGA-THYM	0	1	1	1	cbio_mutation_tp53_kras
TCGA-ZB-A96I	TCGA-THYM	0	0	1	1	cbio_mutation_tp53_kras
TCGA-ZB-A96K	TCGA-THYM	0	0	1	1	cbio_mutation_tp53_kras
TCGA-ZB-A96L	TCGA-THYM	0	0	1	1	cbio_mutation_tp53_kras
TCGA-ZB-A96M	TCGA-THYM	0	0	1	1	cbio_mutation_tp53_kras
TCGA-ZB-A96O	TCGA-THYM	0	0	1	1	cbio_mutation_tp53_kras
TCGA-ZB-A96P	TCGA-THYM	0	0	1	1	cbio_mutation_tp53_kras
TCGA-ZB-A96Q	TCGA-THYM	0	0	1	1	cbio_mutation_tp53_kras
TCGA-ZB-A96R	TCGA-THYM	0	0	1	1	cbio_mutation_tp53_kras
TCGA-ZB-A96V	TCGA-THYM	0	0	1	1	cbio_mutation_tp53_kras
TCGA-ZC-AAA7	TCGA-THYM	0	0	1	1	cbio_mutation_tp53_kras
TCGA-ZC-AAAA	TCGA-THYM	0	0	1	1	cbio_mutation_tp53_kras
TCGA-ZC-AAAF	TCGA-THYM	0	0	1	1	cbio_mutation_tp53_kras
TCGA-ZC-AAAH	TCGA-THYM	0	0	1	1	cbio_mutation_tp53_kras
TCGA-ZD-A8I3	TCGA-CHOL	0	0	1	1	cbio_mutation_tp53_kras
TCGA-ZF-A9R0	TCGA-BLCA	1	0	1	1	cbio_mutation_tp53_kras
TCGA-ZF-A9R1	TCGA-BLCA	0	0	1	1	cbio_mutation_tp53_kras
TCGA-ZF-A9R2	TCGA-BLCA	0	0	1	1	cbio_mutation_tp53_kras
TCGA-ZF-A9R3	TCGA-BLCA	0	0	1	1	cbio_mutation_tp53_kras
TCGA-ZF-A9R4	TCGA-BLCA	1	1	1	1	cbio_mutation_tp53_kras
TCGA-ZF-A9R5	TCGA-BLCA	0	0	1	1	cbio_mutation_tp53_kras
TCGA-ZF-A9R7	TCGA-BLCA	0	0	1	1	cbio_mutation_tp53_kras
TCGA-ZF-A9R9	TCGA-BLCA	0	0	1	1	cbio_mutation_tp53_kras
TCGA-ZF-A9RC	TCGA-BLCA	1	0	1	1	cbio_mutation_tp53_kras
TCGA-ZF-A9RD	TCGA-BLCA	1	0	1	1	cbio_mutation_tp53_kras
TCGA-ZF-A9RE	TCGA-BLCA	1	0	1	1	cbio_mutation_tp53_kras
TCGA-ZF-A9RF	TCGA-BLCA	1	0	1	1	cbio_mutation_tp53_kras
TCGA-ZF-A9RG	TCGA-BLCA	1	0	1	1	cbio_mutation_tp53_kras
TCGA-ZF-A9RL	TCGA-BLCA	1	0	1	1	cbio_mutation_tp53_kras
TCGA-ZF-A9RM	TCGA-BLCA	1	0	1	1	cbio_mutation_tp53_kras
TCGA-ZF-A9RN	TCGA-BLCA	1	0	1	1	cbio_mutation_tp53_kras
TCGA-ZF-AA4N	TCGA-BLCA	1	0	1	1	cbio_mutation_tp53_kras
TCGA-ZF-AA4R	TCGA-BLCA	0	0	1	1	cbio_mutation_tp53_kras
TCGA-ZF-AA4T	TCGA-BLCA	1	0	1	1	cbio_mutation_tp53_kras
TCGA-ZF-AA4U	TCGA-BLCA	0	0	1	1	cbio_mutation_tp53_kras
TCGA-ZF-AA4V	TCGA-BLCA	0	0	1	1	cbio_mutation_tp53_kras
TCGA-ZF-AA4W	TCGA-BLCA	1	0	1	1	cbio_mutation_tp53_kras
TCGA-ZF-AA4X	TCGA-BLCA	1	0	1	1	cbio_mutation_tp53_kras
TCGA-ZF-AA51	TCGA-BLCA	1	0	1	1	cbio_mutation_tp53_kras
TCGA-ZF-AA52	TCGA-BLCA	1	0	1	1	cbio_mutation_tp53_kras
TCGA-ZF-AA53	TCGA-BLCA	1	0	1	1	cbio_mutation_tp53_kras
TCGA-ZF-AA54	TCGA-BLCA	1	1	1	1	cbio_mutation_tp53_kras
TCGA-ZF-AA58	TCGA-BLCA	1	0	1	1	cbio_mutation_tp53_kras
TCGA-ZF-AA5H	TCGA-BLCA	1	0	1	1	cbio_mutation_tp53_kras
TCGA-ZF-AA5N	TCGA-BLCA	0	0	1	1	cbio_mutation_tp53_kras
TCGA-ZF-AA5P	TCGA-BLCA	1	0	1	1	cbio_mutation_tp53_kras
TCGA-ZH-A8Y1	TCGA-CHOL	0	0	1	1	cbio_mutation_tp53_kras
TCGA-ZH-A8Y2	TCGA-CHOL	0	0	1	1	cbio_mutation_tp53_kras
TCGA-ZH-A8Y3	TCGA-CHOL	Unknown	Unknown	0	0	cbio_mutation_tp53_kras
TCGA-ZH-A8Y4	TCGA-CHOL	0	0	1	1	cbio_mutation_tp53_kras
TCGA-ZH-A8Y5	TCGA-CHOL	0	0	1	1	cbio_mutation_tp53_kras
TCGA-ZH-A8Y6	TCGA-CHOL	0	0	1	1	cbio_mutation_tp53_kras
TCGA-ZH-A8Y7	TCGA-CHOL	Unknown	Unknown	0	0	cbio_mutation_tp53_kras
TCGA-ZH-A8Y8	TCGA-CHOL	0	1	1	1	cbio_mutation_tp53_kras
TCGA-ZJ-A8QO	TCGA-CESC	0	0	1	1	cbio_mutation_tp53_kras
TCGA-ZJ-A8QQ	TCGA-CESC	0	0	1	1	cbio_mutation_tp53_kras
TCGA-ZJ-A8QR	TCGA-CESC	0	0	1	1	cbio_mutation_tp53_kras
TCGA-ZJ-AAX4	TCGA-CESC	0	0	1	1	cbio_mutation_tp53_kras
TCGA-ZJ-AAX8	TCGA-CESC	0	0	1	1	cbio_mutation_tp53_kras
TCGA-ZJ-AAXA	TCGA-CESC	0	0	1	1	cbio_mutation_tp53_kras
TCGA-ZJ-AAXB	TCGA-CESC	0	0	1	1	cbio_mutation_tp53_kras
TCGA-ZJ-AAXD	TCGA-CESC	0	0	1	1	cbio_mutation_tp53_kras
TCGA-ZJ-AAXF	TCGA-CESC	0	0	1	1	cbio_mutation_tp53_kras
TCGA-ZJ-AAXI	TCGA-CESC	0	0	1	1	cbio_mutation_tp53_kras
TCGA-ZJ-AAXJ	TCGA-CESC	0	0	1	1	cbio_mutation_tp53_kras
TCGA-ZJ-AAXN	TCGA-CESC	0	0	1	1	cbio_mutation_tp53_kras
TCGA-ZJ-AAXT	TCGA-CESC	1	0	1	1	cbio_mutation_tp53_kras
TCGA-ZJ-AAXU	TCGA-CESC	0	0	1	1	cbio_mutation_tp53_kras
TCGA-ZJ-AB0H	TCGA-CESC	0	0	1	1	cbio_mutation_tp53_kras
TCGA-ZJ-AB0I	TCGA-CESC	0	0	1	1	cbio_mutation_tp53_kras
TCGA-ZL-A9V6	TCGA-THYM	0	0	1	1	cbio_mutation_tp53_kras
TCGA-ZM-AA05	TCGA-TGCT	0	1	1	1	cbio_mutation_tp53_kras
TCGA-ZM-AA06	TCGA-TGCT	0	0	1	1	cbio_mutation_tp53_kras
TCGA-ZM-AA0B	TCGA-TGCT	0	0	1	1	cbio_mutation_tp53_kras
TCGA-ZM-AA0D	TCGA-TGCT	0	0	1	1	cbio_mutation_tp53_kras
TCGA-ZM-AA0E	TCGA-TGCT	0	0	1	1	cbio_mutation_tp53_kras
TCGA-ZM-AA0F	TCGA-TGCT	0	0	1	1	cbio_mutation_tp53_kras
TCGA-ZM-AA0H	TCGA-TGCT	0	0	1	1	cbio_mutation_tp53_kras
TCGA-ZM-AA0N	TCGA-TGCT	0	0	1	1	cbio_mutation_tp53_kras
TCGA-ZN-A9VO	TCGA-MESO	0	0	1	1	cbio_mutation_tp53_kras
TCGA-ZN-A9VQ	TCGA-MESO	0	0	1	1	cbio_mutation_tp53_kras
TCGA-ZN-A9VU	TCGA-MESO	0	0	1	1	cbio_mutation_tp53_kras
TCGA-ZN-A9VV	TCGA-MESO	0	0	1	1	cbio_mutation_tp53_kras
TCGA-ZP-A9CV	TCGA-LIHC	0	0	1	1	cbio_mutation_tp53_kras
TCGA-ZP-A9CY	TCGA-LIHC	0	0	1	1	cbio_mutation_tp53_kras
TCGA-ZP-A9CZ	TCGA-LIHC	0	0	1	1	cbio_mutation_tp53_kras
TCGA-ZP-A9D0	TCGA-LIHC	0	0	1	1	cbio_mutation_tp53_kras
TCGA-ZP-A9D1	TCGA-LIHC	0	0	1	1	cbio_mutation_tp53_kras
TCGA-ZP-A9D2	TCGA-LIHC	1	0	1	1	cbio_mutation_tp53_kras
TCGA-ZP-A9D4	TCGA-LIHC	0	0	1	1	cbio_mutation_tp53_kras
TCGA-ZQ-A9CR	TCGA-STAD	1	0	1	1	cbio_mutation_tp53_kras
TCGA-ZR-A9CJ	TCGA-ESCA	1	0	1	1	cbio_mutation_tp53_kras
TCGA-ZS-A9CD	TCGA-LIHC	0	0	1	1	cbio_mutation_tp53_kras
TCGA-ZS-A9CE	TCGA-LIHC	0	0	1	1	cbio_mutation_tp53_kras
TCGA-ZS-A9CF	TCGA-LIHC	0	0	1	1	cbio_mutation_tp53_kras
TCGA-ZS-A9CG	TCGA-LIHC	0	0	1	1	cbio_mutation_tp53_kras
TCGA-ZT-A8OM	TCGA-THYM	0	0	1	1	cbio_mutation_tp53_kras
TCGA-ZU-A8S4	TCGA-CHOL	0	0	1	1	cbio_mutation_tp53_kras
TCGA-ZX-AA5X	TCGA-CESC	0	0	1	1	cbio_mutation_tp53_kras
