case_id	project_dir	os_status	os_months	pfs_status	pfs_months	survival_source	survival_conflict
TCGA-02-0001	TCGA-GBM	Dead	11.769734	PROGRESSION		cbio_os_status	0
TCGA-02-0003	TCGA-GBM	Dead	4.734195	PROGRESSION		cbio_os_status	0
TCGA-02-0004	TCGA-GBM	Dead				gdc_vital_status	0
TCGA-02-0006	TCGA-GBM	Dead	18.345004	PROGRESSION		cbio_os_status	0
TCGA-02-0007	TCGA-GBM	Dead	23.177828	PROGRESSION		cbio_os_status	0
TCGA-02-0009	TCGA-GBM	Dead	10.586185	PROGRESSION		cbio_os_status	0
TCGA-02-0010	TCGA-GBM	Dead	35.407831	PROGRESSION		cbio_os_status	0
TCGA-02-0011	TCGA-GBM	Dead	20.712102	PROGRESSION		cbio_os_status	0
TCGA-02-0014	TCGA-GBM	Dead	82.585396	PROGRESSION		cbio_os_status	0
TCGA-02-0015	TCGA-GBM	Dead	20.613473	PROGRESSION		cbio_os_status	0
TCGA-02-0016	TCGA-GBM	Dead	87.056580	PROGRESSION		cbio_os_status	0
TCGA-02-0021	TCGA-GBM	Dead	77.653944	PROGRESSION		cbio_os_status	0
TCGA-02-0023	TCGA-GBM	Dead	20.120327	PROGRESSION		cbio_os_status	0
TCGA-02-0024	TCGA-GBM	Dead	53.095309	PROGRESSION		cbio_os_status	0
TCGA-02-0025	TCGA-GBM	Dead	42.739258	PROGRESSION		cbio_os_status	0
TCGA-02-0026	TCGA-GBM	Dead	24.591511	PROGRESSION		cbio_os_status	0
TCGA-02-0027	TCGA-GBM	Dead	12.164250	PROGRESSION		cbio_os_status	0
TCGA-02-0033	TCGA-GBM	Dead	2.827366	PROGRESSION		cbio_os_status	0
TCGA-02-0034	TCGA-GBM	Dead	14.136831	PROGRESSION		cbio_os_status	0
TCGA-02-0037	TCGA-GBM	Dead	3.616399	PROGRESSION		cbio_os_status	0
TCGA-02-0038	TCGA-GBM	Dead	10.717691	PROGRESSION		cbio_os_status	0
TCGA-02-0047	TCGA-GBM	Dead	14.728606	PROGRESSION		cbio_os_status	0
TCGA-02-0048	TCGA-GBM	Dead	3.221882	PROGRESSION		cbio_os_status	0
TCGA-02-0052	TCGA-GBM	Dead	12.591643	PROGRESSION		cbio_os_status	0
TCGA-02-0054	TCGA-GBM	Dead	6.542394	PROGRESSION		cbio_os_status	0
TCGA-02-0058	TCGA-GBM	Dead	8.350593	PROGRESSION		cbio_os_status	0
TCGA-02-0068	TCGA-GBM	Dead	26.432587	PROGRESSION		cbio_os_status	0
TCGA-02-0069	TCGA-GBM	Alive	28.701055	PROGRESSION		cbio_os_status	0
TCGA-02-0070	TCGA-GBM	Alive	25.051780	PROGRESSION		cbio_os_status	0
TCGA-02-0071	TCGA-GBM	Dead	5.490351	PROGRESSION		cbio_os_status	0
TCGA-02-0074	TCGA-GBM	Dead	10.191669	PROGRESSION		cbio_os_status	0
TCGA-02-0075	TCGA-GBM	Dead	20.843607	PROGRESSION		cbio_os_status	0
TCGA-02-0079	TCGA-GBM	Dead	27.254496	PROGRESSION		cbio_os_status	0
TCGA-02-0085	TCGA-GBM	Dead	51.319986	PROGRESSION		cbio_os_status	0
TCGA-02-0086	TCGA-GBM	Dead	8.810862	PROGRESSION		cbio_os_status	0
TCGA-02-0099	TCGA-GBM	Dead	3.484893	PROGRESSION		cbio_os_status	0
TCGA-02-0115	TCGA-GBM	Dead	15.649144	PROGRESSION		cbio_os_status	0
TCGA-02-0258	TCGA-GBM	Dead	16.536805	PROGRESSION		cbio_os_status	0
TCGA-02-0266	TCGA-GBM	Dead	17.720354	PROGRESSION		cbio_os_status	0
TCGA-02-0269	TCGA-GBM	Dead	10.750567	PROGRESSION		cbio_os_status	0
TCGA-02-0281	TCGA-GBM	Dead	3.978039	PROGRESSION		cbio_os_status	0
TCGA-02-0285	TCGA-GBM	Dead	13.873821	PROGRESSION		cbio_os_status	0
TCGA-02-0289	TCGA-GBM	Dead	14.202584	PROGRESSION		cbio_os_status	0
TCGA-02-0317	TCGA-GBM	Dead	12.230003	PROGRESSION		cbio_os_status	0
TCGA-02-0321	TCGA-GBM	Dead	9.895782	PROGRESSION		cbio_os_status	0
TCGA-02-0325	TCGA-GBM	Dead	10.619062	PROGRESSION		cbio_os_status	0
TCGA-02-0326	TCGA-GBM	Dead	7.331427	PROGRESSION		cbio_os_status	0
TCGA-02-0330	TCGA-GBM	Dead	15.912154	PROGRESSION		cbio_os_status	0
TCGA-02-0332	TCGA-GBM	Dead	25.709307	PROGRESSION		cbio_os_status	0
TCGA-02-0333	TCGA-GBM	Dead	4.372555	PROGRESSION		cbio_os_status	0
TCGA-02-0337	TCGA-GBM	Dead	25.117533	PROGRESSION		cbio_os_status	0
TCGA-02-0338	TCGA-GBM	Dead	10.586185	PROGRESSION		cbio_os_status	0
TCGA-02-0339	TCGA-GBM	Dead	12.394385	PROGRESSION		cbio_os_status	0
TCGA-02-0422	TCGA-GBM	Dead	14.498471	PROGRESSION		cbio_os_status	0
TCGA-02-0430	TCGA-GBM	Dead	10.553309	PROGRESSION		cbio_os_status	0
TCGA-02-0432	TCGA-GBM	Dead	47.111812	PROGRESSION		cbio_os_status	0
TCGA-02-0439	TCGA-GBM	Dead				gdc_vital_status	0
TCGA-02-0440	TCGA-GBM	Dead	11.342341	PROGRESSION		cbio_os_status	0
TCGA-02-0446	TCGA-GBM	Dead	9.271131	PROGRESSION		cbio_os_status	0
TCGA-02-0451	TCGA-GBM	Dead	16.208042	PROGRESSION		cbio_os_status	0
TCGA-05-4244	TCGA-LUAD	Alive	0.000000	CENSORED		cbio_os_status	0
TCGA-05-4245	TCGA-LUAD	Alive				gdc_vital_status	0
TCGA-05-4249	TCGA-LUAD	Alive	50.070684	CENSORED		cbio_os_status	0
TCGA-05-4250	TCGA-LUAD	Dead	3.978039	CENSORED		cbio_os_status	0
TCGA-05-4382	TCGA-LUAD	Alive	19.955946	PROGRESSION		cbio_os_status	0
TCGA-05-4395	TCGA-LUAD	Dead	0.000000	CENSORED		cbio_os_status	0
TCGA-05-4396	TCGA-LUAD	Dead	9.961535	CENSORED		cbio_os_status	0
TCGA-05-4397	TCGA-LUAD	Dead	24.032613	CENSORED		cbio_os_status	0
TCGA-05-4398	TCGA-LUAD	Alive	47.046060	CENSORED		cbio_os_status	0
TCGA-05-4402	TCGA-LUAD	Dead	8.021830	CENSORED		cbio_os_status	0
TCGA-05-4403	TCGA-LUAD	Alive	19.002531	CENSORED		cbio_os_status	0
TCGA-05-4405	TCGA-LUAD	Alive	20.054575	CENSORED		cbio_os_status	0
TCGA-05-4415	TCGA-LUAD	Dead	2.991748	PROGRESSION		cbio_os_status	0
TCGA-05-4417	TCGA-LUAD	Alive	14.958740	CENSORED		cbio_os_status	0
TCGA-05-4418	TCGA-LUAD	Dead	9.008120	CENSORED		cbio_os_status	0
TCGA-05-4420	TCGA-LUAD	Alive	29.983233	CENSORED		cbio_os_status	0
TCGA-05-4422	TCGA-LUAD	Alive	11.999868	CENSORED		cbio_os_status	0
TCGA-05-4424	TCGA-LUAD	Alive	30.016109	PROGRESSION		cbio_os_status	0
TCGA-05-4426	TCGA-LUAD	Alive	26.005194	PROGRESSION		cbio_os_status	0
TCGA-05-4427	TCGA-LUAD	Alive	26.005194	CENSORED		cbio_os_status	0
TCGA-05-4430	TCGA-LUAD	Alive	25.018904	CENSORED		cbio_os_status	0
TCGA-05-4432	TCGA-LUAD	Alive	25.018904	CENSORED		cbio_os_status	0
TCGA-05-4433	TCGA-LUAD	Alive	23.999737	CENSORED		cbio_os_status	0
TCGA-05-4434	TCGA-LUAD	Dead	15.024493	CENSORED		cbio_os_status	0
TCGA-06-0122	TCGA-GBM	Dead	6.147878	CENSORED		cbio_os_status	0
TCGA-06-0124	TCGA-GBM	Dead	20.383338	PROGRESSION		cbio_os_status	0
TCGA-06-0125	TCGA-GBM	Dead	47.604958	PROGRESSION		cbio_os_status	0
TCGA-06-0126	TCGA-GBM	Dead	6.936910	CENSORED		cbio_os_status	0
TCGA-06-0127	TCGA-GBM	Dead	3.978039	PROGRESSION		cbio_os_status	0
TCGA-06-0128	TCGA-GBM	Dead	22.717559	PROGRESSION		cbio_os_status	0
TCGA-06-0129	TCGA-GBM	Dead	33.665384	PROGRESSION		cbio_os_status	0
TCGA-06-0130	TCGA-GBM	Dead	12.953283	PROGRESSION		cbio_os_status	0
TCGA-06-0133	TCGA-GBM	Dead	14.301213	PROGRESSION		cbio_os_status	0
TCGA-06-0137	TCGA-GBM	Dead	26.695598	PROGRESSION		cbio_os_status	0
TCGA-06-0138	TCGA-GBM	Dead	24.229871	PROGRESSION		cbio_os_status	0
TCGA-06-0139	TCGA-GBM	Dead	11.901239	PROGRESSION		cbio_os_status	0
TCGA-06-0141	TCGA-GBM	Dead	10.290298	PROGRESSION		cbio_os_status	0
TCGA-06-0143	TCGA-GBM	Dead	11.736858	PROGRESSION		cbio_os_status	0
TCGA-06-0145	TCGA-GBM	Dead	2.334221	PROGRESSION		cbio_os_status	0
TCGA-06-0147	TCGA-GBM	Dead	17.786106	PROGRESSION		cbio_os_status	0
TCGA-06-0148	TCGA-GBM	Dead	10.093040	PROGRESSION		cbio_os_status	0
TCGA-06-0152	TCGA-GBM	Dead	12.328632	PROGRESSION		cbio_os_status	0
TCGA-06-0154	TCGA-GBM	Dead	13.939573	PROGRESSION		cbio_os_status	0
TCGA-06-0156	TCGA-GBM	Dead				gdc_vital_status	0
TCGA-06-0157	TCGA-GBM	Dead	3.189006	PROGRESSION		cbio_os_status	0
TCGA-06-0158	TCGA-GBM	Dead	10.816320	PROGRESSION		cbio_os_status	0
TCGA-06-0166	TCGA-GBM	Dead	5.851991	PROGRESSION		cbio_os_status	0
TCGA-06-0168	TCGA-GBM	Dead	19.660059	PROGRESSION		cbio_os_status	0
TCGA-06-0169	TCGA-GBM	Dead	3.287635	PROGRESSION		cbio_os_status	0
TCGA-06-0171	TCGA-GBM	Dead	13.117664	PROGRESSION		cbio_os_status	0
TCGA-06-0173	TCGA-GBM	Dead	4.471184	PROGRESSION		cbio_os_status	0
TCGA-06-0174	TCGA-GBM	Dead	3.221882	PROGRESSION		cbio_os_status	0
TCGA-06-0176	TCGA-GBM	Alive	91.001742	PROGRESSION		cbio_os_status	0
TCGA-06-0178	TCGA-GBM	Dead	88.141500	PROGRESSION		cbio_os_status	0
TCGA-06-0184	TCGA-GBM	Dead	69.895124	PROGRESSION		cbio_os_status	0
TCGA-06-0185	TCGA-GBM	Alive	73.840287	PROGRESSION		cbio_os_status	0
TCGA-06-0187	TCGA-GBM	Dead	27.221619	PROGRESSION		cbio_os_status	0
TCGA-06-0188	TCGA-GBM	Dead	44.580333	PROGRESSION		cbio_os_status	0
TCGA-06-0189	TCGA-GBM	Dead	15.419009	PROGRESSION		cbio_os_status	0
TCGA-06-0190	TCGA-GBM	Dead	10.421804	PROGRESSION		cbio_os_status	0
TCGA-06-0192	TCGA-GBM	Dead	38.958477	PROGRESSION		cbio_os_status	0
TCGA-06-0195	TCGA-GBM	Dead	7.397179	PROGRESSION		cbio_os_status	0
TCGA-06-0197	TCGA-GBM	Dead	5.556103	PROGRESSION		cbio_os_status	0
TCGA-06-0201	TCGA-GBM	Dead	0.394516	PROGRESSION		cbio_os_status	0
TCGA-06-0206	TCGA-GBM	Dead	7.660190	PROGRESSION		cbio_os_status	0
TCGA-06-0208	TCGA-GBM	Dead	8.416346	PROGRESSION		cbio_os_status	0
TCGA-06-0209	TCGA-GBM	Dead				gdc_vital_status	0
TCGA-06-0210	TCGA-GBM	Dead	7.397179	PROGRESSION		cbio_os_status	0
TCGA-06-0211	TCGA-GBM	Dead	11.835487	PROGRESSION		cbio_os_status	0
TCGA-06-0213	TCGA-GBM	Dead	0.526022	PROGRESSION		cbio_os_status	0
TCGA-06-0214	TCGA-GBM	Dead	15.024493	PROGRESSION		cbio_os_status	0
TCGA-06-0216	TCGA-GBM	Dead	24.164119	PROGRESSION		cbio_os_status	0
TCGA-06-0219	TCGA-GBM	Dead	0.723280	PROGRESSION		cbio_os_status	0
TCGA-06-0221	TCGA-GBM	Dead	19.824440	PROGRESSION		cbio_os_status	0
TCGA-06-0237	TCGA-GBM	Dead	13.643686	PROGRESSION		cbio_os_status	0
TCGA-06-0238	TCGA-GBM	Dead	13.314923	PROGRESSION		cbio_os_status	0
TCGA-06-0241	TCGA-GBM	Dead	48.689877	PROGRESSION		cbio_os_status	0
TCGA-06-0644	TCGA-GBM	Dead	12.624519	PROGRESSION		cbio_os_status	0
TCGA-06-0645	TCGA-GBM	Dead	5.753362	PROGRESSION		cbio_os_status	0
TCGA-06-0646	TCGA-GBM	Dead	5.753362	PROGRESSION		cbio_os_status	0
TCGA-06-0648	TCGA-GBM	Dead	9.797153	PROGRESSION		cbio_os_status	0
TCGA-06-0649	TCGA-GBM	Dead	2.104087	PROGRESSION		cbio_os_status	0
TCGA-06-0686	TCGA-GBM	Dead	14.202584	PROGRESSION		cbio_os_status	0
TCGA-06-0743	TCGA-GBM	Dead	26.399711	PROGRESSION		cbio_os_status	0
TCGA-06-0744	TCGA-GBM	Dead	46.881678	PROGRESSION		cbio_os_status	0
TCGA-06-0745	TCGA-GBM	Dead	7.857448	PROGRESSION		cbio_os_status	0
TCGA-06-0747	TCGA-GBM	Dead	2.695861	PROGRESSION		cbio_os_status	0
TCGA-06-0749	TCGA-GBM	Dead	2.695861	PROGRESSION		cbio_os_status	0
TCGA-06-0750	TCGA-GBM	Dead	0.920538	PROGRESSION		cbio_os_status	0
TCGA-06-0875	TCGA-GBM	Alive	43.462537	PROGRESSION		cbio_os_status	0
TCGA-06-0876	TCGA-GBM	Alive	46.191275	PROGRESSION		cbio_os_status	0
TCGA-06-0877	TCGA-GBM	Alive	6.706776	CENSORED		cbio_os_status	0
TCGA-06-0878	TCGA-GBM	Alive	7.167045	PROGRESSION		cbio_os_status	0
TCGA-06-0879	TCGA-GBM	Dead	40.405037	PROGRESSION		cbio_os_status	0
TCGA-06-0881	TCGA-GBM	Dead	16.569681	PROGRESSION		cbio_os_status	0
TCGA-06-0882	TCGA-GBM	Dead	20.777854	PROGRESSION		cbio_os_status	0
TCGA-06-1084	TCGA-GBM	Dead	23.933984	PROGRESSION		cbio_os_status	0
TCGA-06-1086	TCGA-GBM	Dead	6.838281	PROGRESSION		cbio_os_status	0
TCGA-06-1087	TCGA-GBM	Dead	4.043791	PROGRESSION		cbio_os_status	0
TCGA-06-1800	TCGA-GBM	Dead	26.794227	PROGRESSION		cbio_os_status	0
TCGA-06-1801	TCGA-GBM	Dead	11.835487	PROGRESSION		cbio_os_status	0
TCGA-06-1802	TCGA-GBM	Dead	15.320380	PROGRESSION		cbio_os_status	0
TCGA-06-1805	TCGA-GBM	Alive	33.895519	CENSORED		cbio_os_status	0
TCGA-06-5408	TCGA-GBM	Dead	11.736858	PROGRESSION		cbio_os_status	0
TCGA-06-5410	TCGA-GBM	Dead	3.550646	PROGRESSION		cbio_os_status	0
TCGA-06-5411	TCGA-GBM	Dead	8.350593	PROGRESSION		cbio_os_status	0
TCGA-06-5412	TCGA-GBM	Dead	4.536937	PROGRESSION		cbio_os_status	0
TCGA-06-5413	TCGA-GBM	Alive	8.810862	PROGRESSION		cbio_os_status	0
TCGA-06-5414	TCGA-GBM	Alive	8.975244	PROGRESSION		cbio_os_status	0
TCGA-06-5415	TCGA-GBM	Alive	8.547852	CENSORED		cbio_os_status	0
TCGA-06-5416	TCGA-GBM	Alive	6.706776	CENSORED		cbio_os_status	0
TCGA-06-5417	TCGA-GBM	Alive	5.095835	CENSORED		cbio_os_status	0
TCGA-06-5418	TCGA-GBM	Dead	2.728737	PROGRESSION		cbio_os_status	0
TCGA-06-5856	TCGA-GBM	Dead	3.747904	PROGRESSION		cbio_os_status	0
TCGA-06-5858	TCGA-GBM	Alive	6.147878	PROGRESSION		cbio_os_status	0
TCGA-06-5859	TCGA-GBM	Alive	4.569813	CENSORED		cbio_os_status	0
TCGA-06-6388	TCGA-GBM	Dead	5.227340	PROGRESSION		cbio_os_status	0
TCGA-06-6389	TCGA-GBM	Alive	7.791695	CENSORED		cbio_os_status	0
TCGA-06-6390	TCGA-GBM	Dead	5.391722	PROGRESSION		cbio_os_status	0
TCGA-06-6391	TCGA-GBM	Dead				gdc_vital_status	0
TCGA-08-0244	TCGA-GBM	Dead	22.684683	PROGRESSION		cbio_os_status	0
TCGA-08-0245	TCGA-GBM	Dead	37.840681	PROGRESSION		cbio_os_status	0
TCGA-08-0246	TCGA-GBM	Dead	4.175297	PROGRESSION		cbio_os_status	0
TCGA-08-0344	TCGA-GBM	Dead	115.856265	PROGRESSION		cbio_os_status	0
TCGA-08-0345	TCGA-GBM	Dead	1.742447	PROGRESSION		cbio_os_status	0
TCGA-08-0346	TCGA-GBM	Dead	8.416346	PROGRESSION		cbio_os_status	0
TCGA-08-0347	TCGA-GBM	Dead	25.709307	PROGRESSION		cbio_os_status	0
TCGA-08-0348	TCGA-GBM	Dead	12.164250	PROGRESSION		cbio_os_status	0
TCGA-08-0349	TCGA-GBM	Dead	9.797153	PROGRESSION		cbio_os_status	0
TCGA-08-0350	TCGA-GBM	Dead	29.227077	PROGRESSION		cbio_os_status	0
TCGA-08-0351	TCGA-GBM	Dead	65.325312	PROGRESSION		cbio_os_status	0
TCGA-08-0352	TCGA-GBM	Dead	1.282178	PROGRESSION		cbio_os_status	0
TCGA-08-0353	TCGA-GBM	Dead	8.416346	PROGRESSION		cbio_os_status	0
TCGA-08-0354	TCGA-GBM	Dead	17.950488	PROGRESSION		cbio_os_status	0
TCGA-08-0355	TCGA-GBM	Dead	24.558635	PROGRESSION		cbio_os_status	0
TCGA-08-0356	TCGA-GBM	Dead	31.101029	PROGRESSION		cbio_os_status	0
TCGA-08-0357	TCGA-GBM	Dead	37.577670	PROGRESSION		cbio_os_status	0
TCGA-08-0358	TCGA-GBM	Dead	22.290167	PROGRESSION		cbio_os_status	0
TCGA-08-0359	TCGA-GBM	Dead	3.386264	PROGRESSION		cbio_os_status	0
TCGA-08-0360	TCGA-GBM	Dead				gdc_vital_status	0
TCGA-08-0373	TCGA-GBM	Dead				gdc_vital_status	0
TCGA-08-0375	TCGA-GBM	Dead	12.230003	PROGRESSION		cbio_os_status	0
TCGA-08-0380	TCGA-GBM	Dead	14.925864	PROGRESSION		cbio_os_status	0
TCGA-08-0385	TCGA-GBM	Dead				gdc_vital_status	0
TCGA-08-0386	TCGA-GBM	Dead	18.016241	PROGRESSION		cbio_os_status	0
TCGA-08-0389	TCGA-GBM	Dead	15.353256	PROGRESSION		cbio_os_status	0
TCGA-08-0390	TCGA-GBM	Dead	13.972450	PROGRESSION		cbio_os_status	0
TCGA-08-0392	TCGA-GBM	Dead	0.723280	PROGRESSION		cbio_os_status	0
TCGA-08-0509	TCGA-GBM	Dead	12.558766	PROGRESSION		cbio_os_status	0
TCGA-08-0510	TCGA-GBM	Dead	4.273926	PROGRESSION		cbio_os_status	0
TCGA-08-0511	TCGA-GBM	Dead				gdc_vital_status	0
TCGA-08-0512	TCGA-GBM	Dead	42.147483	PROGRESSION		cbio_os_status	0
TCGA-08-0514	TCGA-GBM	Dead	11.079331	PROGRESSION		cbio_os_status	0
TCGA-08-0516	TCGA-GBM	Dead	19.594306	PROGRESSION		cbio_os_status	0
TCGA-08-0517	TCGA-GBM	Dead	58.684288	PROGRESSION		cbio_os_status	0
TCGA-08-0518	TCGA-GBM	Dead	19.331295	PROGRESSION		cbio_os_status	0
TCGA-08-0520	TCGA-GBM	Dead	10.750567	PROGRESSION		cbio_os_status	0
TCGA-08-0521	TCGA-GBM	Dead	4.799947	PROGRESSION		cbio_os_status	0
TCGA-08-0522	TCGA-GBM	Dead				gdc_vital_status	0
TCGA-08-0524	TCGA-GBM	Dead	7.265674	PROGRESSION		cbio_os_status	0
TCGA-08-0525	TCGA-GBM	Dead	15.977907	PROGRESSION		cbio_os_status	0
TCGA-08-0529	TCGA-GBM	Dead	18.410757	PROGRESSION		cbio_os_status	0
TCGA-08-0531	TCGA-GBM	Dead	7.561561	PROGRESSION		cbio_os_status	0
TCGA-12-0615	TCGA-GBM	Dead	15.353256	PROGRESSION		cbio_os_status	0
TCGA-12-0616	TCGA-GBM	Dead	14.728606	PROGRESSION		cbio_os_status	0
TCGA-12-0618	TCGA-GBM	Dead	12.986159	CENSORED		cbio_os_status	0
TCGA-12-0619	TCGA-GBM	Dead	34.914686	PROGRESSION		cbio_os_status	0
TCGA-12-0620	TCGA-GBM	Dead	10.454680	PROGRESSION		cbio_os_status	0
TCGA-12-0654	TCGA-GBM	Dead	7.594437	PROGRESSION		cbio_os_status	0
TCGA-12-0656	TCGA-GBM	Dead	94.782523	PROGRESSION		cbio_os_status	0
TCGA-12-0657	TCGA-GBM	Dead	0.098629	PROGRESSION		cbio_os_status	0
TCGA-12-0662	TCGA-GBM	Dead	38.169445	PROGRESSION		cbio_os_status	0
TCGA-12-0670	TCGA-GBM	Dead	25.972318	PROGRESSION		cbio_os_status	0
TCGA-12-0688	TCGA-GBM	Dead	26.662722	PROGRESSION		cbio_os_status	0
TCGA-12-0691	TCGA-GBM	Dead	12.131374	PROGRESSION		cbio_os_status	0
TCGA-12-0692	TCGA-GBM	Dead	3.649275	PROGRESSION		cbio_os_status	0
TCGA-12-0703	TCGA-GBM	Dead	20.383338	PROGRESSION		cbio_os_status	0
TCGA-12-0707	TCGA-GBM	Dead	28.405168	CENSORED		cbio_os_status	0
TCGA-12-0769	TCGA-GBM	Dead	15.057369	PROGRESSION		cbio_os_status	0
TCGA-12-0772	TCGA-GBM	Dead	53.851465	PROGRESSION		cbio_os_status	0
TCGA-12-0773	TCGA-GBM	Dead	43.232403	PROGRESSION		cbio_os_status	0
TCGA-12-0775	TCGA-GBM	Dead	7.627314	PROGRESSION		cbio_os_status	0
TCGA-12-0776	TCGA-GBM	Dead	9.731400	PROGRESSION		cbio_os_status	0
TCGA-12-0778	TCGA-GBM	Dead	14.925864	PROGRESSION		cbio_os_status	0
TCGA-12-0780	TCGA-GBM	Dead	14.860111	PROGRESSION		cbio_os_status	0
TCGA-12-0818	TCGA-GBM	Dead	91.757899	CENSORED		cbio_os_status	0
TCGA-12-0819	TCGA-GBM	Dead	24.788769	PROGRESSION		cbio_os_status	0
TCGA-12-0820	TCGA-GBM	Dead	18.476510	PROGRESSION		cbio_os_status	0
TCGA-12-0821	TCGA-GBM	Dead	10.619062	PROGRESSION		cbio_os_status	0
TCGA-12-0822	TCGA-GBM	Dead	23.506592	PROGRESSION		cbio_os_status	0
TCGA-12-0826	TCGA-GBM	Dead	27.780517	CENSORED		cbio_os_status	0
TCGA-12-0827	TCGA-GBM	Dead	38.761219	PROGRESSION		cbio_os_status	0
TCGA-12-0828	TCGA-GBM	Dead	8.942368	PROGRESSION		cbio_os_status	0
TCGA-12-0829	TCGA-GBM	Dead	20.580596	PROGRESSION		cbio_os_status	0
TCGA-12-1088	TCGA-GBM	Dead	127.593122	CENSORED		cbio_os_status	0
TCGA-12-1089	TCGA-GBM	Dead	5.819114	PROGRESSION		cbio_os_status	0
TCGA-12-1090	TCGA-GBM	Dead	7.594437	PROGRESSION		cbio_os_status	0
TCGA-12-1091	TCGA-GBM	Dead	33.205116	PROGRESSION		cbio_os_status	0
TCGA-12-1092	TCGA-GBM	Dead	21.731269	PROGRESSION		cbio_os_status	0
TCGA-12-1093	TCGA-GBM	Dead	15.977907	PROGRESSION		cbio_os_status	0
TCGA-12-1094	TCGA-GBM	Dead	12.230003	PROGRESSION		cbio_os_status	0
TCGA-12-1095	TCGA-GBM	Dead	15.846402	PROGRESSION		cbio_os_status	0
TCGA-12-1096	TCGA-GBM	Dead	9.106750	PROGRESSION		cbio_os_status	0
TCGA-12-1097	TCGA-GBM	Dead	14.531348	PROGRESSION		cbio_os_status	0
TCGA-12-1098	TCGA-GBM	Dead	3.978039	PROGRESSION		cbio_os_status	0
TCGA-12-1099	TCGA-GBM	Dead	4.142420	PROGRESSION		cbio_os_status	0
TCGA-12-1598	TCGA-GBM	Dead	15.649144	PROGRESSION		cbio_os_status	0
TCGA-12-1599	TCGA-GBM	Dead	25.676431	PROGRESSION		cbio_os_status	0
TCGA-12-1600	TCGA-GBM	Dead	14.728606	PROGRESSION		cbio_os_status	0
TCGA-12-1602	TCGA-GBM	Dead	6.772529	PROGRESSION		cbio_os_status	0
TCGA-12-3644	TCGA-GBM	Dead	59.769208	PROGRESSION		cbio_os_status	0
TCGA-12-3646	TCGA-GBM	Dead	44.021435	PROGRESSION		cbio_os_status	0
TCGA-12-3648	TCGA-GBM	Dead	26.925732	PROGRESSION		cbio_os_status	0
TCGA-12-3649	TCGA-GBM	Dead	15.221751	PROGRESSION		cbio_os_status	0
TCGA-12-3650	TCGA-GBM	Dead	10.947825	PROGRESSION		cbio_os_status	0
TCGA-12-3651	TCGA-GBM	Dead	12.690272	PROGRESSION		cbio_os_status	0
TCGA-12-3652	TCGA-GBM	Dead	34.914686	PROGRESSION		cbio_os_status	0
TCGA-12-3653	TCGA-GBM	Dead	14.531348	PROGRESSION		cbio_os_status	0
TCGA-13-A5FT	TCGA-OV	Alive	70.454022	CENSORED		cbio_os_status	0
TCGA-13-A5FU	TCGA-OV	Dead	8.416346	PROGRESSION		cbio_os_status	0
TCGA-14-0783	TCGA-GBM	Dead	6.213631	PROGRESSION		cbio_os_status	0
TCGA-14-0786	TCGA-GBM	Dead	23.046323	PROGRESSION		cbio_os_status	0
TCGA-14-0787	TCGA-GBM	Dead	2.235592	CENSORED		cbio_os_status	0
TCGA-14-0789	TCGA-GBM	Dead	11.243712	PROGRESSION		cbio_os_status	0
TCGA-14-0813	TCGA-GBM	Dead	1.347930	CENSORED		cbio_os_status	0
TCGA-14-0817	TCGA-GBM	Dead	5.391722	CENSORED		cbio_os_status	0
TCGA-14-0867	TCGA-GBM	Dead	2.038334	CENSORED		cbio_os_status	0
TCGA-14-0871	TCGA-GBM	Dead	28.931190	CENSORED		cbio_os_status	0
TCGA-14-1034	TCGA-GBM	Dead	15.945031	PROGRESSION		cbio_os_status	0
TCGA-14-1037	TCGA-GBM	Dead	19.298419	PROGRESSION		cbio_os_status	0
TCGA-14-1396	TCGA-GBM	Dead	1.117796	PROGRESSION		cbio_os_status	0
TCGA-14-1401	TCGA-GBM	Dead	3.747904	PROGRESSION		cbio_os_status	0
TCGA-14-1402	TCGA-GBM	Dead	32.054443	PROGRESSION		cbio_os_status	0
TCGA-14-1451	TCGA-GBM	Dead	23.112075	PROGRESSION		cbio_os_status	0
TCGA-14-1452	TCGA-GBM	Dead	7.101292	PROGRESSION		cbio_os_status	0
TCGA-14-1453	TCGA-GBM	Dead	1.150672	PROGRESSION		cbio_os_status	0
TCGA-14-1454	TCGA-GBM	Dead	30.180491	PROGRESSION		cbio_os_status	0
TCGA-14-1455	TCGA-GBM	Dead	0.920538	PROGRESSION		cbio_os_status	0
TCGA-14-1458	TCGA-GBM	Dead	6.673899	PROGRESSION		cbio_os_status	0
TCGA-14-1459	TCGA-GBM	Dead	12.427261	PROGRESSION		cbio_os_status	0
TCGA-14-1794	TCGA-GBM	Dead	0.986291	PROGRESSION		cbio_os_status	0
TCGA-14-1795	TCGA-GBM	Dead	1.972581	PROGRESSION		cbio_os_status	0
TCGA-14-1821	TCGA-GBM	Dead	17.786106	PROGRESSION		cbio_os_status	0
TCGA-14-1823	TCGA-GBM	Dead	17.851859	PROGRESSION		cbio_os_status	0
TCGA-14-1825	TCGA-GBM	Dead	7.627314	PROGRESSION		cbio_os_status	0
TCGA-14-1827	TCGA-GBM	Dead	5.884867	CENSORED		cbio_os_status	0
TCGA-14-1829	TCGA-GBM	Alive	7.167045	CENSORED		cbio_os_status	0
TCGA-15-0742	TCGA-GBM	Dead	13.775192	PROGRESSION		cbio_os_status	0
TCGA-15-1444	TCGA-GBM	Dead	50.530953	PROGRESSION		cbio_os_status	0
TCGA-15-1446	TCGA-GBM	Alive	19.101161	PROGRESSION		cbio_os_status	0
TCGA-15-1447	TCGA-GBM	Alive	53.193938	PROGRESSION		cbio_os_status	0
TCGA-15-1449	TCGA-GBM	Dead	13.282046	PROGRESSION		cbio_os_status	0
TCGA-18-3406	TCGA-LUSC	Dead	12.197127	PROGRESSION		cbio_os_status	0
TCGA-18-3407	TCGA-LUSC	Dead	4.471184	CENSORED		cbio_os_status	0
TCGA-18-3408	TCGA-LUSC	Dead	75.747115	PROGRESSION		cbio_os_status	0
TCGA-18-3409	TCGA-LUSC	Alive				gdc_vital_status	0
TCGA-18-3410	TCGA-LUSC	Dead	4.799947	CENSORED		cbio_os_status	0
TCGA-18-3411	TCGA-LUSC	Alive	117.565835	CENSORED		cbio_os_status	0
TCGA-18-3412	TCGA-LUSC	Dead	11.342341	PROGRESSION		cbio_os_status	0
TCGA-18-3414	TCGA-LUSC	Dead	23.539468	CENSORED		cbio_os_status	0
TCGA-18-3415	TCGA-LUSC	Dead	92.152415	CENSORED		cbio_os_status	0
TCGA-18-3416	TCGA-LUSC	Dead	31.988691	PROGRESSION		cbio_os_status	0
TCGA-18-3417	TCGA-LUSC	Dead	36.065358	CENSORED		cbio_os_status	0
TCGA-18-3419	TCGA-LUSC	Alive	92.415426	CENSORED		cbio_os_status	0
TCGA-18-3421	TCGA-LUSC	Alive	86.957951	CENSORED		cbio_os_status	0
TCGA-18-4083	TCGA-LUSC	Dead	6.180754	CENSORED		cbio_os_status	0
TCGA-18-4086	TCGA-LUSC	Dead	2.794490	CENSORED		cbio_os_status	0
TCGA-18-4721	TCGA-LUSC	Alive	154.321596	CENSORED		cbio_os_status	0
TCGA-18-5592	TCGA-LUSC	Alive	49.939179	CENSORED		cbio_os_status	0
TCGA-18-5595	TCGA-LUSC	Dead				gdc_vital_status	0
TCGA-19-0955	TCGA-GBM	Alive	11.769734	CENSORED		cbio_os_status	0
TCGA-19-0957	TCGA-GBM	Dead	21.895650	PROGRESSION		cbio_os_status	0
TCGA-19-0960	TCGA-GBM	Alive	8.613604	CENSORED		cbio_os_status	0
TCGA-19-0962	TCGA-GBM	Dead	0.657527	CENSORED		cbio_os_status	0
TCGA-19-0963	TCGA-GBM	Dead	14.268337	PROGRESSION		cbio_os_status	0
TCGA-19-0964	TCGA-GBM	Alive	3.386264	CENSORED		cbio_os_status	0
TCGA-19-1385	TCGA-GBM	Dead	10.750567	PROGRESSION		cbio_os_status	0
TCGA-19-1386	TCGA-GBM	Dead	9.073873	PROGRESSION		cbio_os_status	0
TCGA-19-1387	TCGA-GBM	Alive	5.950620	PROGRESSION		cbio_os_status	0
TCGA-19-1390	TCGA-GBM	Dead	25.380544	CENSORED		cbio_os_status	0
TCGA-19-1392	TCGA-GBM	Dead	3.649275	CENSORED		cbio_os_status	0
TCGA-19-1786	TCGA-GBM	Alive	7.167045	CENSORED		cbio_os_status	0
TCGA-19-1787	TCGA-GBM	Dead	12.657396	PROGRESSION		cbio_os_status	0
TCGA-19-1788	TCGA-GBM	Dead				gdc_vital_status	0
TCGA-19-1789	TCGA-GBM	Dead	3.254759	CENSORED		cbio_os_status	0
TCGA-19-1790	TCGA-GBM	Dead	5.062958	PROGRESSION		cbio_os_status	0
TCGA-19-1791	TCGA-GBM	Alive	0.131505	CENSORED		cbio_os_status	0
TCGA-19-2619	TCGA-GBM	Alive	9.665647	PROGRESSION		cbio_os_status	0
TCGA-19-2620	TCGA-GBM	Dead	4.865700	CENSORED		cbio_os_status	0
TCGA-19-2621	TCGA-GBM	Dead	1.084920	CENSORED		cbio_os_status	0
TCGA-19-2623	TCGA-GBM	Alive	7.528685	CENSORED		cbio_os_status	0
TCGA-19-2624	TCGA-GBM	Dead	0.164382	CENSORED		cbio_os_status	0
TCGA-19-2625	TCGA-GBM	Dead	4.076668	CENSORED		cbio_os_status	0
TCGA-19-2629	TCGA-GBM	Dead	24.229871	PROGRESSION		cbio_os_status	0
TCGA-19-2631	TCGA-GBM	Dead	7.002663	CENSORED		cbio_os_status	0
TCGA-19-4065	TCGA-GBM	Alive	7.035539	PROGRESSION		cbio_os_status	0
TCGA-19-4068	TCGA-GBM	Alive	4.504060	CENSORED		cbio_os_status	0
TCGA-19-5947	TCGA-GBM	Dead	6.641023	PROGRESSION		cbio_os_status	0
TCGA-19-5950	TCGA-GBM	Dead	17.194332	PROGRESSION		cbio_os_status	0
TCGA-19-5951	TCGA-GBM	Dead	8.021830	PROGRESSION		cbio_os_status	0
TCGA-19-5952	TCGA-GBM	Dead	18.903902	CENSORED		cbio_os_status	0
TCGA-19-5953	TCGA-GBM	Dead	4.734195	PROGRESSION		cbio_os_status	0
TCGA-19-5954	TCGA-GBM	Dead	12.098498	PROGRESSION		cbio_os_status	0
TCGA-19-5955	TCGA-GBM	Dead	1.775323	CENSORED		cbio_os_status	0
TCGA-19-5956	TCGA-GBM	Dead	22.487425	PROGRESSION		cbio_os_status	0
TCGA-19-5958	TCGA-GBM	Dead	14.071079	PROGRESSION		cbio_os_status	0
TCGA-19-5959	TCGA-GBM	Dead	16.799816	PROGRESSION		cbio_os_status	0
TCGA-19-5960	TCGA-GBM	Dead	14.958740	PROGRESSION		cbio_os_status	0
TCGA-19-A60I	TCGA-GBM	Alive	17.786106	CENSORED		cbio_os_status	0
TCGA-19-A6J4	TCGA-GBM	Dead	3.978039	PROGRESSION		cbio_os_status	0
TCGA-19-A6J5	TCGA-GBM	Alive	28.536674	PROGRESSION		cbio_os_status	0
TCGA-21-1070	TCGA-LUSC	Alive				gdc_vital_status	0
TCGA-21-1071	TCGA-LUSC	Dead	46.881678	PROGRESSION		cbio_os_status	0
TCGA-21-1072	TCGA-LUSC	Alive	99.155078	CENSORED		cbio_os_status	0
TCGA-21-1075	TCGA-LUSC	Alive	70.158135	CENSORED		cbio_os_status	0
TCGA-21-1076	TCGA-LUSC	Alive	60.887004	PROGRESSION		cbio_os_status	0
TCGA-21-1077	TCGA-LUSC	Dead				gdc_vital_status	0
TCGA-21-1078	TCGA-LUSC	Dead				gdc_vital_status	0
TCGA-21-1079	TCGA-LUSC	Dead	31.725680	PROGRESSION		cbio_os_status	0
TCGA-21-1080	TCGA-LUSC	Alive	122.431535	CENSORED		cbio_os_status	0
TCGA-21-1081	TCGA-LUSC	Dead	9.336884	PROGRESSION		cbio_os_status	0
TCGA-21-1082	TCGA-LUSC	Alive	119.801427	CENSORED		cbio_os_status	0
TCGA-21-1083	TCGA-LUSC	Dead				gdc_vital_status	0
TCGA-21-5782	TCGA-LUSC	Dead	31.627051	CENSORED		cbio_os_status	0
TCGA-21-5783	TCGA-LUSC	Dead	88.108623	CENSORED		cbio_os_status	0
TCGA-21-5784	TCGA-LUSC	Alive	41.687214	CENSORED		cbio_os_status	0
TCGA-21-5786	TCGA-LUSC	Alive	33.928395	PROGRESSION		cbio_os_status	0
TCGA-21-5787	TCGA-LUSC	Dead	10.816320	PROGRESSION		cbio_os_status	0
TCGA-21-A5DI	TCGA-LUSC	Alive				gdc_vital_status	0
TCGA-22-0940	TCGA-LUSC	Dead	21.994280	PROGRESSION		cbio_os_status	0
TCGA-22-0944	TCGA-LUSC	Dead	7.331427	CENSORED		cbio_os_status	0
TCGA-22-1000	TCGA-LUSC	Dead	14.925864	PROGRESSION		cbio_os_status	0
TCGA-22-1002	TCGA-LUSC	Dead	4.306802	CENSORED		cbio_os_status	0
TCGA-22-1005	TCGA-LUSC	Dead	64.207516	CENSORED		cbio_os_status	0
TCGA-22-1011	TCGA-LUSC	Dead	1.742447	CENSORED		cbio_os_status	0
TCGA-22-1012	TCGA-LUSC	Dead	14.103955	CENSORED		cbio_os_status	0
TCGA-22-1016	TCGA-LUSC	Dead	27.024361	CENSORED		cbio_os_status	0
TCGA-22-1017	TCGA-LUSC	Dead	48.821383	PROGRESSION		cbio_os_status	0
TCGA-22-4591	TCGA-LUSC	Dead	20.481967	PROGRESSION		cbio_os_status	0
TCGA-22-4593	TCGA-LUSC	Dead	35.079068	CENSORED		cbio_os_status	0
TCGA-22-4594	TCGA-LUSC	Dead	48.328237	CENSORED		cbio_os_status	0
TCGA-22-4595	TCGA-LUSC	Dead	24.131242	PROGRESSION		cbio_os_status	0
TCGA-22-4596	TCGA-LUSC	Dead	0.558898	CENSORED		cbio_os_status	0
TCGA-22-4599	TCGA-LUSC	Dead	38.169445	CENSORED		cbio_os_status	0
TCGA-22-4601	TCGA-LUSC	Dead	34.750304	PROGRESSION		cbio_os_status	0
TCGA-22-4604	TCGA-LUSC	Dead	13.117664	PROGRESSION		cbio_os_status	0
TCGA-22-4605	TCGA-LUSC	Dead	32.021567	CENSORED		cbio_os_status	0
TCGA-22-4607	TCGA-LUSC	Dead	19.298419	CENSORED		cbio_os_status	0
TCGA-22-4609	TCGA-LUSC	Dead	9.567018	CENSORED		cbio_os_status	0
TCGA-22-4613	TCGA-LUSC	Dead	11.769734	CENSORED		cbio_os_status	0
TCGA-22-5471	TCGA-LUSC	Alive	60.656870	PROGRESSION		cbio_os_status	0
TCGA-22-5472	TCGA-LUSC	Dead	64.930795	PROGRESSION		cbio_os_status	0
TCGA-22-5473	TCGA-LUSC	Dead	63.549988	PROGRESSION		cbio_os_status	0
TCGA-22-5474	TCGA-LUSC	Dead	14.629977	CENSORED		cbio_os_status	0
TCGA-22-5477	TCGA-LUSC	Dead	44.251570	PROGRESSION		cbio_os_status	0
TCGA-22-5478	TCGA-LUSC	Dead	0.789032	CENSORED		cbio_os_status	0
TCGA-22-5479	TCGA-LUSC	Dead	86.300424	CENSORED		cbio_os_status	0
TCGA-22-5480	TCGA-LUSC	Dead	71.341684	PROGRESSION		cbio_os_status	0
TCGA-22-5481	TCGA-LUSC	Dead	79.199132	PROGRESSION		cbio_os_status	0
TCGA-22-5482	TCGA-LUSC	Dead	11.736858	CENSORED		cbio_os_status	0
TCGA-22-5483	TCGA-LUSC	Dead	18.838150	PROGRESSION		cbio_os_status	0
TCGA-22-5485	TCGA-LUSC	Dead	30.114738	PROGRESSION		cbio_os_status	0
TCGA-22-5489	TCGA-LUSC	Dead	62.859585	PROGRESSION		cbio_os_status	0
TCGA-22-5491	TCGA-LUSC	Dead	56.317191	CENSORED		cbio_os_status	0
TCGA-22-5492	TCGA-LUSC	Dead	16.635434	CENSORED		cbio_os_status	0
TCGA-22-A5C4	TCGA-LUSC	Alive	22.060032	CENSORED		cbio_os_status	0
TCGA-23-1021	TCGA-OV	Dead	47.539205	PROGRESSION		cbio_os_status	0
TCGA-23-1022	TCGA-OV	Dead	49.676168	PROGRESSION		cbio_os_status	0
TCGA-23-1023	TCGA-OV	Alive	40.536542	PROGRESSION		cbio_os_status	0
TCGA-23-1024	TCGA-OV	Alive	15.386133	CENSORED		cbio_os_status	0
TCGA-23-1026	TCGA-OV	Alive	26.827103	PROGRESSION		cbio_os_status	0
TCGA-23-1027	TCGA-OV	Dead	32.087320	PROGRESSION		cbio_os_status	0
TCGA-23-1028	TCGA-OV	Alive	49.413157	PROGRESSION		cbio_os_status	0
TCGA-23-1029	TCGA-OV	Alive	8.810862	CENSORED		cbio_os_status	0
TCGA-23-1030	TCGA-OV	Alive	29.128448	PROGRESSION		cbio_os_status	0
TCGA-23-1031	TCGA-OV	Dead	18.903902	PROGRESSION		cbio_os_status	0
TCGA-23-1032	TCGA-OV	Dead	2.761614	PROGRESSION		cbio_os_status	0
TCGA-23-1107	TCGA-OV	Dead				gdc_vital_status	0
TCGA-23-1109	TCGA-OV	Dead	51.352862	PROGRESSION		cbio_os_status	0
TCGA-23-1110	TCGA-OV	Alive	54.508992	PROGRESSION		cbio_os_status	0
TCGA-23-1111	TCGA-OV	Alive	3.221882	CENSORED		cbio_os_status	0
TCGA-23-1113	TCGA-OV	Dead	31.199658	PROGRESSION		cbio_os_status	0
TCGA-23-1114	TCGA-OV	Dead	68.678699	PROGRESSION		cbio_os_status	0
TCGA-23-1116	TCGA-OV	Dead	19.462800	PROGRESSION		cbio_os_status	0
TCGA-23-1117	TCGA-OV	Dead	33.303745	PROGRESSION		cbio_os_status	0
TCGA-23-1118	TCGA-OV	Alive	86.004537	CENSORED		cbio_os_status	0
TCGA-23-1119	TCGA-OV	Alive	129.960220	PROGRESSION		cbio_os_status	0
TCGA-23-1120	TCGA-OV	Alive	4.273926	CENSORED		cbio_os_status	0
TCGA-23-1121	TCGA-OV	Alive	6.378012	CENSORED		cbio_os_status	0
TCGA-23-1122	TCGA-OV	Dead	39.089983	PROGRESSION		cbio_os_status	0
TCGA-23-1123	TCGA-OV	Dead	33.468126	PROGRESSION		cbio_os_status	0
TCGA-23-1809	TCGA-OV	Alive	0.526022	CENSORED		cbio_os_status	0
TCGA-23-2072	TCGA-OV	Dead	24.953151	PROGRESSION		cbio_os_status	0
TCGA-23-2077	TCGA-OV	Alive	115.889141	PROGRESSION		cbio_os_status	0
TCGA-23-2078	TCGA-OV	Alive	87.483973	CENSORED		cbio_os_status	0
TCGA-23-2079	TCGA-OV	Alive	91.659269	PROGRESSION		cbio_os_status	0
TCGA-23-2081	TCGA-OV	Dead	76.996416	PROGRESSION		cbio_os_status	0
TCGA-23-2084	TCGA-OV	Dead	49.840550	PROGRESSION		cbio_os_status	0
TCGA-23-2641	TCGA-OV	Alive	2.761614	CENSORED		cbio_os_status	0
TCGA-23-2643	TCGA-OV	Alive	4.701318	CENSORED		cbio_os_status	0
TCGA-23-2645	TCGA-OV	Alive	4.504060	CENSORED		cbio_os_status	0
TCGA-23-2647	TCGA-OV	Alive	4.438308	CENSORED		cbio_os_status	0
TCGA-23-2649	TCGA-OV	Alive	3.813657	CENSORED		cbio_os_status	0
TCGA-25-1312	TCGA-OV	Dead	1.019167	CENSORED		cbio_os_status	0
TCGA-25-1313	TCGA-OV	Dead	26.958609	PROGRESSION		cbio_os_status	0
TCGA-25-1314	TCGA-OV	Dead	33.007857	PROGRESSION		cbio_os_status	0
TCGA-25-1315	TCGA-OV	Dead	52.043265	PROGRESSION		cbio_os_status	0
TCGA-25-1316	TCGA-OV	Dead	42.048854	PROGRESSION		cbio_os_status	0
TCGA-25-1317	TCGA-OV	Dead	2.005457	CENSORED		cbio_os_status	0
TCGA-25-1318	TCGA-OV	Dead	34.980439	PROGRESSION		cbio_os_status	0
TCGA-25-1319	TCGA-OV	Dead	64.996548	PROGRESSION		cbio_os_status	0
TCGA-25-1320	TCGA-OV	Dead	37.972187	PROGRESSION		cbio_os_status	0
TCGA-25-1321	TCGA-OV	Dead	33.961272	PROGRESSION		cbio_os_status	0
TCGA-25-1322	TCGA-OV	Dead	2.991748	PROGRESSION		cbio_os_status	0
TCGA-25-1323	TCGA-OV	Dead	12.986159	PROGRESSION		cbio_os_status	0
TCGA-25-1324	TCGA-OV	Dead	34.027024	CENSORED		cbio_os_status	0
TCGA-25-1325	TCGA-OV	Dead				gdc_vital_status	0
TCGA-25-1326	TCGA-OV	Dead	41.062564	PROGRESSION		cbio_os_status	0
TCGA-25-1328	TCGA-OV	Dead	66.048591	PROGRESSION		cbio_os_status	0
TCGA-25-1329	TCGA-OV	Dead	15.024493	CENSORED		cbio_os_status	0
TCGA-25-1623	TCGA-OV	Dead	18.575139	PROGRESSION		cbio_os_status	0
TCGA-25-1625	TCGA-OV	Dead	27.616136	PROGRESSION		cbio_os_status	0
TCGA-25-1626	TCGA-OV	Dead	17.029950	PROGRESSION		cbio_os_status	0
TCGA-25-1627	TCGA-OV	Dead	12.953283	CENSORED		cbio_os_status	0
TCGA-25-1628	TCGA-OV	Dead	20.613473	PROGRESSION		cbio_os_status	0
TCGA-25-1630	TCGA-OV	Dead	38.202321	CENSORED		cbio_os_status	0
TCGA-25-1631	TCGA-OV	Dead	0.295887	CENSORED		cbio_os_status	0
TCGA-25-1632	TCGA-OV	Dead	59.144557	PROGRESSION		cbio_os_status	0
TCGA-25-1633	TCGA-OV	Dead	62.169182	PROGRESSION		cbio_os_status	0
TCGA-25-1634	TCGA-OV	Dead	35.868100	PROGRESSION		cbio_os_status	0
TCGA-25-1635	TCGA-OV	Dead	52.043265	PROGRESSION		cbio_os_status	0
TCGA-25-1870	TCGA-OV	Dead	14.958740	PROGRESSION		cbio_os_status	0
TCGA-25-1871	TCGA-OV	Dead	24.986028	PROGRESSION		cbio_os_status	0
TCGA-25-1877	TCGA-OV	Dead	23.999737	PROGRESSION		cbio_os_status	0
TCGA-25-1878	TCGA-OV	Dead	85.051123	PROGRESSION		cbio_os_status	0
TCGA-25-2042	TCGA-OV	Dead	13.019035	PROGRESSION		cbio_os_status	0
TCGA-25-2390	TCGA-OV	Unknown				missing	0
TCGA-25-2391	TCGA-OV	Dead	49.051517	CENSORED		cbio_os_status	0
TCGA-25-2392	TCGA-OV	Dead	1.019167	CENSORED		cbio_os_status	0
TCGA-25-2393	TCGA-OV	Dead	38.037939	PROGRESSION		cbio_os_status	0
TCGA-25-2396	TCGA-OV	Dead	3.024624	CENSORED		cbio_os_status	0
TCGA-25-2397	TCGA-OV	Dead	11.999868	CENSORED		cbio_os_status	0
TCGA-25-2398	TCGA-OV	Dead	45.007726	PROGRESSION		cbio_os_status	0
TCGA-25-2399	TCGA-OV	Dead	19.988822	PROGRESSION		cbio_os_status	0
TCGA-25-2400	TCGA-OV	Dead	42.015978	PROGRESSION		cbio_os_status	0
TCGA-25-2401	TCGA-OV	Dead	2.958872	CENSORED		cbio_os_status	0
TCGA-25-2404	TCGA-OV	Dead	29.029819	PROGRESSION		cbio_os_status	0
TCGA-25-2408	TCGA-OV	Dead	31.002400	PROGRESSION		cbio_os_status	0
TCGA-25-2409	TCGA-OV	Dead	26.991485	PROGRESSION		cbio_os_status	0
TCGA-26-1438	TCGA-GBM	Alive	10.027287	PROGRESSION		cbio_os_status	0
TCGA-26-1439	TCGA-GBM	Dead	13.873821	PROGRESSION		cbio_os_status	0
TCGA-26-1440	TCGA-GBM	Alive	9.731400	PROGRESSION		cbio_os_status	0
TCGA-26-1442	TCGA-GBM	Alive	31.331163	CENSORED		cbio_os_status	0
TCGA-26-1443	TCGA-GBM	Alive	7.134168	PROGRESSION		cbio_os_status	0
TCGA-26-1799	TCGA-GBM	Dead	9.369760	PROGRESSION		cbio_os_status	0
TCGA-26-5132	TCGA-GBM	Alive	9.402637	CENSORED		cbio_os_status	0
TCGA-26-5133	TCGA-GBM	Alive	14.860111	PROGRESSION		cbio_os_status	0
TCGA-26-5134	TCGA-GBM	Alive	5.490351	CENSORED		cbio_os_status	0
TCGA-26-5135	TCGA-GBM	Dead	8.876615	CENSORED		cbio_os_status	0
TCGA-26-5136	TCGA-GBM	Dead	18.969655	PROGRESSION		cbio_os_status	0
TCGA-26-5139	TCGA-GBM	Alive	1.578065	CENSORED		cbio_os_status	0
TCGA-26-6173	TCGA-GBM	Alive	7.923201	CENSORED		cbio_os_status	0
TCGA-26-6174	TCGA-GBM	Alive	2.334221	CENSORED		cbio_os_status	0
TCGA-26-A7UX	TCGA-GBM	Alive	19.331295	PROGRESSION		cbio_os_status	0
TCGA-27-1830	TCGA-GBM	Dead	5.062958	PROGRESSION		cbio_os_status	0
TCGA-27-1831	TCGA-GBM	Dead	16.602558	PROGRESSION		cbio_os_status	0
TCGA-27-1832	TCGA-GBM	Dead	9.862906	PROGRESSION		cbio_os_status	0
TCGA-27-1833	TCGA-GBM	Dead	24.229871	PROGRESSION		cbio_os_status	0
TCGA-27-1834	TCGA-GBM	Dead	40.536542	PROGRESSION		cbio_os_status	0
TCGA-27-1835	TCGA-GBM	Dead	21.303876	PROGRESSION		cbio_os_status	0
TCGA-27-1836	TCGA-GBM	Dead	30.048986	PROGRESSION		cbio_os_status	0
TCGA-27-1837	TCGA-GBM	Dead	14.038202	PROGRESSION		cbio_os_status	0
TCGA-27-1838	TCGA-GBM	Dead	11.506723	PROGRESSION		cbio_os_status	0
TCGA-27-2518	TCGA-GBM	Dead	24.755893	PROGRESSION		cbio_os_status	0
TCGA-27-2519	TCGA-GBM	Dead	18.081994	PROGRESSION		cbio_os_status	0
TCGA-27-2521	TCGA-GBM	Dead	16.766940	PROGRESSION		cbio_os_status	0
TCGA-27-2523	TCGA-GBM	Dead	16.076536	PROGRESSION		cbio_os_status	0
TCGA-27-2524	TCGA-GBM	Dead	7.594437	PROGRESSION		cbio_os_status	0
TCGA-27-2526	TCGA-GBM	Dead	2.860243	PROGRESSION		cbio_os_status	0
TCGA-27-2527	TCGA-GBM	Dead	14.399842	PROGRESSION		cbio_os_status	0
TCGA-27-2528	TCGA-GBM	Dead	15.780649	PROGRESSION		cbio_os_status	0
TCGA-28-1745	TCGA-GBM	Alive				gdc_vital_status	0
TCGA-28-1746	TCGA-GBM	Alive	0.197258	CENSORED		cbio_os_status	0
TCGA-28-1749	TCGA-GBM	Alive	9.205379	PROGRESSION		cbio_os_status	0
TCGA-28-1750	TCGA-GBM	Alive	8.350593	PROGRESSION		cbio_os_status	0
TCGA-28-1751	TCGA-GBM	Alive	7.627314	PROGRESSION		cbio_os_status	0
TCGA-28-1752	TCGA-GBM	Alive	8.482099	CENSORED		cbio_os_status	0
TCGA-28-1755	TCGA-GBM	Dead	1.545189	PROGRESSION		cbio_os_status	0
TCGA-28-1757	TCGA-GBM	Alive	0.131505	CENSORED		cbio_os_status	0
TCGA-28-1760	TCGA-GBM	Alive				gdc_vital_status	0
TCGA-2A-A8VL	TCGA-PRAD	Alive	20.416215	CENSORED		cbio_os_status	0
TCGA-2A-A8VO	TCGA-PRAD	Alive	55.922675	CENSORED		cbio_os_status	0
TCGA-2A-A8VT	TCGA-PRAD	Alive	45.139231	CENSORED		cbio_os_status	0
TCGA-2A-A8VV	TCGA-PRAD	Alive	22.060032	CENSORED		cbio_os_status	0
TCGA-2A-A8VX	TCGA-PRAD	Alive	45.303613	CENSORED		cbio_os_status	0
TCGA-2A-A8W1	TCGA-PRAD	Alive	3.682151	CENSORED		cbio_os_status	0
TCGA-2A-A8W3	TCGA-PRAD	Alive	28.372292	PROGRESSION		cbio_os_status	0
TCGA-2A-AAYF	TCGA-PRAD	Alive	44.843344	CENSORED		cbio_os_status	0
TCGA-2A-AAYO	TCGA-PRAD	Alive	41.818720	CENSORED		cbio_os_status	0
TCGA-2A-AAYU	TCGA-PRAD	Alive	20.218957	CENSORED		cbio_os_status	0
TCGA-2E-A9G8	TCGA-UCEC	Alive	41.062564	PROGRESSION		cbio_os_status	0
TCGA-2F-A9KO	TCGA-BLCA	Dead	24.131242	PROGRESSION		cbio_os_status	0
TCGA-2F-A9KP	TCGA-BLCA	Dead	11.966992	PROGRESSION		cbio_os_status	0
TCGA-2F-A9KQ	TCGA-BLCA	Alive	94.881152	CENSORED		cbio_os_status	0
TCGA-2F-A9KR	TCGA-BLCA	Dead	104.645429	PROGRESSION		cbio_os_status	0
TCGA-2F-A9KT	TCGA-BLCA	Alive	108.952231	CENSORED		cbio_os_status	0
TCGA-2F-A9KW	TCGA-BLCA	Dead	8.350593	PROGRESSION		cbio_os_status	0
TCGA-2G-AAEW	TCGA-TGCT	Dead	20.317586	PROGRESSION		cbio_os_status	0
TCGA-2G-AAEX	TCGA-TGCT	Alive	41.391327	CENSORED		cbio_os_status	0
TCGA-2G-AAF1	TCGA-TGCT	Alive	46.125522	CENSORED		cbio_os_status	0
TCGA-2G-AAF4	TCGA-TGCT	Alive	76.108755	CENSORED		cbio_os_status	0
TCGA-2G-AAF6	TCGA-TGCT	Alive	114.771345	PROGRESSION		cbio_os_status	0
TCGA-2G-AAF8	TCGA-TGCT	Alive	128.579413	PROGRESSION		cbio_os_status	0
TCGA-2G-AAFE	TCGA-TGCT	Alive				gdc_vital_status	0
TCGA-2G-AAFG	TCGA-TGCT	Alive	203.274485	PROGRESSION		cbio_os_status	0
TCGA-2G-AAFH	TCGA-TGCT	Alive	45.204984	CENSORED		cbio_os_status	0
TCGA-2G-AAFI	TCGA-TGCT	Alive	22.191538	CENSORED		cbio_os_status	0
TCGA-2G-AAFJ	TCGA-TGCT	Alive	26.038071	PROGRESSION		cbio_os_status	0
TCGA-2G-AAFL	TCGA-TGCT	Alive	24.657264	PROGRESSION		cbio_os_status	0
TCGA-2G-AAFM	TCGA-TGCT	Alive	16.536805	CENSORED		cbio_os_status	0
TCGA-2G-AAFN	TCGA-TGCT	Alive	25.413420	CENSORED		cbio_os_status	0
TCGA-2G-AAFO	TCGA-TGCT	Alive	22.520301	CENSORED		cbio_os_status	0
TCGA-2G-AAFV	TCGA-TGCT	Alive	45.665253	CENSORED		cbio_os_status	0
TCGA-2G-AAFY	TCGA-TGCT	Alive	36.131111	CENSORED		cbio_os_status	0
TCGA-2G-AAFZ	TCGA-TGCT	Alive	44.481704	CENSORED		cbio_os_status	0
TCGA-2G-AAG0	TCGA-TGCT	Alive	50.267942	PROGRESSION		cbio_os_status	0
TCGA-2G-AAG3	TCGA-TGCT	Alive	52.372029	PROGRESSION		cbio_os_status	0
TCGA-2G-AAG5	TCGA-TGCT	Alive	75.582733	PROGRESSION		cbio_os_status	0
TCGA-2G-AAG6	TCGA-TGCT	Alive	73.347141	CENSORED		cbio_os_status	0
TCGA-2G-AAG7	TCGA-TGCT	Alive	81.368971	CENSORED		cbio_os_status	0
TCGA-2G-AAG8	TCGA-TGCT	Alive	75.253970	CENSORED		cbio_os_status	0
TCGA-2G-AAG9	TCGA-TGCT	Alive	73.445770	CENSORED		cbio_os_status	0
TCGA-2G-AAGA	TCGA-TGCT	Alive	80.185423	CENSORED		cbio_os_status	0
TCGA-2G-AAGC	TCGA-TGCT	Alive	84.985370	PROGRESSION		cbio_os_status	0
TCGA-2G-AAGE	TCGA-TGCT	Alive	81.467600	PROGRESSION		cbio_os_status	0
TCGA-2G-AAGF	TCGA-TGCT	Alive	89.883946	PROGRESSION		cbio_os_status	0
TCGA-2G-AAGG	TCGA-TGCT	Alive	85.840155	CENSORED		cbio_os_status	0
TCGA-2G-AAGI	TCGA-TGCT	Alive	103.133116	PROGRESSION		cbio_os_status	0
TCGA-2G-AAGJ	TCGA-TGCT	Alive	96.590722	PROGRESSION		cbio_os_status	0
TCGA-2G-AAGK	TCGA-TGCT	Alive	119.045271	PROGRESSION		cbio_os_status	0
TCGA-2G-AAGM	TCGA-TGCT	Alive	127.921886	CENSORED		cbio_os_status	0
TCGA-2G-AAGN	TCGA-TGCT	Alive	120.195943	CENSORED		cbio_os_status	0
TCGA-2G-AAGO	TCGA-TGCT	Alive	132.360193	CENSORED		cbio_os_status	0
TCGA-2G-AAGP	TCGA-TGCT	Alive	132.097183	CENSORED		cbio_os_status	0
TCGA-2G-AAGS	TCGA-TGCT	Alive	158.332511	CENSORED		cbio_os_status	0
TCGA-2G-AAGT	TCGA-TGCT	Alive	144.853207	PROGRESSION		cbio_os_status	0
TCGA-2G-AAGV	TCGA-TGCT	Alive	148.831246	CENSORED		cbio_os_status	0
TCGA-2G-AAGW	TCGA-TGCT	Alive	161.061249	CENSORED		cbio_os_status	0
TCGA-2G-AAGX	TCGA-TGCT	Alive	181.280205	PROGRESSION		cbio_os_status	0
TCGA-2G-AAGY	TCGA-TGCT	Alive	175.198080	PROGRESSION		cbio_os_status	0
TCGA-2G-AAGZ	TCGA-TGCT	Alive	172.041950	CENSORED		cbio_os_status	0
TCGA-2G-AAH0	TCGA-TGCT	Alive	180.063780	PROGRESSION		cbio_os_status	0
TCGA-2G-AAH2	TCGA-TGCT	Alive	199.230693	CENSORED		cbio_os_status	0
TCGA-2G-AAH3	TCGA-TGCT	Alive	59.900713	CENSORED		cbio_os_status	0
TCGA-2G-AAH4	TCGA-TGCT	Alive	204.162146	CENSORED		cbio_os_status	0
TCGA-2G-AAH8	TCGA-TGCT	Alive	73.906039	CENSORED		cbio_os_status	0
TCGA-2G-AAHA	TCGA-TGCT	Alive	110.102903	CENSORED		cbio_os_status	0
TCGA-2G-AAHC	TCGA-TGCT	Alive	182.102114	CENSORED		cbio_os_status	0
TCGA-2G-AAHG	TCGA-TGCT	Alive	59.802084	CENSORED		cbio_os_status	0
TCGA-2G-AAHL	TCGA-TGCT	Alive	232.797449	CENSORED		cbio_os_status	0
TCGA-2G-AAHN	TCGA-TGCT	Alive	211.888089	CENSORED		cbio_os_status	0
TCGA-2G-AAHP	TCGA-TGCT	Alive	186.310287	PROGRESSION		cbio_os_status	0
TCGA-2G-AAHT	TCGA-TGCT	Alive	17.818983	CENSORED		cbio_os_status	0
TCGA-2G-AAKD	TCGA-TGCT	Alive	208.436072	CENSORED		cbio_os_status	0
TCGA-2G-AAKG	TCGA-TGCT	Alive	216.918171	PROGRESSION		cbio_os_status	0
TCGA-2G-AAKH	TCGA-TGCT	Alive	225.597528	CENSORED		cbio_os_status	0
TCGA-2G-AAKL	TCGA-TGCT	Alive	230.890620	CENSORED		cbio_os_status	0
TCGA-2G-AAKM	TCGA-TGCT	Dead	229.213926	CENSORED		cbio_os_status	0
TCGA-2G-AAKO	TCGA-TGCT	Unknown				missing	0
TCGA-2G-AAL5	TCGA-TGCT	Alive	244.501430	PROGRESSION		cbio_os_status	0
TCGA-2G-AAL7	TCGA-TGCT	Alive	131.209521	PROGRESSION		cbio_os_status	0
TCGA-2G-AALF	TCGA-TGCT	Unknown				missing	0
TCGA-2G-AALG	TCGA-TGCT	Unknown				missing	0
TCGA-2G-AALN	TCGA-TGCT	Unknown				missing	0
TCGA-2G-AALO	TCGA-TGCT	Unknown				missing	0
TCGA-2G-AALP	TCGA-TGCT	Alive	86.957951	CENSORED		cbio_os_status	0
TCGA-2G-AALQ	TCGA-TGCT	Unknown				missing	0
TCGA-2G-AALR	TCGA-TGCT	Unknown				missing	0
TCGA-2G-AALS	TCGA-TGCT	Unknown				missing	0
TCGA-2G-AALT	TCGA-TGCT	Unknown				missing	0
TCGA-2G-AALW	TCGA-TGCT	Unknown				missing	0
TCGA-2G-AALX	TCGA-TGCT	Unknown				missing	0
TCGA-2G-AALY	TCGA-TGCT	Unknown				missing	0
TCGA-2G-AALZ	TCGA-TGCT	Unknown				missing	0
TCGA-2G-AAM2	TCGA-TGCT	Unknown				missing	0
TCGA-2G-AAM3	TCGA-TGCT	Unknown				missing	0
TCGA-2G-AAM4	TCGA-TGCT	Unknown				missing	0
TCGA-2H-A9GF	TCGA-ESCA	Dead	25.775060	PROGRESSION		cbio_os_status	0
TCGA-2H-A9GG	TCGA-ESCA	Dead				gdc_vital_status	0
TCGA-2H-A9GH	TCGA-ESCA	Dead	31.265411	PROGRESSION		cbio_os_status	0
TCGA-2H-A9GI	TCGA-ESCA	Dead	14.301213	PROGRESSION		cbio_os_status	0
TCGA-2H-A9GJ	TCGA-ESCA	Dead	58.552783	PROGRESSION		cbio_os_status	0
TCGA-2H-A9GK	TCGA-ESCA	Dead	7.627314	PROGRESSION		cbio_os_status	0
TCGA-2H-A9GL	TCGA-ESCA	Dead	5.917743	PROGRESSION		cbio_os_status	0
TCGA-2H-A9GM	TCGA-ESCA	Dead	13.939573	PROGRESSION		cbio_os_status	0
TCGA-2H-A9GN	TCGA-ESCA	Dead	8.942368	PROGRESSION		cbio_os_status	0
TCGA-2H-A9GO	TCGA-ESCA	Dead	16.240918	PROGRESSION		cbio_os_status	0
TCGA-2H-A9GQ	TCGA-ESCA	Dead	4.208173	PROGRESSION		cbio_os_status	0
TCGA-2H-A9GR	TCGA-ESCA	Dead	32.448959	PROGRESSION		cbio_os_status	0
TCGA-2J-AAB1	TCGA-PAAD	Dead	2.169839	CENSORED		cbio_os_status	0
TCGA-2J-AAB4	TCGA-PAAD	Alive	23.966861	CENSORED		cbio_os_status	0
TCGA-2J-AAB6	TCGA-PAAD	Dead	9.632771	PROGRESSION		cbio_os_status	0
TCGA-2J-AAB8	TCGA-PAAD	Alive	2.630108	CENSORED		cbio_os_status	0
TCGA-2J-AAB9	TCGA-PAAD	Dead	20.613473	PROGRESSION		cbio_os_status	0
TCGA-2J-AABA	TCGA-PAAD	Dead	19.955946	PROGRESSION		cbio_os_status	0
TCGA-2J-AABE	TCGA-PAAD	Alive	22.224414	CENSORED		cbio_os_status	0
TCGA-2J-AABF	TCGA-PAAD	Dead	22.717559	PROGRESSION		cbio_os_status	0
TCGA-2J-AABH	TCGA-PAAD	Alive	42.311865	PROGRESSION		cbio_os_status	0
TCGA-2J-AABI	TCGA-PAAD	Alive	31.857185	PROGRESSION		cbio_os_status	0
TCGA-2J-AABK	TCGA-PAAD	Alive	15.912154	CENSORED		cbio_os_status	0
TCGA-2J-AABO	TCGA-PAAD	Alive	14.465595	PROGRESSION		cbio_os_status	0
TCGA-2J-AABP	TCGA-PAAD	Alive	15.221751	CENSORED		cbio_os_status	0
TCGA-2J-AABR	TCGA-PAAD	Alive	14.399842	PROGRESSION		cbio_os_status	0
TCGA-2J-AABT	TCGA-PAAD	Alive	10.487556	CENSORED		cbio_os_status	0
TCGA-2J-AABU	TCGA-PAAD	Dead	9.106750	PROGRESSION		cbio_os_status	0
TCGA-2J-AABV	TCGA-PAAD	Dead	21.435382	PROGRESSION		cbio_os_status	0
TCGA-2K-A9WE	TCGA-KIRP	Alive	7.035539	CENSORED		cbio_os_status	0
TCGA-2L-AAQA	TCGA-PAAD	Dead	4.701318	PROGRESSION		cbio_os_status	0
TCGA-2L-AAQE	TCGA-PAAD	Dead	22.487425	PROGRESSION		cbio_os_status	0
TCGA-2L-AAQI	TCGA-PAAD	Dead	3.386264	PROGRESSION		cbio_os_status	0
TCGA-2L-AAQJ	TCGA-PAAD	Dead	12.953283	PROGRESSION		cbio_os_status	0
TCGA-2L-AAQL	TCGA-PAAD	Dead	9.599895	PROGRESSION		cbio_os_status	0
TCGA-2L-AAQM	TCGA-PAAD	Alive	45.467995	CENSORED		cbio_os_status	0
TCGA-2V-A95S	TCGA-LIHC	Alive		CENSORED		cbio_os_status	0
TCGA-2W-A8YY	TCGA-CESC	Alive	17.523096	CENSORED		cbio_os_status	0
TCGA-2X-A9D5	TCGA-TGCT	Alive	14.301213	CENSORED		cbio_os_status	0
TCGA-2X-A9D6	TCGA-TGCT	Alive	19.955946	CENSORED		cbio_os_status	0
TCGA-2Y-A9GS	TCGA-LIHC	Dead	23.802479	PROGRESSION		cbio_os_status	0
TCGA-2Y-A9GT	TCGA-LIHC	Dead	53.391196	PROGRESSION		cbio_os_status	0
TCGA-2Y-A9GU	TCGA-LIHC	Alive	63.747247	CENSORED		cbio_os_status	0
TCGA-2Y-A9GV	TCGA-LIHC	Dead	83.242923	PROGRESSION		cbio_os_status	0
TCGA-2Y-A9GW	TCGA-LIHC	Dead	41.785843	PROGRESSION		cbio_os_status	0
TCGA-2Y-A9GX	TCGA-LIHC	Alive	80.284052	PROGRESSION		cbio_os_status	0
TCGA-2Y-A9GY	TCGA-LIHC	Dead	24.887398	PROGRESSION		cbio_os_status	0
TCGA-2Y-A9GZ	TCGA-LIHC	Dead	27.879147	PROGRESSION		cbio_os_status	0
TCGA-2Y-A9H0	TCGA-LIHC	Alive	120.820594	CENSORED		cbio_os_status	0
TCGA-2Y-A9H1	TCGA-LIHC	Dead	40.405037	PROGRESSION		cbio_os_status	0
TCGA-2Y-A9H2	TCGA-LIHC	Alive	56.908965	CENSORED		cbio_os_status	0
TCGA-2Y-A9H3	TCGA-LIHC	Alive	49.840550	PROGRESSION		cbio_os_status	0
TCGA-2Y-A9H4	TCGA-LIHC	Alive	47.736463	CENSORED		cbio_os_status	0
TCGA-2Y-A9H5	TCGA-LIHC	Dead	18.246375	PROGRESSION		cbio_os_status	0
TCGA-2Y-A9H6	TCGA-LIHC	Alive	11.736858	CENSORED		cbio_os_status	0
TCGA-2Y-A9H7	TCGA-LIHC	Alive	38.399579	PROGRESSION		cbio_os_status	0
TCGA-2Y-A9H8	TCGA-LIHC	Dead	20.810731	PROGRESSION		cbio_os_status	0
TCGA-2Y-A9H9	TCGA-LIHC	Alive	22.914817	PROGRESSION		cbio_os_status	0
TCGA-2Y-A9HA	TCGA-LIHC	Dead	1.183549	PROGRESSION		cbio_os_status	0
TCGA-2Y-A9HB	TCGA-LIHC	Alive	8.547852	CENSORED		cbio_os_status	0
TCGA-2Z-A9J1	TCGA-KIRP	Alive	75.549857	CENSORED		cbio_os_status	0
TCGA-2Z-A9J2	TCGA-KIRP	Alive	59.013052	CENSORED		cbio_os_status	0
TCGA-2Z-A9J3	TCGA-KIRP	Dead	58.224019	PROGRESSION		cbio_os_status	0
TCGA-2Z-A9J5	TCGA-KIRP	Alive	100.272874	CENSORED		cbio_os_status	0
TCGA-2Z-A9J6	TCGA-KIRP	Alive	56.908965	CENSORED		cbio_os_status	0
TCGA-2Z-A9J7	TCGA-KIRP	Dead	4.569813	PROGRESSION		cbio_os_status	0
TCGA-2Z-A9J8	TCGA-KIRP	Alive	91.725022	PROGRESSION		cbio_os_status	0
TCGA-2Z-A9J9	TCGA-KIRP	Alive	75.418352	CENSORED		cbio_os_status	0
TCGA-2Z-A9JD	TCGA-KIRP	Alive	34.848933	CENSORED		cbio_os_status	0
TCGA-2Z-A9JE	TCGA-KIRP	Alive	56.810336	CENSORED		cbio_os_status	0
TCGA-2Z-A9JG	TCGA-KIRP	Alive	54.640497	CENSORED		cbio_os_status	0
TCGA-2Z-A9JI	TCGA-KIRP	Alive	51.517244	PROGRESSION		cbio_os_status	0
TCGA-2Z-A9JJ	TCGA-KIRP	Alive	39.879015	CENSORED		cbio_os_status	0
TCGA-2Z-A9JK	TCGA-KIRP	Alive	38.991354	PROGRESSION		cbio_os_status	0
TCGA-2Z-A9JL	TCGA-KIRP	Alive	33.073610	CENSORED		cbio_os_status	0
TCGA-2Z-A9JM	TCGA-KIRP	Alive	30.706513	CENSORED		cbio_os_status	0
TCGA-2Z-A9JN	TCGA-KIRP	Alive	24.328501	CENSORED		cbio_os_status	0
TCGA-2Z-A9JO	TCGA-KIRP	Alive	31.199658	CENSORED		cbio_os_status	0
TCGA-2Z-A9JP	TCGA-KIRP	Alive	29.358582	CENSORED		cbio_os_status	0
TCGA-2Z-A9JQ	TCGA-KIRP	Alive	25.577802	PROGRESSION		cbio_os_status	0
TCGA-2Z-A9JR	TCGA-KIRP	Alive	5.293093	CENSORED		cbio_os_status	0
TCGA-2Z-A9JS	TCGA-KIRP	Dead	16.175165	CENSORED		cbio_os_status	0
TCGA-2Z-A9JT	TCGA-KIRP	Alive	22.487425	CENSORED		cbio_os_status	0
TCGA-33-4532	TCGA-LUSC	Dead	129.006805	CENSORED		cbio_os_status	0
TCGA-33-4533	TCGA-LUSC	Alive	133.741000	CENSORED		cbio_os_status	0
TCGA-33-4538	TCGA-LUSC	Dead	97.938653	CENSORED		cbio_os_status	0
TCGA-33-4547	TCGA-LUSC	Alive	79.527896	CENSORED		cbio_os_status	0
TCGA-33-4566	TCGA-LUSC	Dead	173.817273	CENSORED		cbio_os_status	0
TCGA-33-4582	TCGA-LUSC	Dead	103.527633	PROGRESSION		cbio_os_status	0
TCGA-33-4583	TCGA-LUSC	Dead	151.264096	CENSORED		cbio_os_status	0
TCGA-33-4586	TCGA-LUSC	Dead	14.071079	PROGRESSION		cbio_os_status	0
TCGA-33-6738	TCGA-LUSC	Alive	63.352730	CENSORED		cbio_os_status	0
TCGA-33-A4WN	TCGA-LUSC	Dead	4.701318	CENSORED		cbio_os_status	0
TCGA-33-A5GW	TCGA-LUSC	Dead	0.295887	CENSORED		cbio_os_status	0
TCGA-33-AAS8	TCGA-LUSC	Dead	36.624256	CENSORED		cbio_os_status	0
TCGA-33-AASB	TCGA-LUSC	Dead	6.936910	PROGRESSION		cbio_os_status	0
TCGA-33-AASD	TCGA-LUSC	Dead	110.990564	PROGRESSION		cbio_os_status	0
TCGA-33-AASI	TCGA-LUSC	Dead	44.185817	PROGRESSION		cbio_os_status	0
TCGA-33-AASJ	TCGA-LUSC	Dead	118.354867	PROGRESSION		cbio_os_status	0
TCGA-33-AASL	TCGA-LUSC	Dead	27.155867	PROGRESSION		cbio_os_status	0
TCGA-34-2596	TCGA-LUSC	Dead	2.630108	CENSORED		cbio_os_status	0
TCGA-34-2600	TCGA-LUSC	Dead	61.610284	CENSORED		cbio_os_status	0
TCGA-34-2604	TCGA-LUSC	Dead	31.495545	CENSORED		cbio_os_status	0
TCGA-34-2605	TCGA-LUSC	Dead	28.964066	PROGRESSION		cbio_os_status	0
TCGA-34-5232	TCGA-LUSC	Alive	81.237466	CENSORED		cbio_os_status	0
TCGA-34-5240	TCGA-LUSC	Alive	50.662458	CENSORED		cbio_os_status	0
TCGA-34-5241	TCGA-LUSC	Dead	16.931321	CENSORED		cbio_os_status	0
TCGA-34-5928	TCGA-LUSC	Alive	39.320117	CENSORED		cbio_os_status	0
TCGA-34-5929	TCGA-LUSC	Dead	4.964329	CENSORED		cbio_os_status	0
TCGA-34-7107	TCGA-LUSC	Dead	1.117796	CENSORED		cbio_os_status	0
TCGA-34-8454	TCGA-LUSC	Alive	38.794095	CENSORED		cbio_os_status	0
TCGA-34-8455	TCGA-LUSC	Dead	4.043791	PROGRESSION		cbio_os_status	0
TCGA-34-A5IX	TCGA-LUSC	Alive	33.895519	CENSORED		cbio_os_status	0
TCGA-35-3615	TCGA-LUAD	Alive	0.460269	CENSORED		cbio_os_status	0
TCGA-35-4122	TCGA-LUAD	Alive	7.397179	CENSORED		cbio_os_status	0
TCGA-35-4123	TCGA-LUAD	Alive	5.983496	CENSORED		cbio_os_status	0
TCGA-35-5375	TCGA-LUAD	Alive	8.679357	CENSORED		cbio_os_status	0
TCGA-37-3783	TCGA-LUSC	Alive	4.010915	CENSORED		cbio_os_status	0
TCGA-37-3789	TCGA-LUSC	Alive	0.427393	CENSORED		cbio_os_status	0
TCGA-37-3792	TCGA-LUSC	Alive	0.394516	CENSORED		cbio_os_status	0
TCGA-37-4129	TCGA-LUSC	Alive	7.956077	CENSORED		cbio_os_status	0
TCGA-37-4130	TCGA-LUSC	Alive	8.120459	CENSORED		cbio_os_status	0
TCGA-37-4132	TCGA-LUSC	Alive	7.462932	CENSORED		cbio_os_status	0
TCGA-37-4133	TCGA-LUSC	Alive	7.824572	CENSORED		cbio_os_status	0
TCGA-37-4135	TCGA-LUSC	Alive	6.805405	CENSORED		cbio_os_status	0
TCGA-37-4141	TCGA-LUSC	Alive	0.394516	CENSORED		cbio_os_status	0
TCGA-37-5819	TCGA-LUSC	Alive	3.386264	CENSORED		cbio_os_status	0
TCGA-37-A5EL	TCGA-LUSC	Dead	37.577670	PROGRESSION		cbio_os_status	0
TCGA-37-A5EM	TCGA-LUSC	Alive				gdc_vital_status	0
TCGA-37-A5EN	TCGA-LUSC	Alive	21.698392	CENSORED		cbio_os_status	0
TCGA-38-4625	TCGA-LUAD	Alive	97.741395	CENSORED		cbio_os_status	0
TCGA-38-4626	TCGA-LUAD	Alive	120.787717	PROGRESSION		cbio_os_status	0
TCGA-38-4627	TCGA-LUAD	Dead	37.709176	CENSORED		cbio_os_status	0
TCGA-38-4628	TCGA-LUAD	Dead	49.051517	PROGRESSION		cbio_os_status	0
TCGA-38-4629	TCGA-LUAD	Dead				gdc_vital_status	0
TCGA-38-4630	TCGA-LUAD	Dead				gdc_vital_status	0
TCGA-38-4631	TCGA-LUAD	Dead	11.638229	PROGRESSION		cbio_os_status	0
TCGA-38-4632	TCGA-LUAD	Dead	44.613210	PROGRESSION		cbio_os_status	0
TCGA-38-6178	TCGA-LUAD	Alive	14.728606	CENSORED		cbio_os_status	0
TCGA-38-7271	TCGA-LUAD	Dead	26.301082	PROGRESSION		cbio_os_status	0
TCGA-38-A44F	TCGA-LUAD	Alive	4.372555	CENSORED		cbio_os_status	0
TCGA-39-5011	TCGA-LUSC	Alive	133.247855	PROGRESSION		cbio_os_status	0
TCGA-39-5016	TCGA-LUSC	Alive	126.573955	CENSORED		cbio_os_status	0
TCGA-39-5019	TCGA-LUSC	Alive	111.352204	PROGRESSION		cbio_os_status	0
TCGA-39-5021	TCGA-LUSC	Dead	68.580070	PROGRESSION		cbio_os_status	0
TCGA-39-5022	TCGA-LUSC	Dead	55.199395	PROGRESSION		cbio_os_status	0
TCGA-39-5024	TCGA-LUSC	Alive	82.519644	CENSORED		cbio_os_status	0
TCGA-39-5027	TCGA-LUSC	Alive	102.179702	PROGRESSION		cbio_os_status	0
TCGA-39-5028	TCGA-LUSC	Dead	1.709570	CENSORED		cbio_os_status	0
TCGA-39-5029	TCGA-LUSC	Dead	24.328501	PROGRESSION		cbio_os_status	0
TCGA-39-5030	TCGA-LUSC	Dead	1.939705	CENSORED		cbio_os_status	0
TCGA-39-5031	TCGA-LUSC	Dead	60.525364	CENSORED		cbio_os_status	0
TCGA-39-5034	TCGA-LUSC	Dead	36.394122	PROGRESSION		cbio_os_status	0
TCGA-39-5035	TCGA-LUSC	Alive	68.382812	CENSORED		cbio_os_status	0
TCGA-39-5036	TCGA-LUSC	Alive	71.177302	CENSORED		cbio_os_status	0
TCGA-39-5037	TCGA-LUSC	Alive	55.561035	CENSORED		cbio_os_status	0
TCGA-39-5039	TCGA-LUSC	Dead	17.884736	CENSORED		cbio_os_status	0
TCGA-39-5040	TCGA-LUSC	Dead	17.062827	PROGRESSION		cbio_os_status	0
TCGA-3A-A9I5	TCGA-PAAD	Alive	58.980176	CENSORED		cbio_os_status	0
TCGA-3A-A9I7	TCGA-PAAD	Alive	43.495414	PROGRESSION		cbio_os_status	0
TCGA-3A-A9I9	TCGA-PAAD	Dead	20.843607	PROGRESSION		cbio_os_status	0
TCGA-3A-A9IB	TCGA-PAAD	Dead	7.364303	CENSORED		cbio_os_status	0
TCGA-3A-A9IC	TCGA-PAAD	Dead	24.262748	PROGRESSION		cbio_os_status	0
TCGA-3A-A9IH	TCGA-PAAD	Alive	33.566755	PROGRESSION		cbio_os_status	0
TCGA-3A-A9IJ	TCGA-PAAD	Alive	60.952757	CENSORED		cbio_os_status	0
TCGA-3A-A9IL	TCGA-PAAD	Alive	90.114081	CENSORED		cbio_os_status	0
TCGA-3A-A9IN	TCGA-PAAD	Alive	68.514318	CENSORED		cbio_os_status	0
TCGA-3A-A9IO	TCGA-PAAD	Alive	63.845876	CENSORED		cbio_os_status	0
TCGA-3A-A9IR	TCGA-PAAD	Alive	50.695335	CENSORED		cbio_os_status	0
TCGA-3A-A9IS	TCGA-PAAD	Alive	32.810599	CENSORED		cbio_os_status	0
TCGA-3A-A9IU	TCGA-PAAD	Dead	15.057369	PROGRESSION		cbio_os_status	0
TCGA-3A-A9IV	TCGA-PAAD	Alive	36.262616	CENSORED		cbio_os_status	0
TCGA-3A-A9IX	TCGA-PAAD	Alive	34.092777	CENSORED		cbio_os_status	0
TCGA-3A-A9IZ	TCGA-PAAD	Dead	10.125916	PROGRESSION		cbio_os_status	0
TCGA-3A-A9J0	TCGA-PAAD	Alive	24.427130	PROGRESSION		cbio_os_status	0
TCGA-3B-A9HI	TCGA-SARC	Alive	50.004931	PROGRESSION		cbio_os_status	0
TCGA-3B-A9HJ	TCGA-SARC	Alive	36.295493	CENSORED		cbio_os_status	0
TCGA-3B-A9HL	TCGA-SARC	Dead	19.692935	PROGRESSION		cbio_os_status	0
TCGA-3B-A9HO	TCGA-SARC	Alive	31.528422	PROGRESSION		cbio_os_status	0
TCGA-3B-A9HP	TCGA-SARC	Dead	53.489825	PROGRESSION		cbio_os_status	0
TCGA-3B-A9HQ	TCGA-SARC	Alive	68.547194	CENSORED		cbio_os_status	0
TCGA-3B-A9HR	TCGA-SARC	Dead	88.568892	PROGRESSION		cbio_os_status	0
TCGA-3B-A9HS	TCGA-SARC	Dead	44.909097	PROGRESSION		cbio_os_status	0
TCGA-3B-A9HT	TCGA-SARC	Alive	54.739126	PROGRESSION		cbio_os_status	0
TCGA-3B-A9HU	TCGA-SARC	Alive	25.249038	PROGRESSION		cbio_os_status	0
TCGA-3B-A9HV	TCGA-SARC	Dead	14.366966	PROGRESSION		cbio_os_status	0
TCGA-3B-A9HX	TCGA-SARC	Alive	42.837887	CENSORED		cbio_os_status	0
TCGA-3B-A9HY	TCGA-SARC	Alive	10.323175	CENSORED		cbio_os_status	0
TCGA-3B-A9HZ	TCGA-SARC	Alive	38.465332	PROGRESSION		cbio_os_status	0
TCGA-3B-A9I0	TCGA-SARC	Alive	36.032482	PROGRESSION		cbio_os_status	0
TCGA-3B-A9I1	TCGA-SARC	Dead	18.640892	PROGRESSION		cbio_os_status	0
TCGA-3B-A9I3	TCGA-SARC	Alive	26.564092	PROGRESSION		cbio_os_status	0
TCGA-3C-AALI	TCGA-BRCA_IDC	Alive	131.669790	CENSORED		cbio_os_status	0
TCGA-3C-AALJ	TCGA-BRCA_IDC	Alive	48.459743	CENSORED		cbio_os_status	0
TCGA-3C-AALK	TCGA-BRCA_IDC	Alive	47.604958	CENSORED		cbio_os_status	0
TCGA-3E-AAAY	TCGA-PAAD	Alive	75.122464	PROGRESSION		cbio_os_status	0
TCGA-3E-AAAZ	TCGA-PAAD	Dead	71.736200	PROGRESSION		cbio_os_status	0
TCGA-3G-AB0Q	TCGA-THYM	Alive	59.144557	CENSORED		cbio_os_status	0
TCGA-3G-AB0T	TCGA-THYM	Dead	81.796364	PROGRESSION		cbio_os_status	0
TCGA-3G-AB19	TCGA-THYM	Dead	95.670184	PROGRESSION		cbio_os_status	0
TCGA-3H-AB3L	TCGA-MESO	Dead	11.868363	PROGRESSION		cbio_os_status	0
TCGA-3H-AB3M	TCGA-MESO	Dead	29.095572	PROGRESSION		cbio_os_status	0
TCGA-3H-AB3O	TCGA-MESO	Dead	42.805010	PROGRESSION		cbio_os_status	0
TCGA-3H-AB3S	TCGA-MESO	Dead	12.657396	PROGRESSION		cbio_os_status	0
TCGA-3H-AB3U	TCGA-MESO	Dead	27.155867	PROGRESSION		cbio_os_status	0
TCGA-3H-AB3X	TCGA-MESO	Alive	48.985765	CENSORED		cbio_os_status	0
TCGA-3L-AA1B	TCGA-COAD	Alive	15.616267	CENSORED		cbio_os_status	0
TCGA-3M-AB46	TCGA-STAD	Alive	58.026761	CENSORED		cbio_os_status	0
TCGA-3M-AB47	TCGA-STAD	Dead		PROGRESSION		cbio_os_status	0
TCGA-3N-A9WB	TCGA-SKCM	Dead				gdc_vital_status	0
TCGA-3N-A9WC	TCGA-SKCM	Alive				gdc_vital_status	0
TCGA-3N-A9WD	TCGA-SKCM	Dead				gdc_vital_status	0
TCGA-3P-A9WA	TCGA-OV	Alive	13.808068	CENSORED		cbio_os_status	0
TCGA-3Q-A9WF	TCGA-THYM	Alive	15.353256	CENSORED		cbio_os_status	0
TCGA-3R-A8YX	TCGA-SARC	Dead	0.558898	PROGRESSION		cbio_os_status	0
TCGA-3S-A8YW	TCGA-THYM	Alive	21.139494	PROGRESSION		cbio_os_status	0
TCGA-3S-AAYX	TCGA-THYM	Alive	18.772397	CENSORED		cbio_os_status	0
TCGA-3T-AA9L	TCGA-THYM	Alive	34.520170	PROGRESSION		cbio_os_status	0
TCGA-3U-A98D	TCGA-MESO	Dead	4.668442	PROGRESSION		cbio_os_status	0
TCGA-3U-A98E	TCGA-MESO	Alive	62.991091	PROGRESSION		cbio_os_status	0
TCGA-3U-A98F	TCGA-MESO	Dead	17.621725	PROGRESSION		cbio_os_status	0
TCGA-3U-A98G	TCGA-MESO	Dead	20.712102	PROGRESSION		cbio_os_status	0
TCGA-3U-A98H	TCGA-MESO	Dead	38.005063	PROGRESSION		cbio_os_status	0
TCGA-3U-A98I	TCGA-MESO	Dead	28.273663	PROGRESSION		cbio_os_status	0
TCGA-3U-A98J	TCGA-MESO	Dead	24.361377	PROGRESSION		cbio_os_status	0
TCGA-3X-AAV9	TCGA-CHOL	Dead	11.145083	PROGRESSION		cbio_os_status	0
TCGA-3X-AAVA	TCGA-CHOL	Dead	14.629977	PROGRESSION		cbio_os_status	0
TCGA-3X-AAVB	TCGA-CHOL	Alive	13.216294	CENSORED		cbio_os_status	0
TCGA-3X-AAVC	TCGA-CHOL	Alive	23.309334	CENSORED		cbio_os_status	0
TCGA-3X-AAVE	TCGA-CHOL	Alive	21.369629	CENSORED		cbio_os_status	0
TCGA-3Z-A93Z	TCGA-KIRC	Alive	12.657396	CENSORED		cbio_os_status	0
TCGA-41-2571	TCGA-GBM	Dead	0.854785	PROGRESSION		cbio_os_status	0
TCGA-41-2572	TCGA-GBM	Dead	13.347799	PROGRESSION		cbio_os_status	0
TCGA-41-2573	TCGA-GBM	Alive	8.942368	PROGRESSION		cbio_os_status	0
TCGA-41-2575	TCGA-GBM	Dead	9.534142	PROGRESSION		cbio_os_status	0
TCGA-41-3392	TCGA-GBM	Dead	0.986291	PROGRESSION		cbio_os_status	0
TCGA-41-3393	TCGA-GBM	Dead	4.438308	PROGRESSION		cbio_os_status	0
TCGA-41-3915	TCGA-GBM	Dead	11.835487	PROGRESSION		cbio_os_status	0
TCGA-41-4097	TCGA-GBM	Dead	0.197258	PROGRESSION		cbio_os_status	0
TCGA-41-5651	TCGA-GBM	Dead	15.123122	PROGRESSION		cbio_os_status	0
TCGA-42-2582	TCGA-OV	Dead	47.572081	PROGRESSION		cbio_os_status	0
TCGA-42-2587	TCGA-OV	Alive	23.736726	CENSORED		cbio_os_status	0
TCGA-42-2588	TCGA-OV	Dead	28.931190	PROGRESSION		cbio_os_status	0
TCGA-42-2589	TCGA-OV	Alive	42.015978	PROGRESSION		cbio_os_status	0
TCGA-42-2590	TCGA-OV	Dead	10.421804	PROGRESSION		cbio_os_status	0
TCGA-42-2591	TCGA-OV	Alive	40.766677	CENSORED		cbio_os_status	0
TCGA-42-2593	TCGA-OV	Dead	1.479436	PROGRESSION		cbio_os_status	0
TCGA-43-2576	TCGA-LUSC	Alive	40.207779	CENSORED		cbio_os_status	0
TCGA-43-2578	TCGA-LUSC	Dead	22.487425	CENSORED		cbio_os_status	0
TCGA-43-2581	TCGA-LUSC	Alive	38.662590	CENSORED		cbio_os_status	0
TCGA-43-3394	TCGA-LUSC	Dead	39.122859	PROGRESSION		cbio_os_status	0
TCGA-43-3920	TCGA-LUSC	Alive	33.106487	CENSORED		cbio_os_status	0
TCGA-43-5668	TCGA-LUSC	Dead	18.377881	PROGRESSION		cbio_os_status	0
TCGA-43-5670	TCGA-LUSC	Alive	27.912023	CENSORED		cbio_os_status	0
TCGA-43-6143	TCGA-LUSC	Alive	22.980570	CENSORED		cbio_os_status	0
TCGA-43-6647	TCGA-LUSC	Alive	24.887398	CENSORED		cbio_os_status	0
TCGA-43-6770	TCGA-LUSC	Alive	21.468258	CENSORED		cbio_os_status	0
TCGA-43-6771	TCGA-LUSC	Dead	5.457474	PROGRESSION		cbio_os_status	0
TCGA-43-6773	TCGA-LUSC	Dead	3.813657	CENSORED		cbio_os_status	0
TCGA-43-7656	TCGA-LUSC	Alive	19.594306	CENSORED		cbio_os_status	0
TCGA-43-7657	TCGA-LUSC	Alive	7.758819	CENSORED		cbio_os_status	0
TCGA-43-7658	TCGA-LUSC	Dead	78.179965	PROGRESSION		cbio_os_status	0
TCGA-43-8115	TCGA-LUSC	Alive	13.380675	CENSORED		cbio_os_status	0
TCGA-43-A474	TCGA-LUSC	Alive	11.605352	CENSORED		cbio_os_status	0
TCGA-43-A475	TCGA-LUSC	Alive	9.731400	CENSORED		cbio_os_status	0
TCGA-43-A56U	TCGA-LUSC	Alive	14.202584	CENSORED		cbio_os_status	0
TCGA-43-A56V	TCGA-LUSC	Alive	12.032745	PROGRESSION		cbio_os_status	0
TCGA-44-2655	TCGA-LUAD	Alive	43.528290	PROGRESSION		cbio_os_status	0
TCGA-44-2656	TCGA-LUAD	Alive	46.980307	PROGRESSION		cbio_os_status	0
TCGA-44-2657	TCGA-LUAD	Alive	44.415952	CENSORED		cbio_os_status	0
TCGA-44-2659	TCGA-LUAD	Alive	44.941973	PROGRESSION		cbio_os_status	0
TCGA-44-2661	TCGA-LUAD	Alive				gdc_vital_status	0
TCGA-44-2662	TCGA-LUAD	Alive	42.081731	PROGRESSION		cbio_os_status	0
TCGA-44-2664	TCGA-LUAD	Alive				gdc_vital_status	0
TCGA-44-2665	TCGA-LUAD	Alive	42.772134	CENSORED		cbio_os_status	0
TCGA-44-2666	TCGA-LUAD	Dead	3.189006	PROGRESSION		cbio_os_status	0
TCGA-44-2668	TCGA-LUAD	Dead	25.018904	PROGRESSION		cbio_os_status	0
TCGA-44-3396	TCGA-LUAD	Alive	37.150278	CENSORED		cbio_os_status	0
TCGA-44-3398	TCGA-LUAD	Alive	38.235197	CENSORED		cbio_os_status	0
TCGA-44-3917	TCGA-LUAD	Alive	38.892724	CENSORED		cbio_os_status	0
TCGA-44-3918	TCGA-LUAD	Alive	34.059901	PROGRESSION		cbio_os_status	0
TCGA-44-3919	TCGA-LUAD	Dead	33.731137	PROGRESSION		cbio_os_status	0
TCGA-44-4112	TCGA-LUAD	Dead	26.564092	PROGRESSION		cbio_os_status	0
TCGA-44-5643	TCGA-LUAD	Alive	33.303745	CENSORED		cbio_os_status	0
TCGA-44-5644	TCGA-LUAD	Alive	28.372292	CENSORED		cbio_os_status	0
TCGA-44-5645	TCGA-LUAD	Alive	28.010652	CENSORED		cbio_os_status	0
TCGA-44-6144	TCGA-LUAD	Alive	23.769603	PROGRESSION		cbio_os_status	0
TCGA-44-6145	TCGA-LUAD	Alive	19.561429	CENSORED		cbio_os_status	0
TCGA-44-6146	TCGA-LUAD	Alive	23.933984	PROGRESSION		cbio_os_status	0
TCGA-44-6147	TCGA-LUAD	Alive				gdc_vital_status	0
TCGA-44-6148	TCGA-LUAD	Alive	23.144952	CENSORED		cbio_os_status	0
TCGA-44-6774	TCGA-LUAD	Alive	21.632640	CENSORED		cbio_os_status	0
TCGA-44-6775	TCGA-LUAD	Alive	23.177828	PROGRESSION		cbio_os_status	0
TCGA-44-6776	TCGA-LUAD	Alive	86.004537	CENSORED		cbio_os_status	0
TCGA-44-6777	TCGA-LUAD	Dead	32.448959	CENSORED		cbio_os_status	0
TCGA-44-6778	TCGA-LUAD	Alive	61.281520	CENSORED		cbio_os_status	0
TCGA-44-6779	TCGA-LUAD	Dead	16.438176	PROGRESSION		cbio_os_status	0
TCGA-44-7659	TCGA-LUAD	Alive	22.717559	CENSORED		cbio_os_status	0
TCGA-44-7660	TCGA-LUAD	Alive	19.462800	PROGRESSION		cbio_os_status	0
TCGA-44-7661	TCGA-LUAD	Dead	18.312128	PROGRESSION		cbio_os_status	0
TCGA-44-7662	TCGA-LUAD	Alive	7.167045	CENSORED		cbio_os_status	0
TCGA-44-7667	TCGA-LUAD	Alive	36.065358	CENSORED		cbio_os_status	0
TCGA-44-7669	TCGA-LUAD	Dead	18.871026	PROGRESSION		cbio_os_status	0
TCGA-44-7670	TCGA-LUAD	Alive	28.996942	CENSORED		cbio_os_status	0
TCGA-44-7671	TCGA-LUAD	Alive	29.227077	PROGRESSION		cbio_os_status	0
TCGA-44-7672	TCGA-LUAD	Alive	23.638097	CENSORED		cbio_os_status	0
TCGA-44-8119	TCGA-LUAD	Alive	9.369760	CENSORED		cbio_os_status	0
TCGA-44-A479	TCGA-LUAD	Alive	15.977907	PROGRESSION		cbio_os_status	0
TCGA-44-A47A	TCGA-LUAD	Alive	15.320380	PROGRESSION		cbio_os_status	0
TCGA-44-A47B	TCGA-LUAD	Alive	9.435513	CENSORED		cbio_os_status	0
TCGA-44-A47F	TCGA-LUAD	Alive	11.079331	CENSORED		cbio_os_status	0
TCGA-44-A47G	TCGA-LUAD	Alive	11.539600	CENSORED		cbio_os_status	0
TCGA-44-A4SS	TCGA-LUAD	Alive	13.643686	CENSORED		cbio_os_status	0
TCGA-44-A4SU	TCGA-LUAD	Dead	13.446428	PROGRESSION		cbio_os_status	0
TCGA-46-3765	TCGA-LUSC	Alive	13.314923	CENSORED		cbio_os_status	0
TCGA-46-3766	TCGA-LUSC	Alive	12.164250	CENSORED		cbio_os_status	0
TCGA-46-3767	TCGA-LUSC	Alive	13.019035	CENSORED		cbio_os_status	0
TCGA-46-3768	TCGA-LUSC	Dead	9.830029	CENSORED		cbio_os_status	0
TCGA-46-3769	TCGA-LUSC	Alive	4.438308	CENSORED		cbio_os_status	0
TCGA-46-6025	TCGA-LUSC	Alive	10.651938	CENSORED		cbio_os_status	0
TCGA-46-6026	TCGA-LUSC	Alive	13.906697	CENSORED		cbio_os_status	0
TCGA-49-4487	TCGA-LUAD	Dead	28.109281	PROGRESSION		cbio_os_status	0
TCGA-49-4488	TCGA-LUAD	Dead	28.569550	PROGRESSION		cbio_os_status	0
TCGA-49-4490	TCGA-LUAD	Dead	12.657396	PROGRESSION		cbio_os_status	0
TCGA-49-4494	TCGA-LUAD	Dead	35.539337	PROGRESSION		cbio_os_status	0
TCGA-49-4501	TCGA-LUAD	Dead	46.717296	PROGRESSION		cbio_os_status	0
TCGA-49-4505	TCGA-LUAD	Dead	14.071079	PROGRESSION		cbio_os_status	0
TCGA-49-4506	TCGA-LUAD	Dead	32.843476	PROGRESSION		cbio_os_status	0
TCGA-49-4507	TCGA-LUAD	Dead	8.810862	PROGRESSION		cbio_os_status	0
TCGA-49-4510	TCGA-LUAD	Dead	29.457211	PROGRESSION		cbio_os_status	0
TCGA-49-4512	TCGA-LUAD	Dead	29.753099	PROGRESSION		cbio_os_status	0
TCGA-49-4514	TCGA-LUAD	Alive	55.889798	CENSORED		cbio_os_status	0
TCGA-49-6742	TCGA-LUAD	Dead	16.043660	PROGRESSION		cbio_os_status	0
TCGA-49-6743	TCGA-LUAD	Alive	53.292567	CENSORED		cbio_os_status	0
TCGA-49-6744	TCGA-LUAD	Alive	55.330900	CENSORED		cbio_os_status	0
TCGA-49-6745	TCGA-LUAD	Alive	17.161456	CENSORED		cbio_os_status	0
TCGA-49-6761	TCGA-LUAD	Alive	11.638229	CENSORED		cbio_os_status	0
TCGA-49-6767	TCGA-LUAD	Alive	22.257290	CENSORED		cbio_os_status	0
TCGA-49-AAQV	TCGA-LUAD	Dead	22.257290	PROGRESSION		cbio_os_status	0
TCGA-49-AAR0	TCGA-LUAD	Alive	156.655817	CENSORED		cbio_os_status	0
TCGA-49-AAR2	TCGA-LUAD	Alive	73.117007	CENSORED		cbio_os_status	0
TCGA-49-AAR3	TCGA-LUAD	Alive	62.234934	PROGRESSION		cbio_os_status	0
TCGA-49-AAR4	TCGA-LUAD	Dead	28.898313	PROGRESSION		cbio_os_status	0
TCGA-49-AAR9	TCGA-LUAD	Dead	8.547852	PROGRESSION		cbio_os_status	0
TCGA-49-AARE	TCGA-LUAD	Dead	40.405037	PROGRESSION		cbio_os_status	0
TCGA-49-AARN	TCGA-LUAD	Dead	37.314660	CENSORED		cbio_os_status	0
TCGA-49-AARO	TCGA-LUAD	Alive	123.582207	PROGRESSION		cbio_os_status	0
TCGA-49-AARQ	TCGA-LUAD	Alive	221.323602	CENSORED		cbio_os_status	0
TCGA-49-AARR	TCGA-LUAD	Alive	164.118749	PROGRESSION		cbio_os_status	0
TCGA-4A-A93W	TCGA-KIRP	Alive	0.131505	CENSORED		cbio_os_status	0
TCGA-4A-A93X	TCGA-KIRP	Alive	12.821777	CENSORED		cbio_os_status	0
TCGA-4A-A93Y	TCGA-KIRP	Alive	11.572476	CENSORED		cbio_os_status	0
TCGA-4B-A93V	TCGA-LUAD	Dead	9.862906	PROGRESSION		cbio_os_status	0
TCGA-4C-A93U	TCGA-THCA	Alive	4.241049	CENSORED		cbio_os_status	0
TCGA-4E-A92E	TCGA-UCEC	Alive	0.427393	CENSORED		cbio_os_status	0
TCGA-4G-AAZO	TCGA-CHOL	Alive	38.695466	PROGRESSION		cbio_os_status	0
TCGA-4G-AAZT	TCGA-CHOL	Alive	13.808068	CENSORED		cbio_os_status	0
TCGA-4H-AAAK	TCGA-BRCA_OTHERS	Alive	11.440971	CENSORED		cbio_os_status	0
TCGA-4J-AA1J	TCGA-CESC	Alive	17.818983	CENSORED		cbio_os_status	0
TCGA-4K-AA1G	TCGA-TGCT	Alive	14.334089	CENSORED		cbio_os_status	0
TCGA-4K-AA1H	TCGA-TGCT	Alive	17.029950	CENSORED		cbio_os_status	0
TCGA-4K-AA1I	TCGA-TGCT	Alive	0.098629	CENSORED		cbio_os_status	0
TCGA-4K-AAAL	TCGA-TGCT	Alive	15.879278	PROGRESSION		cbio_os_status	0
TCGA-4L-AA1F	TCGA-PRAD	Alive	11.506723	CENSORED		cbio_os_status	0
TCGA-4N-A93T	TCGA-COAD	Alive	4.799947	CENSORED		cbio_os_status	0
TCGA-4P-AA8J	TCGA-HNSC	Alive	3.353388	CENSORED		cbio_os_status	0
TCGA-4R-AA8I	TCGA-LIHC	Dead	8.613604	PROGRESSION		cbio_os_status	0
TCGA-4T-AA8H	TCGA-COAD	Alive	12.657396	CENSORED		cbio_os_status	0
TCGA-4V-A9QI	TCGA-THYM	Alive	96.524970	CENSORED		cbio_os_status	0
TCGA-4V-A9QJ	TCGA-THYM	Alive	93.664727	PROGRESSION		cbio_os_status	0
TCGA-4V-A9QL	TCGA-THYM	Alive	62.728080	CENSORED		cbio_os_status	0
TCGA-4V-A9QM	TCGA-THYM	Alive	41.194069	CENSORED		cbio_os_status	0
TCGA-4V-A9QN	TCGA-THYM	Alive	31.890061	PROGRESSION		cbio_os_status	0
TCGA-4V-A9QQ	TCGA-THYM	Alive	51.681625	PROGRESSION		cbio_os_status	0
TCGA-4V-A9QR	TCGA-THYM	Alive	25.643555	CENSORED		cbio_os_status	0
TCGA-4V-A9QS	TCGA-THYM	Alive	25.446296	PROGRESSION		cbio_os_status	0
TCGA-4V-A9QT	TCGA-THYM	Alive	26.728474	CENSORED		cbio_os_status	0
TCGA-4V-A9QU	TCGA-THYM	Alive	20.613473	CENSORED		cbio_os_status	0
TCGA-4V-A9QW	TCGA-THYM	Alive	20.712102	CENSORED		cbio_os_status	0
TCGA-4V-A9QX	TCGA-THYM	Alive	14.268337	CENSORED		cbio_os_status	0
TCGA-4W-AA9R	TCGA-GBM	Alive	4.076668	CENSORED		cbio_os_status	0
TCGA-4W-AA9S	TCGA-GBM	Alive	1.446559	CENSORED		cbio_os_status	0
TCGA-4W-AA9T	TCGA-GBM	Alive	25.577802	PROGRESSION		cbio_os_status	0
TCGA-4X-A9F9	TCGA-THYM	Alive	21.994280	CENSORED		cbio_os_status	0
TCGA-4X-A9FA	TCGA-THYM	Alive	12.887530	CENSORED		cbio_os_status	0
TCGA-4X-A9FB	TCGA-THYM	Alive	23.572344	CENSORED		cbio_os_status	0
TCGA-4X-A9FC	TCGA-THYM	Alive	68.119801	CENSORED		cbio_os_status	0
TCGA-4X-A9FD	TCGA-THYM	Alive	49.413157	CENSORED		cbio_os_status	0
TCGA-4Z-AA7M	TCGA-BLCA	Alive	16.273794	CENSORED		cbio_os_status	0
TCGA-4Z-AA7N	TCGA-BLCA	Dead	44.941973	CENSORED		cbio_os_status	0
TCGA-4Z-AA7O	TCGA-BLCA	Alive	16.832692	CENSORED		cbio_os_status	0
TCGA-4Z-AA7Q	TCGA-BLCA	Dead	16.766940	CENSORED		cbio_os_status	0
TCGA-4Z-AA7R	TCGA-BLCA	Dead	17.161456	PROGRESSION		cbio_os_status	0
TCGA-4Z-AA7S	TCGA-BLCA	Dead	34.980439	CENSORED		cbio_os_status	0
TCGA-4Z-AA7W	TCGA-BLCA	Alive	27.616136	PROGRESSION		cbio_os_status	0
TCGA-4Z-AA7Y	TCGA-BLCA	Alive	50.037808	CENSORED		cbio_os_status	0
TCGA-4Z-AA80	TCGA-BLCA	Dead	0.624651	CENSORED		cbio_os_status	0
TCGA-4Z-AA81	TCGA-BLCA	Dead	41.752967	CENSORED		cbio_os_status	0
TCGA-4Z-AA82	TCGA-BLCA	Dead	51.155604	PROGRESSION		cbio_os_status	0
TCGA-4Z-AA83	TCGA-BLCA	Alive	66.541737	CENSORED		cbio_os_status	0
TCGA-4Z-AA84	TCGA-BLCA	Alive	15.123122	CENSORED		cbio_os_status	0
TCGA-4Z-AA86	TCGA-BLCA	Dead	10.224545	PROGRESSION		cbio_os_status	0
TCGA-4Z-AA87	TCGA-BLCA	Alive	47.802216	PROGRESSION		cbio_os_status	0
TCGA-4Z-AA89	TCGA-BLCA	Alive	33.829766	PROGRESSION		cbio_os_status	0
TCGA-50-5044	TCGA-LUAD	Dead	20.514844	PROGRESSION		cbio_os_status	0
TCGA-50-5045	TCGA-LUAD	Dead	71.473189	PROGRESSION		cbio_os_status	0
TCGA-50-5055	TCGA-LUAD	Dead	60.163724	PROGRESSION		cbio_os_status	0
TCGA-50-5066	TCGA-LUAD	Alive	47.407700	PROGRESSION		cbio_os_status	0
TCGA-50-5068	TCGA-LUAD	Dead	49.281652	PROGRESSION		cbio_os_status	0
TCGA-50-5931	TCGA-LUAD	Dead	14.268337	PROGRESSION		cbio_os_status	0
TCGA-50-5939	TCGA-LUAD	Dead	15.123122	CENSORED		cbio_os_status	0
TCGA-50-5942	TCGA-LUAD	Alive	60.722622	PROGRESSION		cbio_os_status	0
TCGA-50-5946	TCGA-LUAD	Alive	53.161061	PROGRESSION		cbio_os_status	0
TCGA-50-6590	TCGA-LUAD	Dead	42.344741	CENSORED		cbio_os_status	0
TCGA-50-6591	TCGA-LUAD	Dead	3.912286	PROGRESSION		cbio_os_status	0
TCGA-50-6593	TCGA-LUAD	Dead	11.046454	PROGRESSION		cbio_os_status	0
TCGA-50-6594	TCGA-LUAD	Dead	12.164250	PROGRESSION		cbio_os_status	0
TCGA-50-6597	TCGA-LUAD	Dead	41.687214	CENSORED		cbio_os_status	0
TCGA-50-6673	TCGA-LUAD	Dead	0.723280	CENSORED		cbio_os_status	0
TCGA-50-7109	TCGA-LUAD	Dead	10.125916	PROGRESSION		cbio_os_status	0
TCGA-50-8457	TCGA-LUAD	Alive	36.985896	CENSORED		cbio_os_status	0
TCGA-50-8459	TCGA-LUAD	Alive	36.788638	PROGRESSION		cbio_os_status	0
TCGA-51-4079	TCGA-LUSC	Dead	0.394516	CENSORED		cbio_os_status	0
TCGA-51-4080	TCGA-LUSC	Dead	0.394516	CENSORED		cbio_os_status	0
TCGA-51-4081	TCGA-LUSC	Alive	29.950357	CENSORED		cbio_os_status	0
TCGA-51-6867	TCGA-LUSC	Dead				gdc_vital_status	0
TCGA-52-7622	TCGA-LUSC	Alive	28.339415	CENSORED		cbio_os_status	0
TCGA-52-7809	TCGA-LUSC	Dead	5.457474	PROGRESSION		cbio_os_status	0
TCGA-52-7810	TCGA-LUSC	Alive	30.344873	CENSORED		cbio_os_status	0
TCGA-52-7811	TCGA-LUSC	Dead	8.745110	PROGRESSION		cbio_os_status	0
TCGA-52-7812	TCGA-LUSC	Dead	27.451754	PROGRESSION		cbio_os_status	0
TCGA-53-7624	TCGA-LUAD	Dead	34.290035	PROGRESSION		cbio_os_status	0
TCGA-53-7626	TCGA-LUAD	Dead	30.542131	PROGRESSION		cbio_os_status	0
TCGA-53-7813	TCGA-LUAD	Alive	13.939573	CENSORED		cbio_os_status	0
TCGA-53-A4EZ	TCGA-LUAD	Alive	35.210573	CENSORED		cbio_os_status	0
TCGA-55-1592	TCGA-LUAD	Dead	23.046323	PROGRESSION		cbio_os_status	0
TCGA-55-1594	TCGA-LUAD	Alive	38.728343	CENSORED		cbio_os_status	0
TCGA-55-1595	TCGA-LUAD	Alive	48.624125	CENSORED		cbio_os_status	0
TCGA-55-1596	TCGA-LUAD	Alive	67.889667	CENSORED		cbio_os_status	0
TCGA-55-5899	TCGA-LUAD	Alive	30.575007	CENSORED		cbio_os_status	0
TCGA-55-6543	TCGA-LUAD	Alive	14.301213	CENSORED		cbio_os_status	0
TCGA-55-6642	TCGA-LUAD	Alive	80.514186	CENSORED		cbio_os_status	0
TCGA-55-6712	TCGA-LUAD	Dead	5.621856	PROGRESSION		cbio_os_status	0
TCGA-55-6968	TCGA-LUAD	Dead	42.509123	PROGRESSION		cbio_os_status	0
TCGA-55-6969	TCGA-LUAD	Alive	40.733800	CENSORED		cbio_os_status	0
TCGA-55-6970	TCGA-LUAD	Dead	15.254627	PROGRESSION		cbio_os_status	0
TCGA-55-6971	TCGA-LUAD	Alive	46.026893	CENSORED		cbio_os_status	0
TCGA-55-6972	TCGA-LUAD	Dead	53.654207	CENSORED		cbio_os_status	0
TCGA-55-6975	TCGA-LUAD	Dead	3.879410	PROGRESSION		cbio_os_status	0
TCGA-55-6978	TCGA-LUAD	Dead	5.786238	PROGRESSION		cbio_os_status	0
TCGA-55-6979	TCGA-LUAD	Dead	7.791695	PROGRESSION		cbio_os_status	0
TCGA-55-6980	TCGA-LUAD	Alive	69.336226	CENSORED		cbio_os_status	0
TCGA-55-6981	TCGA-LUAD	Dead	45.336489	CENSORED		cbio_os_status	0
TCGA-55-6982	TCGA-LUAD	Dead	32.711970	PROGRESSION		cbio_os_status	0
TCGA-55-6983	TCGA-LUAD	Alive	92.809942	CENSORED		cbio_os_status	0
TCGA-55-6984	TCGA-LUAD	Dead	24.986028	PROGRESSION		cbio_os_status	0
TCGA-55-6985	TCGA-LUAD	Alive	40.536542	CENSORED		cbio_os_status	0
TCGA-55-6986	TCGA-LUAD	Alive	107.209784	CENSORED		cbio_os_status	0
TCGA-55-6987	TCGA-LUAD	Alive	70.256764	CENSORED		cbio_os_status	0
TCGA-55-7227	TCGA-LUAD	Dead	31.298287	PROGRESSION		cbio_os_status	0
TCGA-55-7281	TCGA-LUAD	Alive	28.668179	PROGRESSION		cbio_os_status	0
TCGA-55-7283	TCGA-LUAD	Alive	20.021698	CENSORED		cbio_os_status	0
TCGA-55-7284	TCGA-LUAD	Dead	7.988954	PROGRESSION		cbio_os_status	0
TCGA-55-7570	TCGA-LUAD	Alive	27.090114	CENSORED		cbio_os_status	0
TCGA-55-7573	TCGA-LUAD	Alive	16.010783	CENSORED		cbio_os_status	0
TCGA-55-7574	TCGA-LUAD	Dead	32.711970	PROGRESSION		cbio_os_status	0
TCGA-55-7576	TCGA-LUAD	Alive	22.027156	CENSORED		cbio_os_status	0
TCGA-55-7724	TCGA-LUAD	Alive	23.177828	CENSORED		cbio_os_status	0
TCGA-55-7725	TCGA-LUAD	Alive	14.531348	CENSORED		cbio_os_status	0
TCGA-55-7726	TCGA-LUAD	Alive	21.435382	CENSORED		cbio_os_status	0
TCGA-55-7727	TCGA-LUAD	Alive	3.912286	CENSORED		cbio_os_status	0
TCGA-55-7728	TCGA-LUAD	Alive	23.144952	CENSORED		cbio_os_status	0
TCGA-55-7815	TCGA-LUAD	Alive	25.413420	PROGRESSION		cbio_os_status	0
TCGA-55-7816	TCGA-LUAD	Dead	15.386133	PROGRESSION		cbio_os_status	0
TCGA-55-7903	TCGA-LUAD	Alive	18.640892	CENSORED		cbio_os_status	0
TCGA-55-7907	TCGA-LUAD	Dead	11.276589	PROGRESSION		cbio_os_status	0
TCGA-55-7910	TCGA-LUAD	Alive	34.191406	PROGRESSION		cbio_os_status	0
TCGA-55-7911	TCGA-LUAD	Alive	17.654601	PROGRESSION		cbio_os_status	0
TCGA-55-7913	TCGA-LUAD	Dead	18.443633	PROGRESSION		cbio_os_status	0
TCGA-55-7914	TCGA-LUAD	Dead	6.147878	PROGRESSION		cbio_os_status	0
TCGA-55-7994	TCGA-LUAD	Alive	19.824440	CENSORED		cbio_os_status	0
TCGA-55-7995	TCGA-LUAD	Alive	29.227077	PROGRESSION		cbio_os_status	0
TCGA-55-8085	TCGA-LUAD	Alive	29.720222	CENSORED		cbio_os_status	0
TCGA-55-8087	TCGA-LUAD	Alive	15.188875	CENSORED		cbio_os_status	0
TCGA-55-8089	TCGA-LUAD	Dead	23.079199	CENSORED		cbio_os_status	0
TCGA-55-8090	TCGA-LUAD	Dead	19.660059	PROGRESSION		cbio_os_status	0
TCGA-55-8091	TCGA-LUAD	Alive	19.725811	CENSORED		cbio_os_status	0
TCGA-55-8092	TCGA-LUAD	Dead	5.062958	PROGRESSION		cbio_os_status	0
TCGA-55-8094	TCGA-LUAD	Alive	17.786106	CENSORED		cbio_os_status	0
TCGA-55-8096	TCGA-LUAD	Dead	23.638097	PROGRESSION		cbio_os_status	0
TCGA-55-8097	TCGA-LUAD	Alive	15.649144	CENSORED		cbio_os_status	0
TCGA-55-8203	TCGA-LUAD	Alive	17.983365	CENSORED		cbio_os_status	0
TCGA-55-8204	TCGA-LUAD	Alive	16.931321	CENSORED		cbio_os_status	0
TCGA-55-8205	TCGA-LUAD	Alive	19.692935	PROGRESSION		cbio_os_status	0
TCGA-55-8206	TCGA-LUAD	Alive	29.194201	CENSORED		cbio_os_status	0
TCGA-55-8207	TCGA-LUAD	Alive	32.120196	CENSORED		cbio_os_status	0
TCGA-55-8208	TCGA-LUAD	Alive	22.158661	PROGRESSION		cbio_os_status	0
TCGA-55-8299	TCGA-LUAD	Dead	15.419009	PROGRESSION		cbio_os_status	0
TCGA-55-8301	TCGA-LUAD	Alive	17.555972	PROGRESSION		cbio_os_status	0
TCGA-55-8302	TCGA-LUAD	Alive	15.714896	CENSORED		cbio_os_status	0
TCGA-55-8505	TCGA-LUAD	Alive	14.465595	CENSORED		cbio_os_status	0
TCGA-55-8506	TCGA-LUAD	Alive	0.361640	CENSORED		cbio_os_status	0
TCGA-55-8507	TCGA-LUAD	Alive	13.742315	CENSORED		cbio_os_status	0
TCGA-55-8508	TCGA-LUAD	Alive	20.284709	CENSORED		cbio_os_status	0
TCGA-55-8510	TCGA-LUAD	Alive	17.720354	CENSORED		cbio_os_status	0
TCGA-55-8511	TCGA-LUAD	Alive	18.147746	PROGRESSION		cbio_os_status	0
TCGA-55-8512	TCGA-LUAD	Dead	19.955946	PROGRESSION		cbio_os_status	0
TCGA-55-8513	TCGA-LUAD	Alive	26.005194	PROGRESSION		cbio_os_status	0
TCGA-55-8514	TCGA-LUAD	Alive	17.095703	CENSORED		cbio_os_status	0
TCGA-55-8614	TCGA-LUAD	Alive	17.621725	CENSORED		cbio_os_status	0
TCGA-55-8615	TCGA-LUAD	Alive	14.662853	PROGRESSION		cbio_os_status	0
TCGA-55-8616	TCGA-LUAD	Alive	1.578065	CENSORED		cbio_os_status	0
TCGA-55-8619	TCGA-LUAD	Alive	13.676562	CENSORED		cbio_os_status	0
TCGA-55-8620	TCGA-LUAD	Dead	12.328632	PROGRESSION		cbio_os_status	0
TCGA-55-8621	TCGA-LUAD	Alive	16.931321	CENSORED		cbio_os_status	0
TCGA-55-A48X	TCGA-LUAD	Alive	22.651807	PROGRESSION		cbio_os_status	0
TCGA-55-A48Y	TCGA-LUAD	Alive	20.712102	CENSORED		cbio_os_status	0
TCGA-55-A48Z	TCGA-LUAD	Alive	21.402505	PROGRESSION		cbio_os_status	0
TCGA-55-A490	TCGA-LUAD	Dead	3.254759	CENSORED		cbio_os_status	0
TCGA-55-A491	TCGA-LUAD	Alive	20.580596	CENSORED		cbio_os_status	0
TCGA-55-A492	TCGA-LUAD	Alive	19.594306	CENSORED		cbio_os_status	0
TCGA-55-A493	TCGA-LUAD	Alive	0.920538	CENSORED		cbio_os_status	0
TCGA-55-A494	TCGA-LUAD	Alive	15.813525	CENSORED		cbio_os_status	0
TCGA-55-A4DF	TCGA-LUAD	Dead	20.186080	PROGRESSION		cbio_os_status	0
TCGA-55-A4DG	TCGA-LUAD	Alive	19.988822	CENSORED		cbio_os_status	0
TCGA-55-A57B	TCGA-LUAD	Alive	17.950488	CENSORED		cbio_os_status	0
TCGA-56-1622	TCGA-LUSC	Dead	28.964066	PROGRESSION		cbio_os_status	0
TCGA-56-5897	TCGA-LUSC	Alive	12.427261	CENSORED		cbio_os_status	0
TCGA-56-5898	TCGA-LUSC	Alive	18.246375	CENSORED		cbio_os_status	0
TCGA-56-6545	TCGA-LUSC	Alive	21.895650	CENSORED		cbio_os_status	0
TCGA-56-6546	TCGA-LUSC	Alive		CENSORED		cbio_os_status	0
TCGA-56-7221	TCGA-LUSC	Alive	19.988822	CENSORED		cbio_os_status	0
TCGA-56-7222	TCGA-LUSC	Dead	18.476510	PROGRESSION		cbio_os_status	0
TCGA-56-7223	TCGA-LUSC	Dead	14.531348	PROGRESSION		cbio_os_status	0
TCGA-56-7579	TCGA-LUSC	Dead	31.265411	PROGRESSION		cbio_os_status	0
TCGA-56-7580	TCGA-LUSC	Alive	30.410626	CENSORED		cbio_os_status	0
TCGA-56-7582	TCGA-LUSC	Alive	19.758688	CENSORED		cbio_os_status	0
TCGA-56-7730	TCGA-LUSC	Dead	6.509518	PROGRESSION		cbio_os_status	0
TCGA-56-7731	TCGA-LUSC	Dead	0.098629	CENSORED		cbio_os_status	0
TCGA-56-7822	TCGA-LUSC	Dead	17.490219	PROGRESSION		cbio_os_status	0
TCGA-56-7823	TCGA-LUSC	Alive	33.237992	CENSORED		cbio_os_status	0
TCGA-56-8082	TCGA-LUSC	Alive	14.958740	CENSORED		cbio_os_status	0
TCGA-56-8083	TCGA-LUSC	Alive	4.931453	CENSORED		cbio_os_status	0
TCGA-56-8201	TCGA-LUSC	Dead	13.051912	PROGRESSION		cbio_os_status	0
TCGA-56-8304	TCGA-LUSC	Alive	3.484893	CENSORED		cbio_os_status	0
TCGA-56-8305	TCGA-LUSC	Alive	3.452017	CENSORED		cbio_os_status	0
TCGA-56-8307	TCGA-LUSC	Alive	26.892856	CENSORED		cbio_os_status	0
TCGA-56-8308	TCGA-LUSC	Alive	16.997074	CENSORED		cbio_os_status	0
TCGA-56-8309	TCGA-LUSC	Alive	14.071079	CENSORED		cbio_os_status	0
TCGA-56-8503	TCGA-LUSC	Alive	1.347930	CENSORED		cbio_os_status	0
TCGA-56-8504	TCGA-LUSC	Alive	16.766940	CENSORED		cbio_os_status	0
TCGA-56-8622	TCGA-LUSC	Alive	1.808199	CENSORED		cbio_os_status	0
TCGA-56-8623	TCGA-LUSC	Dead	22.750436	PROGRESSION		cbio_os_status	0
TCGA-56-8624	TCGA-LUSC	Alive	13.808068	CENSORED		cbio_os_status	0
TCGA-56-8625	TCGA-LUSC	Dead	10.356051	PROGRESSION		cbio_os_status	0
TCGA-56-8626	TCGA-LUSC	Dead	9.928658	CENSORED		cbio_os_status	0
TCGA-56-8628	TCGA-LUSC	Alive	20.251833	CENSORED		cbio_os_status	0
TCGA-56-8629	TCGA-LUSC	Alive	15.813525	CENSORED		cbio_os_status	0
TCGA-56-A49D	TCGA-LUSC	Alive	20.942236	CENSORED		cbio_os_status	0
TCGA-56-A4BW	TCGA-LUSC	Alive	19.232666	CENSORED		cbio_os_status	0
TCGA-56-A4BX	TCGA-LUSC	Alive	13.314923	CENSORED		cbio_os_status	0
TCGA-56-A4BY	TCGA-LUSC	Dead	17.851859	PROGRESSION		cbio_os_status	0
TCGA-56-A4ZJ	TCGA-LUSC	Alive	21.040865	CENSORED		cbio_os_status	0
TCGA-56-A4ZK	TCGA-LUSC	Alive	18.739521	CENSORED		cbio_os_status	0
TCGA-56-A5DR	TCGA-LUSC	Alive	0.131505	CENSORED		cbio_os_status	0
TCGA-56-A5DS	TCGA-LUSC	Alive	0.263011	CENSORED		cbio_os_status	0
TCGA-56-A62T	TCGA-LUSC	Alive	14.465595	CENSORED		cbio_os_status	0
TCGA-57-1582	TCGA-OV	Dead	24.032613	PROGRESSION		cbio_os_status	0
TCGA-57-1583	TCGA-OV	Dead	11.375218	PROGRESSION		cbio_os_status	0
TCGA-57-1585	TCGA-OV	Dead	1.742447	PROGRESSION		cbio_os_status	0
TCGA-57-1586	TCGA-OV	Alive	22.323043	PROGRESSION		cbio_os_status	0
TCGA-57-1992	TCGA-OV	Alive	28.996942	CENSORED		cbio_os_status	0
TCGA-57-1993	TCGA-OV	Alive	25.084657	CENSORED		cbio_os_status	0
TCGA-57-1994	TCGA-OV	Alive	25.018904	CENSORED		cbio_os_status	0
TCGA-58-A46J	TCGA-LUSC	Alive	85.116875	CENSORED		cbio_os_status	0
TCGA-58-A46K	TCGA-LUSC	Dead	34.355788	PROGRESSION		cbio_os_status	0
TCGA-58-A46L	TCGA-LUSC	Alive	56.645955	CENSORED		cbio_os_status	0
TCGA-58-A46M	TCGA-LUSC	Alive	35.243449	CENSORED		cbio_os_status	0
TCGA-58-A46N	TCGA-LUSC	Alive	29.917480	PROGRESSION		cbio_os_status	0
TCGA-59-A5PD	TCGA-OV	Dead	20.514844	PROGRESSION		cbio_os_status	0
TCGA-5B-A90C	TCGA-UCEC	Alive	39.517375	PROGRESSION		cbio_os_status	0
TCGA-5C-A9VG	TCGA-LIHC	Alive	10.783443	CENSORED		cbio_os_status	0
TCGA-5C-A9VH	TCGA-LIHC	Alive	10.586185	CENSORED		cbio_os_status	0
TCGA-5C-AAPD	TCGA-LIHC	Alive	0.657527	CENSORED		cbio_os_status	0
TCGA-5G-A9ZZ	TCGA-THYM	Alive	27.451754	CENSORED		cbio_os_status	0
TCGA-5K-AAAP	TCGA-THYM	Alive	34.651675	CENSORED		cbio_os_status	0
TCGA-5L-AAT0	TCGA-BRCA_OTHERS	Alive	48.558372	CENSORED		cbio_os_status	0
TCGA-5L-AAT1	TCGA-BRCA_OTHERS	Alive				gdc_vital_status	0
TCGA-5M-AAT4	TCGA-COAD	Dead	1.610941	PROGRESSION		cbio_os_status	0
TCGA-5M-AAT5	TCGA-COAD	Unknown				missing	0
TCGA-5M-AAT6	TCGA-COAD	Dead	9.534142	PROGRESSION		cbio_os_status	0
TCGA-5M-AATE	TCGA-COAD	Alive	39.451622	PROGRESSION		cbio_os_status	0
TCGA-5N-A9KI	TCGA-BLCA	Dead	2.498603	CENSORED		cbio_os_status	0
TCGA-5N-A9KM	TCGA-BLCA	Dead	17.424467	PROGRESSION		cbio_os_status	0
TCGA-5P-A9JU	TCGA-KIRP	Alive	12.262879	CENSORED		cbio_os_status	0
TCGA-5P-A9JV	TCGA-KIRP	Alive	67.166387	CENSORED		cbio_os_status	0
TCGA-5P-A9JW	TCGA-KIRP	Alive	106.552257	PROGRESSION		cbio_os_status	0
TCGA-5P-A9JY	TCGA-KIRP	Dead	49.577539	CENSORED		cbio_os_status	0
TCGA-5P-A9JZ	TCGA-KIRP	Alive	90.212710	CENSORED		cbio_os_status	0
TCGA-5P-A9K0	TCGA-KIRP	Alive	22.257290	CENSORED		cbio_os_status	0
TCGA-5P-A9K2	TCGA-KIRP	Alive	78.640234	CENSORED		cbio_os_status	0
TCGA-5P-A9K3	TCGA-KIRP	Dead	15.484762	PROGRESSION		cbio_os_status	0
TCGA-5P-A9K4	TCGA-KIRP	Alive	71.801953	CENSORED		cbio_os_status	0
TCGA-5P-A9K6	TCGA-KIRP	Alive	62.925338	CENSORED		cbio_os_status	0
TCGA-5P-A9K8	TCGA-KIRP	Alive	43.035145	CENSORED		cbio_os_status	0
TCGA-5P-A9K9	TCGA-KIRP	Dead	19.364171	PROGRESSION		cbio_os_status	0
TCGA-5P-A9KE	TCGA-KIRP	Alive	27.090114	CENSORED		cbio_os_status	0
TCGA-5P-A9KF	TCGA-KIRP	Unknown				missing	0
TCGA-5P-A9KH	TCGA-KIRP	Alive	67.429398	CENSORED		cbio_os_status	0
TCGA-5R-AA1C	TCGA-LIHC	Alive	17.095703	CENSORED		cbio_os_status	0
TCGA-5R-AA1D	TCGA-LIHC	Alive	14.761482	CENSORED		cbio_os_status	0
TCGA-5R-AAAM	TCGA-LIHC	Dead	1.512312	CENSORED		cbio_os_status	0
TCGA-5S-A9Q8	TCGA-UCEC	Alive	10.290298	CENSORED		cbio_os_status	0
TCGA-5T-A9QA	TCGA-BRCA_IDC	Alive	9.961535	CENSORED		cbio_os_status	0
TCGA-5U-AB0D	TCGA-THYM	Alive	23.473715	CENSORED		cbio_os_status	0
TCGA-5U-AB0E	TCGA-THYM	Alive	22.586054	CENSORED		cbio_os_status	0
TCGA-5U-AB0F	TCGA-THYM	Alive	15.090246	CENSORED		cbio_os_status	0
TCGA-5V-A9RR	TCGA-THYM	Alive	27.188743	CENSORED		cbio_os_status	0
TCGA-5X-AA5U	TCGA-OV	Alive	11.868363	CENSORED		cbio_os_status	0
TCGA-60-2695	TCGA-LUSC	Alive	21.106618	CENSORED		cbio_os_status	0
TCGA-60-2696	TCGA-LUSC	Dead				gdc_vital_status	0
TCGA-60-2697	TCGA-LUSC	Dead	12.230003	PROGRESSION		cbio_os_status	0
TCGA-60-2698	TCGA-LUSC	Dead	10.224545	PROGRESSION		cbio_os_status	0
TCGA-60-2703	TCGA-LUSC	Dead	96.820857	PROGRESSION		cbio_os_status	0
TCGA-60-2704	TCGA-LUSC	Dead	37.939310	PROGRESSION		cbio_os_status	0
TCGA-60-2706	TCGA-LUSC	Alive	92.711313	CENSORED		cbio_os_status	0
TCGA-60-2707	TCGA-LUSC	Dead	21.928527	PROGRESSION		cbio_os_status	0
TCGA-60-2708	TCGA-LUSC	Alive	80.448433	CENSORED		cbio_os_status	0
TCGA-60-2709	TCGA-LUSC	Alive	49.478910	CENSORED		cbio_os_status	0
TCGA-60-2710	TCGA-LUSC	Alive	66.541737	CENSORED		cbio_os_status	0
TCGA-60-2711	TCGA-LUSC	Alive	41.424204	CENSORED		cbio_os_status	0
TCGA-60-2712	TCGA-LUSC	Dead				gdc_vital_status	0
TCGA-60-2713	TCGA-LUSC	Alive	56.908965	PROGRESSION		cbio_os_status	0
TCGA-60-2714	TCGA-LUSC	Alive	50.333695	CENSORED		cbio_os_status	0
TCGA-60-2715	TCGA-LUSC	Dead				gdc_vital_status	0
TCGA-60-2716	TCGA-LUSC	Alive	48.492619	CENSORED		cbio_os_status	0
TCGA-60-2719	TCGA-LUSC	Alive	42.640629	CENSORED		cbio_os_status	0
TCGA-60-2720	TCGA-LUSC	Alive	3.189006	CENSORED		cbio_os_status	0
TCGA-60-2721	TCGA-LUSC	Alive	32.317454	CENSORED		cbio_os_status	0
TCGA-60-2722	TCGA-LUSC	Alive	29.851728	PROGRESSION		cbio_os_status	0
TCGA-60-2723	TCGA-LUSC	Alive	35.900976	CENSORED		cbio_os_status	0
TCGA-60-2724	TCGA-LUSC	Alive	23.572344	CENSORED		cbio_os_status	0
TCGA-60-2725	TCGA-LUSC	Alive	26.827103	CENSORED		cbio_os_status	0
TCGA-60-2726	TCGA-LUSC	Dead	11.769734	CENSORED		cbio_os_status	0
TCGA-62-A46O	TCGA-LUAD	Dead	47.802216	PROGRESSION		cbio_os_status	0
TCGA-62-A46P	TCGA-LUAD	Dead	19.528553	PROGRESSION		cbio_os_status	0
TCGA-62-A46R	TCGA-LUAD	Dead	56.711707	CENSORED		cbio_os_status	0
TCGA-62-A46S	TCGA-LUAD	Dead	54.344610	PROGRESSION		cbio_os_status	0
TCGA-62-A46U	TCGA-LUAD	Alive	67.955420	CENSORED		cbio_os_status	0
TCGA-62-A46V	TCGA-LUAD	Alive	72.295098	CENSORED		cbio_os_status	0
TCGA-62-A470	TCGA-LUAD	Dead	39.254364	PROGRESSION		cbio_os_status	0
TCGA-62-A471	TCGA-LUAD	Alive	40.963935	CENSORED		cbio_os_status	0
TCGA-62-A472	TCGA-LUAD	Alive	29.917480	PROGRESSION		cbio_os_status	0
TCGA-63-5128	TCGA-LUSC	Dead		PROGRESSION		cbio_os_status	0
TCGA-63-5131	TCGA-LUSC	Dead		CENSORED		cbio_os_status	0
TCGA-63-6202	TCGA-LUSC	Alive	52.667916	CENSORED		cbio_os_status	0
TCGA-63-7020	TCGA-LUSC	Alive	70.125259	CENSORED		cbio_os_status	0
TCGA-63-7021	TCGA-LUSC	Alive	70.421146	PROGRESSION		cbio_os_status	0
TCGA-63-7022	TCGA-LUSC	Alive	68.152678	CENSORED		cbio_os_status	0
TCGA-63-7023	TCGA-LUSC	Alive	55.298024	CENSORED		cbio_os_status	0
TCGA-63-A5M9	TCGA-LUSC	Alive	0.000000	CENSORED		cbio_os_status	0
TCGA-63-A5MB	TCGA-LUSC	Alive	102.672847	CENSORED		cbio_os_status	0
TCGA-63-A5MG	TCGA-LUSC	Alive	70.618404	CENSORED		cbio_os_status	0
TCGA-63-A5MH	TCGA-LUSC	Alive	66.607489	CENSORED		cbio_os_status	0
TCGA-63-A5MI	TCGA-LUSC	Alive	58.651412	CENSORED		cbio_os_status	0
TCGA-63-A5MJ	TCGA-LUSC	Alive	59.966466	CENSORED		cbio_os_status	0
TCGA-63-A5ML	TCGA-LUSC	Alive	45.566624	CENSORED		cbio_os_status	0
TCGA-63-A5MM	TCGA-LUSC	Dead	14.991617	PROGRESSION		cbio_os_status	0
TCGA-63-A5MN	TCGA-LUSC	Dead	11.342341	PROGRESSION		cbio_os_status	0
TCGA-63-A5MP	TCGA-LUSC	Alive	25.281915	PROGRESSION		cbio_os_status	0
TCGA-63-A5MR	TCGA-LUSC	Alive	89.292172	CENSORED		cbio_os_status	0
TCGA-63-A5MS	TCGA-LUSC	Alive	78.278594	CENSORED		cbio_os_status	0
TCGA-63-A5MT	TCGA-LUSC	Alive	16.372423	PROGRESSION		cbio_os_status	0
TCGA-63-A5MU	TCGA-LUSC	Dead		PROGRESSION		cbio_os_status	0
TCGA-63-A5MV	TCGA-LUSC	Alive	36.163987	CENSORED		cbio_os_status	0
TCGA-63-A5MW	TCGA-LUSC	Alive	53.884341	CENSORED		cbio_os_status	0
TCGA-63-A5MY	TCGA-LUSC	Alive	34.585922	CENSORED		cbio_os_status	0
TCGA-64-1676	TCGA-LUAD	Alive	56.810336	CENSORED		cbio_os_status	0
TCGA-64-1677	TCGA-LUAD	Dead	20.646349	PROGRESSION		cbio_os_status	0
TCGA-64-1678	TCGA-LUAD	Alive	39.089983	CENSORED		cbio_os_status	0
TCGA-64-1679	TCGA-LUAD	Alive	81.796364	CENSORED		cbio_os_status	0
TCGA-64-1680	TCGA-LUAD	Alive	37.018772	CENSORED		cbio_os_status	0
TCGA-64-1681	TCGA-LUAD	Dead	38.366703	PROGRESSION		cbio_os_status	0
TCGA-64-5774	TCGA-LUAD	Alive	87.977118	PROGRESSION		cbio_os_status	0
TCGA-64-5775	TCGA-LUAD	Dead	2.038334	PROGRESSION		cbio_os_status	0
TCGA-64-5778	TCGA-LUAD	Alive	42.903639	PROGRESSION		cbio_os_status	0
TCGA-64-5779	TCGA-LUAD	Alive	28.405168	PROGRESSION		cbio_os_status	0
TCGA-64-5781	TCGA-LUAD	Alive	51.254233	PROGRESSION		cbio_os_status	0
TCGA-64-5815	TCGA-LUAD	Alive	28.470921	CENSORED		cbio_os_status	0
TCGA-66-2727	TCGA-LUSC	Dead	16.964198	CENSORED		cbio_os_status	0
TCGA-66-2734	TCGA-LUSC	Alive	43.100898	CENSORED		cbio_os_status	0
TCGA-66-2737	TCGA-LUSC	Alive	2.005457	CENSORED		cbio_os_status	0
TCGA-66-2742	TCGA-LUSC	Alive	21.073742	CENSORED		cbio_os_status	0
TCGA-66-2744	TCGA-LUSC	Alive	0.986291	CENSORED		cbio_os_status	0
TCGA-66-2753	TCGA-LUSC	Alive	1.019167	CENSORED		cbio_os_status	0
TCGA-66-2754	TCGA-LUSC	Alive	2.005457	CENSORED		cbio_os_status	0
TCGA-66-2755	TCGA-LUSC	Alive	0.920538	CENSORED		cbio_os_status	0
TCGA-66-2756	TCGA-LUSC	Alive	0.986291	CENSORED		cbio_os_status	0
TCGA-66-2757	TCGA-LUSC	Dead	43.988559	PROGRESSION		cbio_os_status	0
TCGA-66-2758	TCGA-LUSC	Alive	21.007989	CENSORED		cbio_os_status	0
TCGA-66-2759	TCGA-LUSC	Alive	25.051780	CENSORED		cbio_os_status	0
TCGA-66-2763	TCGA-LUSC	Alive	0.986291	CENSORED		cbio_os_status	0
TCGA-66-2765	TCGA-LUSC	Alive	2.005457	CENSORED		cbio_os_status	0
TCGA-66-2766	TCGA-LUSC	Alive	1.019167	CENSORED		cbio_os_status	0
TCGA-66-2767	TCGA-LUSC	Alive	2.005457	CENSORED		cbio_os_status	0
TCGA-66-2768	TCGA-LUSC	Alive	2.005457	CENSORED		cbio_os_status	0
TCGA-66-2769	TCGA-LUSC	Dead	7.068416	CENSORED		cbio_os_status	0
TCGA-66-2770	TCGA-LUSC	Alive	23.013446	CENSORED		cbio_os_status	0
TCGA-66-2771	TCGA-LUSC	Alive	19.002531	CENSORED		cbio_os_status	0
TCGA-66-2773	TCGA-LUSC	Dead	3.024624	CENSORED		cbio_os_status	0
TCGA-66-2777	TCGA-LUSC	Alive	2.005457	CENSORED		cbio_os_status	0
TCGA-66-2778	TCGA-LUSC	Alive	19.002531	CENSORED		cbio_os_status	0
TCGA-66-2780	TCGA-LUSC	Dead	12.032745	CENSORED		cbio_os_status	0
TCGA-66-2781	TCGA-LUSC	Alive	3.978039	CENSORED		cbio_os_status	0
TCGA-66-2783	TCGA-LUSC	Alive	24.953151	CENSORED		cbio_os_status	0
TCGA-66-2785	TCGA-LUSC	Alive	1.972581	CENSORED		cbio_os_status	0
TCGA-66-2786	TCGA-LUSC	Alive	25.972318	CENSORED		cbio_os_status	0
TCGA-66-2787	TCGA-LUSC	Alive	40.010520	CENSORED		cbio_os_status	0
TCGA-66-2788	TCGA-LUSC	Alive	22.980570	CENSORED		cbio_os_status	0
TCGA-66-2789	TCGA-LUSC	Dead	4.043791	CENSORED		cbio_os_status	0
TCGA-66-2790	TCGA-LUSC	Alive	22.980570	PROGRESSION		cbio_os_status	0
TCGA-66-2791	TCGA-LUSC	Dead	5.030082	CENSORED		cbio_os_status	0
TCGA-66-2792	TCGA-LUSC	Alive	30.016109	CENSORED		cbio_os_status	0
TCGA-66-2793	TCGA-LUSC	Dead	10.060164	CENSORED		cbio_os_status	0
TCGA-66-2794	TCGA-LUSC	Alive	54.081599	CENSORED		cbio_os_status	0
TCGA-66-2795	TCGA-LUSC	Alive	4.010915	CENSORED		cbio_os_status	0
TCGA-66-2800	TCGA-LUSC	Alive	49.051517	CENSORED		cbio_os_status	0
TCGA-67-3770	TCGA-LUAD	Alive	20.054575	CENSORED		cbio_os_status	0
TCGA-67-3771	TCGA-LUAD	Alive	20.054575	CENSORED		cbio_os_status	0
TCGA-67-3772	TCGA-LUAD	Alive	18.838150	CENSORED		cbio_os_status	0
TCGA-67-3773	TCGA-LUAD	Alive	14.038202	CENSORED		cbio_os_status	0
TCGA-67-3774	TCGA-LUAD	Alive	12.657396	CENSORED		cbio_os_status	0
TCGA-67-4679	TCGA-LUAD	Alive	14.728606	CENSORED		cbio_os_status	0
TCGA-67-6215	TCGA-LUAD	Alive	5.720485	CENSORED		cbio_os_status	0
TCGA-67-6216	TCGA-LUAD	Alive	4.635566	CENSORED		cbio_os_status	0
TCGA-67-6217	TCGA-LUAD	Alive	13.873821	PROGRESSION		cbio_os_status	0
TCGA-68-7755	TCGA-LUSC	Alive	2.728737	CENSORED		cbio_os_status	0
TCGA-68-7756	TCGA-LUSC	Alive	6.641023	CENSORED		cbio_os_status	0
TCGA-68-7757	TCGA-LUSC	Alive	6.936910	CENSORED		cbio_os_status	0
TCGA-68-8250	TCGA-LUSC	Alive	8.021830	CENSORED		cbio_os_status	0
TCGA-68-8251	TCGA-LUSC	Alive	13.347799	CENSORED		cbio_os_status	0
TCGA-68-A59I	TCGA-LUSC	Alive	16.175165	PROGRESSION		cbio_os_status	0
TCGA-68-A59J	TCGA-LUSC	Alive	14.728606	CENSORED		cbio_os_status	0
TCGA-69-7760	TCGA-LUAD	Alive	6.641023	CENSORED		cbio_os_status	0
TCGA-69-7761	TCGA-LUAD	Alive	6.115001	CENSORED		cbio_os_status	0
TCGA-69-7763	TCGA-LUAD	Alive	22.684683	CENSORED		cbio_os_status	0
TCGA-69-7764	TCGA-LUAD	Alive	13.610810	CENSORED		cbio_os_status	0
TCGA-69-7765	TCGA-LUAD	Alive	5.424598	CENSORED		cbio_os_status	0
TCGA-69-7973	TCGA-LUAD	Alive	7.561561	CENSORED		cbio_os_status	0
TCGA-69-7974	TCGA-LUAD	Alive	6.049249	CENSORED		cbio_os_status	0
TCGA-69-7978	TCGA-LUAD	Alive	4.405431	CENSORED		cbio_os_status	0
TCGA-69-7979	TCGA-LUAD	Alive	13.413552	CENSORED		cbio_os_status	0
TCGA-69-7980	TCGA-LUAD	Alive	13.512181	CENSORED		cbio_os_status	0
TCGA-69-8253	TCGA-LUAD	Alive	14.005326	CENSORED		cbio_os_status	0
TCGA-69-8254	TCGA-LUAD	Alive	13.446428	CENSORED		cbio_os_status	0
TCGA-69-8255	TCGA-LUAD	Alive	4.241049	CENSORED		cbio_os_status	0
TCGA-69-8453	TCGA-LUAD	Alive	26.728474	PROGRESSION		cbio_os_status	0
TCGA-69-A59K	TCGA-LUAD	Alive	19.429924	CENSORED		cbio_os_status	0
TCGA-6A-AB49	TCGA-LUSC	Dead		CENSORED		cbio_os_status	0
TCGA-6D-AA2E	TCGA-KIRC	Alive	11.901239	CENSORED		cbio_os_status	0
TCGA-70-6722	TCGA-LUSC	Alive	12.065621	PROGRESSION		cbio_os_status	0
TCGA-70-6723	TCGA-LUSC	Alive	12.328632	PROGRESSION		cbio_os_status	0
TCGA-71-6725	TCGA-LUAD	Alive	8.416346	PROGRESSION		cbio_os_status	0
TCGA-71-8520	TCGA-LUAD	Dead	6.904034	PROGRESSION		cbio_os_status	0
TCGA-73-4658	TCGA-LUAD	Dead	52.602163	CENSORED		cbio_os_status	0
TCGA-73-4659	TCGA-LUAD	Dead	23.375086	PROGRESSION		cbio_os_status	0
TCGA-73-4662	TCGA-LUAD	Alive	82.684025	PROGRESSION		cbio_os_status	0
TCGA-73-4666	TCGA-LUAD	Alive	26.301082	CENSORED		cbio_os_status	0
TCGA-73-4668	TCGA-LUAD	Alive	15.353256	PROGRESSION		cbio_os_status	0
TCGA-73-4670	TCGA-LUAD	Alive	4.306802	CENSORED		cbio_os_status	0
TCGA-73-4675	TCGA-LUAD	Dead	30.311997	PROGRESSION		cbio_os_status	0
TCGA-73-4676	TCGA-LUAD	Dead	9.238255	PROGRESSION		cbio_os_status	0
TCGA-73-4677	TCGA-LUAD	Dead	1.249301	PROGRESSION		cbio_os_status	0
TCGA-73-7498	TCGA-LUAD	Alive	39.089983	CENSORED		cbio_os_status	0
TCGA-73-7499	TCGA-LUAD	Dead	50.333695	PROGRESSION		cbio_os_status	0
TCGA-73-A9RS	TCGA-LUAD	Dead	11.177960	PROGRESSION		cbio_os_status	0
TCGA-75-5122	TCGA-LUAD	Dead		PROGRESSION		cbio_os_status	0
TCGA-75-5125	TCGA-LUAD	Dead	66.640366	PROGRESSION		cbio_os_status	0
TCGA-75-5126	TCGA-LUAD	Alive		CENSORED		cbio_os_status	0
TCGA-75-5146	TCGA-LUAD	Alive	77.851202	PROGRESSION		cbio_os_status	0
TCGA-75-5147	TCGA-LUAD	Alive	43.824177	CENSORED		cbio_os_status	0
TCGA-75-6203	TCGA-LUAD	Alive		CENSORED		cbio_os_status	0
TCGA-75-6205	TCGA-LUAD	Dead		PROGRESSION		cbio_os_status	0
TCGA-75-6206	TCGA-LUAD	Alive	85.149752	CENSORED		cbio_os_status	0
TCGA-75-6207	TCGA-LUAD	Dead		CENSORED		cbio_os_status	0
TCGA-75-6211	TCGA-LUAD	Dead		PROGRESSION		cbio_os_status	0
TCGA-75-6212	TCGA-LUAD	Dead	49.840550	PROGRESSION		cbio_os_status	0
TCGA-75-6214	TCGA-LUAD	Dead	36.657133	PROGRESSION		cbio_os_status	0
TCGA-75-7025	TCGA-LUAD	Alive	108.656343	PROGRESSION		cbio_os_status	0
TCGA-75-7027	TCGA-LUAD	Alive	100.568761	PROGRESSION		cbio_os_status	0
TCGA-75-7030	TCGA-LUAD	Alive		CENSORED		cbio_os_status	0
TCGA-75-7031	TCGA-LUAD	Alive		CENSORED		cbio_os_status	0
TCGA-77-6842	TCGA-LUSC	Dead	29.555840	PROGRESSION		cbio_os_status	0
TCGA-77-6843	TCGA-LUSC	Dead	73.117007	CENSORED		cbio_os_status	0
TCGA-77-6844	TCGA-LUSC	Dead	75.089588	PROGRESSION		cbio_os_status	0
TCGA-77-6845	TCGA-LUSC	Dead	23.276457	CENSORED		cbio_os_status	0
TCGA-77-7138	TCGA-LUSC	Dead	11.177960	CENSORED		cbio_os_status	0
TCGA-77-7139	TCGA-LUSC	Alive	140.086136	CENSORED		cbio_os_status	0
TCGA-77-7140	TCGA-LUSC	Dead	20.777854	PROGRESSION		cbio_os_status	0
TCGA-77-7141	TCGA-LUSC	Alive	0.493145	CENSORED		cbio_os_status	0
TCGA-77-7142	TCGA-LUSC	Alive	73.215636	CENSORED		cbio_os_status	0
TCGA-77-7335	TCGA-LUSC	Dead	70.125259	CENSORED		cbio_os_status	0
TCGA-77-7337	TCGA-LUSC	Dead	106.946773	CENSORED		cbio_os_status	0
TCGA-77-7338	TCGA-LUSC	Dead	0.164382	CENSORED		cbio_os_status	0
TCGA-77-7463	TCGA-LUSC	Dead	46.783049	CENSORED		cbio_os_status	0
TCGA-77-7465	TCGA-LUSC	Alive	32.547589	CENSORED		cbio_os_status	0
TCGA-77-8007	TCGA-LUSC	Dead	6.509518	PROGRESSION		cbio_os_status	0
TCGA-77-8008	TCGA-LUSC	Dead	86.760693	CENSORED		cbio_os_status	0
TCGA-77-8009	TCGA-LUSC	Dead	55.725417	PROGRESSION		cbio_os_status	0
TCGA-77-8128	TCGA-LUSC	Dead	37.807805	CENSORED		cbio_os_status	0
TCGA-77-8130	TCGA-LUSC	Alive	156.655817	PROGRESSION		cbio_os_status	0
TCGA-77-8131	TCGA-LUSC	Dead	12.591643	CENSORED		cbio_os_status	0
TCGA-77-8133	TCGA-LUSC	Dead	53.917217	CENSORED		cbio_os_status	0
TCGA-77-8136	TCGA-LUSC	Dead	39.089983	PROGRESSION		cbio_os_status	0
TCGA-77-8138	TCGA-LUSC	Dead	17.720354	PROGRESSION		cbio_os_status	0
TCGA-77-8139	TCGA-LUSC	Alive	104.086531	CENSORED		cbio_os_status	0
TCGA-77-8140	TCGA-LUSC	Dead	11.539600	CENSORED		cbio_os_status	0
TCGA-77-8143	TCGA-LUSC	Dead	26.399711	PROGRESSION		cbio_os_status	0
TCGA-77-8144	TCGA-LUSC	Alive	27.386001	CENSORED		cbio_os_status	0
TCGA-77-8145	TCGA-LUSC	Dead	6.969787	PROGRESSION		cbio_os_status	0
TCGA-77-8146	TCGA-LUSC	Alive				gdc_vital_status	0
TCGA-77-8148	TCGA-LUSC	Alive	66.508860	CENSORED		cbio_os_status	0
TCGA-77-8150	TCGA-LUSC	Dead	54.410363	PROGRESSION		cbio_os_status	0
TCGA-77-8153	TCGA-LUSC	Alive	65.489693	CENSORED		cbio_os_status	0
TCGA-77-8154	TCGA-LUSC	Alive	60.525364	CENSORED		cbio_os_status	0
TCGA-77-8156	TCGA-LUSC	Alive	36.361245	CENSORED		cbio_os_status	0
TCGA-77-A5FZ	TCGA-LUSC	Dead	126.179439	CENSORED		cbio_os_status	0
TCGA-77-A5G1	TCGA-LUSC	Alive	132.360193	PROGRESSION		cbio_os_status	0
TCGA-77-A5G3	TCGA-LUSC	Alive	150.244929	CENSORED		cbio_os_status	0
TCGA-77-A5G6	TCGA-LUSC	Dead	22.290167	PROGRESSION		cbio_os_status	0
TCGA-77-A5G7	TCGA-LUSC	Dead	5.917743	CENSORED		cbio_os_status	0
TCGA-77-A5G8	TCGA-LUSC	Alive	61.939047	CENSORED		cbio_os_status	0
TCGA-77-A5GA	TCGA-LUSC	Alive				gdc_vital_status	0
TCGA-77-A5GB	TCGA-LUSC	Dead	30.805142	PROGRESSION		cbio_os_status	0
TCGA-77-A5GF	TCGA-LUSC	Dead	27.616136	PROGRESSION		cbio_os_status	0
TCGA-77-A5GH	TCGA-LUSC	Alive	38.859848	CENSORED		cbio_os_status	0
TCGA-78-7145	TCGA-LUAD	Dead	27.155867	PROGRESSION		cbio_os_status	0
TCGA-78-7146	TCGA-LUAD	Dead	5.687609	CENSORED		cbio_os_status	0
TCGA-78-7147	TCGA-LUAD	Dead	19.265542	PROGRESSION		cbio_os_status	0
TCGA-78-7148	TCGA-LUAD	Dead	20.580596	PROGRESSION		cbio_os_status	0
TCGA-78-7149	TCGA-LUAD	Alive	129.532827	CENSORED		cbio_os_status	0
TCGA-78-7150	TCGA-LUAD	Dead	21.895650	PROGRESSION		cbio_os_status	0
TCGA-78-7152	TCGA-LUAD	Dead	39.944768	PROGRESSION		cbio_os_status	0
TCGA-78-7153	TCGA-LUAD	Alive	119.505540	CENSORED		cbio_os_status	0
TCGA-78-7154	TCGA-LUAD	Dead	19.495677	CENSORED		cbio_os_status	0
TCGA-78-7155	TCGA-LUAD	Dead	38.498208	PROGRESSION		cbio_os_status	0
TCGA-78-7156	TCGA-LUAD	Dead	32.087320	CENSORED		cbio_os_status	0
TCGA-78-7158	TCGA-LUAD	Dead	5.884867	PROGRESSION		cbio_os_status	0
TCGA-78-7159	TCGA-LUAD	Alive	64.897919	CENSORED		cbio_os_status	0
TCGA-78-7160	TCGA-LUAD	Dead	22.914817	CENSORED		cbio_os_status	0
TCGA-78-7161	TCGA-LUAD	Dead	9.567018	PROGRESSION		cbio_os_status	0
TCGA-78-7163	TCGA-LUAD	Alive	238.287800	CENSORED		cbio_os_status	0
TCGA-78-7166	TCGA-LUAD	Dead	8.482099	CENSORED		cbio_os_status	0
TCGA-78-7167	TCGA-LUAD	Dead	88.141500	PROGRESSION		cbio_os_status	0
TCGA-78-7220	TCGA-LUAD	Dead	26.531216	PROGRESSION		cbio_os_status	0
TCGA-78-7535	TCGA-LUAD	Dead	31.199658	PROGRESSION		cbio_os_status	0
TCGA-78-7536	TCGA-LUAD	Dead	8.021830	PROGRESSION		cbio_os_status	0
TCGA-78-7537	TCGA-LUAD	Dead	53.325443	CENSORED		cbio_os_status	0
TCGA-78-7539	TCGA-LUAD	Alive	26.005194	PROGRESSION		cbio_os_status	0
TCGA-78-7540	TCGA-LUAD	Dead	39.352993	CENSORED		cbio_os_status	0
TCGA-78-7542	TCGA-LUAD	Dead	10.553309	CENSORED		cbio_os_status	0
TCGA-78-7633	TCGA-LUAD	Dead	50.235066	PROGRESSION		cbio_os_status	0
TCGA-78-8640	TCGA-LUAD	Alive	232.172798	CENSORED		cbio_os_status	0
TCGA-78-8648	TCGA-LUAD	Dead	39.747510	PROGRESSION		cbio_os_status	0
TCGA-78-8655	TCGA-LUAD	Alive	77.588191	CENSORED		cbio_os_status	0
TCGA-78-8660	TCGA-LUAD	Dead	10.553309	PROGRESSION		cbio_os_status	0
TCGA-78-8662	TCGA-LUAD	Dead	110.497419	PROGRESSION		cbio_os_status	0
TCGA-79-5596	TCGA-LUSC	Alive		CENSORED		cbio_os_status	0
TCGA-80-5607	TCGA-LUAD	Alive		CENSORED		cbio_os_status	0
TCGA-80-5608	TCGA-LUAD	Alive	93.105829	CENSORED		cbio_os_status	0
TCGA-80-5611	TCGA-LUAD	Alive	85.314134	CENSORED		cbio_os_status	0
TCGA-81-5910	TCGA-GBM	Dead	1.610941	PROGRESSION		cbio_os_status	0
TCGA-81-5911	TCGA-GBM	Alive	17.720354	PROGRESSION		cbio_os_status	0
TCGA-83-5908	TCGA-LUAD	Alive	27.090114	CENSORED		cbio_os_status	0
TCGA-85-6175	TCGA-LUSC	Dead	9.665647	PROGRESSION		cbio_os_status	0
TCGA-85-6560	TCGA-LUSC	Alive	41.391327	CENSORED		cbio_os_status	0
TCGA-85-6561	TCGA-LUSC	Alive	40.240655	CENSORED		cbio_os_status	0
TCGA-85-6798	TCGA-LUSC	Dead	6.410889	PROGRESSION		cbio_os_status	0
TCGA-85-7696	TCGA-LUSC	Alive	36.525627	CENSORED		cbio_os_status	0
TCGA-85-7697	TCGA-LUSC	Alive	34.947562	CENSORED		cbio_os_status	0
TCGA-85-7698	TCGA-LUSC	Alive	31.298287	PROGRESSION		cbio_os_status	0
TCGA-85-7699	TCGA-LUSC	Dead	32.909228	PROGRESSION		cbio_os_status	0
TCGA-85-7710	TCGA-LUSC	Alive	1.380807	CENSORED		cbio_os_status	0
TCGA-85-7843	TCGA-LUSC	Alive	1.150672	CENSORED		cbio_os_status	0
TCGA-85-7844	TCGA-LUSC	Alive	29.950357	CENSORED		cbio_os_status	0
TCGA-85-7950	TCGA-LUSC	Alive	18.936779	CENSORED		cbio_os_status	0
TCGA-85-8048	TCGA-LUSC	Alive	25.150409	CENSORED		cbio_os_status	0
TCGA-85-8049	TCGA-LUSC	Alive	19.035408	CENSORED		cbio_os_status	0
TCGA-85-8052	TCGA-LUSC	Alive	24.131242	CENSORED		cbio_os_status	0
TCGA-85-8070	TCGA-LUSC	Alive	31.561298	CENSORED		cbio_os_status	0
TCGA-85-8071	TCGA-LUSC	Alive	26.794227	CENSORED		cbio_os_status	0
TCGA-85-8072	TCGA-LUSC	Alive	30.640760	CENSORED		cbio_os_status	0
TCGA-85-8276	TCGA-LUSC	Alive	34.520170	PROGRESSION		cbio_os_status	0
TCGA-85-8277	TCGA-LUSC	Dead	10.093040	CENSORED		cbio_os_status	0
TCGA-85-8287	TCGA-LUSC	Dead	0.756156	CENSORED		cbio_os_status	0
TCGA-85-8288	TCGA-LUSC	Dead	13.216294	CENSORED		cbio_os_status	0
TCGA-85-8350	TCGA-LUSC	Alive	22.454548	CENSORED		cbio_os_status	0
TCGA-85-8351	TCGA-LUSC	Alive	16.766940	CENSORED		cbio_os_status	0
TCGA-85-8352	TCGA-LUSC	Dead	5.293093	PROGRESSION		cbio_os_status	0
TCGA-85-8353	TCGA-LUSC	Dead	3.090377	PROGRESSION		cbio_os_status	0
TCGA-85-8354	TCGA-LUSC	Alive	32.711970	CENSORED		cbio_os_status	0
TCGA-85-8355	TCGA-LUSC	Alive	2.005457	CENSORED		cbio_os_status	0
TCGA-85-8479	TCGA-LUSC	Alive	15.386133	CENSORED		cbio_os_status	0
TCGA-85-8481	TCGA-LUSC	Dead	7.758819	CENSORED		cbio_os_status	0
TCGA-85-8580	TCGA-LUSC	Alive	36.591380	CENSORED		cbio_os_status	0
TCGA-85-8582	TCGA-LUSC	Alive	38.136568	CENSORED		cbio_os_status	0
TCGA-85-8584	TCGA-LUSC	Dead	12.591643	CENSORED		cbio_os_status	0
TCGA-85-8664	TCGA-LUSC	Dead	18.081994	PROGRESSION		cbio_os_status	0
TCGA-85-8666	TCGA-LUSC	Dead	22.586054	CENSORED		cbio_os_status	0
TCGA-85-A4CL	TCGA-LUSC	Dead	30.279120	CENSORED		cbio_os_status	0
TCGA-85-A4CN	TCGA-LUSC	Alive	34.125653	CENSORED		cbio_os_status	0
TCGA-85-A4JB	TCGA-LUSC	Alive	30.969524	CENSORED		cbio_os_status	0
TCGA-85-A4JC	TCGA-LUSC	Dead	19.857317	PROGRESSION		cbio_os_status	0
TCGA-85-A4PA	TCGA-LUSC	Alive	24.361377	CENSORED		cbio_os_status	0
TCGA-85-A4QQ	TCGA-LUSC	Dead	30.476378	CENSORED		cbio_os_status	0
TCGA-85-A4QR	TCGA-LUSC	Alive	19.725811	CENSORED		cbio_os_status	0
TCGA-85-A50M	TCGA-LUSC	Dead	27.155867	CENSORED		cbio_os_status	0
TCGA-85-A50Z	TCGA-LUSC	Alive	16.208042	PROGRESSION		cbio_os_status	0
TCGA-85-A510	TCGA-LUSC	Alive	15.846402	PROGRESSION		cbio_os_status	0
TCGA-85-A511	TCGA-LUSC	Dead	14.958740	PROGRESSION		cbio_os_status	0
TCGA-85-A512	TCGA-LUSC	Alive	15.287504	CENSORED		cbio_os_status	0
TCGA-85-A513	TCGA-LUSC	Alive	29.917480	CENSORED		cbio_os_status	0
TCGA-85-A53L	TCGA-LUSC	Alive	12.394385	CENSORED		cbio_os_status	0
TCGA-85-A5B5	TCGA-LUSC	Alive	3.649275	CENSORED		cbio_os_status	0
TCGA-86-6562	TCGA-LUAD	Dead	12.361508	PROGRESSION		cbio_os_status	0
TCGA-86-6851	TCGA-LUAD	Alive	5.884867	CENSORED		cbio_os_status	0
TCGA-86-7701	TCGA-LUAD	Alive	31.133905	PROGRESSION		cbio_os_status	0
TCGA-86-7711	TCGA-LUAD	Dead	34.388664	PROGRESSION		cbio_os_status	0
TCGA-86-7713	TCGA-LUAD	Alive	38.037939	CENSORED		cbio_os_status	0
TCGA-86-7714	TCGA-LUAD	Dead	20.547720	PROGRESSION		cbio_os_status	0
TCGA-86-7953	TCGA-LUAD	Alive	32.777723	CENSORED		cbio_os_status	0
TCGA-86-7954	TCGA-LUAD	Alive	19.890193	CENSORED		cbio_os_status	0
TCGA-86-7955	TCGA-LUAD	Alive	35.243449	PROGRESSION		cbio_os_status	0
TCGA-86-8054	TCGA-LUAD	Alive	37.742052	CENSORED		cbio_os_status	0
TCGA-86-8055	TCGA-LUAD	Dead	4.076668	CENSORED		cbio_os_status	0
TCGA-86-8056	TCGA-LUAD	Alive	4.569813	CENSORED		cbio_os_status	0
TCGA-86-8073	TCGA-LUAD	Alive	24.328501	CENSORED		cbio_os_status	0
TCGA-86-8074	TCGA-LUAD	Alive	0.789032	CENSORED		cbio_os_status	0
TCGA-86-8075	TCGA-LUAD	Dead	22.816188	PROGRESSION		cbio_os_status	0
TCGA-86-8076	TCGA-LUAD	Alive	32.646218	CENSORED		cbio_os_status	0
TCGA-86-8278	TCGA-LUAD	Alive	31.035276	PROGRESSION		cbio_os_status	0
TCGA-86-8279	TCGA-LUAD	Alive	31.199658	CENSORED		cbio_os_status	0
TCGA-86-8280	TCGA-LUAD	Alive	23.046323	CENSORED		cbio_os_status	0
TCGA-86-8281	TCGA-LUAD	Alive	0.000000	CENSORED		cbio_os_status	0
TCGA-86-8358	TCGA-LUAD	Alive	21.468258	CENSORED		cbio_os_status	0
TCGA-86-8359	TCGA-LUAD	Dead	14.597100	CENSORED		cbio_os_status	0
TCGA-86-8585	TCGA-LUAD	Alive	11.605352	CENSORED		cbio_os_status	0
TCGA-86-8668	TCGA-LUAD	Alive	13.906697	CENSORED		cbio_os_status	0
TCGA-86-8669	TCGA-LUAD	Alive	30.838018	PROGRESSION		cbio_os_status	0
TCGA-86-8671	TCGA-LUAD	Alive	27.583259	CENSORED		cbio_os_status	0
TCGA-86-8672	TCGA-LUAD	Dead	0.624651	CENSORED		cbio_os_status	0
TCGA-86-8673	TCGA-LUAD	Alive	28.339415	PROGRESSION		cbio_os_status	0
TCGA-86-8674	TCGA-LUAD	Alive	26.498340	PROGRESSION		cbio_os_status	0
TCGA-86-A456	TCGA-LUAD	Alive	29.457211	CENSORED		cbio_os_status	0
TCGA-86-A4D0	TCGA-LUAD	Dead	3.813657	CENSORED		cbio_os_status	0
TCGA-86-A4JF	TCGA-LUAD	Dead	24.229871	PROGRESSION		cbio_os_status	0
TCGA-86-A4P7	TCGA-LUAD	Alive	13.643686	CENSORED		cbio_os_status	0
TCGA-86-A4P8	TCGA-LUAD	Alive	26.465463	CENSORED		cbio_os_status	0
TCGA-87-5896	TCGA-GBM	Alive	26.301082	CENSORED		cbio_os_status	0
TCGA-90-7964	TCGA-LUSC	Alive	14.071079	CENSORED		cbio_os_status	0
TCGA-90-A4ED	TCGA-LUSC	Alive	20.218957	CENSORED		cbio_os_status	0
TCGA-90-A4EE	TCGA-LUSC	Alive	22.618930	CENSORED		cbio_os_status	0
TCGA-90-A59Q	TCGA-LUSC	Dead	10.586185	PROGRESSION		cbio_os_status	0
TCGA-91-A4BC	TCGA-LUAD	Alive	1.446559	CENSORED		cbio_os_status	0
TCGA-91-A4BD	TCGA-LUAD	Alive	19.824440	CENSORED		cbio_os_status	0
TCGA-92-7340	TCGA-LUSC	Alive	2.695861	CENSORED		cbio_os_status	0
TCGA-92-7341	TCGA-LUSC	Alive	3.484893	CENSORED		cbio_os_status	0
TCGA-92-8063	TCGA-LUSC	Alive	4.010915	CENSORED		cbio_os_status	0
TCGA-92-8064	TCGA-LUSC	Alive	5.260216	CENSORED		cbio_os_status	0
TCGA-92-8065	TCGA-LUSC	Alive	2.301345	CENSORED		cbio_os_status	0
TCGA-93-7347	TCGA-LUAD	Alive	22.454548	CENSORED		cbio_os_status	0
TCGA-93-7348	TCGA-LUAD	Alive	17.457343	CENSORED		cbio_os_status	0
TCGA-93-8067	TCGA-LUAD	Alive	6.115001	CENSORED		cbio_os_status	0
TCGA-93-A4JN	TCGA-LUAD	Alive	23.605221	CENSORED		cbio_os_status	0
TCGA-93-A4JO	TCGA-LUAD	Dead	1.084920	CENSORED		cbio_os_status	0
TCGA-93-A4JP	TCGA-LUAD	Alive	19.002531	PROGRESSION		cbio_os_status	0
TCGA-93-A4JQ	TCGA-LUAD	Alive	17.292961	CENSORED		cbio_os_status	0
TCGA-94-7033	TCGA-LUSC	Alive	21.040865	CENSORED		cbio_os_status	0
TCGA-94-7557	TCGA-LUSC	Dead	0.164382	CENSORED		cbio_os_status	0
TCGA-94-7943	TCGA-LUSC	Alive	18.377881	PROGRESSION		cbio_os_status	0
TCGA-94-8035	TCGA-LUSC	Alive	4.010915	CENSORED		cbio_os_status	0
TCGA-94-8490	TCGA-LUSC	Alive	5.030082	CENSORED		cbio_os_status	0
TCGA-94-8491	TCGA-LUSC	Alive	26.629845	PROGRESSION		cbio_os_status	0
TCGA-94-A4VJ	TCGA-LUSC	Alive	14.136831	CENSORED		cbio_os_status	0
TCGA-94-A5I4	TCGA-LUSC	Alive	16.142289	PROGRESSION		cbio_os_status	0
TCGA-94-A5I6	TCGA-LUSC	Alive	17.687477	PROGRESSION		cbio_os_status	0
TCGA-95-7039	TCGA-LUAD	Alive	41.818720	PROGRESSION		cbio_os_status	0
TCGA-95-7043	TCGA-LUAD	Dead	16.536805	PROGRESSION		cbio_os_status	0
TCGA-95-7562	TCGA-LUAD	Dead	2.860243	CENSORED		cbio_os_status	0
TCGA-95-7567	TCGA-LUAD	Alive	18.673768	CENSORED		cbio_os_status	0
TCGA-95-7944	TCGA-LUAD	Alive	12.394385	CENSORED		cbio_os_status	0
TCGA-95-7947	TCGA-LUAD	Alive	15.682020	CENSORED		cbio_os_status	0
TCGA-95-7948	TCGA-LUAD	Alive	15.649144	CENSORED		cbio_os_status	0
TCGA-95-8039	TCGA-LUAD	Alive	27.287372	PROGRESSION		cbio_os_status	0
TCGA-95-8494	TCGA-LUAD	Alive	2.761614	CENSORED		cbio_os_status	0
TCGA-95-A4VK	TCGA-LUAD	Alive	21.402505	PROGRESSION		cbio_os_status	0
TCGA-95-A4VN	TCGA-LUAD	Alive	18.180623	CENSORED		cbio_os_status	0
TCGA-95-A4VP	TCGA-LUAD	Alive	19.890193	PROGRESSION		cbio_os_status	0
TCGA-96-7544	TCGA-LUSC	Dead	71.012920	CENSORED		cbio_os_status	0
TCGA-96-7545	TCGA-LUSC	Dead	57.073347	PROGRESSION		cbio_os_status	0
TCGA-96-8169	TCGA-LUSC	Alive	18.312128	CENSORED		cbio_os_status	0
TCGA-96-8170	TCGA-LUSC	Alive	17.457343	CENSORED		cbio_os_status	0
TCGA-96-A4JK	TCGA-LUSC	Alive				gdc_vital_status	0
TCGA-96-A4JL	TCGA-LUSC	Alive	27.681888	CENSORED		cbio_os_status	0
TCGA-97-7546	TCGA-LUAD	Alive	42.246112	PROGRESSION		cbio_os_status	0
TCGA-97-7547	TCGA-LUAD	Alive	64.602032	PROGRESSION		cbio_os_status	0
TCGA-97-7552	TCGA-LUAD	Alive	63.517112	PROGRESSION		cbio_os_status	0
TCGA-97-7553	TCGA-LUAD	Alive	61.478778	CENSORED		cbio_os_status	0
TCGA-97-7554	TCGA-LUAD	Alive	25.479173	CENSORED		cbio_os_status	0
TCGA-97-7937	TCGA-LUAD	Alive	18.542263	CENSORED		cbio_os_status	0
TCGA-97-7938	TCGA-LUAD	Dead	0.591774	CENSORED		cbio_os_status	0
TCGA-97-7941	TCGA-LUAD	Alive	15.912154	CENSORED		cbio_os_status	0
TCGA-97-8171	TCGA-LUAD	Alive	18.673768	PROGRESSION		cbio_os_status	0
TCGA-97-8172	TCGA-LUAD	Alive	17.917612	CENSORED		cbio_os_status	0
TCGA-97-8175	TCGA-LUAD	Alive	18.114870	PROGRESSION		cbio_os_status	0
TCGA-97-8177	TCGA-LUAD	Alive	16.405300	CENSORED		cbio_os_status	0
TCGA-97-8179	TCGA-LUAD	Alive	14.301213	CENSORED		cbio_os_status	0
TCGA-97-8552	TCGA-LUAD	Alive	20.580596	CENSORED		cbio_os_status	0
TCGA-97-A4LX	TCGA-LUAD	Alive	20.186080	CENSORED		cbio_os_status	0
TCGA-97-A4M0	TCGA-LUAD	Alive	21.435382	CENSORED		cbio_os_status	0
TCGA-97-A4M1	TCGA-LUAD	Alive	19.758688	CENSORED		cbio_os_status	0
TCGA-97-A4M2	TCGA-LUAD	Alive	20.514844	CENSORED		cbio_os_status	0
TCGA-97-A4M3	TCGA-LUAD	Alive	17.753230	PROGRESSION		cbio_os_status	0
TCGA-97-A4M5	TCGA-LUAD	Alive	20.843607	CENSORED		cbio_os_status	0
TCGA-97-A4M6	TCGA-LUAD	Alive	18.673768	CENSORED		cbio_os_status	0
TCGA-97-A4M7	TCGA-LUAD	Alive	20.679225	CENSORED		cbio_os_status	0
TCGA-98-7454	TCGA-LUSC	Alive	21.435382	CENSORED		cbio_os_status	0
TCGA-98-8020	TCGA-LUSC	Dead	2.761614	PROGRESSION		cbio_os_status	0
TCGA-98-8021	TCGA-LUSC	Alive	30.805142	PROGRESSION		cbio_os_status	0
TCGA-98-8022	TCGA-LUSC	Dead	30.673636	CENSORED		cbio_os_status	0
TCGA-98-8023	TCGA-LUSC	Alive	21.336752	CENSORED		cbio_os_status	0
TCGA-98-A538	TCGA-LUSC	Alive	27.155867	CENSORED		cbio_os_status	0
TCGA-98-A539	TCGA-LUSC	Alive	5.687609	PROGRESSION		cbio_os_status	0
TCGA-98-A53A	TCGA-LUSC	Dead	18.147746	CENSORED		cbio_os_status	0
TCGA-98-A53B	TCGA-LUSC	Dead	2.005457	CENSORED		cbio_os_status	0
TCGA-98-A53C	TCGA-LUSC	Alive	27.024361	CENSORED		cbio_os_status	0
TCGA-98-A53D	TCGA-LUSC	Dead	21.205247	PROGRESSION		cbio_os_status	0
TCGA-98-A53H	TCGA-LUSC	Alive	20.317586	PROGRESSION		cbio_os_status	0
TCGA-98-A53I	TCGA-LUSC	Alive	18.575139	CENSORED		cbio_os_status	0
TCGA-98-A53J	TCGA-LUSC	Alive	20.712102	CENSORED		cbio_os_status	0
TCGA-99-7458	TCGA-LUAD	Alive	24.558635	CENSORED		cbio_os_status	0
TCGA-99-8025	TCGA-LUAD	Alive	34.848933	CENSORED		cbio_os_status	0
TCGA-99-8028	TCGA-LUAD	Alive	36.755762	CENSORED		cbio_os_status	0
TCGA-99-8032	TCGA-LUAD	Alive	1.446559	CENSORED		cbio_os_status	0
TCGA-99-8033	TCGA-LUAD	Dead	21.566887	PROGRESSION		cbio_os_status	0
TCGA-99-AA5R	TCGA-LUAD	Alive	21.632640	CENSORED		cbio_os_status	0
TCGA-A1-A0SB	TCGA-BRCA_OTHERS	Alive	8.514975	CENSORED		cbio_os_status	0
TCGA-A1-A0SD	TCGA-BRCA_IDC	Alive	14.366966	CENSORED		cbio_os_status	0
TCGA-A1-A0SE	TCGA-BRCA_OTHERS	Alive	43.429661	CENSORED		cbio_os_status	0
TCGA-A1-A0SF	TCGA-BRCA_IDC	Alive	48.098103	CENSORED		cbio_os_status	0
TCGA-A1-A0SH	TCGA-BRCA_IDC	Alive	47.243318	CENSORED		cbio_os_status	0
TCGA-A1-A0SI	TCGA-BRCA_IDC	Alive	20.876484	CENSORED		cbio_os_status	0
TCGA-A1-A0SJ	TCGA-BRCA_IDC	Alive	13.676562	CENSORED		cbio_os_status	0
TCGA-A1-A0SK	TCGA-BRCA_OTHERS	Dead	31.791432	PROGRESSION		cbio_os_status	0
TCGA-A1-A0SM	TCGA-BRCA_IDC	Alive	7.956077	CENSORED		cbio_os_status	0
TCGA-A1-A0SN	TCGA-BRCA_IDC	Alive	39.320117	CENSORED		cbio_os_status	0
TCGA-A1-A0SP	TCGA-BRCA_IDC	Alive	19.199790	CENSORED		cbio_os_status	0
TCGA-A1-A0SQ	TCGA-BRCA_IDC	Alive	18.213499	CENSORED		cbio_os_status	0
TCGA-A2-A04N	TCGA-BRCA_IDC	Alive	143.143637	CENSORED		cbio_os_status	0
TCGA-A2-A04P	TCGA-BRCA_IDC	Dead	18.016241	PROGRESSION		cbio_os_status	0
TCGA-A2-A04Q	TCGA-BRCA_IDC	Alive	78.410100	CENSORED		cbio_os_status	0
TCGA-A2-A04R	TCGA-BRCA_IDC	Alive	121.938390	CENSORED		cbio_os_status	0
TCGA-A2-A04T	TCGA-BRCA_IDC	Alive	73.840287	CENSORED		cbio_os_status	0
TCGA-A2-A04U	TCGA-BRCA_IDC	Alive	87.253838	CENSORED		cbio_os_status	0
TCGA-A2-A04V	TCGA-BRCA_IDC	Dead	63.122596	PROGRESSION		cbio_os_status	0
TCGA-A2-A04W	TCGA-BRCA_IDC	Alive	101.982444	CENSORED		cbio_os_status	0
TCGA-A2-A04X	TCGA-BRCA_IDC	Alive	55.429530	CENSORED		cbio_os_status	0
TCGA-A2-A04Y	TCGA-BRCA_IDC	Alive	36.131111	CENSORED		cbio_os_status	0
TCGA-A2-A0CK	TCGA-BRCA_OTHERS	Alive	136.732748	PROGRESSION		cbio_os_status	0
TCGA-A2-A0CL	TCGA-BRCA_IDC	Alive	99.122201	CENSORED		cbio_os_status	0
TCGA-A2-A0CM	TCGA-BRCA_IDC	Dead	24.788769	PROGRESSION		cbio_os_status	0
TCGA-A2-A0CO	TCGA-BRCA_OTHERS	Dead	114.804221	CENSORED		cbio_os_status	0
TCGA-A2-A0CP	TCGA-BRCA_IDC	Alive	92.481178	CENSORED		cbio_os_status	0
TCGA-A2-A0CQ	TCGA-BRCA_IDC	Alive	88.601769	CENSORED		cbio_os_status	0
TCGA-A2-A0CR	TCGA-BRCA_OTHERS	Alive	107.933064	CENSORED		cbio_os_status	0
TCGA-A2-A0CS	TCGA-BRCA_IDC	Dead	77.193675	CENSORED		cbio_os_status	0
TCGA-A2-A0CT	TCGA-BRCA_IDC	Alive	75.253970	CENSORED		cbio_os_status	0
TCGA-A2-A0CU	TCGA-BRCA_IDC	Dead	5.194464	CENSORED		cbio_os_status	0
TCGA-A2-A0CV	TCGA-BRCA_IDC	Alive	98.990696	CENSORED		cbio_os_status	0
TCGA-A2-A0CW	TCGA-BRCA_IDC	Alive	107.933064	CENSORED		cbio_os_status	0
TCGA-A2-A0CX	TCGA-BRCA_IDC	Alive	56.810336	CENSORED		cbio_os_status	0
TCGA-A2-A0CY	TCGA-BRCA_IDC	Alive				gdc_vital_status	0
TCGA-A2-A0CZ	TCGA-BRCA_IDC	Alive	53.128185	CENSORED		cbio_os_status	0
TCGA-A2-A0D0	TCGA-BRCA_IDC	Alive	67.330769	CENSORED		cbio_os_status	0
TCGA-A2-A0D3	TCGA-BRCA_IDC	Alive	61.577407	CENSORED		cbio_os_status	0
TCGA-A2-A0D4	TCGA-BRCA_IDC	Alive	25.216162	CENSORED		cbio_os_status	0
TCGA-A2-A0EM	TCGA-BRCA_IDC	Alive	101.719433	CENSORED		cbio_os_status	0
TCGA-A2-A0EN	TCGA-BRCA_OTHERS	Alive	134.398527	CENSORED		cbio_os_status	0
TCGA-A2-A0EO	TCGA-BRCA_IDC	Alive	80.284052	CENSORED		cbio_os_status	0
TCGA-A2-A0EP	TCGA-BRCA_OTHERS	Alive	118.453496	CENSORED		cbio_os_status	0
TCGA-A2-A0EQ	TCGA-BRCA_IDC	Alive	79.758030	CENSORED		cbio_os_status	0
TCGA-A2-A0ER	TCGA-BRCA_IDC	Alive	74.399185	CENSORED		cbio_os_status	0
TCGA-A2-A0ES	TCGA-BRCA_OTHERS	Alive	71.999211	CENSORED		cbio_os_status	0
TCGA-A2-A0ET	TCGA-BRCA_IDC	Alive	35.046191	CENSORED		cbio_os_status	0
TCGA-A2-A0EU	TCGA-BRCA_IDC	Alive	34.290035	CENSORED		cbio_os_status	0
TCGA-A2-A0EV	TCGA-BRCA_IDC	Alive	31.824309	CENSORED		cbio_os_status	0
TCGA-A2-A0EW	TCGA-BRCA_OTHERS	Dead	61.939047	PROGRESSION		cbio_os_status	0
TCGA-A2-A0EX	TCGA-BRCA_OTHERS	Alive	24.723017	CENSORED		cbio_os_status	0
TCGA-A2-A0EY	TCGA-BRCA_IDC	Alive	63.286978	CENSORED		cbio_os_status	0
TCGA-A2-A0ST	TCGA-BRCA_IDC	Alive	99.187954	CENSORED		cbio_os_status	0
TCGA-A2-A0SU	TCGA-BRCA_IDC	Alive	54.640497	CENSORED		cbio_os_status	0
TCGA-A2-A0SV	TCGA-BRCA_IDC	Dead	27.122990	PROGRESSION		cbio_os_status	0
TCGA-A2-A0SW	TCGA-BRCA_IDC	Dead	44.876221	PROGRESSION		cbio_os_status	0
TCGA-A2-A0SX	TCGA-BRCA_IDC	Alive	50.432324	PROGRESSION		cbio_os_status	0
TCGA-A2-A0SY	TCGA-BRCA_OTHERS	Alive	44.284446	CENSORED		cbio_os_status	0
TCGA-A2-A0T0	TCGA-BRCA_IDC	Alive	17.523096	CENSORED		cbio_os_status	0
TCGA-A2-A0T1	TCGA-BRCA_IDC	Alive	17.128579	CENSORED		cbio_os_status	0
TCGA-A2-A0T2	TCGA-BRCA_IDC	Dead	8.383470	PROGRESSION		cbio_os_status	0
TCGA-A2-A0T3	TCGA-BRCA_IDC	Alive	49.840550	CENSORED		cbio_os_status	0
TCGA-A2-A0T4	TCGA-BRCA_OTHERS	Alive	20.514844	CENSORED		cbio_os_status	0
TCGA-A2-A0T5	TCGA-BRCA_IDC	Alive	17.457343	CENSORED		cbio_os_status	0
TCGA-A2-A0T6	TCGA-BRCA_OTHERS	Alive	18.903902	CENSORED		cbio_os_status	0
TCGA-A2-A0T7	TCGA-BRCA_IDC	Alive	20.744978	CENSORED		cbio_os_status	0
TCGA-A2-A0YC	TCGA-BRCA_IDC	Alive	32.547589	PROGRESSION		cbio_os_status	0
TCGA-A2-A0YD	TCGA-BRCA_OTHERS	Alive	25.281915	CENSORED		cbio_os_status	0
TCGA-A2-A0YE	TCGA-BRCA_IDC	Alive	18.213499	CENSORED		cbio_os_status	0
TCGA-A2-A0YF	TCGA-BRCA_IDC	Alive	50.465200	CENSORED		cbio_os_status	0
TCGA-A2-A0YG	TCGA-BRCA_IDC	Alive	21.895650	CENSORED		cbio_os_status	0
TCGA-A2-A0YH	TCGA-BRCA_IDC	Alive	21.665516	CENSORED		cbio_os_status	0
TCGA-A2-A0YI	TCGA-BRCA_OTHERS	Alive	49.478910	CENSORED		cbio_os_status	0
TCGA-A2-A0YJ	TCGA-BRCA_IDC	Alive	18.608015	PROGRESSION		cbio_os_status	0
TCGA-A2-A0YK	TCGA-BRCA_OTHERS	Alive	19.331295	CENSORED		cbio_os_status	0
TCGA-A2-A0YL	TCGA-BRCA_OTHERS	Alive	48.459743	CENSORED		cbio_os_status	0
TCGA-A2-A0YM	TCGA-BRCA_IDC	Alive	31.725680	CENSORED		cbio_os_status	0
TCGA-A2-A0YT	TCGA-BRCA_IDC	Dead	23.769603	CENSORED		cbio_os_status	0
TCGA-A2-A1FV	TCGA-BRCA_OTHERS	Alive	23.473715	CENSORED		cbio_os_status	0
TCGA-A2-A1FW	TCGA-BRCA_IDC	Alive	17.358714	CENSORED		cbio_os_status	0
TCGA-A2-A1FX	TCGA-BRCA_IDC	Alive	60.722622	CENSORED		cbio_os_status	0
TCGA-A2-A1FZ	TCGA-BRCA_IDC	Alive	22.454548	CENSORED		cbio_os_status	0
TCGA-A2-A1G0	TCGA-BRCA_IDC	Alive	20.251833	CENSORED		cbio_os_status	0
TCGA-A2-A1G1	TCGA-BRCA_IDC	Alive	19.199790	CENSORED		cbio_os_status	0
TCGA-A2-A1G4	TCGA-BRCA_IDC	Alive	19.561429	CENSORED		cbio_os_status	0
TCGA-A2-A1G6	TCGA-BRCA_IDC	Alive	16.471052	CENSORED		cbio_os_status	0
TCGA-A2-A259	TCGA-BRCA_IDC	Alive	52.470658	CENSORED		cbio_os_status	0
TCGA-A2-A25A	TCGA-BRCA_OTHERS	Alive	107.702929	CENSORED		cbio_os_status	0
TCGA-A2-A25B	TCGA-BRCA_IDC	Alive	42.443370	PROGRESSION		cbio_os_status	0
TCGA-A2-A25C	TCGA-BRCA_IDC	Alive	17.194332	CENSORED		cbio_os_status	0
TCGA-A2-A25D	TCGA-BRCA_OTHERS	Alive	18.147746	CENSORED		cbio_os_status	0
TCGA-A2-A25E	TCGA-BRCA_IDC	Alive	105.335832	PROGRESSION		cbio_os_status	0
TCGA-A2-A25F	TCGA-BRCA_IDC	Alive	10.586185	CENSORED		cbio_os_status	0
TCGA-A2-A3KC	TCGA-BRCA_OTHERS	Alive	36.229740	CENSORED		cbio_os_status	0
TCGA-A2-A3KD	TCGA-BRCA_OTHERS	Alive	39.648881	CENSORED		cbio_os_status	0
TCGA-A2-A3XS	TCGA-BRCA_IDC	Dead	33.928395	PROGRESSION		cbio_os_status	0
TCGA-A2-A3XT	TCGA-BRCA_IDC	Alive	91.067495	CENSORED		cbio_os_status	0
TCGA-A2-A3XU	TCGA-BRCA_IDC	Dead	29.983233	PROGRESSION		cbio_os_status	0
TCGA-A2-A3XV	TCGA-BRCA_IDC	Alive	32.744847	CENSORED		cbio_os_status	0
TCGA-A2-A3XW	TCGA-BRCA_IDC	Alive	56.284315	CENSORED		cbio_os_status	0
TCGA-A2-A3XX	TCGA-BRCA_IDC	Dead	47.309071	CENSORED		cbio_os_status	0
TCGA-A2-A3XY	TCGA-BRCA_IDC	Dead	35.933853	PROGRESSION		cbio_os_status	0
TCGA-A2-A3XZ	TCGA-BRCA_IDC	Alive	50.366571	CENSORED		cbio_os_status	0
TCGA-A2-A3Y0	TCGA-BRCA_IDC	Alive	50.826840	CENSORED		cbio_os_status	0
TCGA-A2-A4RW	TCGA-BRCA_OTHERS	Alive	7.298550	CENSORED		cbio_os_status	0
TCGA-A2-A4RX	TCGA-BRCA_OTHERS	Alive	24.394253	CENSORED		cbio_os_status	0
TCGA-A2-A4RY	TCGA-BRCA_OTHERS	Alive	21.303876	CENSORED		cbio_os_status	0
TCGA-A2-A4S0	TCGA-BRCA_OTHERS	Alive	23.210705	CENSORED		cbio_os_status	0
TCGA-A2-A4S1	TCGA-BRCA_OTHERS	Alive	26.958609	CENSORED		cbio_os_status	0
TCGA-A2-A4S2	TCGA-BRCA_OTHERS	Alive	21.139494	CENSORED		cbio_os_status	0
TCGA-A2-A4S3	TCGA-BRCA_IDC	Alive	21.895650	CENSORED		cbio_os_status	0
TCGA-A3-3306	TCGA-KIRC	Alive	36.821514	CENSORED		cbio_os_status	0
TCGA-A3-3307	TCGA-KIRC	Alive	47.210442	CENSORED		cbio_os_status	0
TCGA-A3-3308	TCGA-KIRC	Alive	0.526022	CENSORED		cbio_os_status	0
TCGA-A3-3311	TCGA-KIRC	Dead	39.155735	CENSORED		cbio_os_status	0
TCGA-A3-3313	TCGA-KIRC	Dead	24.164119	CENSORED		cbio_os_status	0
TCGA-A3-3316	TCGA-KIRC	Alive	49.084394	CENSORED		cbio_os_status	0
TCGA-A3-3317	TCGA-KIRC	Alive	49.018641	PROGRESSION		cbio_os_status	0
TCGA-A3-3319	TCGA-KIRC	Alive	37.150278	CENSORED		cbio_os_status	0
TCGA-A3-3320	TCGA-KIRC	Alive	49.577539	CENSORED		cbio_os_status	0
TCGA-A3-3322	TCGA-KIRC	Alive	48.591248	CENSORED		cbio_os_status	0
TCGA-A3-3323	TCGA-KIRC	Alive	36.361245	CENSORED		cbio_os_status	0
TCGA-A3-3324	TCGA-KIRC	Alive	38.991354	CENSORED		cbio_os_status	0
TCGA-A3-3325	TCGA-KIRC	Dead	38.465332	CENSORED		cbio_os_status	0
TCGA-A3-3326	TCGA-KIRC	Alive	37.380412	CENSORED		cbio_os_status	0
TCGA-A3-3328	TCGA-KIRC	Alive				gdc_vital_status	0
TCGA-A3-3329	TCGA-KIRC	Alive				gdc_vital_status	0
TCGA-A3-3331	TCGA-KIRC	Alive	48.821383	CENSORED		cbio_os_status	0
TCGA-A3-3335	TCGA-KIRC	Alive	62.004800	PROGRESSION		cbio_os_status	0
TCGA-A3-3336	TCGA-KIRC	Alive				gdc_vital_status	0
TCGA-A3-3343	TCGA-KIRC	Alive	31.068153	CENSORED		cbio_os_status	0
TCGA-A3-3346	TCGA-KIRC	Dead	4.504060	PROGRESSION		cbio_os_status	0
TCGA-A3-3347	TCGA-KIRC	Dead	52.930927	PROGRESSION		cbio_os_status	0
TCGA-A3-3349	TCGA-KIRC	Alive	45.533748	CENSORED		cbio_os_status	0
TCGA-A3-3351	TCGA-KIRC	Alive	29.917480	CENSORED		cbio_os_status	0
TCGA-A3-3352	TCGA-KIRC	Dead	18.443633	CENSORED		cbio_os_status	0
TCGA-A3-3357	TCGA-KIRC	Alive	88.371634	CENSORED		cbio_os_status	0
TCGA-A3-3358	TCGA-KIRC	Alive	42.969392	CENSORED		cbio_os_status	0
TCGA-A3-3359	TCGA-KIRC	Alive	82.322386	CENSORED		cbio_os_status	0
TCGA-A3-3362	TCGA-KIRC	Alive	51.254233	CENSORED		cbio_os_status	0
TCGA-A3-3363	TCGA-KIRC	Alive	10.487556	CENSORED		cbio_os_status	0
TCGA-A3-3365	TCGA-KIRC	Alive	28.701055	CENSORED		cbio_os_status	0
TCGA-A3-3367	TCGA-KIRC	Alive	74.629319	CENSORED		cbio_os_status	0
TCGA-A3-3370	TCGA-KIRC	Alive	74.760825	CENSORED		cbio_os_status	0
TCGA-A3-3372	TCGA-KIRC	Alive	24.164119	CENSORED		cbio_os_status	0
TCGA-A3-3373	TCGA-KIRC	Alive	53.292567	CENSORED		cbio_os_status	0
TCGA-A3-3374	TCGA-KIRC	Alive	43.199527	CENSORED		cbio_os_status	0
TCGA-A3-3376	TCGA-KIRC	Dead	55.758293	CENSORED		cbio_os_status	0
TCGA-A3-3378	TCGA-KIRC	Alive	20.712102	CENSORED		cbio_os_status	0
TCGA-A3-3380	TCGA-KIRC	Alive	18.640892	CENSORED		cbio_os_status	0
TCGA-A3-3382	TCGA-KIRC	Alive	18.871026	PROGRESSION		cbio_os_status	0
TCGA-A3-3383	TCGA-KIRC	Alive	28.306539	CENSORED		cbio_os_status	0
TCGA-A3-3385	TCGA-KIRC	Alive	65.522570	CENSORED		cbio_os_status	0
TCGA-A3-3387	TCGA-KIRC	Alive	20.284709	CENSORED		cbio_os_status	0
TCGA-A3-A6NI	TCGA-KIRC	Alive	33.468126	CENSORED		cbio_os_status	0
TCGA-A3-A6NJ	TCGA-KIRC	Alive	15.386133	CENSORED		cbio_os_status	0
TCGA-A3-A6NL	TCGA-KIRC	Alive	22.651807	CENSORED		cbio_os_status	0
TCGA-A3-A6NN	TCGA-KIRC	Alive	0.098629	CENSORED		cbio_os_status	0
TCGA-A3-A8CQ	TCGA-KIRC	Alive	0.098629	CENSORED		cbio_os_status	0
TCGA-A3-A8OU	TCGA-KIRC	Alive	0.000000	CENSORED		cbio_os_status	0
TCGA-A3-A8OV	TCGA-KIRC	Alive	11.177960	CENSORED		cbio_os_status	0
TCGA-A3-A8OW	TCGA-KIRC	Alive	10.619062	CENSORED		cbio_os_status	0
TCGA-A3-A8OX	TCGA-KIRC	Alive	0.000000	CENSORED		cbio_os_status	0
TCGA-A4-7286	TCGA-KIRP	Alive	18.213499	CENSORED		cbio_os_status	0
TCGA-A4-7287	TCGA-KIRP	Dead	19.627182	PROGRESSION		cbio_os_status	0
TCGA-A4-7288	TCGA-KIRP	Alive	61.051386	CENSORED		cbio_os_status	0
TCGA-A4-7583	TCGA-KIRP	Alive	0.098629	CENSORED		cbio_os_status	0
TCGA-A4-7584	TCGA-KIRP	Alive	21.369629	CENSORED		cbio_os_status	0
TCGA-A4-7585	TCGA-KIRP	Dead	35.177697	CENSORED		cbio_os_status	0
TCGA-A4-7732	TCGA-KIRP	Alive	19.134037	CENSORED		cbio_os_status	0
TCGA-A4-7734	TCGA-KIRP	Alive	0.887662	CENSORED		cbio_os_status	0
TCGA-A4-7828	TCGA-KIRP	Alive	7.824572	CENSORED		cbio_os_status	0
TCGA-A4-7915	TCGA-KIRP	Alive	0.230134	CENSORED		cbio_os_status	0
TCGA-A4-7996	TCGA-KIRP	Alive	16.635434	PROGRESSION		cbio_os_status	0
TCGA-A4-7997	TCGA-KIRP	Alive	30.476378	CENSORED		cbio_os_status	0
TCGA-A4-8098	TCGA-KIRP	Alive	29.457211	CENSORED		cbio_os_status	0
TCGA-A4-8310	TCGA-KIRP	Alive	25.643555	CENSORED		cbio_os_status	0
TCGA-A4-8311	TCGA-KIRP	Alive	23.966861	CENSORED		cbio_os_status	0
TCGA-A4-8312	TCGA-KIRP	Alive	23.276457	CENSORED		cbio_os_status	0
TCGA-A4-8515	TCGA-KIRP	Alive	23.309334	CENSORED		cbio_os_status	0
TCGA-A4-8516	TCGA-KIRP	Alive	0.756156	CENSORED		cbio_os_status	0
TCGA-A4-8517	TCGA-KIRP	Alive	19.627182	CENSORED		cbio_os_status	0
TCGA-A4-8518	TCGA-KIRP	Alive	19.725811	CENSORED		cbio_os_status	0
TCGA-A4-8630	TCGA-KIRP	Alive	14.334089	CENSORED		cbio_os_status	0
TCGA-A4-A48D	TCGA-KIRP	Alive	12.460137	CENSORED		cbio_os_status	0
TCGA-A4-A4ZT	TCGA-KIRP	Alive	16.964198	CENSORED		cbio_os_status	0
TCGA-A4-A57E	TCGA-KIRP	Dead	8.482099	PROGRESSION		cbio_os_status	0
TCGA-A4-A5DU	TCGA-KIRP	Alive	16.306671	CENSORED		cbio_os_status	0
TCGA-A4-A5XZ	TCGA-KIRP	Alive	15.747773	CENSORED		cbio_os_status	0
TCGA-A4-A5Y0	TCGA-KIRP	Alive	8.284841	CENSORED		cbio_os_status	0
TCGA-A4-A5Y1	TCGA-KIRP	Dead	12.986159	PROGRESSION		cbio_os_status	0
TCGA-A4-A6HP	TCGA-KIRP	Alive	12.460137	CENSORED		cbio_os_status	0
TCGA-A4-A772	TCGA-KIRP	Alive	0.000000	CENSORED		cbio_os_status	0
TCGA-A4-A7UZ	TCGA-KIRP	Alive	0.000000	CENSORED		cbio_os_status	0
TCGA-A5-A0G1	TCGA-UCEC	Dead	106.881020	CENSORED		cbio_os_status	0
TCGA-A5-A0G2	TCGA-UCEC	Alive	149.554525	CENSORED		cbio_os_status	0
TCGA-A5-A0G3	TCGA-UCEC	Alive	46.947431	PROGRESSION		cbio_os_status	0
TCGA-A5-A0G5	TCGA-UCEC	Alive	37.018772	CENSORED		cbio_os_status	0
TCGA-A5-A0G9	TCGA-UCEC	Alive	83.505934	CENSORED		cbio_os_status	0
TCGA-A5-A0GA	TCGA-UCEC	Dead	17.851859	PROGRESSION		cbio_os_status	0
TCGA-A5-A0GB	TCGA-UCEC	Alive	32.777723	CENSORED		cbio_os_status	0
TCGA-A5-A0GD	TCGA-UCEC	Dead	112.535753	CENSORED		cbio_os_status	0
TCGA-A5-A0GE	TCGA-UCEC	Alive	105.368708	CENSORED		cbio_os_status	0
TCGA-A5-A0GG	TCGA-UCEC	Alive	123.680836	CENSORED		cbio_os_status	0
TCGA-A5-A0GH	TCGA-UCEC	Alive	74.103297	CENSORED		cbio_os_status	0
TCGA-A5-A0GI	TCGA-UCEC	Alive	88.174376	CENSORED		cbio_os_status	0
TCGA-A5-A0GJ	TCGA-UCEC	Alive	65.752704	PROGRESSION		cbio_os_status	0
TCGA-A5-A0GM	TCGA-UCEC	Alive	60.525364	CENSORED		cbio_os_status	0
TCGA-A5-A0GN	TCGA-UCEC	Alive	60.525364	CENSORED		cbio_os_status	0
TCGA-A5-A0GP	TCGA-UCEC	Alive	46.552914	CENSORED		cbio_os_status	0
TCGA-A5-A0GQ	TCGA-UCEC	Alive	73.873163	CENSORED		cbio_os_status	0
TCGA-A5-A0GR	TCGA-UCEC	Alive	36.821514	CENSORED		cbio_os_status	0
TCGA-A5-A0GU	TCGA-UCEC	Alive	28.273663	CENSORED		cbio_os_status	0
TCGA-A5-A0GV	TCGA-UCEC	Alive	54.015846	PROGRESSION		cbio_os_status	0
TCGA-A5-A0GW	TCGA-UCEC	Alive	23.210705	CENSORED		cbio_os_status	0
TCGA-A5-A0GX	TCGA-UCEC	Alive	68.645823	CENSORED		cbio_os_status	0
TCGA-A5-A0R6	TCGA-UCEC	Alive	37.906434	PROGRESSION		cbio_os_status	0
TCGA-A5-A0R7	TCGA-UCEC	Alive	17.588848	CENSORED		cbio_os_status	0
TCGA-A5-A0R8	TCGA-UCEC	Alive	19.594306	PROGRESSION		cbio_os_status	0
TCGA-A5-A0R9	TCGA-UCEC	Alive	24.624388	CENSORED		cbio_os_status	0
TCGA-A5-A0RA	TCGA-UCEC	Alive	29.062695	CENSORED		cbio_os_status	0
TCGA-A5-A0VO	TCGA-UCEC	Dead	28.766808	CENSORED		cbio_os_status	0
TCGA-A5-A0VP	TCGA-UCEC	Alive	42.344741	CENSORED		cbio_os_status	0
TCGA-A5-A0VQ	TCGA-UCEC	Alive	15.945031	CENSORED		cbio_os_status	0
TCGA-A5-A1OF	TCGA-UCEC	Alive	31.988691	CENSORED		cbio_os_status	0
TCGA-A5-A1OG	TCGA-UCEC	Dead	31.988691	PROGRESSION		cbio_os_status	0
TCGA-A5-A1OH	TCGA-UCEC	Alive	36.328369	CENSORED		cbio_os_status	0
TCGA-A5-A1OJ	TCGA-UCEC	Alive	33.073610	CENSORED		cbio_os_status	0
TCGA-A5-A1OK	TCGA-UCEC	Alive	30.147615	CENSORED		cbio_os_status	0
TCGA-A5-A2K2	TCGA-UCEC	Alive	118.190486	CENSORED		cbio_os_status	0
TCGA-A5-A2K3	TCGA-UCEC	Alive	66.147220	CENSORED		cbio_os_status	0
TCGA-A5-A2K4	TCGA-UCEC	Dead	28.635303	PROGRESSION		cbio_os_status	0
TCGA-A5-A2K5	TCGA-UCEC	Alive	24.723017	CENSORED		cbio_os_status	0
TCGA-A5-A2K7	TCGA-UCEC	Alive	34.947562	CENSORED		cbio_os_status	0
TCGA-A5-A3LO	TCGA-UCEC	Alive	25.512049	CENSORED		cbio_os_status	0
TCGA-A5-A3LP	TCGA-UCEC	Alive	14.958740	CENSORED		cbio_os_status	0
TCGA-A5-A7WJ	TCGA-UCEC	Alive	11.210836	CENSORED		cbio_os_status	0
TCGA-A5-A7WK	TCGA-UCEC	Alive	18.410757	PROGRESSION		cbio_os_status	0
TCGA-A5-AB3J	TCGA-UCEC	Alive	16.832692	CENSORED		cbio_os_status	0
TCGA-A6-2671	TCGA-COAD	Dead	43.758425	PROGRESSION		cbio_os_status	0
TCGA-A6-2672	TCGA-COAD	Alive	46.651544	CENSORED		cbio_os_status	0
TCGA-A6-2674	TCGA-COAD	Alive	43.758425	PROGRESSION		cbio_os_status	0
TCGA-A6-2675	TCGA-COAD	Alive	43.429661	CENSORED		cbio_os_status	0
TCGA-A6-2676	TCGA-COAD	Dead	42.903639	CENSORED		cbio_os_status	0
TCGA-A6-2677	TCGA-COAD	Dead	24.328501	CENSORED		cbio_os_status	0
TCGA-A6-2678	TCGA-COAD	Alive	42.278989	CENSORED		cbio_os_status	0
TCGA-A6-2679	TCGA-COAD	Alive	44.909097	CENSORED		cbio_os_status	0
TCGA-A6-2680	TCGA-COAD	Alive	35.111944	CENSORED		cbio_os_status	0
TCGA-A6-2681	TCGA-COAD	Alive	45.599500	PROGRESSION		cbio_os_status	0
TCGA-A6-2682	TCGA-COAD	Dead	13.939573	PROGRESSION		cbio_os_status	0
TCGA-A6-2683	TCGA-COAD	Dead	16.569681	PROGRESSION		cbio_os_status	0
TCGA-A6-2684	TCGA-COAD	Alive	37.051649	PROGRESSION		cbio_os_status	0
TCGA-A6-2685	TCGA-COAD	Alive	37.248907	PROGRESSION		cbio_os_status	0
TCGA-A6-2686	TCGA-COAD	Dead	37.018772	CENSORED		cbio_os_status	0
TCGA-A6-3807	TCGA-COAD	Alive	34.651675	CENSORED		cbio_os_status	0
TCGA-A6-3808	TCGA-COAD	Alive	33.336621	CENSORED		cbio_os_status	0
TCGA-A6-3809	TCGA-COAD	Alive	32.744847	CENSORED		cbio_os_status	0
TCGA-A6-3810	TCGA-COAD	Alive	36.525627	CENSORED		cbio_os_status	0
TCGA-A6-4105	TCGA-COAD	Dead	14.531348	PROGRESSION		cbio_os_status	0
TCGA-A6-4107	TCGA-COAD	Alive	32.448959	CENSORED		cbio_os_status	0
TCGA-A6-5656	TCGA-COAD	Alive	32.909228	CENSORED		cbio_os_status	0
TCGA-A6-5657	TCGA-COAD	Alive	31.627051	CENSORED		cbio_os_status	0
TCGA-A6-5659	TCGA-COAD	Alive	30.443502	CENSORED		cbio_os_status	0
TCGA-A6-5660	TCGA-COAD	Alive	29.194201	CENSORED		cbio_os_status	0
TCGA-A6-5661	TCGA-COAD	Alive	33.533879	CENSORED		cbio_os_status	0
TCGA-A6-5662	TCGA-COAD	Alive	23.605221	PROGRESSION		cbio_os_status	0
TCGA-A6-5664	TCGA-COAD	Alive	22.092909	PROGRESSION		cbio_os_status	0
TCGA-A6-5665	TCGA-COAD	Alive	22.060032	PROGRESSION		cbio_os_status	0
TCGA-A6-5666	TCGA-COAD	Alive	32.711970	PROGRESSION		cbio_os_status	0
TCGA-A6-5667	TCGA-COAD	Alive	29.161324	CENSORED		cbio_os_status	0
TCGA-A6-6137	TCGA-COAD	Alive	27.090114	CENSORED		cbio_os_status	0
TCGA-A6-6138	TCGA-COAD	Alive	22.520301	CENSORED		cbio_os_status	0
TCGA-A6-6140	TCGA-COAD	Alive	24.131242	CENSORED		cbio_os_status	0
TCGA-A6-6141	TCGA-COAD	Alive	8.383470	CENSORED		cbio_os_status	0
TCGA-A6-6142	TCGA-COAD	Alive	25.084657	PROGRESSION		cbio_os_status	0
TCGA-A6-6648	TCGA-COAD	Alive	25.183286	PROGRESSION		cbio_os_status	0
TCGA-A6-6649	TCGA-COAD	Alive	24.164119	CENSORED		cbio_os_status	0
TCGA-A6-6650	TCGA-COAD	Alive	20.613473	CENSORED		cbio_os_status	0
TCGA-A6-6651	TCGA-COAD	Alive	21.764145	CENSORED		cbio_os_status	0
TCGA-A6-6652	TCGA-COAD	Alive	24.690140	CENSORED		cbio_os_status	0
TCGA-A6-6653	TCGA-COAD	Alive	24.394253	CENSORED		cbio_os_status	0
TCGA-A6-6654	TCGA-COAD	Alive	23.868232	CENSORED		cbio_os_status	0
TCGA-A6-A565	TCGA-COAD	Dead	16.240918	PROGRESSION		cbio_os_status	0
TCGA-A6-A566	TCGA-COAD	Dead	24.920275	PROGRESSION		cbio_os_status	0
TCGA-A6-A567	TCGA-COAD	Dead	61.840418	PROGRESSION		cbio_os_status	0
TCGA-A6-A56B	TCGA-COAD	Dead	56.251438	PROGRESSION		cbio_os_status	0
TCGA-A6-A5ZU	TCGA-COAD	Alive	9.632771	CENSORED		cbio_os_status	0
TCGA-A7-A0CD	TCGA-BRCA_IDC	Alive	38.300950	CENSORED		cbio_os_status	0
TCGA-A7-A0CE	TCGA-BRCA_IDC	Alive	35.309202	CENSORED		cbio_os_status	0
TCGA-A7-A0CG	TCGA-BRCA_OTHERS	Alive	34.290035	CENSORED		cbio_os_status	0
TCGA-A7-A0CH	TCGA-BRCA_IDC	Alive	35.473584	CENSORED		cbio_os_status	0
TCGA-A7-A0CJ	TCGA-BRCA_IDC	Alive	30.607884	CENSORED		cbio_os_status	0
TCGA-A7-A0D9	TCGA-BRCA_IDC	Alive	37.446165	CENSORED		cbio_os_status	0
TCGA-A7-A0DA	TCGA-BRCA_IDC	Alive	35.670842	CENSORED		cbio_os_status	0
TCGA-A7-A0DB	TCGA-BRCA_IDC	Alive	33.106487	CENSORED		cbio_os_status	0
TCGA-A7-A0DC	TCGA-BRCA_IDC	Alive	29.785975	CENSORED		cbio_os_status	0
TCGA-A7-A13D	TCGA-BRCA_IDC	Alive	31.725680	CENSORED		cbio_os_status	0
TCGA-A7-A13E	TCGA-BRCA_IDC	Dead	20.186080	PROGRESSION		cbio_os_status	0
TCGA-A7-A13F	TCGA-BRCA_IDC	Alive	25.150409	CENSORED		cbio_os_status	0
TCGA-A7-A13G	TCGA-BRCA_IDC	Alive	23.605221	PROGRESSION		cbio_os_status	0
TCGA-A7-A13H	TCGA-BRCA_OTHERS	Alive	29.555840	PROGRESSION		cbio_os_status	0
TCGA-A7-A26E	TCGA-BRCA_OTHERS	Alive	31.364040	CENSORED		cbio_os_status	0
TCGA-A7-A26F	TCGA-BRCA_OTHERS	Alive	24.262748	CENSORED		cbio_os_status	0
TCGA-A7-A26G	TCGA-BRCA_OTHERS	Alive	23.736726	CENSORED		cbio_os_status	0
TCGA-A7-A26H	TCGA-BRCA_IDC	Alive	23.802479	PROGRESSION		cbio_os_status	0
TCGA-A7-A26I	TCGA-BRCA_IDC	Alive	21.731269	CENSORED		cbio_os_status	0
TCGA-A7-A26J	TCGA-BRCA_IDC	Alive	20.613473	CENSORED		cbio_os_status	0
TCGA-A7-A2KD	TCGA-BRCA_IDC	Alive	22.323043	CENSORED		cbio_os_status	0
TCGA-A7-A3IY	TCGA-BRCA_OTHERS	Alive	11.342341	CENSORED		cbio_os_status	0
TCGA-A7-A3IZ	TCGA-BRCA_OTHERS	Alive	10.586185	CENSORED		cbio_os_status	0
TCGA-A7-A3J0	TCGA-BRCA_OTHERS	Alive	10.290298	CENSORED		cbio_os_status	0
TCGA-A7-A3J1	TCGA-BRCA_OTHERS	Alive	11.276589	CENSORED		cbio_os_status	0
TCGA-A7-A3RF	TCGA-BRCA_OTHERS	Alive	13.413552	PROGRESSION		cbio_os_status	0
TCGA-A7-A425	TCGA-BRCA_OTHERS	Alive	14.695729	PROGRESSION		cbio_os_status	0
TCGA-A7-A426	TCGA-BRCA_OTHERS	Alive	11.966992	CENSORED		cbio_os_status	0
TCGA-A7-A4SA	TCGA-BRCA_OTHERS	Alive	14.925864	CENSORED		cbio_os_status	0
TCGA-A7-A4SB	TCGA-BRCA_OTHERS	Alive	13.742315	CENSORED		cbio_os_status	0
TCGA-A7-A4SC	TCGA-BRCA_OTHERS	Alive	14.662853	CENSORED		cbio_os_status	0
TCGA-A7-A4SD	TCGA-BRCA_IDC	Alive	14.498471	CENSORED		cbio_os_status	0
TCGA-A7-A4SE	TCGA-BRCA_IDC	Alive	21.172371	CENSORED		cbio_os_status	0
TCGA-A7-A4SF	TCGA-BRCA_IDC	Alive	17.917612	CENSORED		cbio_os_status	0
TCGA-A7-A56D	TCGA-BRCA_IDC	Alive	14.728606	CENSORED		cbio_os_status	0
TCGA-A7-A5ZV	TCGA-BRCA_OTHERS	Alive	12.098498	CENSORED		cbio_os_status	0
TCGA-A7-A5ZW	TCGA-BRCA_IDC	Alive	10.717691	CENSORED		cbio_os_status	0
TCGA-A7-A5ZX	TCGA-BRCA_OTHERS	Alive	11.046454	CENSORED		cbio_os_status	0
TCGA-A7-A6VV	TCGA-BRCA_IDC	Alive	10.290298	CENSORED		cbio_os_status	0
TCGA-A7-A6VW	TCGA-BRCA_IDC	Alive	9.369760	CENSORED		cbio_os_status	0
TCGA-A7-A6VX	TCGA-BRCA_IDC	Alive	10.421804	CENSORED		cbio_os_status	0
TCGA-A7-A6VY	TCGA-BRCA_IDC	Alive	8.745110	CENSORED		cbio_os_status	0
TCGA-A8-A06N	TCGA-BRCA_IDC	Alive	0.000000	CENSORED		cbio_os_status	0
TCGA-A8-A06O	TCGA-BRCA_IDC	Alive	13.019035	CENSORED		cbio_os_status	0
TCGA-A8-A06P	TCGA-BRCA_IDC	Alive	13.019035	CENSORED		cbio_os_status	0
TCGA-A8-A06Q	TCGA-BRCA_IDC	Alive	1.019167	CENSORED		cbio_os_status	0
TCGA-A8-A06R	TCGA-BRCA_IDC	Alive	17.983365	CENSORED		cbio_os_status	0
TCGA-A8-A06T	TCGA-BRCA_IDC	Alive	53.062432	CENSORED		cbio_os_status	0
TCGA-A8-A06U	TCGA-BRCA_IDC	Dead	29.029819	CENSORED		cbio_os_status	0
TCGA-A8-A06X	TCGA-BRCA_IDC	Dead	31.002400	CENSORED		cbio_os_status	0
TCGA-A8-A06Y	TCGA-BRCA_IDC	Alive	26.005194	PROGRESSION		cbio_os_status	0
TCGA-A8-A06Z	TCGA-BRCA_IDC	Alive	1.019167	CENSORED		cbio_os_status	0
TCGA-A8-A075	TCGA-BRCA_IDC	Alive	17.029950	CENSORED		cbio_os_status	0
TCGA-A8-A076	TCGA-BRCA_IDC	Alive	53.982970	CENSORED		cbio_os_status	0
TCGA-A8-A079	TCGA-BRCA_IDC	Alive	9.008120	CENSORED		cbio_os_status	0
TCGA-A8-A07B	TCGA-BRCA_IDC	Alive	43.002268	CENSORED		cbio_os_status	0
TCGA-A8-A07C	TCGA-BRCA_IDC	Alive	33.994148	CENSORED		cbio_os_status	0
TCGA-A8-A07E	TCGA-BRCA_IDC	Alive	19.988822	CENSORED		cbio_os_status	0
TCGA-A8-A07F	TCGA-BRCA_IDC	Alive	18.969655	CENSORED		cbio_os_status	0
TCGA-A8-A07G	TCGA-BRCA_IDC	Alive	18.969655	CENSORED		cbio_os_status	0
TCGA-A8-A07I	TCGA-BRCA_IDC	Alive	14.005326	CENSORED		cbio_os_status	0
TCGA-A8-A07J	TCGA-BRCA_IDC	Alive	11.999868	CENSORED		cbio_os_status	0
TCGA-A8-A07L	TCGA-BRCA_IDC	Alive	32.054443	CENSORED		cbio_os_status	0
TCGA-A8-A07O	TCGA-BRCA_IDC	Alive	9.994411	CENSORED		cbio_os_status	0
TCGA-A8-A07P	TCGA-BRCA_IDC	Alive	10.980702	CENSORED		cbio_os_status	0
TCGA-A8-A07R	TCGA-BRCA_IDC	Alive	8.975244	CENSORED		cbio_os_status	0
TCGA-A8-A07S	TCGA-BRCA_OTHERS	Alive	7.988954	CENSORED		cbio_os_status	0
TCGA-A8-A07U	TCGA-BRCA_IDC	Alive	24.986028	CENSORED		cbio_os_status	0
TCGA-A8-A07W	TCGA-BRCA_IDC	Alive	9.994411	CENSORED		cbio_os_status	0
TCGA-A8-A07Z	TCGA-BRCA_IDC	Alive	45.073479	CENSORED		cbio_os_status	0
TCGA-A8-A081	TCGA-BRCA_IDC	Alive	0.000000	CENSORED		cbio_os_status	0
TCGA-A8-A082	TCGA-BRCA_IDC	Alive	18.049117	CENSORED		cbio_os_status	0
TCGA-A8-A083	TCGA-BRCA_IDC	Alive	0.000000	CENSORED		cbio_os_status	0
TCGA-A8-A084	TCGA-BRCA_IDC	Alive				gdc_vital_status	0
TCGA-A8-A085	TCGA-BRCA_IDC	Alive	36.953020	CENSORED		cbio_os_status	0
TCGA-A8-A086	TCGA-BRCA_IDC	Alive	13.019035	CENSORED		cbio_os_status	0
TCGA-A8-A08A	TCGA-BRCA_IDC	Alive	0.986291	CENSORED		cbio_os_status	0
TCGA-A8-A08B	TCGA-BRCA_IDC	Alive	38.005063	CENSORED		cbio_os_status	0
TCGA-A8-A08C	TCGA-BRCA_IDC	Alive	28.964066	CENSORED		cbio_os_status	0
TCGA-A8-A08F	TCGA-BRCA_IDC	Alive				gdc_vital_status	0
TCGA-A8-A08G	TCGA-BRCA_IDC	Alive	19.955946	CENSORED		cbio_os_status	0
TCGA-A8-A08H	TCGA-BRCA_IDC	Alive	0.000000	CENSORED		cbio_os_status	0
TCGA-A8-A08I	TCGA-BRCA_IDC	Alive	11.999868	CENSORED		cbio_os_status	0
TCGA-A8-A08J	TCGA-BRCA_OTHERS	Dead	37.051649	PROGRESSION		cbio_os_status	0
TCGA-A8-A08L	TCGA-BRCA_IDC	Dead	9.994411	CENSORED		cbio_os_status	0
TCGA-A8-A08O	TCGA-BRCA_IDC	Alive	31.002400	PROGRESSION		cbio_os_status	0
TCGA-A8-A08P	TCGA-BRCA_IDC	Alive	31.002400	CENSORED		cbio_os_status	0
TCGA-A8-A08R	TCGA-BRCA_IDC	Alive	0.986291	CENSORED		cbio_os_status	0
TCGA-A8-A08S	TCGA-BRCA_IDC	Alive				gdc_vital_status	0
TCGA-A8-A08T	TCGA-BRCA_IDC	Dead	112.075484	PROGRESSION		cbio_os_status	0
TCGA-A8-A08X	TCGA-BRCA_IDC	Alive	43.002268	PROGRESSION		cbio_os_status	0
TCGA-A8-A08Z	TCGA-BRCA_IDC	Alive	40.010520	CENSORED		cbio_os_status	0
TCGA-A8-A090	TCGA-BRCA_IDC	Alive	0.000000	CENSORED		cbio_os_status	0
TCGA-A8-A091	TCGA-BRCA_IDC	Alive	33.007857	PROGRESSION		cbio_os_status	0
TCGA-A8-A092	TCGA-BRCA_IDC	Alive	30.969524	CENSORED		cbio_os_status	0
TCGA-A8-A093	TCGA-BRCA_IDC	Alive	17.950488	CENSORED		cbio_os_status	0
TCGA-A8-A094	TCGA-BRCA_IDC	Alive	0.000000	CENSORED		cbio_os_status	0
TCGA-A8-A095	TCGA-BRCA_IDC	Alive	41.983102	CENSORED		cbio_os_status	0
TCGA-A8-A096	TCGA-BRCA_IDC	Alive	0.000000	CENSORED		cbio_os_status	0
TCGA-A8-A097	TCGA-BRCA_IDC	Alive	11.999868	CENSORED		cbio_os_status	0
TCGA-A8-A099	TCGA-BRCA_IDC	Alive	9.994411	CENSORED		cbio_os_status	0
TCGA-A8-A09A	TCGA-BRCA_IDC	Alive	9.994411	CENSORED		cbio_os_status	0
TCGA-A8-A09B	TCGA-BRCA_IDC	Alive	11.999868	CENSORED		cbio_os_status	0
TCGA-A8-A09C	TCGA-BRCA_IDC	Alive	1.019167	CENSORED		cbio_os_status	0
TCGA-A8-A09D	TCGA-BRCA_IDC	Alive	50.037808	CENSORED		cbio_os_status	0
TCGA-A8-A09E	TCGA-BRCA_IDC	Alive				gdc_vital_status	0
TCGA-A8-A09G	TCGA-BRCA_IDC	Alive	0.000000	CENSORED		cbio_os_status	0
TCGA-A8-A09I	TCGA-BRCA_IDC	Alive	45.073479	CENSORED		cbio_os_status	0
TCGA-A8-A09K	TCGA-BRCA_IDC	Alive				gdc_vital_status	0
TCGA-A8-A09M	TCGA-BRCA_IDC	Alive	33.073610	CENSORED		cbio_os_status	0
TCGA-A8-A09N	TCGA-BRCA_IDC	Alive	1.019167	CENSORED		cbio_os_status	0
TCGA-A8-A09Q	TCGA-BRCA_IDC	Alive	25.018904	CENSORED		cbio_os_status	0
TCGA-A8-A09R	TCGA-BRCA_IDC	Alive	8.975244	CENSORED		cbio_os_status	0
TCGA-A8-A09T	TCGA-BRCA_OTHERS	Alive	19.035408	CENSORED		cbio_os_status	0
TCGA-A8-A09V	TCGA-BRCA_OTHERS	Alive	15.024493	CENSORED		cbio_os_status	0
TCGA-A8-A09W	TCGA-BRCA_OTHERS	Alive	0.986291	CENSORED		cbio_os_status	0
TCGA-A8-A09X	TCGA-BRCA_OTHERS	Dead	14.005326	CENSORED		cbio_os_status	0
TCGA-A8-A09Z	TCGA-BRCA_OTHERS	Alive	0.000000	CENSORED		cbio_os_status	0
TCGA-A8-A0A1	TCGA-BRCA_OTHERS	Alive	11.999868	CENSORED		cbio_os_status	0
TCGA-A8-A0A2	TCGA-BRCA_OTHERS	Alive	19.035408	CENSORED		cbio_os_status	0
TCGA-A8-A0A4	TCGA-BRCA_OTHERS	Alive	13.019035	CENSORED		cbio_os_status	0
TCGA-A8-A0A7	TCGA-BRCA_OTHERS	Alive	0.986291	CENSORED		cbio_os_status	0
TCGA-A8-A0A9	TCGA-BRCA_IDC	Alive	27.024361	CENSORED		cbio_os_status	0
TCGA-A8-A0AB	TCGA-BRCA_OTHERS	Alive	17.029950	CENSORED		cbio_os_status	0
TCGA-A8-A0AD	TCGA-BRCA_OTHERS	Alive	38.037939	CENSORED		cbio_os_status	0
TCGA-AA-3514	TCGA-COAD	Alive	1.019167	CENSORED		cbio_os_status	0
TCGA-AA-3516	TCGA-COAD	Dead				gdc_vital_status	0
TCGA-AA-3517	TCGA-COAD	Alive	38.991354	PROGRESSION		cbio_os_status	0
TCGA-AA-3518	TCGA-COAD	Alive	1.019167	CENSORED		cbio_os_status	0
TCGA-AA-3519	TCGA-COAD	Alive	9.073873	CENSORED		cbio_os_status	0
TCGA-AA-3520	TCGA-COAD	Alive	24.032613	CENSORED		cbio_os_status	0
TCGA-AA-3521	TCGA-COAD	Alive		CENSORED		cbio_os_status	0
TCGA-AA-3522	TCGA-COAD	Alive	37.051649	CENSORED		cbio_os_status	0
TCGA-AA-3524	TCGA-COAD	Alive	36.032482	CENSORED		cbio_os_status	0
TCGA-AA-3525	TCGA-COAD	Alive	8.054706	CENSORED		cbio_os_status	0
TCGA-AA-3526	TCGA-COAD	Alive	19.068284	CENSORED		cbio_os_status	0
TCGA-AA-3527	TCGA-COAD	Alive	0.000000	CENSORED		cbio_os_status	0
TCGA-AA-3529	TCGA-COAD	Dead	0.000000	PROGRESSION		cbio_os_status	0
TCGA-AA-3530	TCGA-COAD	Alive	19.068284	CENSORED		cbio_os_status	0
TCGA-AA-3531	TCGA-COAD	Alive	34.027024	CENSORED		cbio_os_status	0
TCGA-AA-3532	TCGA-COAD	Alive	28.996942	CENSORED		cbio_os_status	0
TCGA-AA-3534	TCGA-COAD	Alive	28.996942	CENSORED		cbio_os_status	0
TCGA-AA-3538	TCGA-COAD	Alive	26.005194	CENSORED		cbio_os_status	0
TCGA-AA-3542	TCGA-COAD	Alive	12.986159	CENSORED		cbio_os_status	0
TCGA-AA-3543	TCGA-COAD	Alive	0.986291	CENSORED		cbio_os_status	0
TCGA-AA-3544	TCGA-COAD	Alive	14.005326	CENSORED		cbio_os_status	0
TCGA-AA-3548	TCGA-COAD	Alive	33.994148	CENSORED		cbio_os_status	0
TCGA-AA-3549	TCGA-COAD	Alive	21.007989	CENSORED		cbio_os_status	0
TCGA-AA-3552	TCGA-COAD	Dead	13.019035	PROGRESSION		cbio_os_status	0
TCGA-AA-3553	TCGA-COAD	Alive	23.999737	CENSORED		cbio_os_status	0
TCGA-AA-3554	TCGA-COAD	Alive				gdc_vital_status	0
TCGA-AA-3555	TCGA-COAD	Alive	29.950357	PROGRESSION		cbio_os_status	0
TCGA-AA-3556	TCGA-COAD	Alive				gdc_vital_status	0
TCGA-AA-3558	TCGA-COAD	Alive	20.975113	PROGRESSION		cbio_os_status	0
TCGA-AA-3560	TCGA-COAD	Alive	19.988822	CENSORED		cbio_os_status	0
TCGA-AA-3561	TCGA-COAD	Alive	13.939573	CENSORED		cbio_os_status	0
TCGA-AA-3562	TCGA-COAD	Alive				gdc_vital_status	0
TCGA-AA-3664	TCGA-COAD	Alive	54.015846	CENSORED		cbio_os_status	0
TCGA-AA-3666	TCGA-COAD	Dead	2.005457	PROGRESSION		cbio_os_status	0
TCGA-AA-3667	TCGA-COAD	Alive	14.005326	CENSORED		cbio_os_status	0
TCGA-AA-3672	TCGA-COAD	Alive				gdc_vital_status	0
TCGA-AA-3673	TCGA-COAD	Alive	50.037808	CENSORED		cbio_os_status	0
TCGA-AA-3675	TCGA-COAD	Alive	47.046060	CENSORED		cbio_os_status	0
TCGA-AA-3678	TCGA-COAD	Alive	47.013183	CENSORED		cbio_os_status	0
TCGA-AA-3679	TCGA-COAD	Alive	15.024493	CENSORED		cbio_os_status	0
TCGA-AA-3680	TCGA-COAD	Dead	11.013578	PROGRESSION		cbio_os_status	0
TCGA-AA-3681	TCGA-COAD	Alive	5.983496	CENSORED		cbio_os_status	0
TCGA-AA-3684	TCGA-COAD	Alive	0.000000	CENSORED		cbio_os_status	0
TCGA-AA-3685	TCGA-COAD	Alive	37.051649	CENSORED		cbio_os_status	0
TCGA-AA-3688	TCGA-COAD	Alive	19.002531	CENSORED		cbio_os_status	0
TCGA-AA-3692	TCGA-COAD	Dead	35.999605	PROGRESSION		cbio_os_status	0
TCGA-AA-3693	TCGA-COAD	Alive	0.000000	CENSORED		cbio_os_status	0
TCGA-AA-3695	TCGA-COAD	Alive	0.000000	CENSORED		cbio_os_status	0
TCGA-AA-3696	TCGA-COAD	Dead	5.030082	PROGRESSION		cbio_os_status	0
TCGA-AA-3710	TCGA-COAD	Alive	26.991485	CENSORED		cbio_os_status	0
TCGA-AA-3715	TCGA-COAD	Dead	19.035408	PROGRESSION		cbio_os_status	0
TCGA-AA-3811	TCGA-COAD	Dead	10.060164	PROGRESSION		cbio_os_status	0
TCGA-AA-3812	TCGA-COAD	Alive	35.046191	PROGRESSION		cbio_os_status	0
TCGA-AA-3814	TCGA-COAD	Alive	0.000000	CENSORED		cbio_os_status	0
TCGA-AA-3815	TCGA-COAD	Alive				gdc_vital_status	0
TCGA-AA-3818	TCGA-COAD	Dead	0.986291	PROGRESSION		cbio_os_status	0
TCGA-AA-3819	TCGA-COAD	Alive	25.018904	CENSORED		cbio_os_status	0
TCGA-AA-3821	TCGA-COAD	Alive	1.019167	CENSORED		cbio_os_status	0
TCGA-AA-3831	TCGA-COAD	Alive	17.983365	CENSORED		cbio_os_status	0
TCGA-AA-3833	TCGA-COAD	Alive	15.945031	CENSORED		cbio_os_status	0
TCGA-AA-3837	TCGA-COAD	Alive	38.991354	CENSORED		cbio_os_status	0
TCGA-AA-3841	TCGA-COAD	Alive	36.953020	CENSORED		cbio_os_status	0
TCGA-AA-3842	TCGA-COAD	Alive	37.018772	PROGRESSION		cbio_os_status	0
TCGA-AA-3844	TCGA-COAD	Alive	14.925864	PROGRESSION		cbio_os_status	0
TCGA-AA-3845	TCGA-COAD	Dead	0.000000	PROGRESSION		cbio_os_status	0
TCGA-AA-3846	TCGA-COAD	Alive	17.029950	CENSORED		cbio_os_status	0
TCGA-AA-3848	TCGA-COAD	Dead	10.060164	PROGRESSION		cbio_os_status	0
TCGA-AA-3850	TCGA-COAD	Dead	0.000000	PROGRESSION		cbio_os_status	0
TCGA-AA-3851	TCGA-COAD	Alive	33.073610	CENSORED		cbio_os_status	0
TCGA-AA-3852	TCGA-COAD	Dead	0.000000	PROGRESSION		cbio_os_status	0
TCGA-AA-3854	TCGA-COAD	Alive	36.032482	CENSORED		cbio_os_status	0
TCGA-AA-3855	TCGA-COAD	Alive	32.054443	CENSORED		cbio_os_status	0
TCGA-AA-3856	TCGA-COAD	Alive	0.986291	CENSORED		cbio_os_status	0
TCGA-AA-3858	TCGA-COAD	Alive	31.068153	CENSORED		cbio_os_status	0
TCGA-AA-3860	TCGA-COAD	Alive				gdc_vital_status	0
TCGA-AA-3861	TCGA-COAD	Alive				gdc_vital_status	0
TCGA-AA-3862	TCGA-COAD	Alive				gdc_vital_status	0
TCGA-AA-3864	TCGA-COAD	Alive	52.996679	CENSORED		cbio_os_status	0
TCGA-AA-3866	TCGA-COAD	Alive	17.029950	CENSORED		cbio_os_status	0
TCGA-AA-3867	TCGA-COAD	Alive	24.032613	PROGRESSION		cbio_os_status	0
TCGA-AA-3869	TCGA-COAD	Dead	27.024361	PROGRESSION		cbio_os_status	0
TCGA-AA-3870	TCGA-COAD	Alive	29.983233	CENSORED		cbio_os_status	0
TCGA-AA-3872	TCGA-COAD	Alive	0.000000	CENSORED		cbio_os_status	0
TCGA-AA-3875	TCGA-COAD	Alive	18.049117	CENSORED		cbio_os_status	0
TCGA-AA-3877	TCGA-COAD	Alive	31.002400	CENSORED		cbio_os_status	0
TCGA-AA-3930	TCGA-COAD	Dead	2.005457	PROGRESSION		cbio_os_status	0
TCGA-AA-3939	TCGA-COAD	Alive	12.986159	CENSORED		cbio_os_status	0
TCGA-AA-3941	TCGA-COAD	Alive	23.999737	CENSORED		cbio_os_status	0
TCGA-AA-3947	TCGA-COAD	Alive	33.007857	CENSORED		cbio_os_status	0
TCGA-AA-3949	TCGA-COAD	Alive	26.005194	CENSORED		cbio_os_status	0
TCGA-AA-3950	TCGA-COAD	Alive	23.999737	CENSORED		cbio_os_status	0
TCGA-AA-3952	TCGA-COAD	Dead	2.005457	PROGRESSION		cbio_os_status	0
TCGA-AA-3955	TCGA-COAD	Alive	20.975113	CENSORED		cbio_os_status	0
TCGA-AA-3956	TCGA-COAD	Alive	34.027024	CENSORED		cbio_os_status	0
TCGA-AA-3966	TCGA-COAD	Alive	2.005457	CENSORED		cbio_os_status	0
TCGA-AA-3967	TCGA-COAD	Alive				gdc_vital_status	0
TCGA-AA-3968	TCGA-COAD	Alive	21.994280	CENSORED		cbio_os_status	0
TCGA-AA-3970	TCGA-COAD	Alive				gdc_vital_status	0
TCGA-AA-3971	TCGA-COAD	Alive	16.076536	CENSORED		cbio_os_status	0
TCGA-AA-3972	TCGA-COAD	Alive				gdc_vital_status	0
TCGA-AA-3973	TCGA-COAD	Alive	13.051912	CENSORED		cbio_os_status	0
TCGA-AA-3975	TCGA-COAD	Alive	34.059901	CENSORED		cbio_os_status	0
TCGA-AA-3976	TCGA-COAD	Alive	26.005194	CENSORED		cbio_os_status	0
TCGA-AA-3977	TCGA-COAD	Alive	25.018904	CENSORED		cbio_os_status	0
TCGA-AA-3979	TCGA-COAD	Alive	23.999737	CENSORED		cbio_os_status	0
TCGA-AA-3980	TCGA-COAD	Alive	27.024361	CENSORED		cbio_os_status	0
TCGA-AA-3982	TCGA-COAD	Alive	27.024361	CENSORED		cbio_os_status	0
TCGA-AA-3984	TCGA-COAD	Alive	0.000000	CENSORED		cbio_os_status	0
TCGA-AA-3986	TCGA-COAD	Alive	19.068284	CENSORED		cbio_os_status	0
TCGA-AA-3989	TCGA-COAD	Dead	7.956077	PROGRESSION		cbio_os_status	0
TCGA-AA-3994	TCGA-COAD	Alive	27.024361	CENSORED		cbio_os_status	0
TCGA-AA-A004	TCGA-COAD	Alive	13.939573	CENSORED		cbio_os_status	0
TCGA-AA-A00A	TCGA-COAD	Alive	38.037939	CENSORED		cbio_os_status	0
TCGA-AA-A00D	TCGA-COAD	Alive	19.002531	CENSORED		cbio_os_status	0
TCGA-AA-A00E	TCGA-COAD	Alive	30.016109	CENSORED		cbio_os_status	0
TCGA-AA-A00F	TCGA-COAD	Alive	34.027024	CENSORED		cbio_os_status	0
TCGA-AA-A00J	TCGA-COAD	Alive	18.049117	CENSORED		cbio_os_status	0
TCGA-AA-A00K	TCGA-COAD	Alive	18.049117	CENSORED		cbio_os_status	0
TCGA-AA-A00L	TCGA-COAD	Alive	38.037939	CENSORED		cbio_os_status	0
TCGA-AA-A00N	TCGA-COAD	Dead	4.010915	PROGRESSION		cbio_os_status	0
TCGA-AA-A00O	TCGA-COAD	Alive	27.024361	CENSORED		cbio_os_status	0
TCGA-AA-A00Q	TCGA-COAD	Alive	42.015978	CENSORED		cbio_os_status	0
TCGA-AA-A00R	TCGA-COAD	Alive	0.986291	CENSORED		cbio_os_status	0
TCGA-AA-A00U	TCGA-COAD	Alive	17.029950	CENSORED		cbio_os_status	0
TCGA-AA-A00W	TCGA-COAD	Alive	14.991617	CENSORED		cbio_os_status	0
TCGA-AA-A00Z	TCGA-COAD	Alive	21.994280	CENSORED		cbio_os_status	0
TCGA-AA-A010	TCGA-COAD	Alive	34.980439	CENSORED		cbio_os_status	0
TCGA-AA-A017	TCGA-COAD	Alive	15.024493	CENSORED		cbio_os_status	0
TCGA-AA-A01C	TCGA-COAD	Alive	15.024493	CENSORED		cbio_os_status	0
TCGA-AA-A01D	TCGA-COAD	Dead	10.980702	PROGRESSION		cbio_os_status	0
TCGA-AA-A01F	TCGA-COAD	Alive	32.021567	CENSORED		cbio_os_status	0
TCGA-AA-A01G	TCGA-COAD	Alive	11.999868	CENSORED		cbio_os_status	0
TCGA-AA-A01I	TCGA-COAD	Alive	31.002400	CENSORED		cbio_os_status	0
TCGA-AA-A01K	TCGA-COAD	Alive	31.002400	CENSORED		cbio_os_status	0
TCGA-AA-A01P	TCGA-COAD	Dead	38.070816	PROGRESSION		cbio_os_status	0
TCGA-AA-A01Q	TCGA-COAD	Alive	1.019167	CENSORED		cbio_os_status	0
TCGA-AA-A01R	TCGA-COAD	Alive	35.013315	PROGRESSION		cbio_os_status	0
TCGA-AA-A01S	TCGA-COAD	Alive	1.019167	CENSORED		cbio_os_status	0
TCGA-AA-A01T	TCGA-COAD	Alive	33.040734	CENSORED		cbio_os_status	0
TCGA-AA-A01V	TCGA-COAD	Alive	1.019167	CENSORED		cbio_os_status	0
TCGA-AA-A01X	TCGA-COAD	Alive	26.005194	PROGRESSION		cbio_os_status	0
TCGA-AA-A01Z	TCGA-COAD	Alive	37.018772	PROGRESSION		cbio_os_status	0
TCGA-AA-A022	TCGA-COAD	Alive	0.000000	CENSORED		cbio_os_status	0
TCGA-AA-A024	TCGA-COAD	Dead	39.057106	CENSORED		cbio_os_status	0
TCGA-AA-A029	TCGA-COAD	Alive	51.977513	CENSORED		cbio_os_status	0
TCGA-AA-A02E	TCGA-COAD	Dead	2.958872	PROGRESSION		cbio_os_status	0
TCGA-AA-A02F	TCGA-COAD	Alive	39.977644	CENSORED		cbio_os_status	0
TCGA-AA-A02H	TCGA-COAD	Dead	2.005457	PROGRESSION		cbio_os_status	0
TCGA-AA-A02J	TCGA-COAD	Dead	5.030082	PROGRESSION		cbio_os_status	0
TCGA-AA-A02K	TCGA-COAD	Dead				gdc_vital_status	0
TCGA-AA-A02O	TCGA-COAD	Alive	0.920538	CENSORED		cbio_os_status	0
TCGA-AA-A02R	TCGA-COAD	Dead	22.027156	PROGRESSION		cbio_os_status	0
TCGA-AA-A02W	TCGA-COAD	Alive	40.996811	PROGRESSION		cbio_os_status	0
TCGA-AA-A02Y	TCGA-COAD	Alive	39.977644	CENSORED		cbio_os_status	0
TCGA-AA-A03F	TCGA-COAD	Dead	18.049117	PROGRESSION		cbio_os_status	0
TCGA-AA-A03J	TCGA-COAD	Alive	40.963935	CENSORED		cbio_os_status	0
TCGA-AC-A23C	TCGA-BRCA_IDC	Alive	19.232666	CENSORED		cbio_os_status	0
TCGA-AC-A23E	TCGA-BRCA_IDC	Alive	22.947694	CENSORED		cbio_os_status	0
TCGA-AC-A23G	TCGA-BRCA_OTHERS	Alive	73.906039	CENSORED		cbio_os_status	0
TCGA-AC-A23H	TCGA-BRCA_IDC	Dead	5.720485	PROGRESSION		cbio_os_status	0
TCGA-AC-A2B8	TCGA-BRCA_OTHERS	Alive	22.257290	PROGRESSION		cbio_os_status	0
TCGA-AC-A2BK	TCGA-BRCA_IDC	Alive	73.051254	CENSORED		cbio_os_status	0
TCGA-AC-A2BM	TCGA-BRCA_IDC	Alive	99.352336	CENSORED		cbio_os_status	0
TCGA-AC-A2FB	TCGA-BRCA_OTHERS	Alive	40.569418	CENSORED		cbio_os_status	0
TCGA-AC-A2FE	TCGA-BRCA_OTHERS	Dead	86.662064	PROGRESSION		cbio_os_status	0
TCGA-AC-A2FF	TCGA-BRCA_OTHERS	Alive	90.705855	CENSORED		cbio_os_status	0
TCGA-AC-A2FG	TCGA-BRCA_OTHERS	Alive	60.919880	CENSORED		cbio_os_status	0
TCGA-AC-A2FK	TCGA-BRCA_OTHERS	Alive	87.122333	CENSORED		cbio_os_status	0
TCGA-AC-A2FM	TCGA-BRCA_OTHERS	Dead	26.038071	PROGRESSION		cbio_os_status	0
TCGA-AC-A2FO	TCGA-BRCA_OTHERS	Alive	74.136174	CENSORED		cbio_os_status	0
TCGA-AC-A2QH	TCGA-BRCA_OTHERS	Alive	33.040734	CENSORED		cbio_os_status	0
TCGA-AC-A2QI	TCGA-BRCA_OTHERS	Alive	19.331295	CENSORED		cbio_os_status	0
TCGA-AC-A2QJ	TCGA-BRCA_OTHERS	Dead	14.662853	PROGRESSION		cbio_os_status	0
TCGA-AC-A3BB	TCGA-BRCA_OTHERS	Alive	32.448959	CENSORED		cbio_os_status	0
TCGA-AC-A3EH	TCGA-BRCA_IDC	Dead	6.476641	CENSORED		cbio_os_status	0
TCGA-AC-A3HN	TCGA-BRCA_OTHERS	Alive	16.306671	CENSORED		cbio_os_status	0
TCGA-AC-A3OD	TCGA-BRCA_OTHERS	Alive	14.827235	CENSORED		cbio_os_status	0
TCGA-AC-A3QP	TCGA-BRCA_OTHERS	Alive	22.191538	CENSORED		cbio_os_status	0
TCGA-AC-A3QQ	TCGA-BRCA_OTHERS	Alive	24.131242	CENSORED		cbio_os_status	0
TCGA-AC-A3TM	TCGA-BRCA_OTHERS	Alive	25.051780	CENSORED		cbio_os_status	0
TCGA-AC-A3TN	TCGA-BRCA_OTHERS	Alive	14.991617	CENSORED		cbio_os_status	0
TCGA-AC-A3W5	TCGA-BRCA_OTHERS	Alive	16.569681	CENSORED		cbio_os_status	0
TCGA-AC-A3W6	TCGA-BRCA_OTHERS	Alive	19.791564	CENSORED		cbio_os_status	0
TCGA-AC-A3W7	TCGA-BRCA_OTHERS	Alive	15.484762	CENSORED		cbio_os_status	0
TCGA-AC-A3YI	TCGA-BRCA_OTHERS	Alive	23.243581	CENSORED		cbio_os_status	0
TCGA-AC-A3YJ	TCGA-BRCA_OTHERS	Alive	24.788769	CENSORED		cbio_os_status	0
TCGA-AC-A4ZE	TCGA-BRCA_OTHERS	Alive	29.259953	CENSORED		cbio_os_status	0
TCGA-AC-A5EH	TCGA-BRCA_IDC	Alive	16.799816	CENSORED		cbio_os_status	0
TCGA-AC-A5EI	TCGA-BRCA_OTHERS	Alive	14.531348	CENSORED		cbio_os_status	0
TCGA-AC-A5XS	TCGA-BRCA_OTHERS	Alive	19.331295	CENSORED		cbio_os_status	0
TCGA-AC-A5XU	TCGA-BRCA_IDC	Alive	14.958740	CENSORED		cbio_os_status	0
TCGA-AC-A62V	TCGA-BRCA_IDC	Dead	11.440971	PROGRESSION		cbio_os_status	0
TCGA-AC-A62X	TCGA-BRCA_IDC	Alive	13.709439	CENSORED		cbio_os_status	0
TCGA-AC-A62Y	TCGA-BRCA_OTHERS	Alive	17.424467	CENSORED		cbio_os_status	0
TCGA-AC-A6IV	TCGA-BRCA_OTHERS	Alive	18.673768	CENSORED		cbio_os_status	0
TCGA-AC-A6IW	TCGA-BRCA_IDC	Alive	13.577933	CENSORED		cbio_os_status	0
TCGA-AC-A6IX	TCGA-BRCA_OTHERS	Alive	12.262879	CENSORED		cbio_os_status	0
TCGA-AC-A6NO	TCGA-BRCA_IDC	Alive	1.676694	CENSORED		cbio_os_status	0
TCGA-AC-A7VB	TCGA-BRCA_IDC	Alive	8.219088	CENSORED		cbio_os_status	0
TCGA-AC-A7VC	TCGA-BRCA_OTHERS	Alive	0.032876	CENSORED		cbio_os_status	0
TCGA-AC-A8OP	TCGA-BRCA_IDC	Alive	20.186080	CENSORED		cbio_os_status	0
TCGA-AC-A8OQ	TCGA-BRCA_IDC	Alive	1.117796	CENSORED		cbio_os_status	0
TCGA-AC-A8OR	TCGA-BRCA_OTHERS	Alive	1.315054	CENSORED		cbio_os_status	0
TCGA-AC-A8OS	TCGA-BRCA_OTHERS	Alive	2.301345	CENSORED		cbio_os_status	0
TCGA-AD-5900	TCGA-COAD	Alive	12.164250	CENSORED		cbio_os_status	0
TCGA-AD-6548	TCGA-COAD	Alive	21.369629	CENSORED		cbio_os_status	0
TCGA-AD-6888	TCGA-COAD	Dead	15.517638	PROGRESSION		cbio_os_status	0
TCGA-AD-6889	TCGA-COAD	Dead	83.242923	PROGRESSION		cbio_os_status	0
TCGA-AD-6890	TCGA-COAD	Alive	24.525759	CENSORED		cbio_os_status	0
TCGA-AD-6895	TCGA-COAD	Alive	25.084657	CENSORED		cbio_os_status	0
TCGA-AD-6899	TCGA-COAD	Dead	5.786238	CENSORED		cbio_os_status	0
TCGA-AD-6901	TCGA-COAD	Dead	22.421672	PROGRESSION		cbio_os_status	0
TCGA-AD-6963	TCGA-COAD	Alive	27.418878	CENSORED		cbio_os_status	0
TCGA-AD-6964	TCGA-COAD	Dead	10.882073	PROGRESSION		cbio_os_status	0
TCGA-AD-6965	TCGA-COAD	Alive	26.465463	PROGRESSION		cbio_os_status	0
TCGA-AD-A5EJ	TCGA-COAD	Alive	0.000000	CENSORED		cbio_os_status	0
TCGA-AD-A5EK	TCGA-COAD	Alive	16.438176	CENSORED		cbio_os_status	0
TCGA-AF-2687	TCGA-READ	Alive	46.914554	PROGRESSION		cbio_os_status	0
TCGA-AF-2689	TCGA-READ	Dead	39.484499	PROGRESSION		cbio_os_status	0
TCGA-AF-2690	TCGA-READ	Dead	17.227208	CENSORED		cbio_os_status	0
TCGA-AF-2691	TCGA-READ	Alive	43.035145	CENSORED		cbio_os_status	0
TCGA-AF-2692	TCGA-READ	Alive	13.545057	PROGRESSION		cbio_os_status	0
TCGA-AF-2693	TCGA-READ	Alive	37.972187	CENSORED		cbio_os_status	0
TCGA-AF-3400	TCGA-READ	Alive	34.487293	CENSORED		cbio_os_status	0
TCGA-AF-3911	TCGA-READ	Alive	37.742052	PROGRESSION		cbio_os_status	0
TCGA-AF-3913	TCGA-READ	Dead				gdc_vital_status	0
TCGA-AF-3914	TCGA-READ	Alive				gdc_vital_status	0
TCGA-AF-4110	TCGA-READ	Alive	29.983233	CENSORED		cbio_os_status	0
TCGA-AF-5654	TCGA-READ	Dead	16.832692	CENSORED		cbio_os_status	0
TCGA-AF-6136	TCGA-READ	Alive	24.361377	PROGRESSION		cbio_os_status	0
TCGA-AF-6655	TCGA-READ	Alive	20.021698	CENSORED		cbio_os_status	0
TCGA-AF-6672	TCGA-READ	Alive	24.591511	PROGRESSION		cbio_os_status	0
TCGA-AF-A56K	TCGA-READ	Alive	86.629188	PROGRESSION		cbio_os_status	0
TCGA-AF-A56L	TCGA-READ	Alive	65.982839	CENSORED		cbio_os_status	0
TCGA-AF-A56N	TCGA-READ	Alive	11.835487	CENSORED		cbio_os_status	0
TCGA-AG-3574	TCGA-READ	Dead	36.032482	PROGRESSION		cbio_os_status	0
TCGA-AG-3575	TCGA-READ	Alive	11.999868	CENSORED		cbio_os_status	0
TCGA-AG-3578	TCGA-READ	Alive	32.021567	CENSORED		cbio_os_status	0
TCGA-AG-3580	TCGA-READ	Alive	8.021830	CENSORED		cbio_os_status	0
TCGA-AG-3581	TCGA-READ	Alive	7.068416	CENSORED		cbio_os_status	0
TCGA-AG-3582	TCGA-READ	Dead	36.032482	PROGRESSION		cbio_os_status	0
TCGA-AG-3583	TCGA-READ	Dead	20.054575	PROGRESSION		cbio_os_status	0
TCGA-AG-3584	TCGA-READ	Dead	23.999737	PROGRESSION		cbio_os_status	0
TCGA-AG-3586	TCGA-READ	Alive	1.019167	CENSORED		cbio_os_status	0
TCGA-AG-3587	TCGA-READ	Alive	46.026893	PROGRESSION		cbio_os_status	0
TCGA-AG-3593	TCGA-READ	Alive	34.027024	CENSORED		cbio_os_status	0
TCGA-AG-3594	TCGA-READ	Dead	2.005457	PROGRESSION		cbio_os_status	0
TCGA-AG-3598	TCGA-READ	Alive	50.037808	CENSORED		cbio_os_status	0
TCGA-AG-3599	TCGA-READ	Alive	12.032745	CENSORED		cbio_os_status	0
TCGA-AG-3600	TCGA-READ	Alive	6.049249	CENSORED		cbio_os_status	0
TCGA-AG-3601	TCGA-READ	Alive	0.000000	CENSORED		cbio_os_status	0
TCGA-AG-3602	TCGA-READ	Alive	0.000000	CENSORED		cbio_os_status	0
TCGA-AG-3605	TCGA-READ	Alive	0.986291	CENSORED		cbio_os_status	0
TCGA-AG-3608	TCGA-READ	Alive	15.945031	CENSORED		cbio_os_status	0
TCGA-AG-3609	TCGA-READ	Alive	19.988822	CENSORED		cbio_os_status	0
TCGA-AG-3611	TCGA-READ	Alive				gdc_vital_status	0
TCGA-AG-3612	TCGA-READ	Alive				gdc_vital_status	0
TCGA-AG-3726	TCGA-READ	Alive	7.988954	CENSORED		cbio_os_status	0
TCGA-AG-3727	TCGA-READ	Alive	0.986291	CENSORED		cbio_os_status	0
TCGA-AG-3728	TCGA-READ	Alive	29.983233	CENSORED		cbio_os_status	0
TCGA-AG-3878	TCGA-READ	Alive	0.986291	CENSORED		cbio_os_status	0
TCGA-AG-3881	TCGA-READ	Alive	19.035408	CENSORED		cbio_os_status	0
TCGA-AG-3882	TCGA-READ	Alive	19.988822	CENSORED		cbio_os_status	0
TCGA-AG-3883	TCGA-READ	Alive	1.019167	CENSORED		cbio_os_status	0
TCGA-AG-3885	TCGA-READ	Alive	17.950488	CENSORED		cbio_os_status	0
TCGA-AG-3887	TCGA-READ	Alive	36.953020	PROGRESSION		cbio_os_status	0
TCGA-AG-3890	TCGA-READ	Alive	17.029950	CENSORED		cbio_os_status	0
TCGA-AG-3892	TCGA-READ	Alive	13.019035	CENSORED		cbio_os_status	0
TCGA-AG-3893	TCGA-READ	Alive	35.013315	CENSORED		cbio_os_status	0
TCGA-AG-3894	TCGA-READ	Alive	14.005326	CENSORED		cbio_os_status	0
TCGA-AG-3896	TCGA-READ	Alive	1.019167	CENSORED		cbio_os_status	0
TCGA-AG-3898	TCGA-READ	Alive	48.032350	CENSORED		cbio_os_status	0
TCGA-AG-3901	TCGA-READ	Alive	25.018904	CENSORED		cbio_os_status	0
TCGA-AG-3902	TCGA-READ	Alive	32.021567	CENSORED		cbio_os_status	0
TCGA-AG-3906	TCGA-READ	Alive				gdc_vital_status	0
TCGA-AG-3909	TCGA-READ	Alive	19.988822	CENSORED		cbio_os_status	0
TCGA-AG-3999	TCGA-READ	Alive	28.043528	PROGRESSION		cbio_os_status	0
TCGA-AG-4001	TCGA-READ	Alive	36.032482	CENSORED		cbio_os_status	0
TCGA-AG-4005	TCGA-READ	Alive	14.038202	CENSORED		cbio_os_status	0
TCGA-AG-4007	TCGA-READ	Alive	1.019167	CENSORED		cbio_os_status	0
TCGA-AG-4008	TCGA-READ	Alive	17.029950	CENSORED		cbio_os_status	0
TCGA-AG-4015	TCGA-READ	Alive	0.000000	CENSORED		cbio_os_status	0
TCGA-AG-4021	TCGA-READ	Dead	3.978039	PROGRESSION		cbio_os_status	0
TCGA-AG-4022	TCGA-READ	Alive	46.026893	CENSORED		cbio_os_status	0
TCGA-AG-A002	TCGA-READ	Alive	20.975113	CENSORED		cbio_os_status	0
TCGA-AG-A008	TCGA-READ	Alive	13.939573	CENSORED		cbio_os_status	0
TCGA-AG-A00C	TCGA-READ	Alive	6.016372	CENSORED		cbio_os_status	0
TCGA-AG-A00H	TCGA-READ	Alive				gdc_vital_status	0
TCGA-AG-A00Y	TCGA-READ	Alive	23.013446	PROGRESSION		cbio_os_status	0
TCGA-AG-A011	TCGA-READ	Alive	37.018772	CENSORED		cbio_os_status	0
TCGA-AG-A014	TCGA-READ	Alive				gdc_vital_status	0
TCGA-AG-A015	TCGA-READ	Alive	36.032482	PROGRESSION		cbio_os_status	0
TCGA-AG-A016	TCGA-READ	Alive	9.073873	CENSORED		cbio_os_status	0
TCGA-AG-A01J	TCGA-READ	Alive	1.019167	CENSORED		cbio_os_status	0
TCGA-AG-A01L	TCGA-READ	Alive	0.000000	CENSORED		cbio_os_status	0
TCGA-AG-A01N	TCGA-READ	Alive	31.002400	CENSORED		cbio_os_status	0
TCGA-AG-A01W	TCGA-READ	Alive	0.000000	CENSORED		cbio_os_status	0
TCGA-AG-A01Y	TCGA-READ	Alive	0.000000	CENSORED		cbio_os_status	0
TCGA-AG-A020	TCGA-READ	Alive	1.019167	CENSORED		cbio_os_status	0
TCGA-AG-A023	TCGA-READ	Dead				gdc_vital_status	0
TCGA-AG-A025	TCGA-READ	Alive	49.972055	CENSORED		cbio_os_status	0
TCGA-AG-A026	TCGA-READ	Dead	1.939705	PROGRESSION		cbio_os_status	0
TCGA-AG-A02G	TCGA-READ	Dead	38.958477	PROGRESSION		cbio_os_status	0
TCGA-AG-A02N	TCGA-READ	Alive	61.971924	CENSORED		cbio_os_status	0
TCGA-AG-A02X	TCGA-READ	Alive	40.996811	CENSORED		cbio_os_status	0
TCGA-AG-A032	TCGA-READ	Alive	38.037939	PROGRESSION		cbio_os_status	0
TCGA-AG-A036	TCGA-READ	Alive				gdc_vital_status	0
TCGA-AH-6544	TCGA-READ	Alive	38.563961	CENSORED		cbio_os_status	0
TCGA-AH-6547	TCGA-READ	Dead	2.498603	CENSORED		cbio_os_status	0
TCGA-AH-6549	TCGA-READ	Alive				gdc_vital_status	0
TCGA-AH-6643	TCGA-READ	Dead	43.199527	PROGRESSION		cbio_os_status	0
TCGA-AH-6644	TCGA-READ	Alive	27.550383	CENSORED		cbio_os_status	0
TCGA-AH-6897	TCGA-READ	Alive	26.432587	CENSORED		cbio_os_status	0
TCGA-AH-6903	TCGA-READ	Alive	19.462800	CENSORED		cbio_os_status	0
TCGA-AJ-A23M	TCGA-UCEC	Dead	20.251833	PROGRESSION		cbio_os_status	0
TCGA-AJ-A23N	TCGA-UCEC	Dead	14.432719	PROGRESSION		cbio_os_status	0
TCGA-AJ-A2QK	TCGA-UCEC	Alive	21.139494	PROGRESSION		cbio_os_status	0
TCGA-AJ-A2QL	TCGA-UCEC	Alive	19.791564	CENSORED		cbio_os_status	0
TCGA-AJ-A2QM	TCGA-UCEC	Alive	29.391459	CENSORED		cbio_os_status	0
TCGA-AJ-A2QN	TCGA-UCEC	Alive	35.144820	CENSORED		cbio_os_status	0
TCGA-AJ-A2QO	TCGA-UCEC	Dead	34.355788	CENSORED		cbio_os_status	0
TCGA-AJ-A3BD	TCGA-UCEC	Alive	34.158530	CENSORED		cbio_os_status	0
TCGA-AJ-A3BF	TCGA-UCEC	Alive	18.114870	PROGRESSION		cbio_os_status	0
TCGA-AJ-A3BG	TCGA-UCEC	Alive	18.081994	PROGRESSION		cbio_os_status	0
TCGA-AJ-A3BH	TCGA-UCEC	Alive		CENSORED		cbio_os_status	0
TCGA-AJ-A3BI	TCGA-UCEC	Alive	18.903902	PROGRESSION		cbio_os_status	0
TCGA-AJ-A3BK	TCGA-UCEC	Alive	33.895519	CENSORED		cbio_os_status	0
TCGA-AJ-A3EJ	TCGA-UCEC	Dead	1.643818	PROGRESSION		cbio_os_status	0
TCGA-AJ-A3EK	TCGA-UCEC	Alive	14.662853	CENSORED		cbio_os_status	0
TCGA-AJ-A3EL	TCGA-UCEC	Alive	22.487425	CENSORED		cbio_os_status	0
TCGA-AJ-A3EM	TCGA-UCEC	Alive	22.257290	CENSORED		cbio_os_status	0
TCGA-AJ-A3I9	TCGA-UCEC	Dead	17.062827	PROGRESSION		cbio_os_status	0
TCGA-AJ-A3IA	TCGA-UCEC	Alive	20.810731	CENSORED		cbio_os_status	0
TCGA-AJ-A3NC	TCGA-UCEC	Alive	36.985896	CENSORED		cbio_os_status	0
TCGA-AJ-A3NE	TCGA-UCEC	Alive	20.646349	CENSORED		cbio_os_status	0
TCGA-AJ-A3NF	TCGA-UCEC	Alive	21.205247	CENSORED		cbio_os_status	0
TCGA-AJ-A3NG	TCGA-UCEC	Alive	15.616267	CENSORED		cbio_os_status	0
TCGA-AJ-A3NH	TCGA-UCEC	Dead	10.191669	CENSORED		cbio_os_status	0
TCGA-AJ-A3OJ	TCGA-UCEC	Alive	15.353256	CENSORED		cbio_os_status	0
TCGA-AJ-A3OK	TCGA-UCEC	Alive	15.945031	CENSORED		cbio_os_status	0
TCGA-AJ-A3OL	TCGA-UCEC	Dead	14.761482	PROGRESSION		cbio_os_status	0
TCGA-AJ-A3QS	TCGA-UCEC	Alive	16.865569	CENSORED		cbio_os_status	0
TCGA-AJ-A3TW	TCGA-UCEC	Alive	16.865569	CENSORED		cbio_os_status	0
TCGA-AJ-A4ZG	TCGA-UCEC	Alive				gdc_vital_status	0
TCGA-AJ-A5DW	TCGA-UCEC	Alive	12.821777	CENSORED		cbio_os_status	0
TCGA-AJ-A6NU	TCGA-UCEC	Alive	20.777854	CENSORED		cbio_os_status	0
TCGA-AJ-A8CT	TCGA-UCEC	Alive	2.695861	CENSORED		cbio_os_status	0
TCGA-AJ-A8CV	TCGA-UCEC	Alive	35.111944	CENSORED		cbio_os_status	0
TCGA-AJ-A8CW	TCGA-UCEC	Alive	0.131505	CENSORED		cbio_os_status	0
TCGA-AK-3425	TCGA-KIRC	Alive				gdc_vital_status	0
TCGA-AK-3426	TCGA-KIRC	Dead	29.095572	PROGRESSION		cbio_os_status	0
TCGA-AK-3427	TCGA-KIRC	Alive	117.795969	CENSORED		cbio_os_status	0
TCGA-AK-3428	TCGA-KIRC	Alive	122.563040	CENSORED		cbio_os_status	0
TCGA-AK-3429	TCGA-KIRC	Alive	109.412500	CENSORED		cbio_os_status	0
TCGA-AK-3430	TCGA-KIRC	Dead	15.780649	CENSORED		cbio_os_status	0
TCGA-AK-3431	TCGA-KIRC	Dead	73.675905	CENSORED		cbio_os_status	0
TCGA-AK-3433	TCGA-KIRC	Alive	112.075484	CENSORED		cbio_os_status	0
TCGA-AK-3434	TCGA-KIRC	Alive	68.612947	PROGRESSION		cbio_os_status	0
TCGA-AK-3436	TCGA-KIRC	Alive	109.511129	PROGRESSION		cbio_os_status	0
TCGA-AK-3440	TCGA-KIRC	Alive	94.190749	CENSORED		cbio_os_status	0
TCGA-AK-3443	TCGA-KIRC	Alive	46.783049	CENSORED		cbio_os_status	0
TCGA-AK-3444	TCGA-KIRC	Alive	48.361114	CENSORED		cbio_os_status	0
TCGA-AK-3445	TCGA-KIRC	Alive	78.640234	CENSORED		cbio_os_status	0
TCGA-AK-3447	TCGA-KIRC	Alive	40.010520	CENSORED		cbio_os_status	0
TCGA-AK-3450	TCGA-KIRC	Alive	58.487030	CENSORED		cbio_os_status	0
TCGA-AK-3451	TCGA-KIRC	Alive	94.289378	CENSORED		cbio_os_status	0
TCGA-AK-3453	TCGA-KIRC	Alive	83.210047	CENSORED		cbio_os_status	0
TCGA-AK-3454	TCGA-KIRC	Alive	28.733932	CENSORED		cbio_os_status	0
TCGA-AK-3455	TCGA-KIRC	Dead	22.454548	CENSORED		cbio_os_status	0
TCGA-AK-3456	TCGA-KIRC	Alive	37.577670	CENSORED		cbio_os_status	0
TCGA-AK-3458	TCGA-KIRC	Alive	38.399579	CENSORED		cbio_os_status	0
TCGA-AK-3460	TCGA-KIRC	Alive	82.453891	CENSORED		cbio_os_status	0
TCGA-AK-3461	TCGA-KIRC	Alive	72.886872	CENSORED		cbio_os_status	0
TCGA-AK-3465	TCGA-KIRC	Alive	12.131374	CENSORED		cbio_os_status	0
TCGA-AL-3466	TCGA-KIRP	Dead	9.632771	PROGRESSION		cbio_os_status	0
TCGA-AL-3467	TCGA-KIRP	Alive	70.191012	CENSORED		cbio_os_status	0
TCGA-AL-3468	TCGA-KIRP	Dead				gdc_vital_status	0
TCGA-AL-3472	TCGA-KIRP	Alive	66.706118	CENSORED		cbio_os_status	0
TCGA-AL-3473	TCGA-KIRP	Alive	62.662327	CENSORED		cbio_os_status	0
TCGA-AL-7173	TCGA-KIRP	Alive	67.725285	PROGRESSION		cbio_os_status	0
TCGA-AL-A5DJ	TCGA-KIRP	Dead				gdc_vital_status	0
TCGA-AM-5820	TCGA-COAD	Alive	0.460269	CENSORED		cbio_os_status	0
TCGA-AM-5821	TCGA-COAD	Alive	0.920538	CENSORED		cbio_os_status	0
TCGA-AN-A03Y	TCGA-BRCA_IDC	Alive	0.328764	CENSORED		cbio_os_status	0
TCGA-AN-A041	TCGA-BRCA_IDC	Alive	0.230134	CENSORED		cbio_os_status	0
TCGA-AN-A046	TCGA-BRCA_IDC	Alive	0.328764	CENSORED		cbio_os_status	0
TCGA-AN-A0AJ	TCGA-BRCA_OTHERS	Alive	9.961535	CENSORED		cbio_os_status	0
TCGA-AN-A0AK	TCGA-BRCA_IDC	Alive	7.364303	CENSORED		cbio_os_status	0
TCGA-AN-A0AL	TCGA-BRCA_IDC	Alive	7.462932	CENSORED		cbio_os_status	0
TCGA-AN-A0AM	TCGA-BRCA_IDC	Alive	0.164382	CENSORED		cbio_os_status	0
TCGA-AN-A0AR	TCGA-BRCA_IDC	Alive	0.328764	CENSORED		cbio_os_status	0
TCGA-AN-A0AS	TCGA-BRCA_IDC	Alive	0.328764	CENSORED		cbio_os_status	0
TCGA-AN-A0AT	TCGA-BRCA_IDC	Alive	0.328764	CENSORED		cbio_os_status	0
TCGA-AN-A0FD	TCGA-BRCA_IDC	Alive	6.443765	CENSORED		cbio_os_status	0
TCGA-AN-A0FF	TCGA-BRCA_IDC	Alive	5.654733	CENSORED		cbio_os_status	0
TCGA-AN-A0FJ	TCGA-BRCA_IDC	Alive	7.956077	CENSORED		cbio_os_status	0
TCGA-AN-A0FK	TCGA-BRCA_IDC	Alive	7.002663	CENSORED		cbio_os_status	0
TCGA-AN-A0FL	TCGA-BRCA_IDC	Alive	7.594437	CENSORED		cbio_os_status	0
TCGA-AN-A0FN	TCGA-BRCA_IDC	Alive	7.167045	CENSORED		cbio_os_status	0
TCGA-AN-A0FS	TCGA-BRCA_IDC	Alive	6.904034	CENSORED		cbio_os_status	0
TCGA-AN-A0FT	TCGA-BRCA_IDC	Alive	7.035539	CENSORED		cbio_os_status	0
TCGA-AN-A0FV	TCGA-BRCA_IDC	Alive	0.328764	CENSORED		cbio_os_status	0
TCGA-AN-A0FW	TCGA-BRCA_IDC	Alive	0.361640	CENSORED		cbio_os_status	0
TCGA-AN-A0FX	TCGA-BRCA_IDC	Alive	0.328764	CENSORED		cbio_os_status	0
TCGA-AN-A0FY	TCGA-BRCA_IDC	Alive	0.328764	CENSORED		cbio_os_status	0
TCGA-AN-A0FZ	TCGA-BRCA_IDC	Alive	0.328764	CENSORED		cbio_os_status	0
TCGA-AN-A0G0	TCGA-BRCA_IDC	Alive	0.526022	CENSORED		cbio_os_status	0
TCGA-AN-A0XL	TCGA-BRCA_IDC	Alive	5.358845	CENSORED		cbio_os_status	0
TCGA-AN-A0XN	TCGA-BRCA_IDC	Alive	0.328764	CENSORED		cbio_os_status	0
TCGA-AN-A0XO	TCGA-BRCA_IDC	Alive	12.328632	CENSORED		cbio_os_status	0
TCGA-AN-A0XP	TCGA-BRCA_IDC	Alive	0.295887	CENSORED		cbio_os_status	0
TCGA-AN-A0XS	TCGA-BRCA_IDC	Alive	0.328764	CENSORED		cbio_os_status	0
TCGA-AN-A0XT	TCGA-BRCA_IDC	Alive	0.328764	CENSORED		cbio_os_status	0
TCGA-AN-A0XU	TCGA-BRCA_IDC	Alive	0.328764	CENSORED		cbio_os_status	0
TCGA-AN-A0XW	TCGA-BRCA_IDC	Alive	5.588980	CENSORED		cbio_os_status	0
TCGA-AO-A03L	TCGA-BRCA_IDC	Alive	80.284052	CENSORED		cbio_os_status	0
TCGA-AO-A03M	TCGA-BRCA_IDC	Alive	61.347273	CENSORED		cbio_os_status	0
TCGA-AO-A03N	TCGA-BRCA_IDC	Alive	66.771871	PROGRESSION		cbio_os_status	0
TCGA-AO-A03O	TCGA-BRCA_IDC	Dead	81.631982	CENSORED		cbio_os_status	0
TCGA-AO-A03P	TCGA-BRCA_IDC	Dead	95.703061	PROGRESSION		cbio_os_status	0
TCGA-AO-A03R	TCGA-BRCA_IDC	Alive	68.744452	CENSORED		cbio_os_status	0
TCGA-AO-A03T	TCGA-BRCA_IDC	Alive	69.829372	CENSORED		cbio_os_status	0
TCGA-AO-A03U	TCGA-BRCA_OTHERS	Dead	58.947299	PROGRESSION		cbio_os_status	0
TCGA-AO-A03V	TCGA-BRCA_IDC	Alive	44.415952	CENSORED		cbio_os_status	0
TCGA-AO-A0J2	TCGA-BRCA_IDC	Alive	32.777723	CENSORED		cbio_os_status	0
TCGA-AO-A0J3	TCGA-BRCA_IDC	Alive	21.402505	CENSORED		cbio_os_status	0
TCGA-AO-A0J4	TCGA-BRCA_IDC	Alive	52.174771	CENSORED		cbio_os_status	0
TCGA-AO-A0J5	TCGA-BRCA_IDC	Dead	26.038071	PROGRESSION		cbio_os_status	0
TCGA-AO-A0J6	TCGA-BRCA_IDC	Alive	37.479041	CENSORED		cbio_os_status	0
TCGA-AO-A0J7	TCGA-BRCA_IDC	Alive	20.317586	CENSORED		cbio_os_status	0
TCGA-AO-A0J8	TCGA-BRCA_OTHERS	Alive	22.355919	CENSORED		cbio_os_status	0
TCGA-AO-A0J9	TCGA-BRCA_OTHERS	Alive	53.029556	PROGRESSION		cbio_os_status	0
TCGA-AO-A0JA	TCGA-BRCA_IDC	Alive	21.534011	PROGRESSION		cbio_os_status	0
TCGA-AO-A0JB	TCGA-BRCA_IDC	Alive	50.695335	CENSORED		cbio_os_status	0
TCGA-AO-A0JC	TCGA-BRCA_IDC	Alive	50.859717	CENSORED		cbio_os_status	0
TCGA-AO-A0JD	TCGA-BRCA_IDC	Alive	71.999211	CENSORED		cbio_os_status	0
TCGA-AO-A0JE	TCGA-BRCA_IDC	Alive	76.766282	CENSORED		cbio_os_status	0
TCGA-AO-A0JF	TCGA-BRCA_IDC	Alive	65.095177	CENSORED		cbio_os_status	0
TCGA-AO-A0JG	TCGA-BRCA_IDC	Alive	26.235329	CENSORED		cbio_os_status	0
TCGA-AO-A0JI	TCGA-BRCA_IDC	Alive	50.235066	CENSORED		cbio_os_status	0
TCGA-AO-A0JJ	TCGA-BRCA_OTHERS	Alive	62.037676	CENSORED		cbio_os_status	0
TCGA-AO-A0JL	TCGA-BRCA_IDC	Alive	55.330900	CENSORED		cbio_os_status	0
TCGA-AO-A0JM	TCGA-BRCA_IDC	Alive	71.801953	CENSORED		cbio_os_status	0
TCGA-AO-A124	TCGA-BRCA_IDC	Alive	115.264490	CENSORED		cbio_os_status	0
TCGA-AO-A125	TCGA-BRCA_OTHERS	Alive	113.620673	CENSORED		cbio_os_status	0
TCGA-AO-A126	TCGA-BRCA_IDC	Alive	108.722096	PROGRESSION		cbio_os_status	0
TCGA-AO-A128	TCGA-BRCA_IDC	Alive	106.782391	CENSORED		cbio_os_status	0
TCGA-AO-A129	TCGA-BRCA_IDC	Alive	108.031693	CENSORED		cbio_os_status	0
TCGA-AO-A12A	TCGA-BRCA_IDC	Alive	102.311208	CENSORED		cbio_os_status	0
TCGA-AO-A12B	TCGA-BRCA_IDC	Alive	98.267416	CENSORED		cbio_os_status	0
TCGA-AO-A12C	TCGA-BRCA_IDC	Alive				gdc_vital_status	0
TCGA-AO-A12D	TCGA-BRCA_IDC	Alive	82.684025	CENSORED		cbio_os_status	0
TCGA-AO-A12E	TCGA-BRCA_OTHERS	Alive	70.421146	CENSORED		cbio_os_status	0
TCGA-AO-A12F	TCGA-BRCA_IDC	Alive	60.558240	CENSORED		cbio_os_status	0
TCGA-AO-A12G	TCGA-BRCA_IDC	Alive	53.884341	CENSORED		cbio_os_status	0
TCGA-AO-A12H	TCGA-BRCA_IDC	Alive	40.569418	CENSORED		cbio_os_status	0
TCGA-AO-A1KO	TCGA-BRCA_OTHERS	Alive	20.449091	CENSORED		cbio_os_status	0
TCGA-AO-A1KP	TCGA-BRCA_IDC	Alive	97.083868	CENSORED		cbio_os_status	0
TCGA-AO-A1KQ	TCGA-BRCA_IDC	Alive	61.873295	CENSORED		cbio_os_status	0
TCGA-AO-A1KR	TCGA-BRCA_IDC	Alive	82.618273	CENSORED		cbio_os_status	0
TCGA-AO-A1KS	TCGA-BRCA_OTHERS	Alive	11.506723	CENSORED		cbio_os_status	0
TCGA-AO-A1KT	TCGA-BRCA_IDC	Alive	17.786106	CENSORED		cbio_os_status	0
TCGA-AP-A051	TCGA-UCEC	Alive	129.795838	CENSORED		cbio_os_status	0
TCGA-AP-A052	TCGA-UCEC	Dead	21.994280	PROGRESSION		cbio_os_status	0
TCGA-AP-A053	TCGA-UCEC	Dead				gdc_vital_status	0
TCGA-AP-A054	TCGA-UCEC	Dead	23.309334	PROGRESSION		cbio_os_status	0
TCGA-AP-A056	TCGA-UCEC	Alive	86.070290	CENSORED		cbio_os_status	0
TCGA-AP-A059	TCGA-UCEC	Alive	48.032350	CENSORED		cbio_os_status	0
TCGA-AP-A05A	TCGA-UCEC	Dead	63.911628	CENSORED		cbio_os_status	0
TCGA-AP-A05D	TCGA-UCEC	Alive	57.796627	CENSORED		cbio_os_status	0
TCGA-AP-A05H	TCGA-UCEC	Alive	45.533748	CENSORED		cbio_os_status	0
TCGA-AP-A05J	TCGA-UCEC	Alive	36.887267	CENSORED		cbio_os_status	0
TCGA-AP-A05N	TCGA-UCEC	Dead	23.868232	CENSORED		cbio_os_status	0
TCGA-AP-A05O	TCGA-UCEC	Alive	12.624519	PROGRESSION		cbio_os_status	0
TCGA-AP-A05P	TCGA-UCEC	Alive	20.909360	CENSORED		cbio_os_status	0
TCGA-AP-A0L8	TCGA-UCEC	Dead	48.788506	PROGRESSION		cbio_os_status	0
TCGA-AP-A0L9	TCGA-UCEC	Alive	125.423283	CENSORED		cbio_os_status	0
TCGA-AP-A0LD	TCGA-UCEC	Alive	117.993227	CENSORED		cbio_os_status	0
TCGA-AP-A0LE	TCGA-UCEC	Alive	110.365914	CENSORED		cbio_os_status	0
TCGA-AP-A0LF	TCGA-UCEC	Alive	93.993490	CENSORED		cbio_os_status	0
TCGA-AP-A0LG	TCGA-UCEC	Alive	66.245849	CENSORED		cbio_os_status	0
TCGA-AP-A0LH	TCGA-UCEC	Dead	36.361245	PROGRESSION		cbio_os_status	0
TCGA-AP-A0LI	TCGA-UCEC	Alive	97.708518	CENSORED		cbio_os_status	0
TCGA-AP-A0LJ	TCGA-UCEC	Alive	46.717296	CENSORED		cbio_os_status	0
TCGA-AP-A0LL	TCGA-UCEC	Alive	83.966203	PROGRESSION		cbio_os_status	0
TCGA-AP-A0LM	TCGA-UCEC	Alive	27.122990	CENSORED		cbio_os_status	0
TCGA-AP-A0LN	TCGA-UCEC	Alive	82.519644	CENSORED		cbio_os_status	0
TCGA-AP-A0LO	TCGA-UCEC	Dead	33.402374	PROGRESSION		cbio_os_status	0
TCGA-AP-A0LP	TCGA-UCEC	Alive	61.643160	CENSORED		cbio_os_status	0
TCGA-AP-A0LQ	TCGA-UCEC	Alive	80.777197	CENSORED		cbio_os_status	0
TCGA-AP-A0LS	TCGA-UCEC	Alive	95.472926	CENSORED		cbio_os_status	0
TCGA-AP-A0LT	TCGA-UCEC	Alive	49.215899	CENSORED		cbio_os_status	0
TCGA-AP-A0LV	TCGA-UCEC	Alive	25.084657	CENSORED		cbio_os_status	0
TCGA-AP-A1DH	TCGA-UCEC	Alive	71.670447	CENSORED		cbio_os_status	0
TCGA-AP-A1DK	TCGA-UCEC	Alive	90.968866	CENSORED		cbio_os_status	0
TCGA-AP-A1DM	TCGA-UCEC	Alive	55.889798	CENSORED		cbio_os_status	0
TCGA-AP-A1DO	TCGA-UCEC	Alive	31.298287	CENSORED		cbio_os_status	0
TCGA-AP-A1DP	TCGA-UCEC	Dead	35.539337	PROGRESSION		cbio_os_status	0
TCGA-AP-A1DQ	TCGA-UCEC	Dead	46.783049	PROGRESSION		cbio_os_status	0
TCGA-AP-A1DR	TCGA-UCEC	Alive	49.150146	CENSORED		cbio_os_status	0
TCGA-AP-A1DV	TCGA-UCEC	Alive	6.706776	CENSORED		cbio_os_status	0
TCGA-AP-A1E0	TCGA-UCEC	Alive	60.229477	CENSORED		cbio_os_status	0
TCGA-AP-A1E1	TCGA-UCEC	Alive	45.862511	CENSORED		cbio_os_status	0
TCGA-AP-A1E3	TCGA-UCEC	Alive	27.846270	CENSORED		cbio_os_status	0
TCGA-AP-A1E4	TCGA-UCEC	Alive	51.122727	PROGRESSION		cbio_os_status	0
TCGA-AP-A3K1	TCGA-UCEC	Dead	21.895650	PROGRESSION		cbio_os_status	0
TCGA-AP-A5FX	TCGA-UCEC	Dead	36.131111	PROGRESSION		cbio_os_status	0
TCGA-AQ-A04H	TCGA-BRCA_IDC	Alive	24.788769	CENSORED		cbio_os_status	0
TCGA-AQ-A04J	TCGA-BRCA_IDC	Alive	26.925732	CENSORED		cbio_os_status	0
TCGA-AQ-A04L	TCGA-BRCA_IDC	Alive	130.091725	CENSORED		cbio_os_status	0
TCGA-AQ-A0Y5	TCGA-BRCA_IDC	Dead	5.654733	CENSORED		cbio_os_status	0
TCGA-AQ-A54N	TCGA-BRCA_IDC	Alive	2.564355	CENSORED		cbio_os_status	0
TCGA-AQ-A54O	TCGA-BRCA_IDC	Alive	32.909228	CENSORED		cbio_os_status	0
TCGA-AQ-A7U7	TCGA-BRCA_OTHERS	Dead	19.199790	CENSORED		cbio_os_status	0
TCGA-AR-A0TP	TCGA-BRCA_IDC	Alive	140.546405	CENSORED		cbio_os_status	0
TCGA-AR-A0TQ	TCGA-BRCA_IDC	Alive	98.333169	CENSORED		cbio_os_status	0
TCGA-AR-A0TR	TCGA-BRCA_IDC	Dead	5.260216	CENSORED		cbio_os_status	0
TCGA-AR-A0TS	TCGA-BRCA_IDC	Alive	84.097709	CENSORED		cbio_os_status	0
TCGA-AR-A0TT	TCGA-BRCA_IDC	Alive	109.017983	CENSORED		cbio_os_status	0
TCGA-AR-A0TU	TCGA-BRCA_IDC	Alive	23.309334	CENSORED		cbio_os_status	0
TCGA-AR-A0TV	TCGA-BRCA_IDC	Alive	75.221093	CENSORED		cbio_os_status	0
TCGA-AR-A0TW	TCGA-BRCA_IDC	Alive	98.924943	PROGRESSION		cbio_os_status	0
TCGA-AR-A0TX	TCGA-BRCA_IDC	Alive	64.832166	CENSORED		cbio_os_status	0
TCGA-AR-A0TY	TCGA-BRCA_IDC	Dead	55.856922	PROGRESSION		cbio_os_status	0
TCGA-AR-A0TZ	TCGA-BRCA_IDC	Dead	107.242660	PROGRESSION		cbio_os_status	0
TCGA-AR-A0U0	TCGA-BRCA_IDC	Alive	65.358188	CENSORED		cbio_os_status	0
TCGA-AR-A0U1	TCGA-BRCA_IDC	Alive	133.214978	CENSORED		cbio_os_status	0
TCGA-AR-A0U2	TCGA-BRCA_IDC	Dead	83.867574	PROGRESSION		cbio_os_status	0
TCGA-AR-A0U3	TCGA-BRCA_IDC	Alive	134.135516	CENSORED		cbio_os_status	0
TCGA-AR-A0U4	TCGA-BRCA_IDC	Alive	107.209784	CENSORED		cbio_os_status	0
TCGA-AR-A1AH	TCGA-BRCA_IDC	Alive	125.160272	PROGRESSION		cbio_os_status	0
TCGA-AR-A1AI	TCGA-BRCA_IDC	Alive	108.360456	PROGRESSION		cbio_os_status	0
TCGA-AR-A1AJ	TCGA-BRCA_IDC	Alive	100.996153	CENSORED		cbio_os_status	0
TCGA-AR-A1AK	TCGA-BRCA_OTHERS	Alive	103.856396	CENSORED		cbio_os_status	0
TCGA-AR-A1AL	TCGA-BRCA_OTHERS	Alive	97.675642	CENSORED		cbio_os_status	0
TCGA-AR-A1AM	TCGA-BRCA_OTHERS	Alive	98.333169	CENSORED		cbio_os_status	0
TCGA-AR-A1AN	TCGA-BRCA_IDC	Alive	95.998948	CENSORED		cbio_os_status	0
TCGA-AR-A1AO	TCGA-BRCA_IDC	Alive	86.070290	CENSORED		cbio_os_status	0
TCGA-AR-A1AP	TCGA-BRCA_IDC	Alive	93.894861	CENSORED		cbio_os_status	0
TCGA-AR-A1AQ	TCGA-BRCA_IDC	Alive	99.319460	CENSORED		cbio_os_status	0
TCGA-AR-A1AR	TCGA-BRCA_IDC	Dead	17.227208	PROGRESSION		cbio_os_status	0
TCGA-AR-A1AS	TCGA-BRCA_IDC	Alive	37.807805	CENSORED		cbio_os_status	0
TCGA-AR-A1AT	TCGA-BRCA_OTHERS	Dead	41.818720	CENSORED		cbio_os_status	0
TCGA-AR-A1AU	TCGA-BRCA_IDC	Alive	94.289378	CENSORED		cbio_os_status	0
TCGA-AR-A1AV	TCGA-BRCA_IDC	Alive	61.281520	CENSORED		cbio_os_status	0
TCGA-AR-A1AW	TCGA-BRCA_IDC	Alive	86.530559	CENSORED		cbio_os_status	0
TCGA-AR-A1AX	TCGA-BRCA_IDC	Alive	86.431930	CENSORED		cbio_os_status	0
TCGA-AR-A1AY	TCGA-BRCA_IDC	Alive	33.731137	CENSORED		cbio_os_status	0
TCGA-AR-A24H	TCGA-BRCA_OTHERS	Alive	160.896867	CENSORED		cbio_os_status	0
TCGA-AR-A24K	TCGA-BRCA_IDC	Alive	50.892593	CENSORED		cbio_os_status	0
TCGA-AR-A24L	TCGA-BRCA_IDC	Dead	94.223625	PROGRESSION		cbio_os_status	0
TCGA-AR-A24M	TCGA-BRCA_OTHERS	Alive	120.327448	CENSORED		cbio_os_status	0
TCGA-AR-A24N	TCGA-BRCA_IDC	Alive	99.779728	CENSORED		cbio_os_status	0
TCGA-AR-A24O	TCGA-BRCA_OTHERS	Alive	118.585002	PROGRESSION		cbio_os_status	0
TCGA-AR-A24P	TCGA-BRCA_IDC	Alive	2.761614	CENSORED		cbio_os_status	0
TCGA-AR-A24Q	TCGA-BRCA_IDC	Alive	104.283789	CENSORED		cbio_os_status	0
TCGA-AR-A24R	TCGA-BRCA_IDC	Alive	112.765888	CENSORED		cbio_os_status	0
TCGA-AR-A24S	TCGA-BRCA_IDC	Alive	97.840024	CENSORED		cbio_os_status	0
TCGA-AR-A24T	TCGA-BRCA_OTHERS	Alive	105.270079	CENSORED		cbio_os_status	0
TCGA-AR-A24U	TCGA-BRCA_IDC	Alive	102.837229	CENSORED		cbio_os_status	0
TCGA-AR-A24V	TCGA-BRCA_IDC	Alive	105.302956	CENSORED		cbio_os_status	0
TCGA-AR-A24W	TCGA-BRCA_IDC	Alive	50.958346	CENSORED		cbio_os_status	0
TCGA-AR-A24X	TCGA-BRCA_OTHERS	Alive	98.760562	CENSORED		cbio_os_status	0
TCGA-AR-A24Z	TCGA-BRCA_IDC	Alive	98.661932	CENSORED		cbio_os_status	0
TCGA-AR-A250	TCGA-BRCA_IDC	Alive	88.996285	CENSORED		cbio_os_status	0
TCGA-AR-A251	TCGA-BRCA_IDC	Alive	99.615347	CENSORED		cbio_os_status	0
TCGA-AR-A252	TCGA-BRCA_IDC	Alive	93.303087	CENSORED		cbio_os_status	0
TCGA-AR-A254	TCGA-BRCA_IDC	Alive	85.642897	CENSORED		cbio_os_status	0
TCGA-AR-A255	TCGA-BRCA_IDC	Alive	71.045797	CENSORED		cbio_os_status	0
TCGA-AR-A256	TCGA-BRCA_IDC	Dead	93.829109	PROGRESSION		cbio_os_status	0
TCGA-AR-A2LE	TCGA-BRCA_OTHERS	Alive	166.420094	PROGRESSION		cbio_os_status	0
TCGA-AR-A2LH	TCGA-BRCA_OTHERS	Dead	20.251833	PROGRESSION		cbio_os_status	0
TCGA-AR-A2LJ	TCGA-BRCA_OTHERS	Alive	86.530559	CENSORED		cbio_os_status	0
TCGA-AR-A2LK	TCGA-BRCA_OTHERS	Dead	54.213105	PROGRESSION		cbio_os_status	0
TCGA-AR-A2LL	TCGA-BRCA_OTHERS	Alive				gdc_vital_status	0
TCGA-AR-A2LM	TCGA-BRCA_OTHERS	Alive	63.615741	CENSORED		cbio_os_status	0
TCGA-AR-A2LN	TCGA-BRCA_OTHERS	Alive	38.169445	CENSORED		cbio_os_status	0
TCGA-AR-A2LO	TCGA-BRCA_OTHERS	Alive	39.385870	CENSORED		cbio_os_status	0
TCGA-AR-A2LQ	TCGA-BRCA_OTHERS	Alive	40.536542	CENSORED		cbio_os_status	0
TCGA-AR-A2LR	TCGA-BRCA_OTHERS	Alive				gdc_vital_status	0
TCGA-AR-A5QM	TCGA-BRCA_OTHERS	Alive	73.347141	PROGRESSION		cbio_os_status	0
TCGA-AR-A5QN	TCGA-BRCA_OTHERS	Alive	33.303745	CENSORED		cbio_os_status	0
TCGA-AR-A5QP	TCGA-BRCA_OTHERS	Alive	38.958477	CENSORED		cbio_os_status	0
TCGA-AR-A5QQ	TCGA-BRCA_OTHERS	Dead	10.586185	PROGRESSION		cbio_os_status	0
TCGA-AS-3777	TCGA-KIRC	Alive	40.700924	CENSORED		cbio_os_status	0
TCGA-AS-3778	TCGA-KIRC	Alive	1.413683	CENSORED		cbio_os_status	0
TCGA-AT-A5NU	TCGA-KIRP	Alive	2.202716	CENSORED		cbio_os_status	0
TCGA-AU-3779	TCGA-COAD	Alive	14.498471	CENSORED		cbio_os_status	0
TCGA-AU-6004	TCGA-COAD	Alive	27.090114	CENSORED		cbio_os_status	0
TCGA-AW-A1PO	TCGA-UCEC	Alive	0.558898	CENSORED		cbio_os_status	0
TCGA-AX-A05S	TCGA-UCEC	Dead	13.577933	PROGRESSION		cbio_os_status	0
TCGA-AX-A05T	TCGA-UCEC	Alive	33.205116	CENSORED		cbio_os_status	0
TCGA-AX-A05U	TCGA-UCEC	Alive	29.687346	CENSORED		cbio_os_status	0
TCGA-AX-A05W	TCGA-UCEC	Alive	80.547062	CENSORED		cbio_os_status	0
TCGA-AX-A05Y	TCGA-UCEC	Alive	88.240129	PROGRESSION		cbio_os_status	0
TCGA-AX-A05Z	TCGA-UCEC	Alive	71.506066	CENSORED		cbio_os_status	0
TCGA-AX-A060	TCGA-UCEC	Alive	35.342078	CENSORED		cbio_os_status	0
TCGA-AX-A062	TCGA-UCEC	Alive	45.994017	CENSORED		cbio_os_status	0
TCGA-AX-A063	TCGA-UCEC	Alive	79.462143	CENSORED		cbio_os_status	0
TCGA-AX-A064	TCGA-UCEC	Alive	49.873426	CENSORED		cbio_os_status	0
TCGA-AX-A06B	TCGA-UCEC	Alive	67.659532	CENSORED		cbio_os_status	0
TCGA-AX-A06D	TCGA-UCEC	Dead				gdc_vital_status	0
TCGA-AX-A06F	TCGA-UCEC	Alive	57.467863	CENSORED		cbio_os_status	0
TCGA-AX-A06L	TCGA-UCEC	Alive	60.656870	CENSORED		cbio_os_status	0
TCGA-AX-A0IU	TCGA-UCEC	Alive	35.736595	CENSORED		cbio_os_status	0
TCGA-AX-A0IW	TCGA-UCEC	Alive	37.774928	CENSORED		cbio_os_status	0
TCGA-AX-A0IZ	TCGA-UCEC	Alive	43.824177	CENSORED		cbio_os_status	0
TCGA-AX-A0J0	TCGA-UCEC	Alive	40.109149	CENSORED		cbio_os_status	0
TCGA-AX-A0J1	TCGA-UCEC	Alive	77.390933	CENSORED		cbio_os_status	0
TCGA-AX-A1C4	TCGA-UCEC	Alive	13.282046	CENSORED		cbio_os_status	0
TCGA-AX-A1C5	TCGA-UCEC	Alive	32.909228	CENSORED		cbio_os_status	0
TCGA-AX-A1C7	TCGA-UCEC	Alive	34.651675	PROGRESSION		cbio_os_status	0
TCGA-AX-A1C8	TCGA-UCEC	Alive	25.512049	CENSORED		cbio_os_status	0
TCGA-AX-A1C9	TCGA-UCEC	Alive	26.366834	CENSORED		cbio_os_status	0
TCGA-AX-A1CA	TCGA-UCEC	Alive	32.021567	CENSORED		cbio_os_status	0
TCGA-AX-A1CC	TCGA-UCEC	Alive	25.906565	CENSORED		cbio_os_status	0
TCGA-AX-A1CE	TCGA-UCEC	Alive	34.092777	CENSORED		cbio_os_status	0
TCGA-AX-A1CF	TCGA-UCEC	Alive	76.832035	PROGRESSION		cbio_os_status	0
TCGA-AX-A1CI	TCGA-UCEC	Alive	85.478515	CENSORED		cbio_os_status	0
TCGA-AX-A1CJ	TCGA-UCEC	Alive	73.412894	CENSORED		cbio_os_status	0
TCGA-AX-A1CK	TCGA-UCEC	Alive	80.251175	CENSORED		cbio_os_status	0
TCGA-AX-A1CN	TCGA-UCEC	Alive	37.577670	PROGRESSION		cbio_os_status	0
TCGA-AX-A1CP	TCGA-UCEC	Alive				gdc_vital_status	0
TCGA-AX-A2IN	TCGA-UCEC	Dead	31.133905	PROGRESSION		cbio_os_status	0
TCGA-AX-A2IO	TCGA-UCEC	Alive	64.930795	CENSORED		cbio_os_status	0
TCGA-AY-4070	TCGA-COAD	Dead	16.306671	PROGRESSION		cbio_os_status	0
TCGA-AY-4071	TCGA-COAD	Dead	0.953414	CENSORED		cbio_os_status	0
TCGA-AY-5543	TCGA-COAD	Alive	33.007857	CENSORED		cbio_os_status	0
TCGA-AY-6196	TCGA-COAD	Alive	0.197258	CENSORED		cbio_os_status	0
TCGA-AY-6197	TCGA-COAD	Alive	21.435382	CENSORED		cbio_os_status	0
TCGA-AY-6386	TCGA-COAD	Alive	17.818983	CENSORED		cbio_os_status	0
TCGA-AY-A54L	TCGA-COAD	Alive	17.260085	PROGRESSION		cbio_os_status	0
TCGA-AY-A69D	TCGA-COAD	Alive	17.851859	CENSORED		cbio_os_status	0
TCGA-AY-A71X	TCGA-COAD	Alive	19.331295	CENSORED		cbio_os_status	0
TCGA-AY-A8YK	TCGA-COAD	Alive	18.838150	CENSORED		cbio_os_status	0
TCGA-AZ-4308	TCGA-COAD	Alive	109.280994	CENSORED		cbio_os_status	0
TCGA-AZ-4313	TCGA-COAD	Alive	75.944373	CENSORED		cbio_os_status	0
TCGA-AZ-4315	TCGA-COAD	Alive	58.388401	CENSORED		cbio_os_status	0
TCGA-AZ-4614	TCGA-COAD	Dead	5.654733	PROGRESSION		cbio_os_status	0
TCGA-AZ-4615	TCGA-COAD	Alive	32.942105	PROGRESSION		cbio_os_status	0
TCGA-AZ-4616	TCGA-COAD	Dead	5.128711	PROGRESSION		cbio_os_status	0
TCGA-AZ-4681	TCGA-COAD	Alive	106.749515	CENSORED		cbio_os_status	0
TCGA-AZ-4682	TCGA-COAD	Dead	22.355919	PROGRESSION		cbio_os_status	0
TCGA-AZ-4684	TCGA-COAD	Alive	64.996548	PROGRESSION		cbio_os_status	0
TCGA-AZ-5403	TCGA-COAD	Dead	62.793832	PROGRESSION		cbio_os_status	0
TCGA-AZ-5407	TCGA-COAD	Alive	88.207253	CENSORED		cbio_os_status	0
TCGA-AZ-6598	TCGA-COAD	Dead	49.413157	CENSORED		cbio_os_status	0
TCGA-AZ-6599	TCGA-COAD	Dead	6.772529	CENSORED		cbio_os_status	0
TCGA-AZ-6600	TCGA-COAD	Dead	12.098498	PROGRESSION		cbio_os_status	0
TCGA-AZ-6601	TCGA-COAD	Dead				gdc_vital_status	0
TCGA-AZ-6603	TCGA-COAD	Dead	29.555840	CENSORED		cbio_os_status	0
TCGA-AZ-6605	TCGA-COAD	Dead	5.227340	CENSORED		cbio_os_status	0
TCGA-AZ-6606	TCGA-COAD	Dead	11.736858	PROGRESSION		cbio_os_status	0
TCGA-AZ-6607	TCGA-COAD	Dead	3.189006	PROGRESSION		cbio_os_status	0
TCGA-AZ-6608	TCGA-COAD	Dead				gdc_vital_status	0
TCGA-B0-4688	TCGA-KIRC	Dead	3.320512	PROGRESSION		cbio_os_status	0
TCGA-B0-4690	TCGA-KIRC	Dead	1.413683	PROGRESSION		cbio_os_status	0
TCGA-B0-4691	TCGA-KIRC	Dead	4.569813	PROGRESSION		cbio_os_status	0
TCGA-B0-4693	TCGA-KIRC	Dead	2.531479	CENSORED		cbio_os_status	0
TCGA-B0-4694	TCGA-KIRC	Dead	3.484893	CENSORED		cbio_os_status	0
TCGA-B0-4696	TCGA-KIRC	Dead	28.470921	PROGRESSION		cbio_os_status	0
TCGA-B0-4697	TCGA-KIRC	Dead	19.002531	PROGRESSION		cbio_os_status	0
TCGA-B0-4698	TCGA-KIRC	Dead	1.380807	PROGRESSION		cbio_os_status	0
TCGA-B0-4699	TCGA-KIRC	Dead	3.616399	CENSORED		cbio_os_status	0
TCGA-B0-4700	TCGA-KIRC	Dead	65.095177	PROGRESSION		cbio_os_status	0
TCGA-B0-4701	TCGA-KIRC	Dead	7.824572	PROGRESSION		cbio_os_status	0
TCGA-B0-4703	TCGA-KIRC	Dead	5.983496	PROGRESSION		cbio_os_status	0
TCGA-B0-4706	TCGA-KIRC	Dead	2.136963	CENSORED		cbio_os_status	0
TCGA-B0-4707	TCGA-KIRC	Dead	19.725811	PROGRESSION		cbio_os_status	0
TCGA-B0-4710	TCGA-KIRC	Alive	57.697998	CENSORED		cbio_os_status	0
TCGA-B0-4712	TCGA-KIRC	Dead	43.955683	PROGRESSION		cbio_os_status	0
TCGA-B0-4713	TCGA-KIRC	Dead	6.641023	PROGRESSION		cbio_os_status	0
TCGA-B0-4714	TCGA-KIRC	Dead	3.254759	PROGRESSION		cbio_os_status	0
TCGA-B0-4718	TCGA-KIRC	Alive	58.454154	PROGRESSION		cbio_os_status	0
TCGA-B0-4810	TCGA-KIRC	Dead	15.714896	PROGRESSION		cbio_os_status	0
TCGA-B0-4811	TCGA-KIRC	Dead	46.585791	PROGRESSION		cbio_os_status	0
TCGA-B0-4813	TCGA-KIRC	Dead	0.591774	CENSORED		cbio_os_status	0
TCGA-B0-4814	TCGA-KIRC	Dead	5.523227	PROGRESSION		cbio_os_status	0
TCGA-B0-4815	TCGA-KIRC	Dead	52.207647	PROGRESSION		cbio_os_status	0
TCGA-B0-4816	TCGA-KIRC	Dead	45.073479	PROGRESSION		cbio_os_status	0
TCGA-B0-4817	TCGA-KIRC	Dead	33.501003	CENSORED		cbio_os_status	0
TCGA-B0-4818	TCGA-KIRC	Dead	16.766940	PROGRESSION		cbio_os_status	0
TCGA-B0-4819	TCGA-KIRC	Dead	6.016372	CENSORED		cbio_os_status	0
TCGA-B0-4821	TCGA-KIRC	Dead	40.437913	PROGRESSION		cbio_os_status	0
TCGA-B0-4822	TCGA-KIRC	Dead	36.525627	PROGRESSION		cbio_os_status	0
TCGA-B0-4823	TCGA-KIRC	Dead	14.925864	CENSORED		cbio_os_status	0
TCGA-B0-4824	TCGA-KIRC	Dead	54.476115	CENSORED		cbio_os_status	0
TCGA-B0-4827	TCGA-KIRC	Dead	29.095572	PROGRESSION		cbio_os_status	0
TCGA-B0-4828	TCGA-KIRC	Dead	10.093040	PROGRESSION		cbio_os_status	0
TCGA-B0-4833	TCGA-KIRC	Dead	78.442976	PROGRESSION		cbio_os_status	0
TCGA-B0-4834	TCGA-KIRC	Dead	68.711576	CENSORED		cbio_os_status	0
TCGA-B0-4836	TCGA-KIRC	Dead	40.700924	PROGRESSION		cbio_os_status	0
TCGA-B0-4837	TCGA-KIRC	Dead	45.303613	PROGRESSION		cbio_os_status	0
TCGA-B0-4838	TCGA-KIRC	Dead	27.418878	CENSORED		cbio_os_status	0
TCGA-B0-4839	TCGA-KIRC	Dead	53.884341	CENSORED		cbio_os_status	0
TCGA-B0-4841	TCGA-KIRC	Dead	6.706776	PROGRESSION		cbio_os_status	0
TCGA-B0-4842	TCGA-KIRC	Dead	56.678831	PROGRESSION		cbio_os_status	0
TCGA-B0-4843	TCGA-KIRC	Dead	10.520433	PROGRESSION		cbio_os_status	0
TCGA-B0-4844	TCGA-KIRC	Dead	10.290298	PROGRESSION		cbio_os_status	0
TCGA-B0-4845	TCGA-KIRC	Dead	65.292435	PROGRESSION		cbio_os_status	0
TCGA-B0-4846	TCGA-KIRC	Dead	39.451622	PROGRESSION		cbio_os_status	0
TCGA-B0-4847	TCGA-KIRC	Dead	26.070947	CENSORED		cbio_os_status	0
TCGA-B0-4848	TCGA-KIRC	Dead	29.029819	PROGRESSION		cbio_os_status	0
TCGA-B0-4849	TCGA-KIRC	Dead	2.268468	PROGRESSION		cbio_os_status	0
TCGA-B0-4852	TCGA-KIRC	Dead	36.854391	PROGRESSION		cbio_os_status	0
TCGA-B0-4945	TCGA-KIRC	Dead	70.519775	CENSORED		cbio_os_status	0
TCGA-B0-5075	TCGA-KIRC	Dead	20.942236	CENSORED		cbio_os_status	0
TCGA-B0-5077	TCGA-KIRC	Dead	43.298156	CENSORED		cbio_os_status	0
TCGA-B0-5080	TCGA-KIRC	Dead	11.243712	PROGRESSION		cbio_os_status	0
TCGA-B0-5081	TCGA-KIRC	Dead	11.901239	PROGRESSION		cbio_os_status	0
TCGA-B0-5083	TCGA-KIRC	Dead	34.355788	PROGRESSION		cbio_os_status	0
TCGA-B0-5084	TCGA-KIRC	Dead	7.298550	PROGRESSION		cbio_os_status	0
TCGA-B0-5085	TCGA-KIRC	Dead	25.314791	CENSORED		cbio_os_status	0
TCGA-B0-5088	TCGA-KIRC	Dead	18.509386	CENSORED		cbio_os_status	0
TCGA-B0-5092	TCGA-KIRC	Dead	15.090246	PROGRESSION		cbio_os_status	0
TCGA-B0-5094	TCGA-KIRC	Dead	10.947825	PROGRESSION		cbio_os_status	0
TCGA-B0-5095	TCGA-KIRC	Dead	8.054706	CENSORED		cbio_os_status	0
TCGA-B0-5096	TCGA-KIRC	Dead	2.235592	CENSORED		cbio_os_status	0
TCGA-B0-5098	TCGA-KIRC	Dead	52.076142	CENSORED		cbio_os_status	0
TCGA-B0-5099	TCGA-KIRC	Dead	15.945031	CENSORED		cbio_os_status	0
TCGA-B0-5100	TCGA-KIRC	Dead	62.892461	PROGRESSION		cbio_os_status	0
TCGA-B0-5102	TCGA-KIRC	Dead	90.870237	PROGRESSION		cbio_os_status	0
TCGA-B0-5104	TCGA-KIRC	Dead	90.475721	CENSORED		cbio_os_status	0
TCGA-B0-5106	TCGA-KIRC	Dead	52.536411	CENSORED		cbio_os_status	0
TCGA-B0-5107	TCGA-KIRC	Dead	30.476378	PROGRESSION		cbio_os_status	0
TCGA-B0-5108	TCGA-KIRC	Alive	58.585659	CENSORED		cbio_os_status	0
TCGA-B0-5109	TCGA-KIRC	Dead	19.298419	PROGRESSION		cbio_os_status	0
TCGA-B0-5110	TCGA-KIRC	Alive	66.048591	CENSORED		cbio_os_status	0
TCGA-B0-5113	TCGA-KIRC	Alive	38.629714	CENSORED		cbio_os_status	0
TCGA-B0-5115	TCGA-KIRC	Alive	52.733669	PROGRESSION		cbio_os_status	0
TCGA-B0-5116	TCGA-KIRC	Alive	41.884472	PROGRESSION		cbio_os_status	0
TCGA-B0-5117	TCGA-KIRC	Alive	52.865174	CENSORED		cbio_os_status	0
TCGA-B0-5119	TCGA-KIRC	Alive	51.024098	CENSORED		cbio_os_status	0
TCGA-B0-5120	TCGA-KIRC	Alive	38.432456	CENSORED		cbio_os_status	0
TCGA-B0-5121	TCGA-KIRC	Alive	48.821383	CENSORED		cbio_os_status	0
TCGA-B0-5399	TCGA-KIRC	Alive	46.388533	CENSORED		cbio_os_status	0
TCGA-B0-5400	TCGA-KIRC	Alive	56.974718	CENSORED		cbio_os_status	0
TCGA-B0-5402	TCGA-KIRC	Alive	42.410494	PROGRESSION		cbio_os_status	0
TCGA-B0-5690	TCGA-KIRC	Alive	111.516586	CENSORED		cbio_os_status	0
TCGA-B0-5691	TCGA-KIRC	Alive	112.798764	PROGRESSION		cbio_os_status	0
TCGA-B0-5692	TCGA-KIRC	Alive	129.664332	CENSORED		cbio_os_status	0
TCGA-B0-5693	TCGA-KIRC	Alive	133.938258	CENSORED		cbio_os_status	0
TCGA-B0-5694	TCGA-KIRC	Dead	15.780649	PROGRESSION		cbio_os_status	0
TCGA-B0-5695	TCGA-KIRC	Alive	70.684157	CENSORED		cbio_os_status	0
TCGA-B0-5696	TCGA-KIRC	Alive	85.774402	PROGRESSION		cbio_os_status	0
TCGA-B0-5697	TCGA-KIRC	Alive	86.464806	CENSORED		cbio_os_status	0
TCGA-B0-5698	TCGA-KIRC	Alive	119.374034	CENSORED		cbio_os_status	0
TCGA-B0-5699	TCGA-KIRC	Alive	126.278068	PROGRESSION		cbio_os_status	0
TCGA-B0-5700	TCGA-KIRC	Alive				gdc_vital_status	0
TCGA-B0-5702	TCGA-KIRC	Alive	71.407437	CENSORED		cbio_os_status	0
TCGA-B0-5703	TCGA-KIRC	Alive	73.840287	CENSORED		cbio_os_status	0
TCGA-B0-5705	TCGA-KIRC	Alive	149.160009	PROGRESSION		cbio_os_status	0
TCGA-B0-5706	TCGA-KIRC	Alive	105.368708	CENSORED		cbio_os_status	0
TCGA-B0-5707	TCGA-KIRC	Alive	123.089062	CENSORED		cbio_os_status	0
TCGA-B0-5709	TCGA-KIRC	Alive	130.650623	CENSORED		cbio_os_status	0
TCGA-B0-5710	TCGA-KIRC	Alive	79.889535	PROGRESSION		cbio_os_status	0
TCGA-B0-5711	TCGA-KIRC	Alive	131.143768	PROGRESSION		cbio_os_status	0
TCGA-B0-5712	TCGA-KIRC	Alive	89.489430	PROGRESSION		cbio_os_status	0
TCGA-B0-5713	TCGA-KIRC	Alive	91.462011	CENSORED		cbio_os_status	0
TCGA-B0-5812	TCGA-KIRC	Alive	126.047934	CENSORED		cbio_os_status	0
TCGA-B1-7332	TCGA-KIRP	Alive	37.511918	CENSORED		cbio_os_status	0
TCGA-B1-A47M	TCGA-KIRP	Alive	21.665516	PROGRESSION		cbio_os_status	0
TCGA-B1-A47N	TCGA-KIRP	Alive	36.492751	CENSORED		cbio_os_status	0
TCGA-B1-A47O	TCGA-KIRP	Alive				gdc_vital_status	0
TCGA-B2-3923	TCGA-KIRC	Alive	32.613341	CENSORED		cbio_os_status	0
TCGA-B2-3924	TCGA-KIRC	Alive	35.900976	CENSORED		cbio_os_status	0
TCGA-B2-4098	TCGA-KIRC	Dead	1.676694	CENSORED		cbio_os_status	0
TCGA-B2-4099	TCGA-KIRC	Alive	31.955814	CENSORED		cbio_os_status	0
TCGA-B2-4101	TCGA-KIRC	Alive	21.303876	CENSORED		cbio_os_status	0
TCGA-B2-4102	TCGA-KIRC	Alive	31.298287	CENSORED		cbio_os_status	0
TCGA-B2-5633	TCGA-KIRC	Alive	31.659927	CENSORED		cbio_os_status	0
TCGA-B2-5635	TCGA-KIRC	Alive	24.821646	CENSORED		cbio_os_status	0
TCGA-B2-5636	TCGA-KIRC	Alive				gdc_vital_status	0
TCGA-B2-5639	TCGA-KIRC	Dead	32.974981	PROGRESSION		cbio_os_status	0
TCGA-B2-5641	TCGA-KIRC	Alive	21.566887	CENSORED		cbio_os_status	0
TCGA-B2-A4SR	TCGA-KIRC	Alive	16.668310	PROGRESSION		cbio_os_status	0
TCGA-B3-3925	TCGA-KIRP	Alive	33.829766	CENSORED		cbio_os_status	0
TCGA-B3-3926	TCGA-KIRP	Alive	29.029819	CENSORED		cbio_os_status	0
TCGA-B3-4103	TCGA-KIRP	Alive	30.575007	CENSORED		cbio_os_status	0
TCGA-B3-4104	TCGA-KIRP	Alive	34.487293	CENSORED		cbio_os_status	0
TCGA-B3-8121	TCGA-KIRP	Alive	12.460137	CENSORED		cbio_os_status	0
TCGA-B3-A6W5	TCGA-KIRP	Alive	10.158793	CENSORED		cbio_os_status	0
TCGA-B4-5377	TCGA-KIRC	Alive	11.999868	CENSORED		cbio_os_status	0
TCGA-B4-5378	TCGA-KIRC	Alive	5.753362	CENSORED		cbio_os_status	0
TCGA-B4-5832	TCGA-KIRC	Alive	5.095835	CENSORED		cbio_os_status	0
TCGA-B4-5834	TCGA-KIRC	Alive	1.249301	CENSORED		cbio_os_status	0
TCGA-B4-5835	TCGA-KIRC	Alive	0.526022	CENSORED		cbio_os_status	0
TCGA-B4-5836	TCGA-KIRC	Alive	4.635566	CENSORED		cbio_os_status	0
TCGA-B4-5838	TCGA-KIRC	Alive	5.457474	CENSORED		cbio_os_status	0
TCGA-B4-5843	TCGA-KIRC	Alive	0.361640	CENSORED		cbio_os_status	0
TCGA-B4-5844	TCGA-KIRC	Alive	0.230134	CENSORED		cbio_os_status	0
TCGA-B5-A0JN	TCGA-UCEC	Alive	80.382681	CENSORED		cbio_os_status	0
TCGA-B5-A0JR	TCGA-UCEC	Alive	56.908965	CENSORED		cbio_os_status	0
TCGA-B5-A0JS	TCGA-UCEC	Alive	86.366177	CENSORED		cbio_os_status	0
TCGA-B5-A0JT	TCGA-UCEC	Alive	55.298024	CENSORED		cbio_os_status	0
TCGA-B5-A0JU	TCGA-UCEC	Alive	59.243186	CENSORED		cbio_os_status	0
TCGA-B5-A0JV	TCGA-UCEC	Alive	86.004537	PROGRESSION		cbio_os_status	0
TCGA-B5-A0JX	TCGA-UCEC	Alive	58.750041	CENSORED		cbio_os_status	0
TCGA-B5-A0JY	TCGA-UCEC	Alive	69.270474	CENSORED		cbio_os_status	0
TCGA-B5-A0JZ	TCGA-UCEC	Alive	71.440313	PROGRESSION		cbio_os_status	0
TCGA-B5-A0K0	TCGA-UCEC	Alive	48.591248	CENSORED		cbio_os_status	0
TCGA-B5-A0K1	TCGA-UCEC	Alive	36.492751	CENSORED		cbio_os_status	0
TCGA-B5-A0K2	TCGA-UCEC	Alive	72.623862	CENSORED		cbio_os_status	0
TCGA-B5-A0K3	TCGA-UCEC	Dead	27.287372	PROGRESSION		cbio_os_status	0
TCGA-B5-A0K4	TCGA-UCEC	Alive	57.763751	CENSORED		cbio_os_status	0
TCGA-B5-A0K6	TCGA-UCEC	Alive	64.207516	CENSORED		cbio_os_status	0
TCGA-B5-A0K7	TCGA-UCEC	Alive	63.549988	PROGRESSION		cbio_os_status	0
TCGA-B5-A0K8	TCGA-UCEC	Alive	27.846270	CENSORED		cbio_os_status	0
TCGA-B5-A0K9	TCGA-UCEC	Dead	13.446428	CENSORED		cbio_os_status	0
TCGA-B5-A0KB	TCGA-UCEC	Alive				gdc_vital_status	0
TCGA-B5-A11E	TCGA-UCEC	Alive	59.834961	CENSORED		cbio_os_status	0
TCGA-B5-A11F	TCGA-UCEC	Alive	185.784265	PROGRESSION		cbio_os_status	0
TCGA-B5-A11G	TCGA-UCEC	Alive	113.357662	CENSORED		cbio_os_status	0
TCGA-B5-A11H	TCGA-UCEC	Alive	88.338758	CENSORED		cbio_os_status	0
TCGA-B5-A11I	TCGA-UCEC	Alive	75.714239	PROGRESSION		cbio_os_status	0
TCGA-B5-A11J	TCGA-UCEC	Alive	54.443239	CENSORED		cbio_os_status	0
TCGA-B5-A11L	TCGA-UCEC	Dead	73.643029	PROGRESSION		cbio_os_status	0
TCGA-B5-A11M	TCGA-UCEC	Alive	44.777591	CENSORED		cbio_os_status	0
TCGA-B5-A11N	TCGA-UCEC	Alive	61.676036	CENSORED		cbio_os_status	0
TCGA-B5-A11O	TCGA-UCEC	Alive	85.774402	PROGRESSION		cbio_os_status	0
TCGA-B5-A11P	TCGA-UCEC	Alive	52.043265	CENSORED		cbio_os_status	0
TCGA-B5-A11Q	TCGA-UCEC	Alive	32.087320	CENSORED		cbio_os_status	0
TCGA-B5-A11R	TCGA-UCEC	Alive	77.226551	CENSORED		cbio_os_status	0
TCGA-B5-A11S	TCGA-UCEC	Alive	73.281389	PROGRESSION		cbio_os_status	0
TCGA-B5-A11U	TCGA-UCEC	Alive	16.734063	CENSORED		cbio_os_status	0
TCGA-B5-A11V	TCGA-UCEC	Alive	19.561429	CENSORED		cbio_os_status	0
TCGA-B5-A11W	TCGA-UCEC	Alive	19.495677	CENSORED		cbio_os_status	0
TCGA-B5-A11X	TCGA-UCEC	Alive	19.594306	PROGRESSION		cbio_os_status	0
TCGA-B5-A11Y	TCGA-UCEC	Alive	18.410757	CENSORED		cbio_os_status	0
TCGA-B5-A11Z	TCGA-UCEC	Alive	17.358714	CENSORED		cbio_os_status	0
TCGA-B5-A121	TCGA-UCEC	Alive	16.569681	CENSORED		cbio_os_status	0
TCGA-B5-A1MR	TCGA-UCEC	Alive	225.498899	CENSORED		cbio_os_status	0
TCGA-B5-A1MS	TCGA-UCEC	Dead	102.311208	PROGRESSION		cbio_os_status	0
TCGA-B5-A1MU	TCGA-UCEC	Dead	50.892593	PROGRESSION		cbio_os_status	0
TCGA-B5-A1MV	TCGA-UCEC	Alive	51.451491	CENSORED		cbio_os_status	0
TCGA-B5-A1MW	TCGA-UCEC	Alive	14.695729	PROGRESSION		cbio_os_status	0
TCGA-B5-A1MX	TCGA-UCEC	Alive	48.426867	CENSORED		cbio_os_status	0
TCGA-B5-A1MY	TCGA-UCEC	Dead	11.868363	PROGRESSION		cbio_os_status	0
TCGA-B5-A1MZ	TCGA-UCEC	Alive	52.536411	PROGRESSION		cbio_os_status	0
TCGA-B5-A1N2	TCGA-UCEC	Dead	31.364040	PROGRESSION		cbio_os_status	0
TCGA-B5-A3F9	TCGA-UCEC	Alive	136.601243	CENSORED		cbio_os_status	0
TCGA-B5-A3FA	TCGA-UCEC	Alive	96.294835	CENSORED		cbio_os_status	0
TCGA-B5-A3FB	TCGA-UCEC	Alive	93.500345	CENSORED		cbio_os_status	0
TCGA-B5-A3FC	TCGA-UCEC	Alive	71.834829	CENSORED		cbio_os_status	0
TCGA-B5-A3FD	TCGA-UCEC	Dead	39.352993	PROGRESSION		cbio_os_status	0
TCGA-B5-A3FH	TCGA-UCEC	Alive	27.649012	CENSORED		cbio_os_status	0
TCGA-B5-A3S1	TCGA-UCEC	Alive	29.654470	CENSORED		cbio_os_status	0
TCGA-B5-A5OC	TCGA-UCEC	Alive	41.062564	CENSORED		cbio_os_status	0
TCGA-B5-A5OD	TCGA-UCEC	Alive	34.125653	CENSORED		cbio_os_status	0
TCGA-B5-A5OE	TCGA-UCEC	Alive	34.947562	CENSORED		cbio_os_status	0
TCGA-B6-A0I1	TCGA-BRCA_IDC	Dead	77.621067	PROGRESSION		cbio_os_status	0
TCGA-B6-A0I2	TCGA-BRCA_IDC	Alive	143.373771	CENSORED		cbio_os_status	0
TCGA-B6-A0I5	TCGA-BRCA_IDC	Alive	281.290068	CENSORED		cbio_os_status	0
TCGA-B6-A0I6	TCGA-BRCA_IDC	Dead	32.580465	PROGRESSION		cbio_os_status	0
TCGA-B6-A0I8	TCGA-BRCA_IDC	Dead	24.624388	PROGRESSION		cbio_os_status	0
TCGA-B6-A0I9	TCGA-BRCA_IDC	Dead	11.901239	PROGRESSION		cbio_os_status	0
TCGA-B6-A0IA	TCGA-BRCA_IDC	Alive	275.865470	CENSORED		cbio_os_status	0
TCGA-B6-A0IB	TCGA-BRCA_IDC	Dead	129.565703	PROGRESSION		cbio_os_status	0
TCGA-B6-A0IC	TCGA-BRCA_IDC	Dead	50.695335	CENSORED		cbio_os_status	0
TCGA-B6-A0IE	TCGA-BRCA_OTHERS	Dead	65.522570	PROGRESSION		cbio_os_status	0
TCGA-B6-A0IG	TCGA-BRCA_IDC	Dead	146.497025	PROGRESSION		cbio_os_status	0
TCGA-B6-A0IH	TCGA-BRCA_OTHERS	Dead	112.371371	CENSORED		cbio_os_status	0
TCGA-B6-A0IJ	TCGA-BRCA_IDC	Alive	233.619358	CENSORED		cbio_os_status	0
TCGA-B6-A0IK	TCGA-BRCA_IDC	Dead	18.772397	PROGRESSION		cbio_os_status	0
TCGA-B6-A0IM	TCGA-BRCA_IDC	Dead	127.330111	CENSORED		cbio_os_status	0
TCGA-B6-A0IN	TCGA-BRCA_IDC	Dead	84.590854	PROGRESSION		cbio_os_status	0
TCGA-B6-A0IO	TCGA-BRCA_IDC	Alive	165.762567	CENSORED		cbio_os_status	0
TCGA-B6-A0IP	TCGA-BRCA_OTHERS	Dead	129.072558	CENSORED		cbio_os_status	0
TCGA-B6-A0IQ	TCGA-BRCA_IDC	Alive	140.875168	CENSORED		cbio_os_status	0
TCGA-B6-A0RE	TCGA-BRCA_IDC	Alive	255.679390	CENSORED		cbio_os_status	0
TCGA-B6-A0RG	TCGA-BRCA_IDC	Alive	68.448565	CENSORED		cbio_os_status	0
TCGA-B6-A0RH	TCGA-BRCA_IDC	Dead	212.249729	PROGRESSION		cbio_os_status	0
TCGA-B6-A0RI	TCGA-BRCA_IDC	Alive	234.276885	PROGRESSION		cbio_os_status	0
TCGA-B6-A0RL	TCGA-BRCA_IDC	Dead	81.171713	CENSORED		cbio_os_status	0
TCGA-B6-A0RM	TCGA-BRCA_IDC	Dead	78.015583	CENSORED		cbio_os_status	0
TCGA-B6-A0RN	TCGA-BRCA_IDC	Alive	263.273827	CENSORED		cbio_os_status	0
TCGA-B6-A0RO	TCGA-BRCA_IDC	Alive	162.047539	CENSORED		cbio_os_status	0
TCGA-B6-A0RP	TCGA-BRCA_OTHERS	Dead	102.771476	PROGRESSION		cbio_os_status	0
TCGA-B6-A0RQ	TCGA-BRCA_OTHERS	Dead	140.283394	CENSORED		cbio_os_status	0
TCGA-B6-A0RS	TCGA-BRCA_IDC	Dead	100.700266	PROGRESSION		cbio_os_status	0
TCGA-B6-A0RT	TCGA-BRCA_IDC	Alive	89.456554	CENSORED		cbio_os_status	0
TCGA-B6-A0RU	TCGA-BRCA_IDC	Alive	282.901009	PROGRESSION		cbio_os_status	0
TCGA-B6-A0RV	TCGA-BRCA_OTHERS	Alive	169.510471	CENSORED		cbio_os_status	0
TCGA-B6-A0WS	TCGA-BRCA_IDC	Dead	97.478384	CENSORED		cbio_os_status	0
TCGA-B6-A0WT	TCGA-BRCA_IDC	Alive	188.677384	PROGRESSION		cbio_os_status	0
TCGA-B6-A0WV	TCGA-BRCA_IDC	Dead	79.462143	CENSORED		cbio_os_status	0
TCGA-B6-A0WW	TCGA-BRCA_IDC	Dead	18.345004	PROGRESSION		cbio_os_status	0
TCGA-B6-A0WX	TCGA-BRCA_OTHERS	Dead	21.007989	PROGRESSION		cbio_os_status	0
TCGA-B6-A0WY	TCGA-BRCA_IDC	Dead	113.785054	PROGRESSION		cbio_os_status	0
TCGA-B6-A0WZ	TCGA-BRCA_IDC	Alive	206.858007	PROGRESSION		cbio_os_status	0
TCGA-B6-A0X0	TCGA-BRCA_OTHERS	Dead	129.697209	CENSORED		cbio_os_status	0
TCGA-B6-A0X1	TCGA-BRCA_IDC	Dead	245.093204	PROGRESSION		cbio_os_status	0
TCGA-B6-A0X4	TCGA-BRCA_IDC	Dead	28.273663	PROGRESSION		cbio_os_status	0
TCGA-B6-A0X5	TCGA-BRCA_IDC	Dead	68.941710	PROGRESSION		cbio_os_status	0
TCGA-B6-A0X7	TCGA-BRCA_IDC	Dead	58.552783	PROGRESSION		cbio_os_status	0
TCGA-B6-A1KC	TCGA-BRCA_IDC	Alive	43.594043	CENSORED		cbio_os_status	0
TCGA-B6-A1KF	TCGA-BRCA_IDC	Alive	101.522175	CENSORED		cbio_os_status	0
TCGA-B6-A1KI	TCGA-BRCA_IDC	Alive	73.511523	CENSORED		cbio_os_status	0
TCGA-B6-A1KN	TCGA-BRCA_IDC	Alive	139.165598	CENSORED		cbio_os_status	0
TCGA-B6-A2IU	TCGA-BRCA_OTHERS	Alive	170.167998	PROGRESSION		cbio_os_status	0
TCGA-B7-5816	TCGA-STAD	Alive	26.695598	CENSORED		cbio_os_status	0
TCGA-B8-4143	TCGA-KIRC	Dead	23.309334	PROGRESSION		cbio_os_status	0
TCGA-B8-4146	TCGA-KIRC	Alive	16.799816	CENSORED		cbio_os_status	0
TCGA-B8-4148	TCGA-KIRC	Alive	49.972055	CENSORED		cbio_os_status	0
TCGA-B8-4151	TCGA-KIRC	Alive	42.706381	CENSORED		cbio_os_status	0
TCGA-B8-4153	TCGA-KIRC	Alive	25.051780	PROGRESSION		cbio_os_status	0
TCGA-B8-4154	TCGA-KIRC	Alive	45.369366	CENSORED		cbio_os_status	0
TCGA-B8-4619	TCGA-KIRC	Alive	17.194332	CENSORED		cbio_os_status	0
TCGA-B8-4620	TCGA-KIRC	Alive	25.544926	PROGRESSION		cbio_os_status	0
TCGA-B8-4621	TCGA-KIRC	Alive	25.906565	CENSORED		cbio_os_status	0
TCGA-B8-4622	TCGA-KIRC	Alive	50.136437	PROGRESSION		cbio_os_status	0
TCGA-B8-5158	TCGA-KIRC	Alive	40.043397	CENSORED		cbio_os_status	0
TCGA-B8-5159	TCGA-KIRC	Alive	23.736726	CENSORED		cbio_os_status	0
TCGA-B8-5162	TCGA-KIRC	Alive	1.183549	CENSORED		cbio_os_status	0
TCGA-B8-5163	TCGA-KIRC	Alive	27.024361	CENSORED		cbio_os_status	0
TCGA-B8-5164	TCGA-KIRC	Alive	0.854785	CENSORED		cbio_os_status	0
TCGA-B8-5165	TCGA-KIRC	Alive	24.229871	CENSORED		cbio_os_status	0
TCGA-B8-5545	TCGA-KIRC	Alive	50.136437	CENSORED		cbio_os_status	0
TCGA-B8-5546	TCGA-KIRC	Alive	16.602558	CENSORED		cbio_os_status	0
TCGA-B8-5549	TCGA-KIRC	Alive	6.378012	CENSORED		cbio_os_status	0
TCGA-B8-5550	TCGA-KIRC	Alive	48.525496	PROGRESSION		cbio_os_status	0
TCGA-B8-5551	TCGA-KIRC	Alive	0.526022	CENSORED		cbio_os_status	0
TCGA-B8-5552	TCGA-KIRC	Alive	34.388664	CENSORED		cbio_os_status	0
TCGA-B8-5553	TCGA-KIRC	Alive	14.301213	CENSORED		cbio_os_status	0
TCGA-B8-A54D	TCGA-KIRC	Alive	27.287372	CENSORED		cbio_os_status	0
TCGA-B8-A54E	TCGA-KIRC	Alive	29.884604	CENSORED		cbio_os_status	0
TCGA-B8-A54F	TCGA-KIRC	Alive	17.062827	CENSORED		cbio_os_status	0
TCGA-B8-A54G	TCGA-KIRC	Alive	1.742447	CENSORED		cbio_os_status	0
TCGA-B8-A54H	TCGA-KIRC	Alive	8.416346	CENSORED		cbio_os_status	0
TCGA-B8-A54I	TCGA-KIRC	Alive	4.931453	CENSORED		cbio_os_status	0
TCGA-B8-A54J	TCGA-KIRC	Alive	17.358714	CENSORED		cbio_os_status	0
TCGA-B8-A54K	TCGA-KIRC	Alive				gdc_vital_status	0
TCGA-B8-A7U6	TCGA-KIRC	Alive	16.273794	CENSORED		cbio_os_status	0
TCGA-B8-A8YJ	TCGA-KIRC	Alive	14.169708	CENSORED		cbio_os_status	0
TCGA-B9-4113	TCGA-KIRP	Dead	50.498077	CENSORED		cbio_os_status	0
TCGA-B9-4114	TCGA-KIRP	Alive	28.175034	PROGRESSION		cbio_os_status	0
TCGA-B9-4115	TCGA-KIRP	Alive	26.399711	CENSORED		cbio_os_status	0
TCGA-B9-4116	TCGA-KIRP	Alive	20.613473	CENSORED		cbio_os_status	0
TCGA-B9-4117	TCGA-KIRP	Alive	0.460269	CENSORED		cbio_os_status	0
TCGA-B9-4617	TCGA-KIRP	Alive	1.150672	CENSORED		cbio_os_status	0
TCGA-B9-5155	TCGA-KIRP	Alive	21.862774	CENSORED		cbio_os_status	0
TCGA-B9-5156	TCGA-KIRP	Alive	43.988559	CENSORED		cbio_os_status	0
TCGA-B9-7268	TCGA-KIRP	Alive	22.060032	CENSORED		cbio_os_status	0
TCGA-B9-A44B	TCGA-KIRP	Alive	11.868363	CENSORED		cbio_os_status	0
TCGA-B9-A5W7	TCGA-KIRP	Alive	19.232666	PROGRESSION		cbio_os_status	0
TCGA-B9-A5W8	TCGA-KIRP	Alive	17.227208	CENSORED		cbio_os_status	0
TCGA-B9-A5W9	TCGA-KIRP	Alive	0.164382	CENSORED		cbio_os_status	0
TCGA-B9-A69E	TCGA-KIRP	Alive	14.860111	CENSORED		cbio_os_status	0
TCGA-B9-A8YH	TCGA-KIRP	Alive	17.490219	CENSORED		cbio_os_status	0
TCGA-B9-A8YI	TCGA-KIRP	Alive	12.295756	CENSORED		cbio_os_status	0
TCGA-BA-4074	TCGA-HNSC	Dead	15.188875	PROGRESSION		cbio_os_status	0
TCGA-BA-4075	TCGA-HNSC	Dead				gdc_vital_status	0
TCGA-BA-4076	TCGA-HNSC	Dead	13.643686	PROGRESSION		cbio_os_status	0
TCGA-BA-4077	TCGA-HNSC	Dead				gdc_vital_status	0
TCGA-BA-4078	TCGA-HNSC	Dead	9.073873	PROGRESSION		cbio_os_status	0
TCGA-BA-5149	TCGA-HNSC	Dead	26.498340	PROGRESSION		cbio_os_status	0
TCGA-BA-5151	TCGA-HNSC	Alive	23.736726	PROGRESSION		cbio_os_status	0
TCGA-BA-5152	TCGA-HNSC	Alive	42.344741	CENSORED		cbio_os_status	0
TCGA-BA-5153	TCGA-HNSC	Dead	57.928132	PROGRESSION		cbio_os_status	0
TCGA-BA-5555	TCGA-HNSC	Alive	17.095703	PROGRESSION		cbio_os_status	0
TCGA-BA-5556	TCGA-HNSC	Alive	23.835355	CENSORED		cbio_os_status	0
TCGA-BA-5557	TCGA-HNSC	Alive	20.481967	CENSORED		cbio_os_status	0
TCGA-BA-5558	TCGA-HNSC	Alive	65.588322	CENSORED		cbio_os_status	0
TCGA-BA-5559	TCGA-HNSC	Dead	68.481441	PROGRESSION		cbio_os_status	0
TCGA-BA-6868	TCGA-HNSC	Dead	15.517638	PROGRESSION		cbio_os_status	0
TCGA-BA-6869	TCGA-HNSC	Alive	21.172371	CENSORED		cbio_os_status	0
TCGA-BA-6870	TCGA-HNSC	Dead	14.827235	CENSORED		cbio_os_status	0
TCGA-BA-6871	TCGA-HNSC	Dead	3.550646	PROGRESSION		cbio_os_status	0
TCGA-BA-6872	TCGA-HNSC	Dead	12.624519	PROGRESSION		cbio_os_status	0
TCGA-BA-6873	TCGA-HNSC	Alive	4.010915	PROGRESSION		cbio_os_status	0
TCGA-BA-7269	TCGA-HNSC	Alive	41.851596	CENSORED		cbio_os_status	0
TCGA-BA-A6D8	TCGA-HNSC	Alive	27.944899	PROGRESSION		cbio_os_status	0
TCGA-BA-A6DA	TCGA-HNSC	Alive	11.539600	CENSORED		cbio_os_status	0
TCGA-BA-A6DB	TCGA-HNSC	Alive	7.101292	PROGRESSION		cbio_os_status	0
TCGA-BA-A6DD	TCGA-HNSC	Dead	5.687609	PROGRESSION		cbio_os_status	0
TCGA-BA-A6DE	TCGA-HNSC	Alive	14.465595	CENSORED		cbio_os_status	0
TCGA-BA-A6DF	TCGA-HNSC	Dead	7.824572	CENSORED		cbio_os_status	0
TCGA-BA-A6DG	TCGA-HNSC	Dead	2.268468	PROGRESSION		cbio_os_status	0
TCGA-BA-A6DI	TCGA-HNSC	Dead	11.046454	PROGRESSION		cbio_os_status	0
TCGA-BA-A6DJ	TCGA-HNSC	Dead	13.380675	PROGRESSION		cbio_os_status	0
TCGA-BA-A6DL	TCGA-HNSC	Alive	20.481967	CENSORED		cbio_os_status	0
TCGA-BA-A8YP	TCGA-HNSC	Alive	16.405300	CENSORED		cbio_os_status	0
TCGA-BB-4217	TCGA-HNSC	Alive	6.147878	CENSORED		cbio_os_status	0
TCGA-BB-4223	TCGA-HNSC	Alive	105.894730	CENSORED		cbio_os_status	0
TCGA-BB-4224	TCGA-HNSC	Alive	9.139626	PROGRESSION		cbio_os_status	0
TCGA-BB-4225	TCGA-HNSC	Alive	4.799947	CENSORED		cbio_os_status	0
TCGA-BB-4227	TCGA-HNSC	Alive	4.405431	PROGRESSION		cbio_os_status	0
TCGA-BB-4228	TCGA-HNSC	Alive	18.377881	CENSORED		cbio_os_status	0
TCGA-BB-7861	TCGA-HNSC	Alive	22.421672	CENSORED		cbio_os_status	0
TCGA-BB-7862	TCGA-HNSC	Alive	36.722885	CENSORED		cbio_os_status	0
TCGA-BB-7863	TCGA-HNSC	Alive	33.698261	CENSORED		cbio_os_status	0
TCGA-BB-7864	TCGA-HNSC	Alive	50.202190	CENSORED		cbio_os_status	0
TCGA-BB-7866	TCGA-HNSC	Alive	44.974850	CENSORED		cbio_os_status	0
TCGA-BB-7870	TCGA-HNSC	Alive	66.278726	CENSORED		cbio_os_status	0
TCGA-BB-7871	TCGA-HNSC	Alive	24.657264	PROGRESSION		cbio_os_status	0
TCGA-BB-7872	TCGA-HNSC	Alive	38.399579	CENSORED		cbio_os_status	0
TCGA-BB-8596	TCGA-HNSC	Alive	71.045797	CENSORED		cbio_os_status	0
TCGA-BB-8601	TCGA-HNSC	Alive	20.514844	PROGRESSION		cbio_os_status	0
TCGA-BB-A5HU	TCGA-HNSC	Alive	25.709307	CENSORED		cbio_os_status	0
TCGA-BB-A5HY	TCGA-HNSC	Dead	10.553309	PROGRESSION		cbio_os_status	0
TCGA-BB-A5HZ	TCGA-HNSC	Alive	27.188743	PROGRESSION		cbio_os_status	0
TCGA-BB-A6UM	TCGA-HNSC	Alive	12.920406	CENSORED		cbio_os_status	0
TCGA-BB-A6UO	TCGA-HNSC	Dead	8.810862	PROGRESSION		cbio_os_status	0
TCGA-BC-4072	TCGA-LIHC	Dead	48.985765	PROGRESSION		cbio_os_status	0
TCGA-BC-4073	TCGA-LIHC	Alive	27.912023	CENSORED		cbio_os_status	0
TCGA-BC-A10Q	TCGA-LIHC	Dead	37.314660	PROGRESSION		cbio_os_status	0
TCGA-BC-A10R	TCGA-LIHC	Dead	10.125916	PROGRESSION		cbio_os_status	0
TCGA-BC-A10S	TCGA-LIHC	Dead	46.783049	PROGRESSION		cbio_os_status	0
TCGA-BC-A10T	TCGA-LIHC	Dead	27.517507	PROGRESSION		cbio_os_status	0
TCGA-BC-A10U	TCGA-LIHC	Dead	27.517507	PROGRESSION		cbio_os_status	0
TCGA-BC-A10W	TCGA-LIHC	Dead	2.991748	PROGRESSION		cbio_os_status	0
TCGA-BC-A10X	TCGA-LIHC	Dead	25.314791	CENSORED		cbio_os_status	0
TCGA-BC-A10Y	TCGA-LIHC	Dead	23.375086	PROGRESSION		cbio_os_status	0
TCGA-BC-A10Z	TCGA-LIHC	Dead	1.117796	CENSORED		cbio_os_status	0
TCGA-BC-A110	TCGA-LIHC	Dead	69.566361	PROGRESSION		cbio_os_status	0
TCGA-BC-A112	TCGA-LIHC	Dead	5.030082	CENSORED		cbio_os_status	0
TCGA-BC-A216	TCGA-LIHC	Alive	44.415952	CENSORED		cbio_os_status	0
TCGA-BC-A217	TCGA-LIHC	Dead	45.928264	CENSORED		cbio_os_status	0
TCGA-BC-A3KF	TCGA-LIHC	Alive	0.263011	CENSORED		cbio_os_status	0
TCGA-BC-A3KG	TCGA-LIHC	Alive	22.355919	PROGRESSION		cbio_os_status	0
TCGA-BC-A5W4	TCGA-LIHC	Dead	17.983365	PROGRESSION		cbio_os_status	0
TCGA-BC-A69H	TCGA-LIHC	Alive	14.597100	CENSORED		cbio_os_status	0
TCGA-BC-A69I	TCGA-LIHC	Alive	12.723148	CENSORED		cbio_os_status	0
TCGA-BC-A8YO	TCGA-LIHC	Alive	18.476510	PROGRESSION		cbio_os_status	0
TCGA-BF-A1PU	TCGA-SKCM	Alive	12.723148	PROGRESSION		cbio_os_status	0
TCGA-BF-A1PV	TCGA-SKCM	Alive	0.460269	CENSORED		cbio_os_status	0
TCGA-BF-A1PZ	TCGA-SKCM	Alive	28.043528	CENSORED		cbio_os_status	0
TCGA-BF-A3DJ	TCGA-SKCM	Alive	15.254627	PROGRESSION		cbio_os_status	0
TCGA-BF-A3DL	TCGA-SKCM	Alive	25.281915	CENSORED		cbio_os_status	0
TCGA-BF-A3DM	TCGA-SKCM	Alive	19.758688	CENSORED		cbio_os_status	0
TCGA-BF-A3DN	TCGA-SKCM	Alive	23.572344	CENSORED		cbio_os_status	0
TCGA-BF-A5EO	TCGA-SKCM	Alive	23.112075	CENSORED		cbio_os_status	0
TCGA-BF-A5EP	TCGA-SKCM	Alive	11.013578	CENSORED		cbio_os_status	0
TCGA-BF-A5EQ	TCGA-SKCM	Alive	10.619062	CENSORED		cbio_os_status	0
TCGA-BF-A9VF	TCGA-SKCM	Alive				gdc_vital_status	0
TCGA-BF-AAOU	TCGA-SKCM	Alive				gdc_vital_status	0
TCGA-BF-AAOX	TCGA-SKCM	Alive				gdc_vital_status	0
TCGA-BF-AAP0	TCGA-SKCM	Alive				gdc_vital_status	0
TCGA-BF-AAP1	TCGA-SKCM	Alive				gdc_vital_status	0
TCGA-BF-AAP2	TCGA-SKCM	Alive				gdc_vital_status	0
TCGA-BF-AAP4	TCGA-SKCM	Alive				gdc_vital_status	0
TCGA-BF-AAP6	TCGA-SKCM	Alive				gdc_vital_status	0
TCGA-BF-AAP7	TCGA-SKCM	Alive				gdc_vital_status	0
TCGA-BG-A0LW	TCGA-UCEC	Alive	18.608015	CENSORED		cbio_os_status	0
TCGA-BG-A0LX	TCGA-UCEC	Alive	20.186080	CENSORED		cbio_os_status	0
TCGA-BG-A0M0	TCGA-UCEC	Alive	19.331295	CENSORED		cbio_os_status	0
TCGA-BG-A0M2	TCGA-UCEC	Alive	20.942236	CENSORED		cbio_os_status	0
TCGA-BG-A0M3	TCGA-UCEC	Alive	35.210573	CENSORED		cbio_os_status	0
TCGA-BG-A0M4	TCGA-UCEC	Alive	71.243055	CENSORED		cbio_os_status	0
TCGA-BG-A0M6	TCGA-UCEC	Dead	22.060032	CENSORED		cbio_os_status	0
TCGA-BG-A0M7	TCGA-UCEC	Alive	63.681494	CENSORED		cbio_os_status	0
TCGA-BG-A0M8	TCGA-UCEC	Alive				gdc_vital_status	0
TCGA-BG-A0M9	TCGA-UCEC	Alive	74.629319	CENSORED		cbio_os_status	0
TCGA-BG-A0MA	TCGA-UCEC	Dead	10.717691	PROGRESSION		cbio_os_status	0
TCGA-BG-A0MC	TCGA-UCEC	Alive	41.522833	CENSORED		cbio_os_status	0
TCGA-BG-A0MG	TCGA-UCEC	Alive	48.558372	CENSORED		cbio_os_status	0
TCGA-BG-A0MH	TCGA-UCEC	Alive				gdc_vital_status	0
TCGA-BG-A0MI	TCGA-UCEC	Dead	23.473715	CENSORED		cbio_os_status	0
TCGA-BG-A0MO	TCGA-UCEC	Alive	43.035145	CENSORED		cbio_os_status	0
TCGA-BG-A0MQ	TCGA-UCEC	Alive	59.736332	CENSORED		cbio_os_status	0
TCGA-BG-A0MS	TCGA-UCEC	Alive				gdc_vital_status	0
TCGA-BG-A0MT	TCGA-UCEC	Alive	21.172371	PROGRESSION		cbio_os_status	0
TCGA-BG-A0MU	TCGA-UCEC	Alive	20.284709	CENSORED		cbio_os_status	0
TCGA-BG-A0RY	TCGA-UCEC	Alive	15.419009	CENSORED		cbio_os_status	0
TCGA-BG-A0VT	TCGA-UCEC	Alive	51.550120	CENSORED		cbio_os_status	0
TCGA-BG-A0VV	TCGA-UCEC	Alive	51.056975	CENSORED		cbio_os_status	0
TCGA-BG-A0VW	TCGA-UCEC	Alive	52.010389	CENSORED		cbio_os_status	0
TCGA-BG-A0VX	TCGA-UCEC	Alive	34.290035	CENSORED		cbio_os_status	0
TCGA-BG-A0VZ	TCGA-UCEC	Alive	52.635040	CENSORED		cbio_os_status	0
TCGA-BG-A0W1	TCGA-UCEC	Alive	52.832298	CENSORED		cbio_os_status	0
TCGA-BG-A0W2	TCGA-UCEC	Alive	56.580202	CENSORED		cbio_os_status	0
TCGA-BG-A0YU	TCGA-UCEC	Alive	14.827235	CENSORED		cbio_os_status	0
TCGA-BG-A0YV	TCGA-UCEC	Alive	12.558766	CENSORED		cbio_os_status	0
TCGA-BG-A186	TCGA-UCEC	Alive	13.775192	CENSORED		cbio_os_status	0
TCGA-BG-A187	TCGA-UCEC	Alive	14.728606	CENSORED		cbio_os_status	0
TCGA-BG-A18A	TCGA-UCEC	Alive	14.005326	CENSORED		cbio_os_status	0
TCGA-BG-A18B	TCGA-UCEC	Alive	15.451885	CENSORED		cbio_os_status	0
TCGA-BG-A18C	TCGA-UCEC	Alive	15.451885	CENSORED		cbio_os_status	0
TCGA-BG-A220	TCGA-UCEC	Alive				gdc_vital_status	0
TCGA-BG-A221	TCGA-UCEC	Alive				gdc_vital_status	0
TCGA-BG-A222	TCGA-UCEC	Alive	9.567018	CENSORED		cbio_os_status	0
TCGA-BG-A2AD	TCGA-UCEC	Alive	20.021698	CENSORED		cbio_os_status	0
TCGA-BG-A2AE	TCGA-UCEC	Alive	23.703850	CENSORED		cbio_os_status	0
TCGA-BG-A2L7	TCGA-UCEC	Alive	20.120327	CENSORED		cbio_os_status	0
TCGA-BG-A3EW	TCGA-UCEC	Alive	11.309465	CENSORED		cbio_os_status	0
TCGA-BG-A3PP	TCGA-UCEC	Alive	22.388796	PROGRESSION		cbio_os_status	0
TCGA-BH-A0AU	TCGA-BRCA_IDC	Alive	62.925338	CENSORED		cbio_os_status	0
TCGA-BH-A0AV	TCGA-BRCA_IDC	Alive	59.834961	CENSORED		cbio_os_status	0
TCGA-BH-A0AW	TCGA-BRCA_IDC	Alive	20.449091	CENSORED		cbio_os_status	0
TCGA-BH-A0AY	TCGA-BRCA_IDC	Alive	25.544926	CENSORED		cbio_os_status	0
TCGA-BH-A0AZ	TCGA-BRCA_IDC	Alive	63.089720	CENSORED		cbio_os_status	0
TCGA-BH-A0B0	TCGA-BRCA_IDC	Alive	81.434724	CENSORED		cbio_os_status	0
TCGA-BH-A0B1	TCGA-BRCA_IDC	Alive	37.742052	CENSORED		cbio_os_status	0
TCGA-BH-A0B3	TCGA-BRCA_IDC	Alive	39.550252	CENSORED		cbio_os_status	0
TCGA-BH-A0B4	TCGA-BRCA_IDC	Alive	39.155735	CENSORED		cbio_os_status	0
TCGA-BH-A0B5	TCGA-BRCA_OTHERS	Alive	70.223888	CENSORED		cbio_os_status	0
TCGA-BH-A0B6	TCGA-BRCA_IDC	Alive				gdc_vital_status	0
TCGA-BH-A0B7	TCGA-BRCA_IDC	Alive	84.130585	CENSORED		cbio_os_status	0
TCGA-BH-A0B8	TCGA-BRCA_IDC	Alive	51.582996	CENSORED		cbio_os_status	0
TCGA-BH-A0B9	TCGA-BRCA_IDC	Alive	51.681625	CENSORED		cbio_os_status	0
TCGA-BH-A0BA	TCGA-BRCA_OTHERS	Alive	37.216031	CENSORED		cbio_os_status	0
TCGA-BH-A0BC	TCGA-BRCA_IDC	Alive	32.021567	CENSORED		cbio_os_status	0
TCGA-BH-A0BD	TCGA-BRCA_IDC	Alive	18.213499	CENSORED		cbio_os_status	0
TCGA-BH-A0BF	TCGA-BRCA_IDC	Dead	43.528290	CENSORED		cbio_os_status	0
TCGA-BH-A0BG	TCGA-BRCA_IDC	Alive	61.511655	CENSORED		cbio_os_status	0
TCGA-BH-A0BJ	TCGA-BRCA_IDC	Alive	21.698392	CENSORED		cbio_os_status	0
TCGA-BH-A0BL	TCGA-BRCA_IDC	Alive	74.892330	CENSORED		cbio_os_status	0
TCGA-BH-A0BM	TCGA-BRCA_IDC	Alive	61.676036	CENSORED		cbio_os_status	0
TCGA-BH-A0BO	TCGA-BRCA_IDC	Alive	72.229345	CENSORED		cbio_os_status	0
TCGA-BH-A0BP	TCGA-BRCA_IDC	Dead	75.484104	CENSORED		cbio_os_status	0
TCGA-BH-A0BQ	TCGA-BRCA_IDC	Alive	74.136174	PROGRESSION		cbio_os_status	0
TCGA-BH-A0BR	TCGA-BRCA_IDC	Alive	76.601900	CENSORED		cbio_os_status	0
TCGA-BH-A0BS	TCGA-BRCA_IDC	Alive	85.873032	CENSORED		cbio_os_status	0
TCGA-BH-A0BT	TCGA-BRCA_IDC	Alive	77.752573	CENSORED		cbio_os_status	0
TCGA-BH-A0BV	TCGA-BRCA_IDC	Alive	49.939179	CENSORED		cbio_os_status	0
TCGA-BH-A0BW	TCGA-BRCA_IDC	Alive	77.949831	CENSORED		cbio_os_status	0
TCGA-BH-A0BZ	TCGA-BRCA_IDC	Alive	74.136174	CENSORED		cbio_os_status	0
TCGA-BH-A0C0	TCGA-BRCA_IDC	Alive	41.752967	CENSORED		cbio_os_status	0
TCGA-BH-A0C1	TCGA-BRCA_OTHERS	Dead	46.388533	PROGRESSION		cbio_os_status	0
TCGA-BH-A0C3	TCGA-BRCA_OTHERS	Alive	89.062038	PROGRESSION		cbio_os_status	0
TCGA-BH-A0C7	TCGA-BRCA_IDC	Alive	90.968866	CENSORED		cbio_os_status	0
TCGA-BH-A0DD	TCGA-BRCA_IDC	Alive	81.730611	CENSORED		cbio_os_status	0
TCGA-BH-A0DE	TCGA-BRCA_IDC	Alive	77.982707	CENSORED		cbio_os_status	0
TCGA-BH-A0DG	TCGA-BRCA_IDC	Alive	67.100635	CENSORED		cbio_os_status	0
TCGA-BH-A0DH	TCGA-BRCA_IDC	Alive	38.005063	CENSORED		cbio_os_status	0
TCGA-BH-A0DI	TCGA-BRCA_IDC	Alive	29.983233	CENSORED		cbio_os_status	0
TCGA-BH-A0DK	TCGA-BRCA_IDC	Alive	13.906697	CENSORED		cbio_os_status	0
TCGA-BH-A0DL	TCGA-BRCA_OTHERS	Alive	78.278594	CENSORED		cbio_os_status	0
TCGA-BH-A0DO	TCGA-BRCA_IDC	Alive	54.048723	CENSORED		cbio_os_status	0
TCGA-BH-A0DP	TCGA-BRCA_OTHERS	Alive	15.649144	CENSORED		cbio_os_status	0
TCGA-BH-A0DQ	TCGA-BRCA_IDC	Alive	3.221882	CENSORED		cbio_os_status	0
TCGA-BH-A0DS	TCGA-BRCA_IDC	Alive	2.564355	CENSORED		cbio_os_status	0
TCGA-BH-A0DT	TCGA-BRCA_IDC	Alive	79.001874	CENSORED		cbio_os_status	0
TCGA-BH-A0DV	TCGA-BRCA_IDC	Alive	67.856791	CENSORED		cbio_os_status	0
TCGA-BH-A0DX	TCGA-BRCA_IDC	Alive	70.881415	CENSORED		cbio_os_status	0
TCGA-BH-A0DZ	TCGA-BRCA_IDC	Alive	16.273794	CENSORED		cbio_os_status	0
TCGA-BH-A0E0	TCGA-BRCA_IDC	Alive	4.405431	CENSORED		cbio_os_status	0
TCGA-BH-A0E1	TCGA-BRCA_IDC	Alive	15.682020	CENSORED		cbio_os_status	0
TCGA-BH-A0E2	TCGA-BRCA_IDC	Alive	14.301213	CENSORED		cbio_os_status	0
TCGA-BH-A0E6	TCGA-BRCA_IDC	Alive	9.632771	CENSORED		cbio_os_status	0
TCGA-BH-A0E7	TCGA-BRCA_IDC	Alive	44.810468	CENSORED		cbio_os_status	0
TCGA-BH-A0E9	TCGA-BRCA_OTHERS	Alive	81.829240	CENSORED		cbio_os_status	0
TCGA-BH-A0EA	TCGA-BRCA_IDC	Dead	32.580465	CENSORED		cbio_os_status	0
TCGA-BH-A0EB	TCGA-BRCA_IDC	Alive	24.492882	CENSORED		cbio_os_status	0
TCGA-BH-A0EE	TCGA-BRCA_IDC	Alive	31.002400	CENSORED		cbio_os_status	0
TCGA-BH-A0EI	TCGA-BRCA_IDC	Alive	63.319854	CENSORED		cbio_os_status	0
TCGA-BH-A0GY	TCGA-BRCA_IDC	Alive	30.344873	CENSORED		cbio_os_status	0
TCGA-BH-A0GZ	TCGA-BRCA_IDC	Alive	10.783443	CENSORED		cbio_os_status	0
TCGA-BH-A0H0	TCGA-BRCA_IDC	Alive	15.155998	CENSORED		cbio_os_status	0
TCGA-BH-A0H3	TCGA-BRCA_IDC	Alive	63.385607	CENSORED		cbio_os_status	0
TCGA-BH-A0H5	TCGA-BRCA_IDC	Alive	53.259690	CENSORED		cbio_os_status	0
TCGA-BH-A0H6	TCGA-BRCA_IDC	Alive	24.558635	CENSORED		cbio_os_status	0
TCGA-BH-A0H7	TCGA-BRCA_IDC	Alive	23.079199	CENSORED		cbio_os_status	0
TCGA-BH-A0H9	TCGA-BRCA_IDC	Alive	40.996811	CENSORED		cbio_os_status	0
TCGA-BH-A0HA	TCGA-BRCA_IDC	Alive	52.963803	CENSORED		cbio_os_status	0
TCGA-BH-A0HB	TCGA-BRCA_IDC	Alive	26.498340	CENSORED		cbio_os_status	0
TCGA-BH-A0HF	TCGA-BRCA_IDC	Alive	23.901108	CENSORED		cbio_os_status	0
TCGA-BH-A0HI	TCGA-BRCA_IDC	Alive	20.383338	CENSORED		cbio_os_status	0
TCGA-BH-A0HK	TCGA-BRCA_IDC	Alive	5.851991	CENSORED		cbio_os_status	0
TCGA-BH-A0HL	TCGA-BRCA_IDC	Alive	2.367097	CENSORED		cbio_os_status	0
TCGA-BH-A0HN	TCGA-BRCA_IDC	Alive	16.964198	CENSORED		cbio_os_status	0
TCGA-BH-A0HO	TCGA-BRCA_IDC	Alive	2.498603	CENSORED		cbio_os_status	0
TCGA-BH-A0HP	TCGA-BRCA_OTHERS	Alive	13.610810	CENSORED		cbio_os_status	0
TCGA-BH-A0HQ	TCGA-BRCA_IDC	Alive	36.854391	CENSORED		cbio_os_status	0
TCGA-BH-A0HU	TCGA-BRCA_IDC	Alive	12.887530	CENSORED		cbio_os_status	0
TCGA-BH-A0HW	TCGA-BRCA_IDC	Alive	51.319986	CENSORED		cbio_os_status	0
TCGA-BH-A0HX	TCGA-BRCA_IDC	Alive	27.254496	CENSORED		cbio_os_status	0
TCGA-BH-A0HY	TCGA-BRCA_IDC	Alive	50.793964	CENSORED		cbio_os_status	0
TCGA-BH-A0RX	TCGA-BRCA_IDC	Alive	5.588980	CENSORED		cbio_os_status	0
TCGA-BH-A0W3	TCGA-BRCA_IDC	Alive	23.933984	CENSORED		cbio_os_status	0
TCGA-BH-A0W4	TCGA-BRCA_IDC	Alive	24.953151	CENSORED		cbio_os_status	0
TCGA-BH-A0W5	TCGA-BRCA_IDC	Alive	42.344741	CENSORED		cbio_os_status	0
TCGA-BH-A0W7	TCGA-BRCA_IDC	Alive	44.810468	CENSORED		cbio_os_status	0
TCGA-BH-A0WA	TCGA-BRCA_OTHERS	Alive	23.046323	CENSORED		cbio_os_status	0
TCGA-BH-A18F	TCGA-BRCA_IDC	Alive	32.909228	CENSORED		cbio_os_status	0
TCGA-BH-A18G	TCGA-BRCA_IDC	Alive	4.898576	CENSORED		cbio_os_status	0
TCGA-BH-A18H	TCGA-BRCA_IDC	Alive	21.435382	CENSORED		cbio_os_status	0
TCGA-BH-A18I	TCGA-BRCA_IDC	Alive	35.933853	CENSORED		cbio_os_status	0
TCGA-BH-A18J	TCGA-BRCA_IDC	Dead	20.120327	PROGRESSION		cbio_os_status	0
TCGA-BH-A18L	TCGA-BRCA_IDC	Dead	26.662722	CENSORED		cbio_os_status	0
TCGA-BH-A18M	TCGA-BRCA_IDC	Dead	72.558109	CENSORED		cbio_os_status	0
TCGA-BH-A18N	TCGA-BRCA_IDC	Dead	37.742052	CENSORED		cbio_os_status	0
TCGA-BH-A18P	TCGA-BRCA_IDC	Dead	30.279120	PROGRESSION		cbio_os_status	0
TCGA-BH-A18Q	TCGA-BRCA_IDC	Dead	55.626788	CENSORED		cbio_os_status	0
TCGA-BH-A18R	TCGA-BRCA_IDC	Dead	37.544794	CENSORED		cbio_os_status	0
TCGA-BH-A18S	TCGA-BRCA_IDC	Dead	66.048591	CENSORED		cbio_os_status	0
TCGA-BH-A18T	TCGA-BRCA_IDC	Dead	7.364303	PROGRESSION		cbio_os_status	0
TCGA-BH-A18U	TCGA-BRCA_IDC	Dead	51.385738	CENSORED		cbio_os_status	0
TCGA-BH-A18V	TCGA-BRCA_IDC	Dead	51.155604	CENSORED		cbio_os_status	0
TCGA-BH-A1EN	TCGA-BRCA_IDC	Dead	69.928001	CENSORED		cbio_os_status	0
TCGA-BH-A1EO	TCGA-BRCA_OTHERS	Dead	91.988033	CENSORED		cbio_os_status	0
TCGA-BH-A1ES	TCGA-BRCA_IDC	Dead	113.817931	PROGRESSION		cbio_os_status	0
TCGA-BH-A1ET	TCGA-BRCA_IDC	Dead	82.848407	CENSORED		cbio_os_status	0
TCGA-BH-A1EU	TCGA-BRCA_IDC	Dead	42.278989	CENSORED		cbio_os_status	0
TCGA-BH-A1EV	TCGA-BRCA_IDC	Dead	11.999868	PROGRESSION		cbio_os_status	0
TCGA-BH-A1EW	TCGA-BRCA_IDC	Dead	55.692540	PROGRESSION		cbio_os_status	0
TCGA-BH-A1EX	TCGA-BRCA_IDC	Dead	49.577539	PROGRESSION		cbio_os_status	0
TCGA-BH-A1EY	TCGA-BRCA_IDC	Dead	17.687477	PROGRESSION		cbio_os_status	0
TCGA-BH-A1F0	TCGA-BRCA_IDC	Dead	25.807936	PROGRESSION		cbio_os_status	0
TCGA-BH-A1F2	TCGA-BRCA_OTHERS	Dead	31.528422	CENSORED		cbio_os_status	0
TCGA-BH-A1F5	TCGA-BRCA_IDC	Dead	89.160667	CENSORED		cbio_os_status	0
TCGA-BH-A1F6	TCGA-BRCA_IDC	Dead	97.478384	CENSORED		cbio_os_status	0
TCGA-BH-A1F8	TCGA-BRCA_IDC	Dead	25.084657	PROGRESSION		cbio_os_status	0
TCGA-BH-A1FB	TCGA-BRCA_IDC	Dead	120.623336	PROGRESSION		cbio_os_status	0
TCGA-BH-A1FC	TCGA-BRCA_IDC	Dead	114.146694	CENSORED		cbio_os_status	0
TCGA-BH-A1FE	TCGA-BRCA_IDC	Dead	74.727948	PROGRESSION		cbio_os_status	0
TCGA-BH-A1FG	TCGA-BRCA_IDC	Dead	122.826051	CENSORED		cbio_os_status	0
TCGA-BH-A1FH	TCGA-BRCA_IDC	Dead	33.994148	PROGRESSION		cbio_os_status	0
TCGA-BH-A1FJ	TCGA-BRCA_IDC	Dead	63.352730	CENSORED		cbio_os_status	0
TCGA-BH-A1FL	TCGA-BRCA_IDC	Dead	55.002137	PROGRESSION		cbio_os_status	0
TCGA-BH-A1FM	TCGA-BRCA_IDC	Dead	45.632377	CENSORED		cbio_os_status	0
TCGA-BH-A1FN	TCGA-BRCA_IDC	Dead	72.064964	PROGRESSION		cbio_os_status	0
TCGA-BH-A1FR	TCGA-BRCA_IDC	Dead	53.982970	PROGRESSION		cbio_os_status	0
TCGA-BH-A1FU	TCGA-BRCA_IDC	Dead	55.495282	PROGRESSION		cbio_os_status	0
TCGA-BH-A201	TCGA-BRCA_IDC	Alive	28.142157	CENSORED		cbio_os_status	0
TCGA-BH-A202	TCGA-BRCA_IDC	Alive	26.136700	CENSORED		cbio_os_status	0
TCGA-BH-A203	TCGA-BRCA_IDC	Dead	38.596837	PROGRESSION		cbio_os_status	0
TCGA-BH-A204	TCGA-BRCA_IDC	Dead	83.308676	CENSORED		cbio_os_status	0
TCGA-BH-A208	TCGA-BRCA_IDC	Dead	57.829503	CENSORED		cbio_os_status	0
TCGA-BH-A209	TCGA-BRCA_IDC	Dead	130.157478	CENSORED		cbio_os_status	0
TCGA-BH-A28O	TCGA-BRCA_OTHERS	Alive	36.821514	CENSORED		cbio_os_status	0
TCGA-BH-A28Q	TCGA-BRCA_OTHERS	Alive	36.788638	CENSORED		cbio_os_status	0
TCGA-BH-A2L8	TCGA-BRCA_OTHERS	Alive	20.120327	CENSORED		cbio_os_status	0
TCGA-BH-A42T	TCGA-BRCA_OTHERS	Dead	10.520433	CENSORED		cbio_os_status	0
TCGA-BH-A42U	TCGA-BRCA_OTHERS	Alive	110.596048	CENSORED		cbio_os_status	0
TCGA-BH-A42V	TCGA-BRCA_IDC	Alive	20.876484	CENSORED		cbio_os_status	0
TCGA-BH-A5IZ	TCGA-BRCA_IDC	Alive	18.640892	CENSORED		cbio_os_status	0
TCGA-BH-A5J0	TCGA-BRCA_IDC	Alive	23.506592	CENSORED		cbio_os_status	0
TCGA-BI-A0VR	TCGA-CESC	Alive	49.478910	CENSORED		cbio_os_status	0
TCGA-BI-A0VS	TCGA-CESC	Alive	57.040471	CENSORED		cbio_os_status	0
TCGA-BI-A20A	TCGA-CESC	Alive	23.670973	CENSORED		cbio_os_status	0
TCGA-BJ-A0YZ	TCGA-THCA	Alive	24.788769	CENSORED		cbio_os_status	0
TCGA-BJ-A0Z0	TCGA-THCA	Alive	13.775192	CENSORED		cbio_os_status	0
TCGA-BJ-A0Z2	TCGA-THCA	Alive	49.774797	PROGRESSION		cbio_os_status	0
TCGA-BJ-A0Z3	TCGA-THCA	Alive	16.339547	CENSORED		cbio_os_status	0
TCGA-BJ-A0Z5	TCGA-THCA	Alive	14.728606	CENSORED		cbio_os_status	0
TCGA-BJ-A0Z9	TCGA-THCA	Alive	41.325575	CENSORED		cbio_os_status	0
TCGA-BJ-A0ZA	TCGA-THCA	Alive	18.871026	CENSORED		cbio_os_status	0
TCGA-BJ-A0ZB	TCGA-THCA	Alive	4.010915	CENSORED		cbio_os_status	0
TCGA-BJ-A0ZC	TCGA-THCA	Alive	11.572476	CENSORED		cbio_os_status	0
TCGA-BJ-A0ZE	TCGA-THCA	Alive	16.734063	CENSORED		cbio_os_status	0
TCGA-BJ-A0ZF	TCGA-THCA	Alive				gdc_vital_status	0
TCGA-BJ-A0ZG	TCGA-THCA	Alive	25.479173	CENSORED		cbio_os_status	0
TCGA-BJ-A0ZH	TCGA-THCA	Alive	15.123122	CENSORED		cbio_os_status	0
TCGA-BJ-A0ZJ	TCGA-THCA	Alive	42.081731	CENSORED		cbio_os_status	0
TCGA-BJ-A18Y	TCGA-THCA	Alive	51.385738	CENSORED		cbio_os_status	0
TCGA-BJ-A18Z	TCGA-THCA	Alive	41.522833	CENSORED		cbio_os_status	0
TCGA-BJ-A190	TCGA-THCA	Alive	20.580596	CENSORED		cbio_os_status	0
TCGA-BJ-A191	TCGA-THCA	Alive	4.832824	CENSORED		cbio_os_status	0
TCGA-BJ-A192	TCGA-THCA	Alive	44.350199	CENSORED		cbio_os_status	0
TCGA-BJ-A28R	TCGA-THCA	Alive	42.147483	CENSORED		cbio_os_status	0
TCGA-BJ-A28S	TCGA-THCA	Alive	21.040865	CENSORED		cbio_os_status	0
TCGA-BJ-A28T	TCGA-THCA	Alive	35.539337	CENSORED		cbio_os_status	0
TCGA-BJ-A28V	TCGA-THCA	Alive	32.448959	CENSORED		cbio_os_status	0
TCGA-BJ-A28W	TCGA-THCA	Alive	11.309465	CENSORED		cbio_os_status	0
TCGA-BJ-A28X	TCGA-THCA	Alive	30.969524	PROGRESSION		cbio_os_status	0
TCGA-BJ-A28Z	TCGA-THCA	Alive	11.079331	CENSORED		cbio_os_status	0
TCGA-BJ-A290	TCGA-THCA	Alive	30.213368	PROGRESSION		cbio_os_status	0
TCGA-BJ-A291	TCGA-THCA	Alive	22.881941	CENSORED		cbio_os_status	0
TCGA-BJ-A2N7	TCGA-THCA	Alive	18.377881	CENSORED		cbio_os_status	0
TCGA-BJ-A2N8	TCGA-THCA	Alive	16.569681	CENSORED		cbio_os_status	0
TCGA-BJ-A2N9	TCGA-THCA	Alive	20.481967	PROGRESSION		cbio_os_status	0
TCGA-BJ-A2NA	TCGA-THCA	Alive	18.969655	PROGRESSION		cbio_os_status	0
TCGA-BJ-A2P4	TCGA-THCA	Alive	12.821777	CENSORED		cbio_os_status	0
TCGA-BJ-A3EZ	TCGA-THCA	Alive	16.010783	CENSORED		cbio_os_status	0
TCGA-BJ-A3F0	TCGA-THCA	Alive	13.939573	CENSORED		cbio_os_status	0
TCGA-BJ-A3PR	TCGA-THCA	Alive	36.394122	CENSORED		cbio_os_status	0
TCGA-BJ-A3PT	TCGA-THCA	Alive	23.309334	CENSORED		cbio_os_status	0
TCGA-BJ-A3PU	TCGA-THCA	Alive	18.640892	PROGRESSION		cbio_os_status	0
TCGA-BJ-A45C	TCGA-THCA	Dead	7.988954	PROGRESSION		cbio_os_status	0
TCGA-BJ-A45D	TCGA-THCA	Alive	10.882073	CENSORED		cbio_os_status	0
TCGA-BJ-A45E	TCGA-THCA	Alive	21.007989	CENSORED		cbio_os_status	0
TCGA-BJ-A45F	TCGA-THCA	Alive	3.452017	CENSORED		cbio_os_status	0
TCGA-BJ-A45G	TCGA-THCA	Alive	23.835355	CENSORED		cbio_os_status	0
TCGA-BJ-A45H	TCGA-THCA	Alive	28.438045	CENSORED		cbio_os_status	0
TCGA-BJ-A45I	TCGA-THCA	Alive	15.451885	PROGRESSION		cbio_os_status	0
TCGA-BJ-A45J	TCGA-THCA	Alive	21.632640	CENSORED		cbio_os_status	0
TCGA-BJ-A45K	TCGA-THCA	Alive	23.177828	CENSORED		cbio_os_status	0
TCGA-BJ-A4O8	TCGA-THCA	Alive	19.429924	CENSORED		cbio_os_status	0
TCGA-BJ-A4O9	TCGA-THCA	Alive	23.473715	CENSORED		cbio_os_status	0
TCGA-BK-A0C9	TCGA-UCEC	Alive	35.900976	CENSORED		cbio_os_status	0
TCGA-BK-A0CA	TCGA-UCEC	Alive	34.980439	CENSORED		cbio_os_status	0
TCGA-BK-A0CB	TCGA-UCEC	Alive	35.900976	CENSORED		cbio_os_status	0
TCGA-BK-A0CC	TCGA-UCEC	Alive	35.079068	PROGRESSION		cbio_os_status	0
TCGA-BK-A139	TCGA-UCEC	Dead	31.002400	PROGRESSION		cbio_os_status	0
TCGA-BK-A13B	TCGA-UCEC	Alive	31.758556	PROGRESSION		cbio_os_status	0
TCGA-BK-A13C	TCGA-UCEC	Alive	24.986028	CENSORED		cbio_os_status	0
TCGA-BK-A26L	TCGA-UCEC	Alive	24.131242	CENSORED		cbio_os_status	0
TCGA-BK-A4ZD	TCGA-UCEC	Alive	16.635434	CENSORED		cbio_os_status	0
TCGA-BK-A56F	TCGA-UCEC	Alive	13.183417	CENSORED		cbio_os_status	0
TCGA-BK-A6W3	TCGA-UCEC	Alive	10.027287	CENSORED		cbio_os_status	0
TCGA-BK-A6W4	TCGA-UCEC	Alive	9.862906	CENSORED		cbio_os_status	0
TCGA-BL-A0C8	TCGA-BLCA	Alive	40.076273	PROGRESSION		cbio_os_status	0
TCGA-BL-A13I	TCGA-BLCA	Dead	7.331427	PROGRESSION		cbio_os_status	0
TCGA-BL-A13J	TCGA-BLCA	Dead	2.662985	PROGRESSION		cbio_os_status	0
TCGA-BL-A3JM	TCGA-BLCA	Dead	6.739652	PROGRESSION		cbio_os_status	0
TCGA-BL-A5ZZ	TCGA-BLCA	Alive	12.394385	PROGRESSION		cbio_os_status	0
TCGA-BM-6198	TCGA-READ	Alive				gdc_vital_status	0
TCGA-BP-4158	TCGA-KIRC	Alive	111.023441	CENSORED		cbio_os_status	0
TCGA-BP-4159	TCGA-KIRC	Dead	85.511392	PROGRESSION		cbio_os_status	0
TCGA-BP-4160	TCGA-KIRC	Alive	94.716770	CENSORED		cbio_os_status	0
TCGA-BP-4161	TCGA-KIRC	Alive	90.278463	PROGRESSION		cbio_os_status	0
TCGA-BP-4162	TCGA-KIRC	Alive	101.061906	CENSORED		cbio_os_status	0
TCGA-BP-4163	TCGA-KIRC	Alive	93.335963	CENSORED		cbio_os_status	0
TCGA-BP-4164	TCGA-KIRC	Dead	32.613341	CENSORED		cbio_os_status	0
TCGA-BP-4165	TCGA-KIRC	Alive	99.845481	PROGRESSION		cbio_os_status	0
TCGA-BP-4166	TCGA-KIRC	Alive	0.427393	CENSORED		cbio_os_status	0
TCGA-BP-4167	TCGA-KIRC	Alive	89.357925	CENSORED		cbio_os_status	0
TCGA-BP-4169	TCGA-KIRC	Dead	23.046323	PROGRESSION		cbio_os_status	0
TCGA-BP-4170	TCGA-KIRC	Dead	77.029293	CENSORED		cbio_os_status	0
TCGA-BP-4173	TCGA-KIRC	Alive	62.234934	CENSORED		cbio_os_status	0
TCGA-BP-4174	TCGA-KIRC	Alive	61.774665	CENSORED		cbio_os_status	0
TCGA-BP-4176	TCGA-KIRC	Alive	64.273268	CENSORED		cbio_os_status	0
TCGA-BP-4325	TCGA-KIRC	Alive	97.445507	CENSORED		cbio_os_status	0
TCGA-BP-4326	TCGA-KIRC	Dead	53.424072	PROGRESSION		cbio_os_status	0
TCGA-BP-4327	TCGA-KIRC	Dead	3.583522	CENSORED		cbio_os_status	0
TCGA-BP-4329	TCGA-KIRC	Dead	27.780517	PROGRESSION		cbio_os_status	0
TCGA-BP-4330	TCGA-KIRC	Alive	62.070553	CENSORED		cbio_os_status	0
TCGA-BP-4331	TCGA-KIRC	Dead				gdc_vital_status	0
TCGA-BP-4332	TCGA-KIRC	Alive	37.248907	CENSORED		cbio_os_status	0
TCGA-BP-4334	TCGA-KIRC	Dead	21.205247	PROGRESSION		cbio_os_status	0
TCGA-BP-4335	TCGA-KIRC	Dead	15.616267	PROGRESSION		cbio_os_status	0
TCGA-BP-4337	TCGA-KIRC	Dead	0.065753	CENSORED		cbio_os_status	0
TCGA-BP-4338	TCGA-KIRC	Alive	93.993490	PROGRESSION		cbio_os_status	0
TCGA-BP-4340	TCGA-KIRC	Dead	18.476510	CENSORED		cbio_os_status	0
TCGA-BP-4341	TCGA-KIRC	Dead	52.240523	PROGRESSION		cbio_os_status	0
TCGA-BP-4342	TCGA-KIRC	Dead				gdc_vital_status	0
TCGA-BP-4343	TCGA-KIRC	Dead	62.859585	PROGRESSION		cbio_os_status	0
TCGA-BP-4344	TCGA-KIRC	Alive				gdc_vital_status	0
TCGA-BP-4345	TCGA-KIRC	Alive	49.840550	CENSORED		cbio_os_status	0
TCGA-BP-4346	TCGA-KIRC	Dead	49.084394	CENSORED		cbio_os_status	0
TCGA-BP-4349	TCGA-KIRC	Alive	12.230003	CENSORED		cbio_os_status	0
TCGA-BP-4351	TCGA-KIRC	Alive	31.890061	PROGRESSION		cbio_os_status	0
TCGA-BP-4352	TCGA-KIRC	Dead	11.309465	PROGRESSION		cbio_os_status	0
TCGA-BP-4353	TCGA-KIRC	Dead				gdc_vital_status	0
TCGA-BP-4354	TCGA-KIRC	Dead	33.994148	PROGRESSION		cbio_os_status	0
TCGA-BP-4355	TCGA-KIRC	Dead	31.331163	CENSORED		cbio_os_status	0
TCGA-BP-4756	TCGA-KIRC	Alive	12.295756	CENSORED		cbio_os_status	0
TCGA-BP-4758	TCGA-KIRC	Alive	72.590985	CENSORED		cbio_os_status	0
TCGA-BP-4759	TCGA-KIRC	Alive	77.982707	CENSORED		cbio_os_status	0
TCGA-BP-4760	TCGA-KIRC	Alive	77.621067	PROGRESSION		cbio_os_status	0
TCGA-BP-4761	TCGA-KIRC	Alive	5.983496	CENSORED		cbio_os_status	0
TCGA-BP-4762	TCGA-KIRC	Dead	44.152941	CENSORED		cbio_os_status	0
TCGA-BP-4763	TCGA-KIRC	Dead	41.752967	CENSORED		cbio_os_status	0
TCGA-BP-4765	TCGA-KIRC	Alive	71.801953	CENSORED		cbio_os_status	0
TCGA-BP-4766	TCGA-KIRC	Alive	48.065227	CENSORED		cbio_os_status	0
TCGA-BP-4768	TCGA-KIRC	Alive	13.150541	CENSORED		cbio_os_status	0
TCGA-BP-4769	TCGA-KIRC	Alive	61.676036	CENSORED		cbio_os_status	0
TCGA-BP-4770	TCGA-KIRC	Dead	10.816320	PROGRESSION		cbio_os_status	0
TCGA-BP-4771	TCGA-KIRC	Dead	5.325969	PROGRESSION		cbio_os_status	0
TCGA-BP-4774	TCGA-KIRC	Alive	61.971924	CENSORED		cbio_os_status	0
TCGA-BP-4775	TCGA-KIRC	Alive	60.591117	CENSORED		cbio_os_status	0
TCGA-BP-4776	TCGA-KIRC	Alive	13.512181	CENSORED		cbio_os_status	0
TCGA-BP-4777	TCGA-KIRC	Alive	56.908965	CENSORED		cbio_os_status	0
TCGA-BP-4781	TCGA-KIRC	Alive	68.382812	CENSORED		cbio_os_status	0
TCGA-BP-4782	TCGA-KIRC	Alive	11.638229	CENSORED		cbio_os_status	0
TCGA-BP-4784	TCGA-KIRC	Alive	60.952757	CENSORED		cbio_os_status	0
TCGA-BP-4787	TCGA-KIRC	Dead	15.780649	PROGRESSION		cbio_os_status	0
TCGA-BP-4789	TCGA-KIRC	Alive	48.952888	CENSORED		cbio_os_status	0
TCGA-BP-4790	TCGA-KIRC	Dead	36.525627	CENSORED		cbio_os_status	0
TCGA-BP-4795	TCGA-KIRC	Alive	20.383338	CENSORED		cbio_os_status	0
TCGA-BP-4797	TCGA-KIRC	Alive	36.394122	CENSORED		cbio_os_status	0
TCGA-BP-4798	TCGA-KIRC	Dead	10.980702	PROGRESSION		cbio_os_status	0
TCGA-BP-4799	TCGA-KIRC	Dead	37.248907	PROGRESSION		cbio_os_status	0
TCGA-BP-4801	TCGA-KIRC	Alive	36.953020	CENSORED		cbio_os_status	0
TCGA-BP-4803	TCGA-KIRC	Alive	6.706776	CENSORED		cbio_os_status	0
TCGA-BP-4804	TCGA-KIRC	Alive	47.966598	PROGRESSION		cbio_os_status	0
TCGA-BP-4807	TCGA-KIRC	Alive	6.936910	CENSORED		cbio_os_status	0
TCGA-BP-4959	TCGA-KIRC	Alive	87.451096	CENSORED		cbio_os_status	0
TCGA-BP-4960	TCGA-KIRC	Alive	71.407437	CENSORED		cbio_os_status	0
TCGA-BP-4961	TCGA-KIRC	Alive	63.615741	CENSORED		cbio_os_status	0
TCGA-BP-4962	TCGA-KIRC	Alive	58.684288	CENSORED		cbio_os_status	0
TCGA-BP-4963	TCGA-KIRC	Alive	60.295230	CENSORED		cbio_os_status	0
TCGA-BP-4964	TCGA-KIRC	Alive	61.215767	CENSORED		cbio_os_status	0
TCGA-BP-4965	TCGA-KIRC	Alive	61.511655	CENSORED		cbio_os_status	0
TCGA-BP-4967	TCGA-KIRC	Alive	6.739652	CENSORED		cbio_os_status	0
TCGA-BP-4968	TCGA-KIRC	Alive	57.402111	CENSORED		cbio_os_status	0
TCGA-BP-4969	TCGA-KIRC	Alive	58.980176	CENSORED		cbio_os_status	0
TCGA-BP-4970	TCGA-KIRC	Alive	14.235460	CENSORED		cbio_os_status	0
TCGA-BP-4971	TCGA-KIRC	Alive	48.887135	CENSORED		cbio_os_status	0
TCGA-BP-4972	TCGA-KIRC	Alive	49.380281	CENSORED		cbio_os_status	0
TCGA-BP-4973	TCGA-KIRC	Alive	45.500871	CENSORED		cbio_os_status	0
TCGA-BP-4974	TCGA-KIRC	Dead	6.936910	PROGRESSION		cbio_os_status	0
TCGA-BP-4975	TCGA-KIRC	Alive	47.111812	CENSORED		cbio_os_status	0
TCGA-BP-4976	TCGA-KIRC	Alive				gdc_vital_status	0
TCGA-BP-4977	TCGA-KIRC	Alive	14.925864	CENSORED		cbio_os_status	0
TCGA-BP-4981	TCGA-KIRC	Dead	36.065358	CENSORED		cbio_os_status	0
TCGA-BP-4982	TCGA-KIRC	Alive	33.336621	CENSORED		cbio_os_status	0
TCGA-BP-4983	TCGA-KIRC	Alive	46.454285	CENSORED		cbio_os_status	0
TCGA-BP-4985	TCGA-KIRC	Dead	31.298287	PROGRESSION		cbio_os_status	0
TCGA-BP-4986	TCGA-KIRC	Alive				gdc_vital_status	0
TCGA-BP-4987	TCGA-KIRC	Alive	36.953020	CENSORED		cbio_os_status	0
TCGA-BP-4988	TCGA-KIRC	Dead				gdc_vital_status	0
TCGA-BP-4989	TCGA-KIRC	Alive	3.879410	CENSORED		cbio_os_status	0
TCGA-BP-4991	TCGA-KIRC	Alive	46.454285	CENSORED		cbio_os_status	0
TCGA-BP-4992	TCGA-KIRC	Alive	16.471052	CENSORED		cbio_os_status	0
TCGA-BP-4993	TCGA-KIRC	Alive	5.819114	CENSORED		cbio_os_status	0
TCGA-BP-4994	TCGA-KIRC	Alive	43.002268	CENSORED		cbio_os_status	0
TCGA-BP-4995	TCGA-KIRC	Alive				gdc_vital_status	0
TCGA-BP-4998	TCGA-KIRC	Alive	30.640760	CENSORED		cbio_os_status	0
TCGA-BP-4999	TCGA-KIRC	Alive	41.621462	CENSORED		cbio_os_status	0
TCGA-BP-5000	TCGA-KIRC	Alive	18.509386	CENSORED		cbio_os_status	0
TCGA-BP-5001	TCGA-KIRC	Alive	38.695466	CENSORED		cbio_os_status	0
TCGA-BP-5004	TCGA-KIRC	Alive	37.018772	CENSORED		cbio_os_status	0
TCGA-BP-5006	TCGA-KIRC	Alive				gdc_vital_status	0
TCGA-BP-5007	TCGA-KIRC	Alive	37.479041	CENSORED		cbio_os_status	0
TCGA-BP-5008	TCGA-KIRC	Alive	35.210573	CENSORED		cbio_os_status	0
TCGA-BP-5009	TCGA-KIRC	Dead				gdc_vital_status	0
TCGA-BP-5010	TCGA-KIRC	Dead	28.865437	PROGRESSION		cbio_os_status	0
TCGA-BP-5168	TCGA-KIRC	Dead	48.098103	CENSORED		cbio_os_status	0
TCGA-BP-5169	TCGA-KIRC	Alive	6.345136	CENSORED		cbio_os_status	0
TCGA-BP-5170	TCGA-KIRC	Alive	79.297761	CENSORED		cbio_os_status	0
TCGA-BP-5173	TCGA-KIRC	Dead	2.038334	CENSORED		cbio_os_status	0
TCGA-BP-5174	TCGA-KIRC	Alive	74.201927	CENSORED		cbio_os_status	0
TCGA-BP-5175	TCGA-KIRC	Alive	30.640760	CENSORED		cbio_os_status	0
TCGA-BP-5177	TCGA-KIRC	Alive	9.632771	CENSORED		cbio_os_status	0
TCGA-BP-5178	TCGA-KIRC	Dead	62.859585	PROGRESSION		cbio_os_status	0
TCGA-BP-5180	TCGA-KIRC	Alive	74.399185	CENSORED		cbio_os_status	0
TCGA-BP-5181	TCGA-KIRC	Alive				gdc_vital_status	0
TCGA-BP-5182	TCGA-KIRC	Alive	38.300950	CENSORED		cbio_os_status	0
TCGA-BP-5183	TCGA-KIRC	Alive	42.443370	PROGRESSION		cbio_os_status	0
TCGA-BP-5184	TCGA-KIRC	Alive	37.248907	CENSORED		cbio_os_status	0
TCGA-BP-5185	TCGA-KIRC	Alive	37.216031	PROGRESSION		cbio_os_status	0
TCGA-BP-5186	TCGA-KIRC	Alive	22.783312	CENSORED		cbio_os_status	0
TCGA-BP-5187	TCGA-KIRC	Alive	13.347799	CENSORED		cbio_os_status	0
TCGA-BP-5189	TCGA-KIRC	Dead	27.024361	PROGRESSION		cbio_os_status	0
TCGA-BP-5190	TCGA-KIRC	Alive	33.237992	CENSORED		cbio_os_status	0
TCGA-BP-5191	TCGA-KIRC	Alive	31.791432	CENSORED		cbio_os_status	0
TCGA-BP-5192	TCGA-KIRC	Alive	23.473715	CENSORED		cbio_os_status	0
TCGA-BP-5194	TCGA-KIRC	Alive	13.413552	CENSORED		cbio_os_status	0
TCGA-BP-5195	TCGA-KIRC	Alive	24.624388	CENSORED		cbio_os_status	0
TCGA-BP-5196	TCGA-KIRC	Alive	33.468126	CENSORED		cbio_os_status	0
TCGA-BP-5198	TCGA-KIRC	Alive	19.824440	CENSORED		cbio_os_status	0
TCGA-BP-5199	TCGA-KIRC	Alive				gdc_vital_status	0
TCGA-BP-5200	TCGA-KIRC	Alive	34.947562	CENSORED		cbio_os_status	0
TCGA-BP-5201	TCGA-KIRC	Alive	31.265411	PROGRESSION		cbio_os_status	0
TCGA-BP-5202	TCGA-KIRC	Alive	0.953414	CENSORED		cbio_os_status	0
TCGA-BQ-5875	TCGA-KIRP	Alive	86.760693	CENSORED		cbio_os_status	0
TCGA-BQ-5876	TCGA-KIRP	Alive	19.265542	CENSORED		cbio_os_status	0
TCGA-BQ-5877	TCGA-KIRP	Dead	8.876615	PROGRESSION		cbio_os_status	0
TCGA-BQ-5878	TCGA-KIRP	Alive	63.714370	PROGRESSION		cbio_os_status	0
TCGA-BQ-5879	TCGA-KIRP	Dead	22.914817	PROGRESSION		cbio_os_status	0
TCGA-BQ-5880	TCGA-KIRP	Dead	43.199527	PROGRESSION		cbio_os_status	0
TCGA-BQ-5881	TCGA-KIRP	Alive	47.802216	CENSORED		cbio_os_status	0
TCGA-BQ-5882	TCGA-KIRP	Dead	21.632640	PROGRESSION		cbio_os_status	0
TCGA-BQ-5883	TCGA-KIRP	Alive	40.832429	CENSORED		cbio_os_status	0
TCGA-BQ-5884	TCGA-KIRP	Alive	26.038071	CENSORED		cbio_os_status	0
TCGA-BQ-5885	TCGA-KIRP	Alive	30.279120	CENSORED		cbio_os_status	0
TCGA-BQ-5886	TCGA-KIRP	Alive	26.038071	CENSORED		cbio_os_status	0
TCGA-BQ-5887	TCGA-KIRP	Alive	25.347667	CENSORED		cbio_os_status	0
TCGA-BQ-5888	TCGA-KIRP	Alive	13.249170	CENSORED		cbio_os_status	0
TCGA-BQ-5889	TCGA-KIRP	Dead	10.816320	PROGRESSION		cbio_os_status	0
TCGA-BQ-5890	TCGA-KIRP	Alive	7.660190	CENSORED		cbio_os_status	0
TCGA-BQ-5891	TCGA-KIRP	Alive	0.953414	CENSORED		cbio_os_status	0
TCGA-BQ-5892	TCGA-KIRP	Alive	11.966992	CENSORED		cbio_os_status	0
TCGA-BQ-5893	TCGA-KIRP	Dead	7.923201	PROGRESSION		cbio_os_status	0
TCGA-BQ-5894	TCGA-KIRP	Alive	2.761614	CENSORED		cbio_os_status	0
TCGA-BQ-7044	TCGA-KIRP	Alive	123.615084	CENSORED		cbio_os_status	0
TCGA-BQ-7045	TCGA-KIRP	Dead	48.262485	CENSORED		cbio_os_status	0
TCGA-BQ-7046	TCGA-KIRP	Alive	96.919486	CENSORED		cbio_os_status	0
TCGA-BQ-7048	TCGA-KIRP	Alive	93.335963	PROGRESSION		cbio_os_status	0
TCGA-BQ-7049	TCGA-KIRP	Dead				gdc_vital_status	0
TCGA-BQ-7050	TCGA-KIRP	Alive	61.281520	CENSORED		cbio_os_status	0
TCGA-BQ-7051	TCGA-KIRP	Alive	50.399448	CENSORED		cbio_os_status	0
TCGA-BQ-7053	TCGA-KIRP	Alive	49.840550	CENSORED		cbio_os_status	0
TCGA-BQ-7055	TCGA-KIRP	Alive	26.268205	CENSORED		cbio_os_status	0
TCGA-BQ-7056	TCGA-KIRP	Alive				gdc_vital_status	0
TCGA-BQ-7058	TCGA-KIRP	Dead	11.276589	PROGRESSION		cbio_os_status	0
TCGA-BQ-7059	TCGA-KIRP	Alive	7.627314	CENSORED		cbio_os_status	0
TCGA-BQ-7060	TCGA-KIRP	Alive	7.035539	CENSORED		cbio_os_status	0
TCGA-BQ-7061	TCGA-KIRP	Alive	7.167045	CENSORED		cbio_os_status	0
TCGA-BQ-7062	TCGA-KIRP	Alive	3.813657	CENSORED		cbio_os_status	0
TCGA-BR-6452	TCGA-STAD	Alive	34.684551	CENSORED		cbio_os_status	0
TCGA-BR-6453	TCGA-STAD	Alive	15.945031	CENSORED		cbio_os_status	0
TCGA-BR-6454	TCGA-STAD	Alive	0.000000	CENSORED		cbio_os_status	0
TCGA-BR-6455	TCGA-STAD	Dead	13.873821	PROGRESSION		cbio_os_status	0
TCGA-BR-6456	TCGA-STAD	Dead	17.292961	CENSORED		cbio_os_status	0
TCGA-BR-6457	TCGA-STAD	Alive	13.676562	CENSORED		cbio_os_status	0
TCGA-BR-6458	TCGA-STAD	Dead	19.331295	PROGRESSION		cbio_os_status	0
TCGA-BR-6563	TCGA-STAD	Alive	39.122859	PROGRESSION		cbio_os_status	0
TCGA-BR-6564	TCGA-STAD	Dead	26.103824	CENSORED		cbio_os_status	0
TCGA-BR-6565	TCGA-STAD	Dead	9.172502	PROGRESSION		cbio_os_status	0
TCGA-BR-6566	TCGA-STAD	Alive	32.777723	CENSORED		cbio_os_status	0
TCGA-BR-6705	TCGA-STAD	Dead	25.610678	PROGRESSION		cbio_os_status	0
TCGA-BR-6706	TCGA-STAD	Dead	18.049117	PROGRESSION		cbio_os_status	0
TCGA-BR-6707	TCGA-STAD	Alive	16.142289	PROGRESSION		cbio_os_status	0
TCGA-BR-6709	TCGA-STAD	Dead	12.164250	PROGRESSION		cbio_os_status	0
TCGA-BR-6710	TCGA-STAD	Alive	8.975244	CENSORED		cbio_os_status	0
TCGA-BR-6801	TCGA-STAD	Alive	40.207779	CENSORED		cbio_os_status	0
TCGA-BR-6802	TCGA-STAD	Alive	30.903771	PROGRESSION		cbio_os_status	0
TCGA-BR-6803	TCGA-STAD	Alive	31.199658	CENSORED		cbio_os_status	0
TCGA-BR-6852	TCGA-STAD	Alive	44.941973	CENSORED		cbio_os_status	0
TCGA-BR-7196	TCGA-STAD	Alive	21.895650	PROGRESSION		cbio_os_status	0
TCGA-BR-7197	TCGA-STAD	Alive	9.205379	CENSORED		cbio_os_status	0
TCGA-BR-7703	TCGA-STAD	Alive	36.163987	CENSORED		cbio_os_status	0
TCGA-BR-7704	TCGA-STAD	Alive	35.243449	CENSORED		cbio_os_status	0
TCGA-BR-7707	TCGA-STAD	Alive	35.835224	CENSORED		cbio_os_status	0
TCGA-BR-7715	TCGA-STAD	Alive	33.632508	CENSORED		cbio_os_status	0
TCGA-BR-7716	TCGA-STAD	Alive	39.780386	CENSORED		cbio_os_status	0
TCGA-BR-7717	TCGA-STAD	Dead	18.147746	CENSORED		cbio_os_status	0
TCGA-BR-7722	TCGA-STAD	Dead	15.320380	CENSORED		cbio_os_status	0
TCGA-BR-7723	TCGA-STAD	Dead	28.733932	PROGRESSION		cbio_os_status	0
TCGA-BR-7851	TCGA-STAD	Dead		CENSORED		cbio_os_status	0
TCGA-BR-7901	TCGA-STAD	Dead	3.452017	PROGRESSION		cbio_os_status	0
TCGA-BR-7957	TCGA-STAD	Dead	9.073873	CENSORED		cbio_os_status	0
TCGA-BR-7958	TCGA-STAD	Alive	29.555840	CENSORED		cbio_os_status	0
TCGA-BR-7959	TCGA-STAD	Alive	33.205116	CENSORED		cbio_os_status	0
TCGA-BR-8058	TCGA-STAD	Alive	37.248907	PROGRESSION		cbio_os_status	0
TCGA-BR-8059	TCGA-STAD	Dead	14.432719	CENSORED		cbio_os_status	0
TCGA-BR-8060	TCGA-STAD	Dead	11.440971	CENSORED		cbio_os_status	0
TCGA-BR-8077	TCGA-STAD	Alive	0.690403	CENSORED		cbio_os_status	0
TCGA-BR-8078	TCGA-STAD	Alive	29.588717	CENSORED		cbio_os_status	0
TCGA-BR-8080	TCGA-STAD	Dead	9.599895	CENSORED		cbio_os_status	0
TCGA-BR-8081	TCGA-STAD	Alive	32.251701	CENSORED		cbio_os_status	0
TCGA-BR-8284	TCGA-STAD	Dead	8.054706	CENSORED		cbio_os_status	0
TCGA-BR-8285	TCGA-STAD	Dead	0.558898	CENSORED		cbio_os_status	0
TCGA-BR-8286	TCGA-STAD	Alive	29.424335	CENSORED		cbio_os_status	0
TCGA-BR-8289	TCGA-STAD	Dead	2.662985	CENSORED		cbio_os_status	0
TCGA-BR-8291	TCGA-STAD	Dead	19.955946	CENSORED		cbio_os_status	0
TCGA-BR-8295	TCGA-STAD	Dead	2.202716	PROGRESSION		cbio_os_status	0
TCGA-BR-8296	TCGA-STAD	Dead	15.583391	PROGRESSION		cbio_os_status	0
TCGA-BR-8297	TCGA-STAD	Alive	7.397179	CENSORED		cbio_os_status	0
TCGA-BR-8360	TCGA-STAD	Alive	6.180754	CENSORED		cbio_os_status	0
TCGA-BR-8361	TCGA-STAD	Alive	31.101029	CENSORED		cbio_os_status	0
TCGA-BR-8362	TCGA-STAD	Dead	13.084788	PROGRESSION		cbio_os_status	0
TCGA-BR-8363	TCGA-STAD	Dead	0.263011	CENSORED		cbio_os_status	0
TCGA-BR-8364	TCGA-STAD	Alive	22.191538	CENSORED		cbio_os_status	0
TCGA-BR-8365	TCGA-STAD	Dead	17.523096	PROGRESSION		cbio_os_status	0
TCGA-BR-8366	TCGA-STAD	Alive	0.953414	CENSORED		cbio_os_status	0
TCGA-BR-8367	TCGA-STAD	Dead	26.333958	PROGRESSION		cbio_os_status	0
TCGA-BR-8368	TCGA-STAD	Alive	4.306802	CENSORED		cbio_os_status	0
TCGA-BR-8369	TCGA-STAD	Alive	14.038202	PROGRESSION		cbio_os_status	0
TCGA-BR-8370	TCGA-STAD	Alive	3.320512	CENSORED		cbio_os_status	0
TCGA-BR-8371	TCGA-STAD	Dead	11.802610	PROGRESSION		cbio_os_status	0
TCGA-BR-8372	TCGA-STAD	Alive	31.265411	CENSORED		cbio_os_status	0
TCGA-BR-8373	TCGA-STAD	Alive	14.794358	CENSORED		cbio_os_status	0
TCGA-BR-8380	TCGA-STAD	Alive	0.690403	PROGRESSION		cbio_os_status	0
TCGA-BR-8381	TCGA-STAD	Alive	7.364303	CENSORED		cbio_os_status	0
TCGA-BR-8382	TCGA-STAD	Dead	25.051780	CENSORED		cbio_os_status	0
TCGA-BR-8384	TCGA-STAD	Alive	3.715028	CENSORED		cbio_os_status	0
TCGA-BR-8483	TCGA-STAD	Alive	5.391722	CENSORED		cbio_os_status	0
TCGA-BR-8484	TCGA-STAD	Dead	25.183286	CENSORED		cbio_os_status	0
TCGA-BR-8485	TCGA-STAD	Alive	9.205379	CENSORED		cbio_os_status	0
TCGA-BR-8486	TCGA-STAD	Alive	20.218957	CENSORED		cbio_os_status	0
TCGA-BR-8487	TCGA-STAD	Alive	1.117796	CENSORED		cbio_os_status	0
TCGA-BR-8588	TCGA-STAD	Alive	12.788901	CENSORED		cbio_os_status	0
TCGA-BR-8589	TCGA-STAD	Alive	27.122990	CENSORED		cbio_os_status	0
TCGA-BR-8590	TCGA-STAD	Dead	9.336884	PROGRESSION		cbio_os_status	0
TCGA-BR-8591	TCGA-STAD	Alive	28.142157	CENSORED		cbio_os_status	0
TCGA-BR-8592	TCGA-STAD	Dead	6.279383	CENSORED		cbio_os_status	0
TCGA-BR-8676	TCGA-STAD	Alive	7.528685	CENSORED		cbio_os_status	0
TCGA-BR-8677	TCGA-STAD	Alive	26.728474	CENSORED		cbio_os_status	0
TCGA-BR-8678	TCGA-STAD	Alive	24.788769	CENSORED		cbio_os_status	0
TCGA-BR-8679	TCGA-STAD	Alive	0.000000	CENSORED		cbio_os_status	0
TCGA-BR-8680	TCGA-STAD	Alive	31.955814	CENSORED		cbio_os_status	0
TCGA-BR-8682	TCGA-STAD	Alive	32.580465	CENSORED		cbio_os_status	0
TCGA-BR-8683	TCGA-STAD	Dead	9.862906	CENSORED		cbio_os_status	0
TCGA-BR-8686	TCGA-STAD	Dead	20.876484	CENSORED		cbio_os_status	0
TCGA-BR-8687	TCGA-STAD	Dead	8.219088	PROGRESSION		cbio_os_status	0
TCGA-BR-8690	TCGA-STAD	Alive	10.684814	CENSORED		cbio_os_status	0
TCGA-BR-A44T	TCGA-STAD	Alive	34.125653	PROGRESSION		cbio_os_status	0
TCGA-BR-A44U	TCGA-STAD	Dead	13.873821	CENSORED		cbio_os_status	0
TCGA-BR-A452	TCGA-STAD	Dead	7.528685	CENSORED		cbio_os_status	0
TCGA-BR-A453	TCGA-STAD	Dead	6.082125	CENSORED		cbio_os_status	0
TCGA-BR-A4CQ	TCGA-STAD	Alive	34.980439	PROGRESSION		cbio_os_status	0
TCGA-BR-A4CR	TCGA-STAD	Alive	0.000000	CENSORED		cbio_os_status	0
TCGA-BR-A4CS	TCGA-STAD	Dead	1.479436	CENSORED		cbio_os_status	0
TCGA-BR-A4IU	TCGA-STAD	Alive	27.550383	CENSORED		cbio_os_status	0
TCGA-BR-A4IV	TCGA-STAD	Dead	28.569550	PROGRESSION		cbio_os_status	0
TCGA-BR-A4IY	TCGA-STAD	Alive	12.887530	CENSORED		cbio_os_status	0
TCGA-BR-A4IZ	TCGA-STAD	Dead	8.975244	CENSORED		cbio_os_status	0
TCGA-BR-A4J1	TCGA-STAD	Dead	0.723280	CENSORED		cbio_os_status	0
TCGA-BR-A4J2	TCGA-STAD	Alive	14.169708	CENSORED		cbio_os_status	0
TCGA-BR-A4J4	TCGA-STAD	Alive	0.526022	CENSORED		cbio_os_status	0
TCGA-BR-A4J5	TCGA-STAD	Alive	28.339415	CENSORED		cbio_os_status	0
TCGA-BR-A4J6	TCGA-STAD	Alive	0.657527	CENSORED		cbio_os_status	0
TCGA-BR-A4J7	TCGA-STAD	Alive	32.514712	CENSORED		cbio_os_status	0
TCGA-BR-A4J8	TCGA-STAD	Alive	13.512181	CENSORED		cbio_os_status	0
TCGA-BR-A4J9	TCGA-STAD	Alive	0.460269	CENSORED		cbio_os_status	0
TCGA-BR-A4PD	TCGA-STAD	Alive	20.646349	CENSORED		cbio_os_status	0
TCGA-BR-A4PE	TCGA-STAD	Alive	20.416215	CENSORED		cbio_os_status	0
TCGA-BR-A4PF	TCGA-STAD	Alive	1.150672	CENSORED		cbio_os_status	0
TCGA-BR-A4QI	TCGA-STAD	Dead	21.435382	PROGRESSION		cbio_os_status	0
TCGA-BR-A4QL	TCGA-STAD	Dead	16.142289	CENSORED		cbio_os_status	0
TCGA-BR-A4QM	TCGA-STAD	Alive	5.128711	PROGRESSION		cbio_os_status	0
TCGA-BS-A0T9	TCGA-UCEC	Dead	46.947431	PROGRESSION		cbio_os_status	0
TCGA-BS-A0TA	TCGA-UCEC	Dead	24.328501	PROGRESSION		cbio_os_status	0
TCGA-BS-A0TC	TCGA-UCEC	Alive	85.544268	CENSORED		cbio_os_status	0
TCGA-BS-A0TD	TCGA-UCEC	Alive	78.212842	CENSORED		cbio_os_status	0
TCGA-BS-A0TE	TCGA-UCEC	Dead	4.799947	PROGRESSION		cbio_os_status	0
TCGA-BS-A0TG	TCGA-UCEC	Alive	77.949831	CENSORED		cbio_os_status	0
TCGA-BS-A0TI	TCGA-UCEC	Alive	61.873295	CENSORED		cbio_os_status	0
TCGA-BS-A0TJ	TCGA-UCEC	Alive	67.988296	CENSORED		cbio_os_status	0
TCGA-BS-A0U5	TCGA-UCEC	Alive	96.492093	CENSORED		cbio_os_status	0
TCGA-BS-A0U7	TCGA-UCEC	Dead	30.739389	CENSORED		cbio_os_status	0
TCGA-BS-A0U8	TCGA-UCEC	Alive	97.412631	CENSORED		cbio_os_status	0
TCGA-BS-A0U9	TCGA-UCEC	Alive	92.875695	CENSORED		cbio_os_status	0
TCGA-BS-A0UA	TCGA-UCEC	Alive	114.902850	PROGRESSION		cbio_os_status	0
TCGA-BS-A0UF	TCGA-UCEC	Alive	85.840155	CENSORED		cbio_os_status	0
TCGA-BS-A0UJ	TCGA-UCEC	Alive	82.388138	CENSORED		cbio_os_status	0
TCGA-BS-A0UL	TCGA-UCEC	Alive	81.566229	CENSORED		cbio_os_status	0
TCGA-BS-A0UM	TCGA-UCEC	Alive	86.925075	PROGRESSION		cbio_os_status	0
TCGA-BS-A0UT	TCGA-UCEC	Alive	72.722491	CENSORED		cbio_os_status	0
TCGA-BS-A0UV	TCGA-UCEC	Alive	73.248512	CENSORED		cbio_os_status	0
TCGA-BS-A0V4	TCGA-UCEC	Alive	59.506197	CENSORED		cbio_os_status	0
TCGA-BS-A0V6	TCGA-UCEC	Alive	89.588059	CENSORED		cbio_os_status	0
TCGA-BS-A0V7	TCGA-UCEC	Alive	63.582865	CENSORED		cbio_os_status	0
TCGA-BS-A0V8	TCGA-UCEC	Alive	83.637440	CENSORED		cbio_os_status	0
TCGA-BS-A0VI	TCGA-UCEC	Alive	86.990827	CENSORED		cbio_os_status	0
TCGA-BS-A0WQ	TCGA-UCEC	Alive	66.475984	CENSORED		cbio_os_status	0
TCGA-BT-A0S7	TCGA-BLCA	Dead	6.575270	PROGRESSION		cbio_os_status	0
TCGA-BT-A0YX	TCGA-BLCA	Dead	13.150541	PROGRESSION		cbio_os_status	0
TCGA-BT-A20J	TCGA-BLCA	Dead	19.035408	PROGRESSION		cbio_os_status	0
TCGA-BT-A20N	TCGA-BLCA	Dead	26.136700	PROGRESSION		cbio_os_status	0
TCGA-BT-A20O	TCGA-BLCA	Dead	12.164250	PROGRESSION		cbio_os_status	0
TCGA-BT-A20P	TCGA-BLCA	Dead	17.884736	CENSORED		cbio_os_status	0
TCGA-BT-A20Q	TCGA-BLCA	Dead	19.495677	PROGRESSION		cbio_os_status	0
TCGA-BT-A20R	TCGA-BLCA	Dead	5.062958	CENSORED		cbio_os_status	0
TCGA-BT-A20T	TCGA-BLCA	Dead	14.892987	PROGRESSION		cbio_os_status	0
TCGA-BT-A20U	TCGA-BLCA	Dead	14.958740	CENSORED		cbio_os_status	0
TCGA-BT-A20W	TCGA-BLCA	Dead	8.350593	CENSORED		cbio_os_status	0
TCGA-BT-A2LA	TCGA-BLCA	Alive	17.161456	CENSORED		cbio_os_status	0
TCGA-BT-A2LB	TCGA-BLCA	Dead	16.175165	CENSORED		cbio_os_status	0
TCGA-BT-A2LD	TCGA-BLCA	Dead	20.481967	PROGRESSION		cbio_os_status	0
TCGA-BT-A3PH	TCGA-BLCA	Dead	4.668442	PROGRESSION		cbio_os_status	0
TCGA-BT-A3PJ	TCGA-BLCA	Alive	25.939442	CENSORED		cbio_os_status	0
TCGA-BT-A3PK	TCGA-BLCA	Dead	9.961535	PROGRESSION		cbio_os_status	0
TCGA-BT-A42B	TCGA-BLCA	Dead	17.555972	PROGRESSION		cbio_os_status	0
TCGA-BT-A42C	TCGA-BLCA	Alive	28.701055	CENSORED		cbio_os_status	0
TCGA-BT-A42E	TCGA-BLCA	Alive	36.426998	CENSORED		cbio_os_status	0
TCGA-BT-A42F	TCGA-BLCA	Alive	28.405168	CENSORED		cbio_os_status	0
TCGA-BW-A5NO	TCGA-LIHC	Alive	0.657527	CENSORED		cbio_os_status	0
TCGA-BW-A5NP	TCGA-LIHC	Alive	0.000000	PROGRESSION		cbio_os_status	0
TCGA-BW-A5NQ	TCGA-LIHC	Alive	0.000000	CENSORED		cbio_os_status	0
TCGA-C4-A0EZ	TCGA-BLCA	Dead	8.975244	PROGRESSION		cbio_os_status	0
TCGA-C4-A0F0	TCGA-BLCA	Alive	1.939705	CENSORED		cbio_os_status	0
TCGA-C4-A0F1	TCGA-BLCA	Alive	2.925995	CENSORED		cbio_os_status	0
TCGA-C4-A0F6	TCGA-BLCA	Alive	23.013446	CENSORED		cbio_os_status	0
TCGA-C4-A0F7	TCGA-BLCA	Dead	2.038334	PROGRESSION		cbio_os_status	0
TCGA-C5-A0TN	TCGA-CESC	Dead	11.440971	PROGRESSION		cbio_os_status	0
TCGA-C5-A1BE	TCGA-CESC	Dead	68.843081	PROGRESSION		cbio_os_status	0
TCGA-C5-A1BF	TCGA-CESC	Dead	18.739521	PROGRESSION		cbio_os_status	0
TCGA-C5-A1BI	TCGA-CESC	Alive	36.558503	CENSORED		cbio_os_status	0
TCGA-C5-A1BJ	TCGA-CESC	Alive	144.162804	CENSORED		cbio_os_status	0
TCGA-C5-A1BK	TCGA-CESC	Alive	177.039156	CENSORED		cbio_os_status	0
TCGA-C5-A1BL	TCGA-CESC	Alive	173.291252	CENSORED		cbio_os_status	0
TCGA-C5-A1BM	TCGA-CESC	Dead	82.848407	CENSORED		cbio_os_status	0
TCGA-C5-A1BN	TCGA-CESC	Dead	5.457474	PROGRESSION		cbio_os_status	0
TCGA-C5-A1BQ	TCGA-CESC	Dead	19.857317	CENSORED		cbio_os_status	0
TCGA-C5-A1M5	TCGA-CESC	Dead	67.462274	PROGRESSION		cbio_os_status	0
TCGA-C5-A1M6	TCGA-CESC	Dead	31.396916	PROGRESSION		cbio_os_status	0
TCGA-C5-A1M7	TCGA-CESC	Alive	46.322780	CENSORED		cbio_os_status	0
TCGA-C5-A1M8	TCGA-CESC	Alive	30.213368	CENSORED		cbio_os_status	0
TCGA-C5-A1M9	TCGA-CESC	Dead	35.013315	PROGRESSION		cbio_os_status	0
TCGA-C5-A1ME	TCGA-CESC	Alive	57.730874	CENSORED		cbio_os_status	0
TCGA-C5-A1MF	TCGA-CESC	Alive	53.161061	CENSORED		cbio_os_status	0
TCGA-C5-A1MH	TCGA-CESC	Dead	38.991354	PROGRESSION		cbio_os_status	0
TCGA-C5-A1MI	TCGA-CESC	Dead	35.605089	PROGRESSION		cbio_os_status	0
TCGA-C5-A1MJ	TCGA-CESC	Dead	0.460269	CENSORED		cbio_os_status	0
TCGA-C5-A1MK	TCGA-CESC	Dead	2.432850	PROGRESSION		cbio_os_status	0
TCGA-C5-A1MN	TCGA-CESC	Dead	40.931058	CENSORED		cbio_os_status	0
TCGA-C5-A1MP	TCGA-CESC	Alive	3.583522	CENSORED		cbio_os_status	0
TCGA-C5-A1MQ	TCGA-CESC	Alive	33.895519	CENSORED		cbio_os_status	0
TCGA-C5-A2LS	TCGA-CESC	Alive	44.218693	CENSORED		cbio_os_status	0
TCGA-C5-A2LT	TCGA-CESC	Alive	73.182760	CENSORED		cbio_os_status	0
TCGA-C5-A2LV	TCGA-CESC	Alive	73.445770	CENSORED		cbio_os_status	0
TCGA-C5-A2LX	TCGA-CESC	Alive	83.045665	CENSORED		cbio_os_status	0
TCGA-C5-A2LY	TCGA-CESC	Alive	78.344347	CENSORED		cbio_os_status	0
TCGA-C5-A2LZ	TCGA-CESC	Dead	100.141368	PROGRESSION		cbio_os_status	0
TCGA-C5-A2M1	TCGA-CESC	Alive	38.432456	CENSORED		cbio_os_status	0
TCGA-C5-A2M2	TCGA-CESC	Dead	33.237992	CENSORED		cbio_os_status	0
TCGA-C5-A3HD	TCGA-CESC	Alive	52.010389	CENSORED		cbio_os_status	0
TCGA-C5-A3HE	TCGA-CESC	Alive	18.016241	PROGRESSION		cbio_os_status	0
TCGA-C5-A3HF	TCGA-CESC	Dead	17.851859	PROGRESSION		cbio_os_status	0
TCGA-C5-A3HL	TCGA-CESC	Alive	20.416215	CENSORED		cbio_os_status	0
TCGA-C5-A7CG	TCGA-CESC	Alive	210.671664	CENSORED		cbio_os_status	0
TCGA-C5-A7CH	TCGA-CESC	Alive	154.321596	CENSORED		cbio_os_status	0
TCGA-C5-A7CJ	TCGA-CESC	Dead	101.818062	CENSORED		cbio_os_status	0
TCGA-C5-A7CK	TCGA-CESC	Dead	134.332774	CENSORED		cbio_os_status	0
TCGA-C5-A7CL	TCGA-CESC	Dead	15.484762	PROGRESSION		cbio_os_status	0
TCGA-C5-A7CM	TCGA-CESC	Alive	20.350462	CENSORED		cbio_os_status	0
TCGA-C5-A7CO	TCGA-CESC	Alive	147.351810	CENSORED		cbio_os_status	0
TCGA-C5-A7UC	TCGA-CESC	Dead	17.194332	CENSORED		cbio_os_status	0
TCGA-C5-A7UE	TCGA-CESC	Alive	155.768156	CENSORED		cbio_os_status	0
TCGA-C5-A7UH	TCGA-CESC	Alive	131.110892	CENSORED		cbio_os_status	0
TCGA-C5-A7UI	TCGA-CESC	Dead	94.946905	CENSORED		cbio_os_status	0
TCGA-C5-A7X3	TCGA-CESC	Dead	9.336884	CENSORED		cbio_os_status	0
TCGA-C5-A7X5	TCGA-CESC	Dead	13.610810	PROGRESSION		cbio_os_status	0
TCGA-C5-A7X8	TCGA-CESC	Alive	2.728737	CENSORED		cbio_os_status	0
TCGA-C5-A7XC	TCGA-CESC	Alive	50.991222	CENSORED		cbio_os_status	0
TCGA-C5-A8XH	TCGA-CESC	Dead	45.829635	CENSORED		cbio_os_status	0
TCGA-C5-A8XI	TCGA-CESC	Alive	8.350593	CENSORED		cbio_os_status	0
TCGA-C5-A8XJ	TCGA-CESC	Alive	146.858665	CENSORED		cbio_os_status	0
TCGA-C5-A8XK	TCGA-CESC	Alive	99.911234	CENSORED		cbio_os_status	0
TCGA-C5-A8YQ	TCGA-CESC	Dead	23.506592	PROGRESSION		cbio_os_status	0
TCGA-C5-A8YT	TCGA-CESC	Dead	20.810731	PROGRESSION		cbio_os_status	0
TCGA-C5-A8ZZ	TCGA-CESC	Alive	20.909360	CENSORED		cbio_os_status	0
TCGA-C5-A901	TCGA-CESC	Alive				gdc_vital_status	0
TCGA-C5-A902	TCGA-CESC	Alive				gdc_vital_status	0
TCGA-C5-A905	TCGA-CESC	Alive				gdc_vital_status	0
TCGA-C5-A907	TCGA-CESC	Alive	14.728606	CENSORED		cbio_os_status	0
TCGA-C8-A12K	TCGA-BRCA_IDC	Alive	0.000000	CENSORED		cbio_os_status	0
TCGA-C8-A12L	TCGA-BRCA_IDC	Alive	11.934116	CENSORED		cbio_os_status	0
TCGA-C8-A12M	TCGA-BRCA_IDC	Alive	11.769734	CENSORED		cbio_os_status	0
TCGA-C8-A12N	TCGA-BRCA_IDC	Alive	11.769734	CENSORED		cbio_os_status	0
TCGA-C8-A12O	TCGA-BRCA_IDC	Alive	12.657396	CENSORED		cbio_os_status	0
TCGA-C8-A12P	TCGA-BRCA_IDC	Alive	11.769734	CENSORED		cbio_os_status	0
TCGA-C8-A12Q	TCGA-BRCA_IDC	Dead	12.657396	PROGRESSION		cbio_os_status	0
TCGA-C8-A12T	TCGA-BRCA_IDC	Alive	0.000000	CENSORED		cbio_os_status	0
TCGA-C8-A12U	TCGA-BRCA_IDC	Alive	12.657396	CENSORED		cbio_os_status	0
TCGA-C8-A12V	TCGA-BRCA_IDC	Alive	12.657396	CENSORED		cbio_os_status	0
TCGA-C8-A12W	TCGA-BRCA_IDC	Alive	12.657396	CENSORED		cbio_os_status	0
TCGA-C8-A12X	TCGA-BRCA_OTHERS	Alive	12.657396	CENSORED		cbio_os_status	0
TCGA-C8-A12Y	TCGA-BRCA_IDC	Alive	48.525496	CENSORED		cbio_os_status	0
TCGA-C8-A12Z	TCGA-BRCA_IDC	Alive	12.558766	CENSORED		cbio_os_status	0
TCGA-C8-A130	TCGA-BRCA_IDC	Alive	12.164250	CENSORED		cbio_os_status	0
TCGA-C8-A131	TCGA-BRCA_IDC	Alive	13.512181	CENSORED		cbio_os_status	0
TCGA-C8-A132	TCGA-BRCA_IDC	Alive	12.591643	CENSORED		cbio_os_status	0
TCGA-C8-A133	TCGA-BRCA_IDC	Alive	0.000000	CENSORED		cbio_os_status	0
TCGA-C8-A134	TCGA-BRCA_IDC	Alive	12.591643	CENSORED		cbio_os_status	0
TCGA-C8-A135	TCGA-BRCA_IDC	Alive	12.920406	CENSORED		cbio_os_status	0
TCGA-C8-A137	TCGA-BRCA_IDC	Alive	12.460137	PROGRESSION		cbio_os_status	0
TCGA-C8-A138	TCGA-BRCA_IDC	Alive	12.493014	CENSORED		cbio_os_status	0
TCGA-C8-A1HE	TCGA-BRCA_IDC	Alive	12.328632	CENSORED		cbio_os_status	0
TCGA-C8-A1HF	TCGA-BRCA_IDC	Alive	10.914949	CENSORED		cbio_os_status	0
TCGA-C8-A1HG	TCGA-BRCA_IDC	Alive	11.342341	CENSORED		cbio_os_status	0
TCGA-C8-A1HI	TCGA-BRCA_IDC	Alive	11.276589	CENSORED		cbio_os_status	0
TCGA-C8-A1HJ	TCGA-BRCA_IDC	Alive	0.164382	CENSORED		cbio_os_status	0
TCGA-C8-A1HK	TCGA-BRCA_IDC	Alive	12.032745	CENSORED		cbio_os_status	0
TCGA-C8-A1HL	TCGA-BRCA_OTHERS	Alive	10.421804	CENSORED		cbio_os_status	0
TCGA-C8-A1HM	TCGA-BRCA_IDC	Alive	12.328632	CENSORED		cbio_os_status	0
TCGA-C8-A1HN	TCGA-BRCA_IDC	Alive	12.953283	CENSORED		cbio_os_status	0
TCGA-C8-A1HO	TCGA-BRCA_IDC	Alive	12.328632	CENSORED		cbio_os_status	0
TCGA-C8-A26V	TCGA-BRCA_IDC	Alive	20.251833	CENSORED		cbio_os_status	0
TCGA-C8-A26W	TCGA-BRCA_IDC	Alive	12.525890	CENSORED		cbio_os_status	0
TCGA-C8-A26X	TCGA-BRCA_IDC	Alive	12.361508	CENSORED		cbio_os_status	0
TCGA-C8-A26Y	TCGA-BRCA_IDC	Alive	12.953283	CENSORED		cbio_os_status	0
TCGA-C8-A26Z	TCGA-BRCA_IDC	Alive	15.451885	CENSORED		cbio_os_status	0
TCGA-C8-A273	TCGA-BRCA_IDC	Alive	16.865569	CENSORED		cbio_os_status	0
TCGA-C8-A274	TCGA-BRCA_IDC	Alive	16.701187	CENSORED		cbio_os_status	0
TCGA-C8-A275	TCGA-BRCA_IDC	Alive	0.032876	CENSORED		cbio_os_status	0
TCGA-C8-A278	TCGA-BRCA_IDC	Alive	9.764277	CENSORED		cbio_os_status	0
TCGA-C8-A27A	TCGA-BRCA_IDC	Alive	24.558635	CENSORED		cbio_os_status	0
TCGA-C8-A27B	TCGA-BRCA_IDC	Alive	14.432719	CENSORED		cbio_os_status	0
TCGA-C8-A3M7	TCGA-BRCA_OTHERS	Dead	33.994148	PROGRESSION		cbio_os_status	0
TCGA-C8-A3M8	TCGA-BRCA_OTHERS	Alive	12.953283	CENSORED		cbio_os_status	0
TCGA-C8-A8HP	TCGA-BRCA_OTHERS	Alive	13.019035	CENSORED		cbio_os_status	0
TCGA-C8-A8HQ	TCGA-BRCA_OTHERS	Alive	12.493014	CENSORED		cbio_os_status	0
TCGA-C8-A8HR	TCGA-BRCA_OTHERS	Alive	13.413552	CENSORED		cbio_os_status	0
TCGA-C8-A9FZ	TCGA-BRCA_OTHERS	Alive	19.462800	CENSORED		cbio_os_status	0
TCGA-C9-A47Z	TCGA-HNSC	Dead	6.279383	CENSORED		cbio_os_status	0
TCGA-C9-A480	TCGA-HNSC	Alive	12.690272	CENSORED		cbio_os_status	0
TCGA-CA-5254	TCGA-COAD	Alive	12.690272	CENSORED		cbio_os_status	0
TCGA-CA-5255	TCGA-COAD	Alive	12.361508	CENSORED		cbio_os_status	0
TCGA-CA-5256	TCGA-COAD	Alive	12.460137	CENSORED		cbio_os_status	0
TCGA-CA-5796	TCGA-COAD	Alive	12.394385	CENSORED		cbio_os_status	0
TCGA-CA-5797	TCGA-COAD	Alive	12.591643	CENSORED		cbio_os_status	0
TCGA-CA-6715	TCGA-COAD	Alive	12.591643	CENSORED		cbio_os_status	0
TCGA-CA-6716	TCGA-COAD	Alive	12.197127	CENSORED		cbio_os_status	0
TCGA-CA-6717	TCGA-COAD	Alive	12.756025	CENSORED		cbio_os_status	0
TCGA-CA-6718	TCGA-COAD	Dead	10.060164	PROGRESSION		cbio_os_status	0
TCGA-CA-6719	TCGA-COAD	Alive	14.301213	PROGRESSION		cbio_os_status	0
TCGA-CC-5258	TCGA-LIHC	Dead	4.241049	CENSORED		cbio_os_status	0
TCGA-CC-5259	TCGA-LIHC	Alive	8.219088	PROGRESSION		cbio_os_status	0
TCGA-CC-5260	TCGA-LIHC	Dead	2.860243	CENSORED		cbio_os_status	0
TCGA-CC-5261	TCGA-LIHC	Dead	3.189006	CENSORED		cbio_os_status	0
TCGA-CC-5262	TCGA-LIHC	Dead	3.386264	CENSORED		cbio_os_status	0
TCGA-CC-5263	TCGA-LIHC	Dead	4.241049	CENSORED		cbio_os_status	0
TCGA-CC-5264	TCGA-LIHC	Dead	3.353388	CENSORED		cbio_os_status	0
TCGA-CC-A123	TCGA-LIHC	Alive	7.199921	PROGRESSION		cbio_os_status	0
TCGA-CC-A1HT	TCGA-LIHC	Dead	3.320512	CENSORED		cbio_os_status	0
TCGA-CC-A3M9	TCGA-LIHC	Dead	9.862906	PROGRESSION		cbio_os_status	0
TCGA-CC-A3MA	TCGA-LIHC	Dead	9.961535	PROGRESSION		cbio_os_status	0
TCGA-CC-A3MB	TCGA-LIHC	Dead	10.356051	PROGRESSION		cbio_os_status	0
TCGA-CC-A3MC	TCGA-LIHC	Alive	11.934116	PROGRESSION		cbio_os_status	0
TCGA-CC-A5UC	TCGA-LIHC	Dead	11.408094	PROGRESSION		cbio_os_status	0
TCGA-CC-A5UD	TCGA-LIHC	Dead	9.994411	PROGRESSION		cbio_os_status	0
TCGA-CC-A5UE	TCGA-LIHC	Dead	8.942368	PROGRESSION		cbio_os_status	0
TCGA-CC-A7IE	TCGA-LIHC	Dead	7.134168	PROGRESSION		cbio_os_status	0
TCGA-CC-A7IF	TCGA-LIHC	Dead	21.336752	PROGRESSION		cbio_os_status	0
TCGA-CC-A7IG	TCGA-LIHC	Dead	9.830029	PROGRESSION		cbio_os_status	0
TCGA-CC-A7IH	TCGA-LIHC	Alive	11.999868	CENSORED		cbio_os_status	0
TCGA-CC-A7II	TCGA-LIHC	Alive	13.117664	PROGRESSION		cbio_os_status	0
TCGA-CC-A7IJ	TCGA-LIHC	Alive	12.558766	CENSORED		cbio_os_status	0
TCGA-CC-A7IK	TCGA-LIHC	Dead	8.613604	PROGRESSION		cbio_os_status	0
TCGA-CC-A7IL	TCGA-LIHC	Dead	9.139626	PROGRESSION		cbio_os_status	0
TCGA-CC-A8HS	TCGA-LIHC	Dead				gdc_vital_status	0
TCGA-CC-A8HT	TCGA-LIHC	Dead	4.602689	PROGRESSION		cbio_os_status	0
TCGA-CC-A8HU	TCGA-LIHC	Dead	11.309465	PROGRESSION		cbio_os_status	0
TCGA-CC-A8HV	TCGA-LIHC	Dead	9.172502	PROGRESSION		cbio_os_status	0
TCGA-CC-A9FS	TCGA-LIHC	Alive	6.936910	PROGRESSION		cbio_os_status	0
TCGA-CC-A9FU	TCGA-LIHC	Alive	0.000000	CENSORED		cbio_os_status	0
TCGA-CC-A9FV	TCGA-LIHC	Alive	0.000000	CENSORED		cbio_os_status	0
TCGA-CC-A9FW	TCGA-LIHC	Alive	8.153335	PROGRESSION		cbio_os_status	0
TCGA-CD-5798	TCGA-STAD	Alive	13.413552	CENSORED		cbio_os_status	0
TCGA-CD-5799	TCGA-STAD	Alive	13.019035	CENSORED		cbio_os_status	0
TCGA-CD-5800	TCGA-STAD	Alive	13.150541	CENSORED		cbio_os_status	0
TCGA-CD-5801	TCGA-STAD	Dead	13.183417	PROGRESSION		cbio_os_status	0
TCGA-CD-5802	TCGA-STAD	Alive	13.347799	CENSORED		cbio_os_status	0
TCGA-CD-5803	TCGA-STAD	Dead	11.210836	PROGRESSION		cbio_os_status	0
TCGA-CD-5804	TCGA-STAD	Alive	12.098498	CENSORED		cbio_os_status	0
TCGA-CD-5813	TCGA-STAD	Dead	12.394385	PROGRESSION		cbio_os_status	0
TCGA-CD-8524	TCGA-STAD	Alive	12.756025	PROGRESSION		cbio_os_status	0
TCGA-CD-8525	TCGA-STAD	Alive	12.591643	CENSORED		cbio_os_status	0
TCGA-CD-8526	TCGA-STAD	Alive	12.525890	CENSORED		cbio_os_status	0
TCGA-CD-8527	TCGA-STAD	Dead	7.167045	PROGRESSION		cbio_os_status	0
TCGA-CD-8528	TCGA-STAD	Alive	12.328632	CENSORED		cbio_os_status	0
TCGA-CD-8529	TCGA-STAD	Alive	12.295756	CENSORED		cbio_os_status	0
TCGA-CD-8530	TCGA-STAD	Alive	12.394385	CENSORED		cbio_os_status	0
TCGA-CD-8531	TCGA-STAD	Alive	12.591643	CENSORED		cbio_os_status	0
TCGA-CD-8532	TCGA-STAD	Dead	11.638229	PROGRESSION		cbio_os_status	0
TCGA-CD-8533	TCGA-STAD	Alive	15.386133	PROGRESSION		cbio_os_status	0
TCGA-CD-8534	TCGA-STAD	Alive	12.065621	PROGRESSION		cbio_os_status	0
TCGA-CD-8535	TCGA-STAD	Alive	12.821777	CENSORED		cbio_os_status	0
TCGA-CD-8536	TCGA-STAD	Alive	12.427261	CENSORED		cbio_os_status	0
TCGA-CD-A486	TCGA-STAD	Dead	6.312260	PROGRESSION		cbio_os_status	0
TCGA-CD-A487	TCGA-STAD	Alive	12.295756	CENSORED		cbio_os_status	0
TCGA-CD-A489	TCGA-STAD	Dead	11.309465	PROGRESSION		cbio_os_status	0
TCGA-CD-A48A	TCGA-STAD	Alive	12.427261	CENSORED		cbio_os_status	0
TCGA-CD-A48C	TCGA-STAD	Dead	11.605352	PROGRESSION		cbio_os_status	0
TCGA-CD-A4MG	TCGA-STAD	Dead	6.575270	PROGRESSION		cbio_os_status	0
TCGA-CD-A4MH	TCGA-STAD	Alive	12.197127	CENSORED		cbio_os_status	0
TCGA-CD-A4MI	TCGA-STAD	Dead	11.769734	PROGRESSION		cbio_os_status	0
TCGA-CD-A4MJ	TCGA-STAD	Alive	12.624519	PROGRESSION		cbio_os_status	0
TCGA-CE-A13K	TCGA-THCA	Alive	12.657396	CENSORED		cbio_os_status	0
TCGA-CE-A27D	TCGA-THCA	Alive	12.295756	CENSORED		cbio_os_status	0
TCGA-CE-A3MD	TCGA-THCA	Alive	12.788901	CENSORED		cbio_os_status	0
TCGA-CE-A3ME	TCGA-THCA	Alive	12.460137	CENSORED		cbio_os_status	0
TCGA-CE-A481	TCGA-THCA	Alive	11.375218	CENSORED		cbio_os_status	0
TCGA-CE-A482	TCGA-THCA	Alive	10.684814	CENSORED		cbio_os_status	0
TCGA-CE-A483	TCGA-THCA	Alive	15.024493	CENSORED		cbio_os_status	0
TCGA-CE-A484	TCGA-THCA	Alive	12.427261	CENSORED		cbio_os_status	0
TCGA-CE-A485	TCGA-THCA	Alive	12.657396	CENSORED		cbio_os_status	0
TCGA-CF-A1HR	TCGA-BLCA	Alive	12.788901	PROGRESSION		cbio_os_status	0
TCGA-CF-A1HS	TCGA-BLCA	Alive	12.558766	PROGRESSION		cbio_os_status	0
TCGA-CF-A27C	TCGA-BLCA	Alive	13.972450	CENSORED		cbio_os_status	0
TCGA-CF-A3MF	TCGA-BLCA	Alive	12.591643	CENSORED		cbio_os_status	0
TCGA-CF-A3MG	TCGA-BLCA	Alive	12.131374	CENSORED		cbio_os_status	0
TCGA-CF-A3MH	TCGA-BLCA	Alive	13.084788	CENSORED		cbio_os_status	0
TCGA-CF-A3MI	TCGA-BLCA	Alive	12.164250	CENSORED		cbio_os_status	0
TCGA-CF-A47S	TCGA-BLCA	Alive	10.947825	CENSORED		cbio_os_status	0
TCGA-CF-A47T	TCGA-BLCA	Dead	12.657396	PROGRESSION		cbio_os_status	0
TCGA-CF-A47V	TCGA-BLCA	Alive	12.460137	CENSORED		cbio_os_status	0
TCGA-CF-A47W	TCGA-BLCA	Alive	12.098498	CENSORED		cbio_os_status	0
TCGA-CF-A47X	TCGA-BLCA	Alive	12.624519	CENSORED		cbio_os_status	0
TCGA-CF-A47Y	TCGA-BLCA	Alive	12.262879	CENSORED		cbio_os_status	0
TCGA-CF-A5U8	TCGA-BLCA	Alive	13.117664	CENSORED		cbio_os_status	0
TCGA-CF-A5UA	TCGA-BLCA	Alive	11.999868	CENSORED		cbio_os_status	0
TCGA-CF-A7I0	TCGA-BLCA	Alive	12.098498	CENSORED		cbio_os_status	0
TCGA-CF-A8HX	TCGA-BLCA	Alive	11.342341	CENSORED		cbio_os_status	0
TCGA-CF-A8HY	TCGA-BLCA	Alive	11.342341	CENSORED		cbio_os_status	0
TCGA-CF-A9FF	TCGA-BLCA	Alive	11.868363	CENSORED		cbio_os_status	0
TCGA-CF-A9FH	TCGA-BLCA	Alive	0.000000	CENSORED		cbio_os_status	0
TCGA-CF-A9FL	TCGA-BLCA	Dead	18.575139	PROGRESSION		cbio_os_status	0
TCGA-CF-A9FM	TCGA-BLCA	Alive	13.084788	CENSORED		cbio_os_status	0
TCGA-CG-4300	TCGA-STAD	Dead	20.021698	CENSORED		cbio_os_status	0
TCGA-CG-4301	TCGA-STAD	Alive	3.024624	CENSORED		cbio_os_status	0
TCGA-CG-4304	TCGA-STAD	Alive		CENSORED		cbio_os_status	0
TCGA-CG-4305	TCGA-STAD	Alive	15.945031	PROGRESSION		cbio_os_status	0
TCGA-CG-4306	TCGA-STAD	Dead	1.019167	CENSORED		cbio_os_status	0
TCGA-CG-4436	TCGA-STAD	Alive	7.988954	CENSORED		cbio_os_status	0
TCGA-CG-4438	TCGA-STAD	Alive	54.081599	CENSORED		cbio_os_status	0
TCGA-CG-4440	TCGA-STAD	Dead	4.010915	CENSORED		cbio_os_status	0
TCGA-CG-4441	TCGA-STAD	Dead	14.005326	CENSORED		cbio_os_status	0
TCGA-CG-4442	TCGA-STAD	Alive	0.000000	CENSORED		cbio_os_status	0
TCGA-CG-4443	TCGA-STAD	Alive	29.983233	CENSORED		cbio_os_status	0
TCGA-CG-4444	TCGA-STAD	Alive	47.046060	CENSORED		cbio_os_status	0
TCGA-CG-4449	TCGA-STAD	Alive	19.068284	PROGRESSION		cbio_os_status	0
TCGA-CG-4455	TCGA-STAD	Alive	12.032745	CENSORED		cbio_os_status	0
TCGA-CG-4460	TCGA-STAD	Dead				gdc_vital_status	0
TCGA-CG-4462	TCGA-STAD	Dead	0.000000	PROGRESSION		cbio_os_status	0
TCGA-CG-4465	TCGA-STAD	Dead	9.008120	CENSORED		cbio_os_status	0
TCGA-CG-4466	TCGA-STAD	Alive	18.969655	CENSORED		cbio_os_status	0
TCGA-CG-4469	TCGA-STAD	Dead	7.068416	CENSORED		cbio_os_status	0
TCGA-CG-4472	TCGA-STAD	Alive	11.999868	PROGRESSION		cbio_os_status	0
TCGA-CG-4474	TCGA-STAD	Alive	0.000000	CENSORED		cbio_os_status	0
TCGA-CG-4475	TCGA-STAD	Alive	22.980570	CENSORED		cbio_os_status	0
TCGA-CG-4476	TCGA-STAD	Alive	0.000000	CENSORED		cbio_os_status	0
TCGA-CG-4477	TCGA-STAD	Alive	30.969524	PROGRESSION		cbio_os_status	0
TCGA-CH-5737	TCGA-PRAD	Alive	2.991748	CENSORED		cbio_os_status	0
TCGA-CH-5738	TCGA-PRAD	Alive	6.969787	CENSORED		cbio_os_status	0
TCGA-CH-5739	TCGA-PRAD	Alive	22.060032	CENSORED		cbio_os_status	0
TCGA-CH-5740	TCGA-PRAD	Alive	1.019167	CENSORED		cbio_os_status	0
TCGA-CH-5741	TCGA-PRAD	Alive	12.986159	CENSORED		cbio_os_status	0
TCGA-CH-5743	TCGA-PRAD	Alive	13.972450	PROGRESSION		cbio_os_status	0
TCGA-CH-5744	TCGA-PRAD	Alive	1.972581	CENSORED		cbio_os_status	0
TCGA-CH-5745	TCGA-PRAD	Alive	2.991748	CENSORED		cbio_os_status	0
TCGA-CH-5746	TCGA-PRAD	Alive	24.032613	CENSORED		cbio_os_status	0
TCGA-CH-5748	TCGA-PRAD	Alive	1.019167	CENSORED		cbio_os_status	0
TCGA-CH-5750	TCGA-PRAD	Alive	13.019035	CENSORED		cbio_os_status	0
TCGA-CH-5751	TCGA-PRAD	Alive	35.013315	PROGRESSION		cbio_os_status	0
TCGA-CH-5752	TCGA-PRAD	Alive	31.002400	CENSORED		cbio_os_status	0
TCGA-CH-5753	TCGA-PRAD	Alive	1.019167	CENSORED		cbio_os_status	0
TCGA-CH-5754	TCGA-PRAD	Alive	2.038334	CENSORED		cbio_os_status	0
TCGA-CH-5761	TCGA-PRAD	Alive	0.920538	CENSORED		cbio_os_status	0
TCGA-CH-5762	TCGA-PRAD	Alive	44.021435	CENSORED		cbio_os_status	0
TCGA-CH-5763	TCGA-PRAD	Alive	11.999868	CENSORED		cbio_os_status	0
TCGA-CH-5764	TCGA-PRAD	Alive	1.019167	CENSORED		cbio_os_status	0
TCGA-CH-5765	TCGA-PRAD	Alive	23.013446	CENSORED		cbio_os_status	0
TCGA-CH-5766	TCGA-PRAD	Alive	1.019167	CENSORED		cbio_os_status	0
TCGA-CH-5767	TCGA-PRAD	Alive	15.057369	CENSORED		cbio_os_status	0
TCGA-CH-5768	TCGA-PRAD	Alive	24.032613	CENSORED		cbio_os_status	0
TCGA-CH-5769	TCGA-PRAD	Alive	2.038334	CENSORED		cbio_os_status	0
TCGA-CI-6622	TCGA-READ	Alive	44.777591	CENSORED		cbio_os_status	0
TCGA-CI-6624	TCGA-READ	Alive	48.196732	CENSORED		cbio_os_status	0
TCGA-CJ-4634	TCGA-KIRC	Alive	115.001479	CENSORED		cbio_os_status	0
TCGA-CJ-4635	TCGA-KIRC	Alive	46.552914	CENSORED		cbio_os_status	0
TCGA-CJ-4636	TCGA-KIRC	Alive	63.254101	CENSORED		cbio_os_status	0
TCGA-CJ-4637	TCGA-KIRC	Dead	73.215636	PROGRESSION		cbio_os_status	0
TCGA-CJ-4638	TCGA-KIRC	Dead	14.169708	PROGRESSION		cbio_os_status	0
TCGA-CJ-4639	TCGA-KIRC	Alive	106.157741	CENSORED		cbio_os_status	0
TCGA-CJ-4640	TCGA-KIRC	Alive	114.409705	CENSORED		cbio_os_status	0
TCGA-CJ-4641	TCGA-KIRC	Dead	54.607621	PROGRESSION		cbio_os_status	0
TCGA-CJ-4642	TCGA-KIRC	Alive				gdc_vital_status	0
TCGA-CJ-4643	TCGA-KIRC	Alive	58.947299	CENSORED		cbio_os_status	0
TCGA-CJ-4644	TCGA-KIRC	Dead	11.046454	PROGRESSION		cbio_os_status	0
TCGA-CJ-4868	TCGA-KIRC	Dead	21.238123	PROGRESSION		cbio_os_status	0
TCGA-CJ-4869	TCGA-KIRC	Alive	83.966203	PROGRESSION		cbio_os_status	0
TCGA-CJ-4870	TCGA-KIRC	Alive	49.248775	CENSORED		cbio_os_status	0
TCGA-CJ-4871	TCGA-KIRC	Alive	79.659401	PROGRESSION		cbio_os_status	0
TCGA-CJ-4873	TCGA-KIRC	Alive	74.267679	CENSORED		cbio_os_status	0
TCGA-CJ-4874	TCGA-KIRC	Alive	75.056712	CENSORED		cbio_os_status	0
TCGA-CJ-4875	TCGA-KIRC	Dead	116.842555	PROGRESSION		cbio_os_status	0
TCGA-CJ-4876	TCGA-KIRC	Alive	64.273268	CENSORED		cbio_os_status	0
TCGA-CJ-4878	TCGA-KIRC	Alive	71.867706	CENSORED		cbio_os_status	0
TCGA-CJ-4881	TCGA-KIRC	Alive	66.212973	PROGRESSION		cbio_os_status	0
TCGA-CJ-4882	TCGA-KIRC	Alive	61.906171	CENSORED		cbio_os_status	0
TCGA-CJ-4884	TCGA-KIRC	Alive	57.829503	CENSORED		cbio_os_status	0
TCGA-CJ-4885	TCGA-KIRC	Alive	113.456291	PROGRESSION		cbio_os_status	0
TCGA-CJ-4886	TCGA-KIRC	Alive	64.174639	CENSORED		cbio_os_status	0
TCGA-CJ-4887	TCGA-KIRC	Dead	30.640760	PROGRESSION		cbio_os_status	0
TCGA-CJ-4888	TCGA-KIRC	Dead	51.517244	PROGRESSION		cbio_os_status	0
TCGA-CJ-4889	TCGA-KIRC	Alive	63.977381	CENSORED		cbio_os_status	0
TCGA-CJ-4890	TCGA-KIRC	Alive	115.691883	PROGRESSION		cbio_os_status	0
TCGA-CJ-4891	TCGA-KIRC	Dead	26.925732	CENSORED		cbio_os_status	0
TCGA-CJ-4892	TCGA-KIRC	Alive	50.004931	CENSORED		cbio_os_status	0
TCGA-CJ-4893	TCGA-KIRC	Alive	24.657264	CENSORED		cbio_os_status	0
TCGA-CJ-4894	TCGA-KIRC	Dead	27.649012	PROGRESSION		cbio_os_status	0
TCGA-CJ-4895	TCGA-KIRC	Dead	39.451622	PROGRESSION		cbio_os_status	0
TCGA-CJ-4897	TCGA-KIRC	Alive	109.839892	PROGRESSION		cbio_os_status	0
TCGA-CJ-4899	TCGA-KIRC	Alive	50.235066	CENSORED		cbio_os_status	0
TCGA-CJ-4900	TCGA-KIRC	Dead	56.350067	PROGRESSION		cbio_os_status	0
TCGA-CJ-4901	TCGA-KIRC	Alive	47.670710	CENSORED		cbio_os_status	0
TCGA-CJ-4902	TCGA-KIRC	Alive	49.972055	CENSORED		cbio_os_status	0
TCGA-CJ-4903	TCGA-KIRC	Alive	51.287109	CENSORED		cbio_os_status	0
TCGA-CJ-4904	TCGA-KIRC	Alive	108.557714	PROGRESSION		cbio_os_status	0
TCGA-CJ-4905	TCGA-KIRC	Alive	49.183023	CENSORED		cbio_os_status	0
TCGA-CJ-4907	TCGA-KIRC	Alive	49.281652	CENSORED		cbio_os_status	0
TCGA-CJ-4908	TCGA-KIRC	Alive	50.333695	CENSORED		cbio_os_status	0
TCGA-CJ-4912	TCGA-KIRC	Alive	54.476115	CENSORED		cbio_os_status	0
TCGA-CJ-4913	TCGA-KIRC	Dead	38.563961	PROGRESSION		cbio_os_status	0
TCGA-CJ-4916	TCGA-KIRC	Alive	45.139231	CENSORED		cbio_os_status	0
TCGA-CJ-4918	TCGA-KIRC	Dead	3.057501	PROGRESSION		cbio_os_status	0
TCGA-CJ-4920	TCGA-KIRC	Dead	4.569813	CENSORED		cbio_os_status	0
TCGA-CJ-4923	TCGA-KIRC	Dead	18.805273	PROGRESSION		cbio_os_status	0
TCGA-CJ-5671	TCGA-KIRC	Alive	131.078016	CENSORED		cbio_os_status	0
TCGA-CJ-5672	TCGA-KIRC	Dead	71.999211	CENSORED		cbio_os_status	0
TCGA-CJ-5675	TCGA-KIRC	Alive	129.401322	PROGRESSION		cbio_os_status	0
TCGA-CJ-5676	TCGA-KIRC	Alive	133.708124	PROGRESSION		cbio_os_status	0
TCGA-CJ-5677	TCGA-KIRC	Dead	25.709307	PROGRESSION		cbio_os_status	0
TCGA-CJ-5678	TCGA-KIRC	Dead	18.871026	PROGRESSION		cbio_os_status	0
TCGA-CJ-5679	TCGA-KIRC	Dead	22.323043	PROGRESSION		cbio_os_status	0
TCGA-CJ-5680	TCGA-KIRC	Dead	25.249038	PROGRESSION		cbio_os_status	0
TCGA-CJ-5681	TCGA-KIRC	Dead	18.147746	PROGRESSION		cbio_os_status	0
TCGA-CJ-5682	TCGA-KIRC	Alive	122.826051	PROGRESSION		cbio_os_status	0
TCGA-CJ-5683	TCGA-KIRC	Alive	62.103429	CENSORED		cbio_os_status	0
TCGA-CJ-5684	TCGA-KIRC	Alive	73.347141	CENSORED		cbio_os_status	0
TCGA-CJ-5686	TCGA-KIRC	Alive	67.002005	CENSORED		cbio_os_status	0
TCGA-CJ-5689	TCGA-KIRC	Dead	53.259690	CENSORED		cbio_os_status	0
TCGA-CJ-6027	TCGA-KIRC	Dead	118.848013	CENSORED		cbio_os_status	0
TCGA-CJ-6028	TCGA-KIRC	Dead	53.424072	PROGRESSION		cbio_os_status	0
TCGA-CJ-6030	TCGA-KIRC	Dead	75.582733	CENSORED		cbio_os_status	0
TCGA-CJ-6031	TCGA-KIRC	Alive	62.662327	CENSORED		cbio_os_status	0
TCGA-CJ-6032	TCGA-KIRC	Alive	119.637045	CENSORED		cbio_os_status	0
TCGA-CJ-6033	TCGA-KIRC	Dead	7.364303	PROGRESSION		cbio_os_status	0
TCGA-CK-4947	TCGA-COAD	Alive	17.555972	PROGRESSION		cbio_os_status	0
TCGA-CK-4948	TCGA-COAD	Alive	148.009337	CENSORED		cbio_os_status	0
TCGA-CK-4950	TCGA-COAD	Alive	85.445639	CENSORED		cbio_os_status	0
TCGA-CK-4951	TCGA-COAD	Dead	70.158135	PROGRESSION		cbio_os_status	0
TCGA-CK-4952	TCGA-COAD	Alive	15.616267	CENSORED		cbio_os_status	0
TCGA-CK-5912	TCGA-COAD	Dead	49.084394	CENSORED		cbio_os_status	0
TCGA-CK-5913	TCGA-COAD	Alive	51.319986	CENSORED		cbio_os_status	0
TCGA-CK-5914	TCGA-COAD	Alive	21.994280	CENSORED		cbio_os_status	0
TCGA-CK-5915	TCGA-COAD	Alive	0.000000	CENSORED		cbio_os_status	0
TCGA-CK-5916	TCGA-COAD	Dead	21.139494	PROGRESSION		cbio_os_status	0
TCGA-CK-6746	TCGA-COAD	Alive	0.000000	CENSORED		cbio_os_status	0
TCGA-CK-6747	TCGA-COAD	Alive	82.947036	CENSORED		cbio_os_status	0
TCGA-CK-6748	TCGA-COAD	Alive	2.005457	CENSORED		cbio_os_status	0
TCGA-CK-6751	TCGA-COAD	Alive	124.272611	CENSORED		cbio_os_status	0
TCGA-CL-4957	TCGA-READ	Alive	13.972450	CENSORED		cbio_os_status	0
TCGA-CL-5917	TCGA-READ	Alive	78.114212	CENSORED		cbio_os_status	0
TCGA-CL-5918	TCGA-READ	Alive	7.167045	CENSORED		cbio_os_status	0
TCGA-CM-4743	TCGA-COAD	Alive	23.046323	CENSORED		cbio_os_status	0
TCGA-CM-4744	TCGA-COAD	Alive	20.021698	CENSORED		cbio_os_status	0
TCGA-CM-4746	TCGA-COAD	Alive	37.018772	CENSORED		cbio_os_status	0
TCGA-CM-4747	TCGA-COAD	Alive	25.018904	CENSORED		cbio_os_status	0
TCGA-CM-4748	TCGA-COAD	Alive	26.038071	CENSORED		cbio_os_status	0
TCGA-CM-4750	TCGA-COAD	Alive	8.021830	CENSORED		cbio_os_status	0
TCGA-CM-4751	TCGA-COAD	Alive	27.024361	CENSORED		cbio_os_status	0
TCGA-CM-4752	TCGA-COAD	Alive	13.019035	CENSORED		cbio_os_status	0
TCGA-CM-5341	TCGA-COAD	Alive	29.062695	CENSORED		cbio_os_status	0
TCGA-CM-5344	TCGA-COAD	Alive	22.027156	CENSORED		cbio_os_status	0
TCGA-CM-5348	TCGA-COAD	Alive	22.980570	CENSORED		cbio_os_status	0
TCGA-CM-5349	TCGA-COAD	Alive	30.081862	CENSORED		cbio_os_status	0
TCGA-CM-5860	TCGA-COAD	Alive	32.021567	CENSORED		cbio_os_status	0
TCGA-CM-5861	TCGA-COAD	Alive	15.024493	PROGRESSION		cbio_os_status	0
TCGA-CM-5862	TCGA-COAD	Dead	5.030082	PROGRESSION		cbio_os_status	0
TCGA-CM-5863	TCGA-COAD	Alive	15.024493	CENSORED		cbio_os_status	0
TCGA-CM-5864	TCGA-COAD	Alive	15.024493	CENSORED		cbio_os_status	0
TCGA-CM-5868	TCGA-COAD	Alive	17.029950	CENSORED		cbio_os_status	0
TCGA-CM-6161	TCGA-COAD	Alive	15.024493	CENSORED		cbio_os_status	0
TCGA-CM-6162	TCGA-COAD	Alive	11.999868	CENSORED		cbio_os_status	0
TCGA-CM-6163	TCGA-COAD	Alive	14.038202	CENSORED		cbio_os_status	0
TCGA-CM-6164	TCGA-COAD	Alive	29.029819	CENSORED		cbio_os_status	0
TCGA-CM-6165	TCGA-COAD	Alive	16.043660	CENSORED		cbio_os_status	0
TCGA-CM-6166	TCGA-COAD	Alive	21.994280	CENSORED		cbio_os_status	0
TCGA-CM-6167	TCGA-COAD	Alive	14.991617	CENSORED		cbio_os_status	0
TCGA-CM-6168	TCGA-COAD	Alive	12.986159	CENSORED		cbio_os_status	0
TCGA-CM-6169	TCGA-COAD	Alive	13.019035	CENSORED		cbio_os_status	0
TCGA-CM-6170	TCGA-COAD	Alive	15.024493	CENSORED		cbio_os_status	0
TCGA-CM-6171	TCGA-COAD	Alive	14.038202	CENSORED		cbio_os_status	0
TCGA-CM-6172	TCGA-COAD	Alive	11.013578	CENSORED		cbio_os_status	0
TCGA-CM-6674	TCGA-COAD	Alive	12.953283	CENSORED		cbio_os_status	0
TCGA-CM-6675	TCGA-COAD	Alive	13.051912	PROGRESSION		cbio_os_status	0
TCGA-CM-6676	TCGA-COAD	Alive	11.079331	CENSORED		cbio_os_status	0
TCGA-CM-6677	TCGA-COAD	Alive	11.079331	CENSORED		cbio_os_status	0
TCGA-CM-6678	TCGA-COAD	Alive	11.013578	PROGRESSION		cbio_os_status	0
TCGA-CM-6679	TCGA-COAD	Alive	10.060164	CENSORED		cbio_os_status	0
TCGA-CM-6680	TCGA-COAD	Alive	12.032745	CENSORED		cbio_os_status	0
TCGA-CN-4722	TCGA-HNSC	Alive	48.755630	CENSORED		cbio_os_status	0
TCGA-CN-4723	TCGA-HNSC	Alive	55.856922	CENSORED		cbio_os_status	0
TCGA-CN-4725	TCGA-HNSC	Alive	38.037939	CENSORED		cbio_os_status	0
TCGA-CN-4726	TCGA-HNSC	Dead	4.668442	PROGRESSION		cbio_os_status	0
TCGA-CN-4727	TCGA-HNSC	Alive	51.287109	CENSORED		cbio_os_status	0
TCGA-CN-4728	TCGA-HNSC	Alive	56.678831	CENSORED		cbio_os_status	0
TCGA-CN-4729	TCGA-HNSC	Alive	12.887530	CENSORED		cbio_os_status	0
TCGA-CN-4730	TCGA-HNSC	Alive	26.859980	CENSORED		cbio_os_status	0
TCGA-CN-4731	TCGA-HNSC	Dead	32.810599	PROGRESSION		cbio_os_status	0
TCGA-CN-4733	TCGA-HNSC	Alive	52.141894	CENSORED		cbio_os_status	0
TCGA-CN-4734	TCGA-HNSC	Alive	55.561035	CENSORED		cbio_os_status	0
TCGA-CN-4735	TCGA-HNSC	Alive	57.106223	CENSORED		cbio_os_status	0
TCGA-CN-4736	TCGA-HNSC	Dead	12.986159	PROGRESSION		cbio_os_status	0
TCGA-CN-4737	TCGA-HNSC	Alive	20.547720	CENSORED		cbio_os_status	0
TCGA-CN-4738	TCGA-HNSC	Dead	14.334089	CENSORED		cbio_os_status	0
TCGA-CN-4739	TCGA-HNSC	Dead	45.829635	PROGRESSION		cbio_os_status	0
TCGA-CN-4740	TCGA-HNSC	Dead	27.583259	PROGRESSION		cbio_os_status	0
TCGA-CN-4741	TCGA-HNSC	Alive	73.610152	PROGRESSION		cbio_os_status	0
TCGA-CN-4742	TCGA-HNSC	Dead	13.051912	PROGRESSION		cbio_os_status	0
TCGA-CN-5355	TCGA-HNSC	Alive	42.015978	CENSORED		cbio_os_status	0
TCGA-CN-5356	TCGA-HNSC	Alive	46.322780	CENSORED		cbio_os_status	0
TCGA-CN-5358	TCGA-HNSC	Dead	8.580728	PROGRESSION		cbio_os_status	0
TCGA-CN-5359	TCGA-HNSC	Dead	12.394385	PROGRESSION		cbio_os_status	0
TCGA-CN-5360	TCGA-HNSC	Alive	71.308808	CENSORED		cbio_os_status	0
TCGA-CN-5361	TCGA-HNSC	Dead	69.697866	PROGRESSION		cbio_os_status	0
TCGA-CN-5363	TCGA-HNSC	Dead	8.317717	PROGRESSION		cbio_os_status	0
TCGA-CN-5364	TCGA-HNSC	Dead	16.208042	CENSORED		cbio_os_status	0
TCGA-CN-5365	TCGA-HNSC	Dead	11.539600	PROGRESSION		cbio_os_status	0
TCGA-CN-5366	TCGA-HNSC	Dead	11.835487	PROGRESSION		cbio_os_status	0
TCGA-CN-5367	TCGA-HNSC	Dead	11.572476	CENSORED		cbio_os_status	0
TCGA-CN-5369	TCGA-HNSC	Dead	12.493014	CENSORED		cbio_os_status	0
TCGA-CN-5373	TCGA-HNSC	Alive	52.076142	CENSORED		cbio_os_status	0
TCGA-CN-5374	TCGA-HNSC	Dead	56.941842	PROGRESSION		cbio_os_status	0
TCGA-CN-6010	TCGA-HNSC	Alive	50.070684	PROGRESSION		cbio_os_status	0
TCGA-CN-6011	TCGA-HNSC	Alive	30.673636	CENSORED		cbio_os_status	0
TCGA-CN-6012	TCGA-HNSC	Alive	47.999474	CENSORED		cbio_os_status	0
TCGA-CN-6013	TCGA-HNSC	Dead	23.901108	PROGRESSION		cbio_os_status	0
TCGA-CN-6016	TCGA-HNSC	Alive	47.440576	CENSORED		cbio_os_status	0
TCGA-CN-6017	TCGA-HNSC	Dead	28.043528	CENSORED		cbio_os_status	0
TCGA-CN-6018	TCGA-HNSC	Dead	19.068284	CENSORED		cbio_os_status	0
TCGA-CN-6019	TCGA-HNSC	Alive	34.125653	CENSORED		cbio_os_status	0
TCGA-CN-6020	TCGA-HNSC	Dead	6.739652	CENSORED		cbio_os_status	0
TCGA-CN-6021	TCGA-HNSC	Dead	9.073873	PROGRESSION		cbio_os_status	0
TCGA-CN-6022	TCGA-HNSC	Dead	9.238255	PROGRESSION		cbio_os_status	0
TCGA-CN-6023	TCGA-HNSC	Alive	52.076142	CENSORED		cbio_os_status	0
TCGA-CN-6024	TCGA-HNSC	Dead	11.079331	PROGRESSION		cbio_os_status	0
TCGA-CN-6988	TCGA-HNSC	Alive	10.454680	CENSORED		cbio_os_status	0
TCGA-CN-6989	TCGA-HNSC	Dead	32.218825	PROGRESSION		cbio_os_status	0
TCGA-CN-6992	TCGA-HNSC	Alive	35.046191	CENSORED		cbio_os_status	0
TCGA-CN-6994	TCGA-HNSC	Alive	38.892724	CENSORED		cbio_os_status	0
TCGA-CN-6996	TCGA-HNSC	Dead	17.424467	PROGRESSION		cbio_os_status	0
TCGA-CN-6997	TCGA-HNSC	Dead	32.481836	PROGRESSION		cbio_os_status	0
TCGA-CN-6998	TCGA-HNSC	Dead	11.736858	PROGRESSION		cbio_os_status	0
TCGA-CN-A63T	TCGA-HNSC	Alive	7.397179	CENSORED		cbio_os_status	0
TCGA-CN-A63U	TCGA-HNSC	Alive	31.692803	CENSORED		cbio_os_status	0
TCGA-CN-A63V	TCGA-HNSC	Alive	22.323043	CENSORED		cbio_os_status	0
TCGA-CN-A63W	TCGA-HNSC	Dead	12.394385	CENSORED		cbio_os_status	0
TCGA-CN-A63Y	TCGA-HNSC	Alive	16.569681	CENSORED		cbio_os_status	0
TCGA-CN-A640	TCGA-HNSC	Dead	4.405431	CENSORED		cbio_os_status	0
TCGA-CN-A641	TCGA-HNSC	Alive	12.065621	CENSORED		cbio_os_status	0
TCGA-CN-A642	TCGA-HNSC	Dead	2.695861	PROGRESSION		cbio_os_status	0
TCGA-CQ-5323	TCGA-HNSC	Alive	48.196732	CENSORED		cbio_os_status	0
TCGA-CQ-5324	TCGA-HNSC	Alive	52.372029	CENSORED		cbio_os_status	0
TCGA-CQ-5325	TCGA-HNSC	Dead	21.501134	PROGRESSION		cbio_os_status	0
TCGA-CQ-5326	TCGA-HNSC	Dead	2.925995	PROGRESSION		cbio_os_status	0
TCGA-CQ-5329	TCGA-HNSC	Alive	70.454022	CENSORED		cbio_os_status	0
TCGA-CQ-5330	TCGA-HNSC	Alive	62.366440	CENSORED		cbio_os_status	0
TCGA-CQ-5331	TCGA-HNSC	Alive	45.994017	CENSORED		cbio_os_status	0
TCGA-CQ-5332	TCGA-HNSC	Dead	10.421804	CENSORED		cbio_os_status	0
TCGA-CQ-5333	TCGA-HNSC	Dead	11.210836	PROGRESSION		cbio_os_status	0
TCGA-CQ-5334	TCGA-HNSC	Dead	4.241049	PROGRESSION		cbio_os_status	0
TCGA-CQ-6218	TCGA-HNSC	Alive	41.194069	CENSORED		cbio_os_status	0
TCGA-CQ-6219	TCGA-HNSC	Dead	15.747773	PROGRESSION		cbio_os_status	0
TCGA-CQ-6220	TCGA-HNSC	Dead	32.383207	CENSORED		cbio_os_status	0
TCGA-CQ-6222	TCGA-HNSC	Alive	66.278726	CENSORED		cbio_os_status	0
TCGA-CQ-6223	TCGA-HNSC	Alive	46.947431	CENSORED		cbio_os_status	0
TCGA-CQ-6224	TCGA-HNSC	Alive	56.580202	CENSORED		cbio_os_status	0
TCGA-CQ-6225	TCGA-HNSC	Dead	13.249170	PROGRESSION		cbio_os_status	0
TCGA-CQ-6227	TCGA-HNSC	Dead	4.241049	PROGRESSION		cbio_os_status	0
TCGA-CQ-6228	TCGA-HNSC	Dead	14.991617	PROGRESSION		cbio_os_status	0
TCGA-CQ-6229	TCGA-HNSC	Alive	38.761219	CENSORED		cbio_os_status	0
TCGA-CQ-7063	TCGA-HNSC	Alive	70.125259	PROGRESSION		cbio_os_status	0
TCGA-CQ-7064	TCGA-HNSC	Alive	64.865043	CENSORED		cbio_os_status	0
TCGA-CQ-7065	TCGA-HNSC	Alive	53.522701	PROGRESSION		cbio_os_status	0
TCGA-CQ-7067	TCGA-HNSC	Alive	16.734063	CENSORED		cbio_os_status	0
TCGA-CQ-7068	TCGA-HNSC	Alive	43.035145	PROGRESSION		cbio_os_status	0
TCGA-CQ-7069	TCGA-HNSC	Alive	41.884472	CENSORED		cbio_os_status	0
TCGA-CQ-7071	TCGA-HNSC	Alive	43.100898	CENSORED		cbio_os_status	0
TCGA-CQ-7072	TCGA-HNSC	Alive	77.555314	CENSORED		cbio_os_status	0
TCGA-CQ-A4C6	TCGA-HNSC	Alive	44.481704	CENSORED		cbio_os_status	0
TCGA-CQ-A4C7	TCGA-HNSC	Dead				gdc_vital_status	0
TCGA-CQ-A4C9	TCGA-HNSC	Alive	23.243581	PROGRESSION		cbio_os_status	0
TCGA-CQ-A4CA	TCGA-HNSC	Alive		CENSORED		cbio_os_status	0
TCGA-CQ-A4CB	TCGA-HNSC	Alive	29.358582	CENSORED		cbio_os_status	0
TCGA-CQ-A4CD	TCGA-HNSC	Alive	33.599632	CENSORED		cbio_os_status	0
TCGA-CQ-A4CE	TCGA-HNSC	Alive	29.490088	CENSORED		cbio_os_status	0
TCGA-CQ-A4CG	TCGA-HNSC	Dead	14.136831	PROGRESSION		cbio_os_status	0
TCGA-CQ-A4CH	TCGA-HNSC	Dead	12.460137	PROGRESSION		cbio_os_status	0
TCGA-CQ-A4CI	TCGA-HNSC	Alive	31.232534	PROGRESSION		cbio_os_status	0
TCGA-CS-4938	TCGA-LGG	Alive	117.500082	CENSORED		cbio_os_status	0
TCGA-CS-4941	TCGA-LGG	Dead	7.693066	PROGRESSION		cbio_os_status	0
TCGA-CS-4942	TCGA-LGG	Dead	43.889930	PROGRESSION		cbio_os_status	0
TCGA-CS-4943	TCGA-LGG	Dead	36.361245	PROGRESSION		cbio_os_status	0
TCGA-CS-4944	TCGA-LGG	Alive	60.097972	CENSORED		cbio_os_status	0
TCGA-CS-5390	TCGA-LGG	Alive		CENSORED		cbio_os_status	0
TCGA-CS-5393	TCGA-LGG	Alive	40.174902	CENSORED		cbio_os_status	0
TCGA-CS-5394	TCGA-LGG	Alive	0.263011	CENSORED		cbio_os_status	0
TCGA-CS-5395	TCGA-LGG	Dead	21.007989	PROGRESSION		cbio_os_status	0
TCGA-CS-5396	TCGA-LGG	Alive	53.621330	CENSORED		cbio_os_status	0
TCGA-CS-5397	TCGA-LGG	Dead	6.378012	PROGRESSION		cbio_os_status	0
TCGA-CS-6186	TCGA-LGG	Dead	17.687477	PROGRESSION		cbio_os_status	0
TCGA-CS-6188	TCGA-LGG	Dead	26.761351	PROGRESSION		cbio_os_status	0
TCGA-CS-6290	TCGA-LGG	Dead	37.380412	CENSORED		cbio_os_status	0
TCGA-CS-6665	TCGA-LGG	Alive	51.550120	CENSORED		cbio_os_status	0
TCGA-CS-6666	TCGA-LGG	Alive	46.947431	CENSORED		cbio_os_status	0
TCGA-CS-6667	TCGA-LGG	Alive	48.295361	CENSORED		cbio_os_status	0
TCGA-CS-6668	TCGA-LGG	Alive	49.939179	CENSORED		cbio_os_status	0
TCGA-CS-6669	TCGA-LGG	Alive	49.117270	CENSORED		cbio_os_status	0
TCGA-CS-6670	TCGA-LGG	Alive	46.881678	CENSORED		cbio_os_status	0
TCGA-CU-A0YN	TCGA-BLCA	Dead	12.920406	CENSORED		cbio_os_status	0
TCGA-CU-A0YO	TCGA-BLCA	Dead	4.898576	PROGRESSION		cbio_os_status	0
TCGA-CU-A0YR	TCGA-BLCA	Dead	15.123122	PROGRESSION		cbio_os_status	0
TCGA-CU-A3KJ	TCGA-BLCA	Alive	18.476510	PROGRESSION		cbio_os_status	0
TCGA-CU-A3YL	TCGA-BLCA	Alive	29.785975	PROGRESSION		cbio_os_status	0
TCGA-CU-A5W6	TCGA-BLCA	Dead	1.841076	CENSORED		cbio_os_status	0
TCGA-CU-A72E	TCGA-BLCA	Dead	13.577933	PROGRESSION		cbio_os_status	0
TCGA-CV-5430	TCGA-HNSC	Alive	139.428609	PROGRESSION		cbio_os_status	0
TCGA-CV-5431	TCGA-HNSC	Dead	17.161456	CENSORED		cbio_os_status	0
TCGA-CV-5432	TCGA-HNSC	Alive	129.204064	CENSORED		cbio_os_status	0
TCGA-CV-5434	TCGA-HNSC	Dead	108.952231	PROGRESSION		cbio_os_status	0
TCGA-CV-5435	TCGA-HNSC	Dead	76.240260	PROGRESSION		cbio_os_status	0
TCGA-CV-5436	TCGA-HNSC	Dead	19.199790	PROGRESSION		cbio_os_status	0
TCGA-CV-5439	TCGA-HNSC	Dead	17.950488	PROGRESSION		cbio_os_status	0
TCGA-CV-5440	TCGA-HNSC	Alive	107.505671	CENSORED		cbio_os_status	0
TCGA-CV-5441	TCGA-HNSC	Alive	94.881152	CENSORED		cbio_os_status	0
TCGA-CV-5442	TCGA-HNSC	Alive	76.503271	CENSORED		cbio_os_status	0
TCGA-CV-5443	TCGA-HNSC	Alive	91.527764	CENSORED		cbio_os_status	0
TCGA-CV-5444	TCGA-HNSC	Alive	80.119670	CENSORED		cbio_os_status	0
TCGA-CV-5966	TCGA-HNSC	Dead	17.917612	CENSORED		cbio_os_status	0
TCGA-CV-5970	TCGA-HNSC	Dead	13.347799	PROGRESSION		cbio_os_status	0
TCGA-CV-5971	TCGA-HNSC	Alive	23.046323	CENSORED		cbio_os_status	0
TCGA-CV-5973	TCGA-HNSC	Alive	86.826446	CENSORED		cbio_os_status	0
TCGA-CV-5976	TCGA-HNSC	Alive	48.591248	CENSORED		cbio_os_status	0
TCGA-CV-5977	TCGA-HNSC	Alive	60.492488	CENSORED		cbio_os_status	0
TCGA-CV-5978	TCGA-HNSC	Dead	7.068416	PROGRESSION		cbio_os_status	0
TCGA-CV-5979	TCGA-HNSC	Alive	43.232403	CENSORED		cbio_os_status	0
TCGA-CV-6003	TCGA-HNSC	Alive	54.739126	CENSORED		cbio_os_status	0
TCGA-CV-6433	TCGA-HNSC	Alive	21.073742	CENSORED		cbio_os_status	0
TCGA-CV-6436	TCGA-HNSC	Alive	62.432193	CENSORED		cbio_os_status	0
TCGA-CV-6441	TCGA-HNSC	Dead	9.599895	PROGRESSION		cbio_os_status	0
TCGA-CV-6933	TCGA-HNSC	Dead	90.114081	CENSORED		cbio_os_status	0
TCGA-CV-6934	TCGA-HNSC	Dead	2.136963	PROGRESSION		cbio_os_status	0
TCGA-CV-6935	TCGA-HNSC	Dead	9.698524	PROGRESSION		cbio_os_status	0
TCGA-CV-6936	TCGA-HNSC	Dead	5.457474	PROGRESSION		cbio_os_status	0
TCGA-CV-6937	TCGA-HNSC	Dead	20.514844	CENSORED		cbio_os_status	0
TCGA-CV-6938	TCGA-HNSC	Dead	4.734195	CENSORED		cbio_os_status	0
TCGA-CV-6939	TCGA-HNSC	Dead	21.895650	PROGRESSION		cbio_os_status	0
TCGA-CV-6940	TCGA-HNSC	Dead	26.432587	CENSORED		cbio_os_status	0
TCGA-CV-6941	TCGA-HNSC	Dead	11.243712	CENSORED		cbio_os_status	0
TCGA-CV-6942	TCGA-HNSC	Alive	140.776539	CENSORED		cbio_os_status	0
TCGA-CV-6943	TCGA-HNSC	Dead	19.791564	PROGRESSION		cbio_os_status	0
TCGA-CV-6945	TCGA-HNSC	Dead	12.032745	PROGRESSION		cbio_os_status	0
TCGA-CV-6948	TCGA-HNSC	Dead	42.377618	CENSORED		cbio_os_status	0
TCGA-CV-6950	TCGA-HNSC	Dead	15.090246	PROGRESSION		cbio_os_status	0
TCGA-CV-6951	TCGA-HNSC	Dead	30.081862	PROGRESSION		cbio_os_status	0
TCGA-CV-6952	TCGA-HNSC	Dead	6.082125	CENSORED		cbio_os_status	0
TCGA-CV-6953	TCGA-HNSC	Dead	53.950094	PROGRESSION		cbio_os_status	0
TCGA-CV-6954	TCGA-HNSC	Dead	65.818457	CENSORED		cbio_os_status	0
TCGA-CV-6955	TCGA-HNSC	Dead	10.980702	PROGRESSION		cbio_os_status	0
TCGA-CV-6956	TCGA-HNSC	Dead	7.134168	PROGRESSION		cbio_os_status	0
TCGA-CV-6959	TCGA-HNSC	Dead	8.416346	PROGRESSION		cbio_os_status	0
TCGA-CV-6960	TCGA-HNSC	Dead	28.339415	CENSORED		cbio_os_status	0
TCGA-CV-6961	TCGA-HNSC	Dead	2.498603	PROGRESSION		cbio_os_status	0
TCGA-CV-6962	TCGA-HNSC	Dead	4.142420	CENSORED		cbio_os_status	0
TCGA-CV-7089	TCGA-HNSC	Dead	64.832166	CENSORED		cbio_os_status	0
TCGA-CV-7090	TCGA-HNSC	Alive	172.666601	CENSORED		cbio_os_status	0
TCGA-CV-7091	TCGA-HNSC	Alive	111.154946	CENSORED		cbio_os_status	0
TCGA-CV-7095	TCGA-HNSC	Dead	18.805273	CENSORED		cbio_os_status	0
TCGA-CV-7097	TCGA-HNSC	Dead	12.657396	PROGRESSION		cbio_os_status	0
TCGA-CV-7099	TCGA-HNSC	Dead	7.988954	CENSORED		cbio_os_status	0
TCGA-CV-7100	TCGA-HNSC	Dead	9.008120	PROGRESSION		cbio_os_status	0
TCGA-CV-7101	TCGA-HNSC	Dead	5.260216	CENSORED		cbio_os_status	0
TCGA-CV-7102	TCGA-HNSC	Dead	1.841076	CENSORED		cbio_os_status	0
TCGA-CV-7103	TCGA-HNSC	Dead	52.306276	PROGRESSION		cbio_os_status	0
TCGA-CV-7104	TCGA-HNSC	Dead	12.920406	CENSORED		cbio_os_status	0
TCGA-CV-7177	TCGA-HNSC	Dead	21.797021	PROGRESSION		cbio_os_status	0
TCGA-CV-7178	TCGA-HNSC	Dead	71.210179	PROGRESSION		cbio_os_status	0
TCGA-CV-7180	TCGA-HNSC	Dead	10.750567	PROGRESSION		cbio_os_status	0
TCGA-CV-7183	TCGA-HNSC	Alive	130.880757	CENSORED		cbio_os_status	0
TCGA-CV-7235	TCGA-HNSC	Alive	77.160798	CENSORED		cbio_os_status	0
TCGA-CV-7236	TCGA-HNSC	Dead	4.734195	CENSORED		cbio_os_status	0
TCGA-CV-7238	TCGA-HNSC	Alive	89.653812	CENSORED		cbio_os_status	0
TCGA-CV-7242	TCGA-HNSC	Alive	35.999605	CENSORED		cbio_os_status	0
TCGA-CV-7243	TCGA-HNSC	Alive	31.364040	CENSORED		cbio_os_status	0
TCGA-CV-7245	TCGA-HNSC	Alive	26.202453	CENSORED		cbio_os_status	0
TCGA-CV-7247	TCGA-HNSC	Dead	18.969655	PROGRESSION		cbio_os_status	0
TCGA-CV-7248	TCGA-HNSC	Dead	17.128579	CENSORED		cbio_os_status	0
TCGA-CV-7250	TCGA-HNSC	Dead	95.341421	PROGRESSION		cbio_os_status	0
TCGA-CV-7252	TCGA-HNSC	Dead	4.964329	PROGRESSION		cbio_os_status	0
TCGA-CV-7253	TCGA-HNSC	Dead	11.868363	PROGRESSION		cbio_os_status	0
TCGA-CV-7254	TCGA-HNSC	Dead	47.966598	PROGRESSION		cbio_os_status	0
TCGA-CV-7255	TCGA-HNSC	Dead	2.104087	PROGRESSION		cbio_os_status	0
TCGA-CV-7261	TCGA-HNSC	Alive	49.709044	CENSORED		cbio_os_status	0
TCGA-CV-7263	TCGA-HNSC	Dead	18.410757	PROGRESSION		cbio_os_status	0
TCGA-CV-7406	TCGA-HNSC	Dead	57.467863	CENSORED		cbio_os_status	0
TCGA-CV-7407	TCGA-HNSC	Dead	35.539337	CENSORED		cbio_os_status	0
TCGA-CV-7409	TCGA-HNSC	Dead	17.851859	CENSORED		cbio_os_status	0
TCGA-CV-7410	TCGA-HNSC	Dead	210.967551	PROGRESSION		cbio_os_status	0
TCGA-CV-7411	TCGA-HNSC	Dead	89.325048	CENSORED		cbio_os_status	0
TCGA-CV-7413	TCGA-HNSC	Dead	9.665647	CENSORED		cbio_os_status	0
TCGA-CV-7414	TCGA-HNSC	Dead	0.460269	CENSORED		cbio_os_status	0
TCGA-CV-7415	TCGA-HNSC	Dead	22.849065	PROGRESSION		cbio_os_status	0
TCGA-CV-7416	TCGA-HNSC	Dead	25.084657	CENSORED		cbio_os_status	0
TCGA-CV-7418	TCGA-HNSC	Dead	25.939442	PROGRESSION		cbio_os_status	0
TCGA-CV-7421	TCGA-HNSC	Dead	0.065753	CENSORED		cbio_os_status	0
TCGA-CV-7422	TCGA-HNSC	Dead	34.092777	PROGRESSION		cbio_os_status	0
TCGA-CV-7423	TCGA-HNSC	Dead	100.568761	CENSORED		cbio_os_status	0
TCGA-CV-7424	TCGA-HNSC	Dead	14.892987	PROGRESSION		cbio_os_status	0
TCGA-CV-7425	TCGA-HNSC	Dead	56.481573	PROGRESSION		cbio_os_status	0
TCGA-CV-7427	TCGA-HNSC	Dead	156.491436	PROGRESSION		cbio_os_status	0
TCGA-CV-7428	TCGA-HNSC	Dead	54.936384	PROGRESSION		cbio_os_status	0
TCGA-CV-7429	TCGA-HNSC	Dead	3.517770	PROGRESSION		cbio_os_status	0
TCGA-CV-7430	TCGA-HNSC	Dead	16.273794	PROGRESSION		cbio_os_status	0
TCGA-CV-7432	TCGA-HNSC	Dead	84.492225	PROGRESSION		cbio_os_status	0
TCGA-CV-7433	TCGA-HNSC	Dead	19.758688	PROGRESSION		cbio_os_status	0
TCGA-CV-7434	TCGA-HNSC	Dead	7.167045	CENSORED		cbio_os_status	0
TCGA-CV-7435	TCGA-HNSC	Dead	153.861328	CENSORED		cbio_os_status	0
TCGA-CV-7437	TCGA-HNSC	Dead	16.635434	PROGRESSION		cbio_os_status	0
TCGA-CV-7438	TCGA-HNSC	Dead	6.378012	PROGRESSION		cbio_os_status	0
TCGA-CV-7440	TCGA-HNSC	Dead	22.191538	CENSORED		cbio_os_status	0
TCGA-CV-7446	TCGA-HNSC	Dead	35.933853	PROGRESSION		cbio_os_status	0
TCGA-CV-7568	TCGA-HNSC	Dead	30.476378	CENSORED		cbio_os_status	0
TCGA-CV-A45O	TCGA-HNSC	Alive	27.977776	CENSORED		cbio_os_status	0
TCGA-CV-A45P	TCGA-HNSC	Alive	21.007989	PROGRESSION		cbio_os_status	0
TCGA-CV-A45Q	TCGA-HNSC	Dead	169.378966	CENSORED		cbio_os_status	0
TCGA-CV-A45R	TCGA-HNSC	Alive	180.162409	CENSORED		cbio_os_status	0
TCGA-CV-A45T	TCGA-HNSC	Dead	159.647566	CENSORED		cbio_os_status	0
TCGA-CV-A45U	TCGA-HNSC	Dead	35.473584	PROGRESSION		cbio_os_status	0
TCGA-CV-A45V	TCGA-HNSC	Dead	1.052043	CENSORED		cbio_os_status	0
TCGA-CV-A45W	TCGA-HNSC	Dead	45.961140	CENSORED		cbio_os_status	0
TCGA-CV-A45X	TCGA-HNSC	Dead	6.509518	CENSORED		cbio_os_status	0
TCGA-CV-A45Y	TCGA-HNSC	Dead	88.864780	PROGRESSION		cbio_os_status	0
TCGA-CV-A45Z	TCGA-HNSC	Dead	48.196732	PROGRESSION		cbio_os_status	0
TCGA-CV-A460	TCGA-HNSC	Dead	60.426735	PROGRESSION		cbio_os_status	0
TCGA-CV-A461	TCGA-HNSC	Dead	67.856791	CENSORED		cbio_os_status	0
TCGA-CV-A463	TCGA-HNSC	Dead	0.756156	CENSORED		cbio_os_status	0
TCGA-CV-A464	TCGA-HNSC	Alive	56.613078	PROGRESSION		cbio_os_status	0
TCGA-CV-A465	TCGA-HNSC	Dead	7.068416	CENSORED		cbio_os_status	0
TCGA-CV-A468	TCGA-HNSC	Dead	15.254627	CENSORED		cbio_os_status	0
TCGA-CV-A6JD	TCGA-HNSC	Dead	5.983496	CENSORED		cbio_os_status	0
TCGA-CV-A6JE	TCGA-HNSC	Alive	35.342078	CENSORED		cbio_os_status	0
TCGA-CV-A6JM	TCGA-HNSC	Dead	6.378012	PROGRESSION		cbio_os_status	0
TCGA-CV-A6JN	TCGA-HNSC	Alive	29.785975	CENSORED		cbio_os_status	0
TCGA-CV-A6JO	TCGA-HNSC	Dead	6.476641	PROGRESSION		cbio_os_status	0
TCGA-CV-A6JT	TCGA-HNSC	Alive	28.010652	CENSORED		cbio_os_status	0
TCGA-CV-A6JU	TCGA-HNSC	Alive	3.616399	CENSORED		cbio_os_status	0
TCGA-CV-A6JY	TCGA-HNSC	Alive	21.238123	CENSORED		cbio_os_status	0
TCGA-CV-A6JZ	TCGA-HNSC	Alive	23.473715	PROGRESSION		cbio_os_status	0
TCGA-CV-A6K0	TCGA-HNSC	Alive	19.923069	PROGRESSION		cbio_os_status	0
TCGA-CV-A6K1	TCGA-HNSC	Alive	22.520301	PROGRESSION		cbio_os_status	0
TCGA-CV-A6K2	TCGA-HNSC	Dead	10.421804	PROGRESSION		cbio_os_status	0
TCGA-CX-7082	TCGA-HNSC	Dead				gdc_vital_status	0
TCGA-CX-7085	TCGA-HNSC	Alive	10.553309	PROGRESSION		cbio_os_status	0
TCGA-CX-7086	TCGA-HNSC	Alive	18.838150	CENSORED		cbio_os_status	0
TCGA-CX-7219	TCGA-HNSC	Alive	34.355788	CENSORED		cbio_os_status	0
TCGA-CX-A4AQ	TCGA-HNSC	Alive	51.122727	CENSORED		cbio_os_status	0
TCGA-CZ-4853	TCGA-KIRC	Alive	25.446296	CENSORED		cbio_os_status	0
TCGA-CZ-4854	TCGA-KIRC	Dead	46.158398	CENSORED		cbio_os_status	0
TCGA-CZ-4856	TCGA-KIRC	Alive	0.591774	CENSORED		cbio_os_status	0
TCGA-CZ-4857	TCGA-KIRC	Dead	47.078936	PROGRESSION		cbio_os_status	0
TCGA-CZ-4858	TCGA-KIRC	Dead	69.204721	PROGRESSION		cbio_os_status	0
TCGA-CZ-4859	TCGA-KIRC	Alive	58.750041	CENSORED		cbio_os_status	0
TCGA-CZ-4860	TCGA-KIRC	Dead	6.772529	PROGRESSION		cbio_os_status	0
TCGA-CZ-4861	TCGA-KIRC	Dead	14.662853	PROGRESSION		cbio_os_status	0
TCGA-CZ-4862	TCGA-KIRC	Alive	107.538548	CENSORED		cbio_os_status	0
TCGA-CZ-4863	TCGA-KIRC	Alive	63.385607	CENSORED		cbio_os_status	0
TCGA-CZ-4864	TCGA-KIRC	Dead	93.040076	CENSORED		cbio_os_status	0
TCGA-CZ-4865	TCGA-KIRC	Dead				gdc_vital_status	0
TCGA-CZ-4866	TCGA-KIRC	Alive	107.407042	CENSORED		cbio_os_status	0
TCGA-CZ-5451	TCGA-KIRC	Alive	63.418483	CENSORED		cbio_os_status	0
TCGA-CZ-5452	TCGA-KIRC	Alive	58.815794	CENSORED		cbio_os_status	0
TCGA-CZ-5453	TCGA-KIRC	Dead	79.527896	CENSORED		cbio_os_status	0
TCGA-CZ-5454	TCGA-KIRC	Dead	23.736726	PROGRESSION		cbio_os_status	0
TCGA-CZ-5455	TCGA-KIRC	Dead	18.443633	PROGRESSION		cbio_os_status	0
TCGA-CZ-5456	TCGA-KIRC	Alive	79.626525	PROGRESSION		cbio_os_status	0
TCGA-CZ-5457	TCGA-KIRC	Alive	90.541474	PROGRESSION		cbio_os_status	0
TCGA-CZ-5458	TCGA-KIRC	Alive	91.692146	CENSORED		cbio_os_status	0
TCGA-CZ-5459	TCGA-KIRC	Alive	55.330900	CENSORED		cbio_os_status	0
TCGA-CZ-5460	TCGA-KIRC	Alive	94.453759	CENSORED		cbio_os_status	0
TCGA-CZ-5461	TCGA-KIRC	Dead	10.849196	PROGRESSION		cbio_os_status	0
TCGA-CZ-5462	TCGA-KIRC	Dead	10.224545	PROGRESSION		cbio_os_status	0
TCGA-CZ-5463	TCGA-KIRC	Alive	21.764145	CENSORED		cbio_os_status	0
TCGA-CZ-5464	TCGA-KIRC	Alive	69.960877	CENSORED		cbio_os_status	0
TCGA-CZ-5465	TCGA-KIRC	Dead	84.294967	CENSORED		cbio_os_status	0
TCGA-CZ-5466	TCGA-KIRC	Alive	22.520301	CENSORED		cbio_os_status	0
TCGA-CZ-5467	TCGA-KIRC	Dead	2.399974	PROGRESSION		cbio_os_status	0
TCGA-CZ-5468	TCGA-KIRC	Dead	1.939705	PROGRESSION		cbio_os_status	0
TCGA-CZ-5469	TCGA-KIRC	Dead	31.101029	PROGRESSION		cbio_os_status	0
TCGA-CZ-5470	TCGA-KIRC	Alive	12.690272	CENSORED		cbio_os_status	0
TCGA-CZ-5982	TCGA-KIRC	Alive	80.185423	CENSORED		cbio_os_status	0
TCGA-CZ-5984	TCGA-KIRC	Alive	67.955420	CENSORED		cbio_os_status	0
TCGA-CZ-5985	TCGA-KIRC	Alive	65.654075	CENSORED		cbio_os_status	0
TCGA-CZ-5986	TCGA-KIRC	Alive	12.262879	CENSORED		cbio_os_status	0
TCGA-CZ-5987	TCGA-KIRC	Dead	14.629977	PROGRESSION		cbio_os_status	0
TCGA-CZ-5988	TCGA-KIRC	Alive	22.783312	CENSORED		cbio_os_status	0
TCGA-CZ-5989	TCGA-KIRC	Alive	62.629451	CENSORED		cbio_os_status	0
TCGA-D1-A0ZN	TCGA-UCEC	Alive	16.832692	PROGRESSION		cbio_os_status	0
TCGA-D1-A0ZO	TCGA-UCEC	Alive	19.791564	CENSORED		cbio_os_status	0
TCGA-D1-A0ZP	TCGA-UCEC	Alive	29.950357	PROGRESSION		cbio_os_status	0
TCGA-D1-A0ZQ	TCGA-UCEC	Alive	8.547852	CENSORED		cbio_os_status	0
TCGA-D1-A0ZR	TCGA-UCEC	Alive	0.558898	CENSORED		cbio_os_status	0
TCGA-D1-A0ZS	TCGA-UCEC	Alive	4.865700	CENSORED		cbio_os_status	0
TCGA-D1-A0ZU	TCGA-UCEC	Alive	28.668179	CENSORED		cbio_os_status	0
TCGA-D1-A0ZV	TCGA-UCEC	Alive	23.933984	CENSORED		cbio_os_status	0
TCGA-D1-A0ZZ	TCGA-UCEC	Alive	22.553177	CENSORED		cbio_os_status	0
TCGA-D1-A101	TCGA-UCEC	Alive	1.742447	CENSORED		cbio_os_status	0
TCGA-D1-A102	TCGA-UCEC	Alive	4.438308	CENSORED		cbio_os_status	0
TCGA-D1-A103	TCGA-UCEC	Alive	21.994280	CENSORED		cbio_os_status	0
TCGA-D1-A15V	TCGA-UCEC	Alive	39.484499	CENSORED		cbio_os_status	0
TCGA-D1-A15W	TCGA-UCEC	Alive	30.081862	CENSORED		cbio_os_status	0
TCGA-D1-A15X	TCGA-UCEC	Alive	29.884604	CENSORED		cbio_os_status	0
TCGA-D1-A15Z	TCGA-UCEC	Dead	1.906828	CENSORED		cbio_os_status	0
TCGA-D1-A160	TCGA-UCEC	Alive	3.682151	CENSORED		cbio_os_status	0
TCGA-D1-A161	TCGA-UCEC	Alive	29.325706	CENSORED		cbio_os_status	0
TCGA-D1-A162	TCGA-UCEC	Alive				gdc_vital_status	0
TCGA-D1-A163	TCGA-UCEC	Alive	32.580465	PROGRESSION		cbio_os_status	0
TCGA-D1-A165	TCGA-UCEC	Alive	0.657527	CENSORED		cbio_os_status	0
TCGA-D1-A167	TCGA-UCEC	Alive	15.714896	CENSORED		cbio_os_status	0
TCGA-D1-A168	TCGA-UCEC	Alive	36.098235	CENSORED		cbio_os_status	0
TCGA-D1-A169	TCGA-UCEC	Alive	37.314660	PROGRESSION		cbio_os_status	0
TCGA-D1-A16B	TCGA-UCEC	Alive	36.361245	CENSORED		cbio_os_status	0
TCGA-D1-A16D	TCGA-UCEC	Alive	37.511918	CENSORED		cbio_os_status	0
TCGA-D1-A16E	TCGA-UCEC	Alive	36.788638	CENSORED		cbio_os_status	0
TCGA-D1-A16F	TCGA-UCEC	Alive	2.630108	CENSORED		cbio_os_status	0
TCGA-D1-A16G	TCGA-UCEC	Dead	27.418878	PROGRESSION		cbio_os_status	0
TCGA-D1-A16I	TCGA-UCEC	Dead	11.506723	CENSORED		cbio_os_status	0
TCGA-D1-A16J	TCGA-UCEC	Alive	29.917480	CENSORED		cbio_os_status	0
TCGA-D1-A16N	TCGA-UCEC	Alive	31.068153	CENSORED		cbio_os_status	0
TCGA-D1-A16O	TCGA-UCEC	Alive	33.632508	CENSORED		cbio_os_status	0
TCGA-D1-A16Q	TCGA-UCEC	Alive	10.651938	CENSORED		cbio_os_status	0
TCGA-D1-A16R	TCGA-UCEC	Alive	0.690403	CENSORED		cbio_os_status	0
TCGA-D1-A16S	TCGA-UCEC	Alive	18.673768	CENSORED		cbio_os_status	0
TCGA-D1-A16V	TCGA-UCEC	Dead	3.945162	CENSORED		cbio_os_status	0
TCGA-D1-A16X	TCGA-UCEC	Alive	3.649275	CENSORED		cbio_os_status	0
TCGA-D1-A16Y	TCGA-UCEC	Alive	17.490219	CENSORED		cbio_os_status	0
TCGA-D1-A174	TCGA-UCEC	Alive	19.528553	CENSORED		cbio_os_status	0
TCGA-D1-A175	TCGA-UCEC	Alive	6.641023	CENSORED		cbio_os_status	0
TCGA-D1-A176	TCGA-UCEC	Alive	30.147615	CENSORED		cbio_os_status	0
TCGA-D1-A177	TCGA-UCEC	Alive	18.016241	PROGRESSION		cbio_os_status	0
TCGA-D1-A179	TCGA-UCEC	Dead	14.728606	PROGRESSION		cbio_os_status	0
TCGA-D1-A17A	TCGA-UCEC	Alive	1.578065	CENSORED		cbio_os_status	0
TCGA-D1-A17B	TCGA-UCEC	Alive	7.002663	CENSORED		cbio_os_status	0
TCGA-D1-A17C	TCGA-UCEC	Alive	0.986291	CENSORED		cbio_os_status	0
TCGA-D1-A17D	TCGA-UCEC	Alive	30.443502	CENSORED		cbio_os_status	0
TCGA-D1-A17F	TCGA-UCEC	Alive	1.282178	CENSORED		cbio_os_status	0
TCGA-D1-A17H	TCGA-UCEC	Alive	28.010652	CENSORED		cbio_os_status	0
TCGA-D1-A17K	TCGA-UCEC	Alive	28.076405	PROGRESSION		cbio_os_status	0
TCGA-D1-A17L	TCGA-UCEC	Alive	26.366834	CENSORED		cbio_os_status	0
TCGA-D1-A17M	TCGA-UCEC	Alive	10.224545	CENSORED		cbio_os_status	0
TCGA-D1-A17N	TCGA-UCEC	Alive	1.512312	CENSORED		cbio_os_status	0
TCGA-D1-A17Q	TCGA-UCEC	Alive	1.775323	CENSORED		cbio_os_status	0
TCGA-D1-A17R	TCGA-UCEC	Dead	11.145083	CENSORED		cbio_os_status	0
TCGA-D1-A17S	TCGA-UCEC	Alive	24.295624	CENSORED		cbio_os_status	0
TCGA-D1-A17T	TCGA-UCEC	Alive	2.334221	CENSORED		cbio_os_status	0
TCGA-D1-A17U	TCGA-UCEC	Alive	22.914817	CENSORED		cbio_os_status	0
TCGA-D1-A1NS	TCGA-UCEC	Alive	1.413683	CENSORED		cbio_os_status	0
TCGA-D1-A1NU	TCGA-UCEC	Alive	13.216294	CENSORED		cbio_os_status	0
TCGA-D1-A1NW	TCGA-UCEC	Alive	0.723280	CENSORED		cbio_os_status	0
TCGA-D1-A1NX	TCGA-UCEC	Alive	18.246375	PROGRESSION		cbio_os_status	0
TCGA-D1-A1NY	TCGA-UCEC	Alive	16.865569	CENSORED		cbio_os_status	0
TCGA-D1-A1NZ	TCGA-UCEC	Alive	18.016241	CENSORED		cbio_os_status	0
TCGA-D1-A1O0	TCGA-UCEC	Alive	2.071210	CENSORED		cbio_os_status	0
TCGA-D1-A1O5	TCGA-UCEC	Alive	15.057369	CENSORED		cbio_os_status	0
TCGA-D1-A1O7	TCGA-UCEC	Alive	1.052043	CENSORED		cbio_os_status	0
TCGA-D1-A1O8	TCGA-UCEC	Dead	3.945162	CENSORED		cbio_os_status	0
TCGA-D1-A2G0	TCGA-UCEC	Alive	48.788506	CENSORED		cbio_os_status	0
TCGA-D1-A2G5	TCGA-UCEC	Alive	47.835092	PROGRESSION		cbio_os_status	0
TCGA-D1-A2G6	TCGA-UCEC	Dead	8.482099	PROGRESSION		cbio_os_status	0
TCGA-D1-A2G7	TCGA-UCEC	Dead	58.947299	CENSORED		cbio_os_status	0
TCGA-D1-A3DA	TCGA-UCEC	Alive	15.879278	CENSORED		cbio_os_status	0
TCGA-D1-A3DG	TCGA-UCEC	Dead	4.273926	CENSORED		cbio_os_status	0
TCGA-D1-A3DH	TCGA-UCEC	Alive	18.838150	CENSORED		cbio_os_status	0
TCGA-D1-A3JP	TCGA-UCEC	Alive				gdc_vital_status	0
TCGA-D1-A3JQ	TCGA-UCEC	Alive	17.292961	CENSORED		cbio_os_status	0
TCGA-D3-A1Q1	TCGA-SKCM	Dead	16.569681	PROGRESSION		cbio_os_status	0
TCGA-D3-A1Q4	TCGA-SKCM	Alive	112.042608	CENSORED		cbio_os_status	0
TCGA-D3-A1Q5	TCGA-SKCM	Dead	112.568629	PROGRESSION		cbio_os_status	0
TCGA-D3-A1Q6	TCGA-SKCM	Dead	71.801953	PROGRESSION		cbio_os_status	0
TCGA-D3-A1Q7	TCGA-SKCM	Alive	133.247855	PROGRESSION		cbio_os_status	0
TCGA-D3-A1Q8	TCGA-SKCM	Dead	28.076405	PROGRESSION		cbio_os_status	0
TCGA-D3-A1Q9	TCGA-SKCM	Dead	31.594174	PROGRESSION		cbio_os_status	0
TCGA-D3-A1QA	TCGA-SKCM	Alive	90.903113	PROGRESSION		cbio_os_status	0
TCGA-D3-A1QB	TCGA-SKCM	Alive	95.735937	PROGRESSION		cbio_os_status	0
TCGA-D3-A2J6	TCGA-SKCM	Dead	43.429661	PROGRESSION		cbio_os_status	0
TCGA-D3-A2J7	TCGA-SKCM	Dead	103.100240	PROGRESSION		cbio_os_status	0
TCGA-D3-A2J8	TCGA-SKCM	Dead	65.489693	PROGRESSION		cbio_os_status	0
TCGA-D3-A2J9	TCGA-SKCM	Dead	23.769603	PROGRESSION		cbio_os_status	0
TCGA-D3-A2JA	TCGA-SKCM	Alive	115.527501	PROGRESSION		cbio_os_status	0
TCGA-D3-A2JB	TCGA-SKCM	Dead				gdc_vital_status	0
TCGA-D3-A2JC	TCGA-SKCM	Alive	86.760693	CENSORED		cbio_os_status	0
TCGA-D3-A2JD	TCGA-SKCM	Dead	11.868363	PROGRESSION		cbio_os_status	0
TCGA-D3-A2JE	TCGA-SKCM	Dead	27.649012	PROGRESSION		cbio_os_status	0
TCGA-D3-A2JF	TCGA-SKCM	Alive	62.070553	PROGRESSION		cbio_os_status	0
TCGA-D3-A2JG	TCGA-SKCM	Dead	113.522044	PROGRESSION		cbio_os_status	0
TCGA-D3-A2JH	TCGA-SKCM	Alive	42.081731	PROGRESSION		cbio_os_status	0
TCGA-D3-A2JK	TCGA-SKCM	Dead	12.098498	PROGRESSION		cbio_os_status	0
TCGA-D3-A2JL	TCGA-SKCM	Alive	171.581681	PROGRESSION		cbio_os_status	0
TCGA-D3-A2JN	TCGA-SKCM	Dead	66.475984	CENSORED		cbio_os_status	0
TCGA-D3-A2JO	TCGA-SKCM	Alive	66.081468	PROGRESSION		cbio_os_status	0
TCGA-D3-A2JP	TCGA-SKCM	Alive	59.571950	PROGRESSION		cbio_os_status	0
TCGA-D3-A3BZ	TCGA-SKCM	Alive	130.716376	PROGRESSION		cbio_os_status	0
TCGA-D3-A3C1	TCGA-SKCM	Alive		CENSORED		cbio_os_status	0
TCGA-D3-A3C3	TCGA-SKCM	Alive		CENSORED		cbio_os_status	0
TCGA-D3-A3C6	TCGA-SKCM	Dead	58.059638	PROGRESSION		cbio_os_status	0
TCGA-D3-A3C7	TCGA-SKCM	Alive	46.980307	CENSORED		cbio_os_status	0
TCGA-D3-A3C8	TCGA-SKCM	Alive	46.322780	PROGRESSION		cbio_os_status	0
TCGA-D3-A3CB	TCGA-SKCM	Alive	166.518723	CENSORED		cbio_os_status	0
TCGA-D3-A3CC	TCGA-SKCM	Alive	86.925075	PROGRESSION		cbio_os_status	0
TCGA-D3-A3CE	TCGA-SKCM	Dead	60.229477	PROGRESSION		cbio_os_status	0
TCGA-D3-A3CF	TCGA-SKCM	Dead	24.525759	PROGRESSION		cbio_os_status	0
TCGA-D3-A3MO	TCGA-SKCM	Dead	9.336884	PROGRESSION		cbio_os_status	0
TCGA-D3-A3MR	TCGA-SKCM	Alive	103.593385	PROGRESSION		cbio_os_status	0
TCGA-D3-A3MV	TCGA-SKCM	Alive	45.303613	PROGRESSION		cbio_os_status	0
TCGA-D3-A51E	TCGA-SKCM	Alive	174.836440	CENSORED		cbio_os_status	0
TCGA-D3-A51F	TCGA-SKCM	Alive	55.725417	CENSORED		cbio_os_status	0
TCGA-D3-A51G	TCGA-SKCM	Alive				gdc_vital_status	0
TCGA-D3-A51H	TCGA-SKCM	Alive	56.350067	PROGRESSION		cbio_os_status	0
TCGA-D3-A51J	TCGA-SKCM	Alive	145.116218	PROGRESSION		cbio_os_status	0
TCGA-D3-A51K	TCGA-SKCM	Alive	32.942105	CENSORED		cbio_os_status	0
TCGA-D3-A51N	TCGA-SKCM	Alive	22.618930	PROGRESSION		cbio_os_status	0
TCGA-D3-A51R	TCGA-SKCM	Alive	63.812999	PROGRESSION		cbio_os_status	0
TCGA-D3-A51T	TCGA-SKCM	Alive	26.892856	PROGRESSION		cbio_os_status	0
TCGA-D3-A5GL	TCGA-SKCM	Alive	125.784923	PROGRESSION		cbio_os_status	0
TCGA-D3-A5GN	TCGA-SKCM	Alive	135.746458	PROGRESSION		cbio_os_status	0
TCGA-D3-A5GO	TCGA-SKCM	Alive	137.916297	PROGRESSION		cbio_os_status	0
TCGA-D3-A5GR	TCGA-SKCM	Alive	178.321333	PROGRESSION		cbio_os_status	0
TCGA-D3-A5GS	TCGA-SKCM	Alive	18.180623	PROGRESSION		cbio_os_status	0
TCGA-D3-A5GT	TCGA-SKCM	Alive				gdc_vital_status	0
TCGA-D3-A5GU	TCGA-SKCM	Alive	125.193149	PROGRESSION		cbio_os_status	0
TCGA-D3-A8GB	TCGA-SKCM	Dead	30.838018	PROGRESSION		cbio_os_status	0
TCGA-D3-A8GC	TCGA-SKCM	Dead	79.593648	PROGRESSION		cbio_os_status	0
TCGA-D3-A8GD	TCGA-SKCM	Alive	23.605221	PROGRESSION		cbio_os_status	0
TCGA-D3-A8GE	TCGA-SKCM	Alive	26.432587	PROGRESSION		cbio_os_status	0
TCGA-D3-A8GI	TCGA-SKCM	Dead	58.519907	PROGRESSION		cbio_os_status	0
TCGA-D3-A8GJ	TCGA-SKCM	Alive	241.378177	PROGRESSION		cbio_os_status	0
TCGA-D3-A8GK	TCGA-SKCM	Alive	170.200875	PROGRESSION		cbio_os_status	0
TCGA-D3-A8GL	TCGA-SKCM	Dead	89.127790	PROGRESSION		cbio_os_status	0
TCGA-D3-A8GM	TCGA-SKCM	Dead	107.144031	CENSORED		cbio_os_status	0
TCGA-D3-A8GN	TCGA-SKCM	Alive	160.995496	PROGRESSION		cbio_os_status	0
TCGA-D3-A8GO	TCGA-SKCM	Dead		PROGRESSION		cbio_os_status	0
TCGA-D3-A8GP	TCGA-SKCM	Alive	152.743532	PROGRESSION		cbio_os_status	0
TCGA-D3-A8GQ	TCGA-SKCM	Dead	29.062695	PROGRESSION		cbio_os_status	0
TCGA-D3-A8GR	TCGA-SKCM	Dead				gdc_vital_status	0
TCGA-D3-A8GS	TCGA-SKCM	Dead	117.171319	PROGRESSION		cbio_os_status	0
TCGA-D3-A8GV	TCGA-SKCM	Dead	167.702272	PROGRESSION		cbio_os_status	0
TCGA-D5-5537	TCGA-COAD	Dead	45.402242	PROGRESSION		cbio_os_status	0
TCGA-D5-5538	TCGA-COAD	Dead	54.607621	PROGRESSION		cbio_os_status	0
TCGA-D5-5539	TCGA-COAD	Alive	19.594306	PROGRESSION		cbio_os_status	0
TCGA-D5-5540	TCGA-COAD	Alive	56.087057	CENSORED		cbio_os_status	0
TCGA-D5-5541	TCGA-COAD	Alive	55.922675	CENSORED		cbio_os_status	0
TCGA-D5-6529	TCGA-COAD	Alive	20.186080	PROGRESSION		cbio_os_status	0
TCGA-D5-6530	TCGA-COAD	Alive	20.416215	CENSORED		cbio_os_status	0
TCGA-D5-6531	TCGA-COAD	Alive	17.753230	CENSORED		cbio_os_status	0
TCGA-D5-6532	TCGA-COAD	Alive	18.246375	CENSORED		cbio_os_status	0
TCGA-D5-6533	TCGA-COAD	Alive	25.479173	CENSORED		cbio_os_status	0
TCGA-D5-6534	TCGA-COAD	Alive	43.265279	CENSORED		cbio_os_status	0
TCGA-D5-6535	TCGA-COAD	Alive	15.123122	CENSORED		cbio_os_status	0
TCGA-D5-6536	TCGA-COAD	Alive	17.851859	PROGRESSION		cbio_os_status	0
TCGA-D5-6537	TCGA-COAD	Dead	4.799947	PROGRESSION		cbio_os_status	0
TCGA-D5-6538	TCGA-COAD	Alive	17.128579	CENSORED		cbio_os_status	0
TCGA-D5-6539	TCGA-COAD	Alive	12.493014	CENSORED		cbio_os_status	0
TCGA-D5-6540	TCGA-COAD	Alive	16.142289	CENSORED		cbio_os_status	0
TCGA-D5-6541	TCGA-COAD	Alive	15.583391	CENSORED		cbio_os_status	0
TCGA-D5-6898	TCGA-COAD	Alive	7.528685	CENSORED		cbio_os_status	0
TCGA-D5-6920	TCGA-COAD	Alive	12.394385	CENSORED		cbio_os_status	0
TCGA-D5-6922	TCGA-COAD	Alive	10.125916	CENSORED		cbio_os_status	0
TCGA-D5-6923	TCGA-COAD	Alive	12.427261	CENSORED		cbio_os_status	0
TCGA-D5-6924	TCGA-COAD	Alive	14.301213	CENSORED		cbio_os_status	0
TCGA-D5-6926	TCGA-COAD	Alive	9.040997	CENSORED		cbio_os_status	0
TCGA-D5-6927	TCGA-COAD	Alive	9.435513	CENSORED		cbio_os_status	0
TCGA-D5-6928	TCGA-COAD	Alive	11.638229	CENSORED		cbio_os_status	0
TCGA-D5-6929	TCGA-COAD	Alive	13.413552	CENSORED		cbio_os_status	0
TCGA-D5-6930	TCGA-COAD	Alive	13.347799	CENSORED		cbio_os_status	0
TCGA-D5-6931	TCGA-COAD	Alive	11.999868	CENSORED		cbio_os_status	0
TCGA-D5-6932	TCGA-COAD	Alive	11.375218	CENSORED		cbio_os_status	0
TCGA-D5-7000	TCGA-COAD	Alive	10.257422	CENSORED		cbio_os_status	0
TCGA-D6-6515	TCGA-HNSC	Dead	13.249170	PROGRESSION		cbio_os_status	0
TCGA-D6-6516	TCGA-HNSC	Alive	25.413420	CENSORED		cbio_os_status	0
TCGA-D6-6517	TCGA-HNSC	Alive	9.599895	PROGRESSION		cbio_os_status	0
TCGA-D6-6823	TCGA-HNSC	Alive	23.046323	CENSORED		cbio_os_status	0
TCGA-D6-6824	TCGA-HNSC	Alive	2.531479	CENSORED		cbio_os_status	0
TCGA-D6-6825	TCGA-HNSC	Alive	16.142289	CENSORED		cbio_os_status	0
TCGA-D6-6826	TCGA-HNSC	Dead	11.440971	CENSORED		cbio_os_status	0
TCGA-D6-6827	TCGA-HNSC	Alive	18.673768	CENSORED		cbio_os_status	0
TCGA-D6-8568	TCGA-HNSC	Alive	24.953151	CENSORED		cbio_os_status	0
TCGA-D6-8569	TCGA-HNSC	Alive	25.314791	CENSORED		cbio_os_status	0
TCGA-D6-A4Z9	TCGA-HNSC	Alive	17.720354	CENSORED		cbio_os_status	0
TCGA-D6-A4ZB	TCGA-HNSC	Alive	12.361508	CENSORED		cbio_os_status	0
TCGA-D6-A6EK	TCGA-HNSC	Alive	28.766808	CENSORED		cbio_os_status	0
TCGA-D6-A6EM	TCGA-HNSC	Alive	7.627314	PROGRESSION		cbio_os_status	0
TCGA-D6-A6EN	TCGA-HNSC	Alive	22.586054	CENSORED		cbio_os_status	0
TCGA-D6-A6EO	TCGA-HNSC	Alive	24.953151	CENSORED		cbio_os_status	0
TCGA-D6-A6EP	TCGA-HNSC	Alive	13.939573	CENSORED		cbio_os_status	0
TCGA-D6-A6EQ	TCGA-HNSC	Alive	12.098498	CENSORED		cbio_os_status	0
TCGA-D6-A6ES	TCGA-HNSC	Alive	12.788901	CENSORED		cbio_os_status	0
TCGA-D6-A74Q	TCGA-HNSC	Alive	23.342210	CENSORED		cbio_os_status	0
TCGA-D7-5577	TCGA-STAD	Dead	25.709307	PROGRESSION		cbio_os_status	0
TCGA-D7-5578	TCGA-STAD	Alive	12.657396	CENSORED		cbio_os_status	0
TCGA-D7-5579	TCGA-STAD	Alive	20.909360	CENSORED		cbio_os_status	0
TCGA-D7-6518	TCGA-STAD	Alive	19.134037	CENSORED		cbio_os_status	0
TCGA-D7-6519	TCGA-STAD	Alive	20.547720	PROGRESSION		cbio_os_status	0
TCGA-D7-6520	TCGA-STAD	Alive	18.838150	PROGRESSION		cbio_os_status	0
TCGA-D7-6521	TCGA-STAD	Alive	18.542263	PROGRESSION		cbio_os_status	0
TCGA-D7-6522	TCGA-STAD	Alive	18.608015	CENSORED		cbio_os_status	0
TCGA-D7-6524	TCGA-STAD	Alive	17.851859	PROGRESSION		cbio_os_status	0
TCGA-D7-6525	TCGA-STAD	Dead	13.347799	PROGRESSION		cbio_os_status	0
TCGA-D7-6526	TCGA-STAD	Alive	17.194332	CENSORED		cbio_os_status	0
TCGA-D7-6527	TCGA-STAD	Dead	10.257422	PROGRESSION		cbio_os_status	0
TCGA-D7-6528	TCGA-STAD	Alive	15.221751	CENSORED		cbio_os_status	0
TCGA-D7-6815	TCGA-STAD	Alive	15.977907	CENSORED		cbio_os_status	0
TCGA-D7-6817	TCGA-STAD	Alive	12.788901	CENSORED		cbio_os_status	0
TCGA-D7-6818	TCGA-STAD	Dead	12.361508	PROGRESSION		cbio_os_status	0
TCGA-D7-6820	TCGA-STAD	Alive	11.309465	CENSORED		cbio_os_status	0
TCGA-D7-6822	TCGA-STAD	Alive	12.328632	CENSORED		cbio_os_status	0
TCGA-D7-8570	TCGA-STAD	Alive	24.723017	CENSORED		cbio_os_status	0
TCGA-D7-8572	TCGA-STAD	Alive	16.799816	CENSORED		cbio_os_status	0
TCGA-D7-8573	TCGA-STAD	Alive	19.495677	CENSORED		cbio_os_status	0
TCGA-D7-8574	TCGA-STAD	Alive	17.194332	CENSORED		cbio_os_status	0
TCGA-D7-8575	TCGA-STAD	Dead	18.213499	PROGRESSION		cbio_os_status	0
TCGA-D7-8576	TCGA-STAD	Dead	14.662853	PROGRESSION		cbio_os_status	0
TCGA-D7-8578	TCGA-STAD	Alive	21.139494	PROGRESSION		cbio_os_status	0
TCGA-D7-8579	TCGA-STAD	Alive	20.909360	CENSORED		cbio_os_status	0
TCGA-D7-A4YT	TCGA-STAD	Alive	14.268337	CENSORED		cbio_os_status	0
TCGA-D7-A4YU	TCGA-STAD	Alive	16.438176	CENSORED		cbio_os_status	0
TCGA-D7-A4YV	TCGA-STAD	Dead	5.917743	CENSORED		cbio_os_status	0
TCGA-D7-A4YX	TCGA-STAD	Alive	36.426998	CENSORED		cbio_os_status	0
TCGA-D7-A4YY	TCGA-STAD	Alive	13.775192	CENSORED		cbio_os_status	0
TCGA-D7-A4Z0	TCGA-STAD	Alive	14.761482	CENSORED		cbio_os_status	0
TCGA-D7-A6ET	TCGA-STAD	Alive	26.432587	PROGRESSION		cbio_os_status	0
TCGA-D7-A6EV	TCGA-STAD	Alive	11.243712	CENSORED		cbio_os_status	0
TCGA-D7-A6EX	TCGA-STAD	Alive	11.309465	CENSORED		cbio_os_status	0
TCGA-D7-A6EY	TCGA-STAD	Dead	11.440971	PROGRESSION		cbio_os_status	0
TCGA-D7-A6EZ	TCGA-STAD	Dead	20.317586	PROGRESSION		cbio_os_status	0
TCGA-D7-A6F0	TCGA-STAD	Alive	22.290167	CENSORED		cbio_os_status	0
TCGA-D7-A6F2	TCGA-STAD	Alive	15.649144	CENSORED		cbio_os_status	0
TCGA-D7-A747	TCGA-STAD	Dead	8.383470	PROGRESSION		cbio_os_status	0
TCGA-D7-A748	TCGA-STAD	Dead	4.339678	PROGRESSION		cbio_os_status	0
TCGA-D7-A74A	TCGA-STAD	Alive	19.955946	CENSORED		cbio_os_status	0
TCGA-D7-A74B	TCGA-STAD	Dead	7.134168	PROGRESSION		cbio_os_status	0
TCGA-D8-A13Y	TCGA-BRCA_IDC	Alive	56.810336	CENSORED		cbio_os_status	0
TCGA-D8-A13Z	TCGA-BRCA_IDC	Alive	20.876484	CENSORED		cbio_os_status	0
TCGA-D8-A140	TCGA-BRCA_IDC	Alive	13.249170	CENSORED		cbio_os_status	0
TCGA-D8-A141	TCGA-BRCA_IDC	Alive	20.580596	CENSORED		cbio_os_status	0
TCGA-D8-A142	TCGA-BRCA_IDC	Alive	13.972450	CENSORED		cbio_os_status	0
TCGA-D8-A143	TCGA-BRCA_IDC	Alive	14.169708	CENSORED		cbio_os_status	0
TCGA-D8-A145	TCGA-BRCA_IDC	Alive	13.479304	CENSORED		cbio_os_status	0
TCGA-D8-A146	TCGA-BRCA_IDC	Alive				gdc_vital_status	0
TCGA-D8-A147	TCGA-BRCA_IDC	Alive	19.199790	CENSORED		cbio_os_status	0
TCGA-D8-A1J8	TCGA-BRCA_IDC	Alive	14.169708	CENSORED		cbio_os_status	0
TCGA-D8-A1J9	TCGA-BRCA_IDC	Alive	17.490219	CENSORED		cbio_os_status	0
TCGA-D8-A1JA	TCGA-BRCA_IDC	Alive	16.503929	PROGRESSION		cbio_os_status	0
TCGA-D8-A1JB	TCGA-BRCA_IDC	Alive	55.495282	CENSORED		cbio_os_status	0
TCGA-D8-A1JC	TCGA-BRCA_IDC	Alive	15.780649	CENSORED		cbio_os_status	0
TCGA-D8-A1JD	TCGA-BRCA_IDC	Alive	18.147746	CENSORED		cbio_os_status	0
TCGA-D8-A1JE	TCGA-BRCA_IDC	Alive	18.903902	CENSORED		cbio_os_status	0
TCGA-D8-A1JF	TCGA-BRCA_IDC	Alive	12.032745	CENSORED		cbio_os_status	0
TCGA-D8-A1JG	TCGA-BRCA_IDC	Alive	52.996679	CENSORED		cbio_os_status	0
TCGA-D8-A1JH	TCGA-BRCA_IDC	Alive	14.005326	CENSORED		cbio_os_status	0
TCGA-D8-A1JI	TCGA-BRCA_IDC	Alive	18.969655	CENSORED		cbio_os_status	0
TCGA-D8-A1JJ	TCGA-BRCA_IDC	Alive	20.087451	CENSORED		cbio_os_status	0
TCGA-D8-A1JK	TCGA-BRCA_IDC	Alive	20.120327	CENSORED		cbio_os_status	0
TCGA-D8-A1JL	TCGA-BRCA_IDC	Alive	20.087451	CENSORED		cbio_os_status	0
TCGA-D8-A1JM	TCGA-BRCA_IDC	Alive	19.397048	CENSORED		cbio_os_status	0
TCGA-D8-A1JN	TCGA-BRCA_OTHERS	Alive	20.383338	CENSORED		cbio_os_status	0
TCGA-D8-A1JP	TCGA-BRCA_IDC	Alive	21.007989	CENSORED		cbio_os_status	0
TCGA-D8-A1JS	TCGA-BRCA_IDC	Alive	12.197127	CENSORED		cbio_os_status	0
TCGA-D8-A1JT	TCGA-BRCA_IDC	Alive	13.314923	CENSORED		cbio_os_status	0
TCGA-D8-A1JU	TCGA-BRCA_IDC	Alive	14.695729	CENSORED		cbio_os_status	0
TCGA-D8-A1X5	TCGA-BRCA_IDC	Alive	18.575139	CENSORED		cbio_os_status	0
TCGA-D8-A1X6	TCGA-BRCA_IDC	Alive	17.786106	CENSORED		cbio_os_status	0
TCGA-D8-A1X7	TCGA-BRCA_IDC	Alive	16.734063	CENSORED		cbio_os_status	0
TCGA-D8-A1X8	TCGA-BRCA_OTHERS	Alive	25.742184	CENSORED		cbio_os_status	0
TCGA-D8-A1X9	TCGA-BRCA_IDC	Alive	23.901108	CENSORED		cbio_os_status	0
TCGA-D8-A1XA	TCGA-BRCA_IDC	Alive	27.583259	CENSORED		cbio_os_status	0
TCGA-D8-A1XB	TCGA-BRCA_IDC	Alive	18.147746	CENSORED		cbio_os_status	0
TCGA-D8-A1XC	TCGA-BRCA_OTHERS	Dead	12.394385	PROGRESSION		cbio_os_status	0
TCGA-D8-A1XD	TCGA-BRCA_IDC	Alive	17.161456	CENSORED		cbio_os_status	0
TCGA-D8-A1XF	TCGA-BRCA_IDC	Alive	15.221751	CENSORED		cbio_os_status	0
TCGA-D8-A1XG	TCGA-BRCA_IDC	Alive	14.728606	CENSORED		cbio_os_status	0
TCGA-D8-A1XJ	TCGA-BRCA_IDC	Alive	21.829898	CENSORED		cbio_os_status	0
TCGA-D8-A1XK	TCGA-BRCA_IDC	Alive	14.498471	CENSORED		cbio_os_status	0
TCGA-D8-A1XL	TCGA-BRCA_IDC	Alive	19.923069	CENSORED		cbio_os_status	0
TCGA-D8-A1XM	TCGA-BRCA_IDC	Alive	17.687477	CENSORED		cbio_os_status	0
TCGA-D8-A1XO	TCGA-BRCA_OTHERS	Alive	55.298024	CENSORED		cbio_os_status	0
TCGA-D8-A1XQ	TCGA-BRCA_IDC	Alive	16.405300	CENSORED		cbio_os_status	0
TCGA-D8-A1XR	TCGA-BRCA_IDC	Alive	15.846402	CENSORED		cbio_os_status	0
TCGA-D8-A1XS	TCGA-BRCA_OTHERS	Alive	16.306671	CENSORED		cbio_os_status	0
TCGA-D8-A1XT	TCGA-BRCA_IDC	Alive	16.635434	CENSORED		cbio_os_status	0
TCGA-D8-A1XU	TCGA-BRCA_IDC	Alive	12.986159	CENSORED		cbio_os_status	0
TCGA-D8-A1XV	TCGA-BRCA_OTHERS	Alive	15.155998	CENSORED		cbio_os_status	0
TCGA-D8-A1XW	TCGA-BRCA_IDC	Alive	43.035145	CENSORED		cbio_os_status	0
TCGA-D8-A1XY	TCGA-BRCA_IDC	Alive	16.536805	CENSORED		cbio_os_status	0
TCGA-D8-A1XZ	TCGA-BRCA_IDC	Alive	15.320380	CENSORED		cbio_os_status	0
TCGA-D8-A1Y0	TCGA-BRCA_IDC	Alive	15.517638	CENSORED		cbio_os_status	0
TCGA-D8-A1Y1	TCGA-BRCA_IDC	Dead	9.928658	PROGRESSION		cbio_os_status	0
TCGA-D8-A1Y2	TCGA-BRCA_IDC	Alive	14.235460	CENSORED		cbio_os_status	0
TCGA-D8-A1Y3	TCGA-BRCA_IDC	Alive	14.136831	CENSORED		cbio_os_status	0
TCGA-D8-A27E	TCGA-BRCA_IDC	Alive	17.424467	CENSORED		cbio_os_status	0
TCGA-D8-A27F	TCGA-BRCA_IDC	Alive	16.043660	CENSORED		cbio_os_status	0
TCGA-D8-A27G	TCGA-BRCA_OTHERS	Alive	13.446428	CENSORED		cbio_os_status	0
TCGA-D8-A27H	TCGA-BRCA_IDC	Alive	13.051912	CENSORED		cbio_os_status	0
TCGA-D8-A27I	TCGA-BRCA_OTHERS	Alive	14.432719	CENSORED		cbio_os_status	0
TCGA-D8-A27K	TCGA-BRCA_IDC	Alive	48.032350	CENSORED		cbio_os_status	0
TCGA-D8-A27L	TCGA-BRCA_IDC	Alive	16.405300	CENSORED		cbio_os_status	0
TCGA-D8-A27M	TCGA-BRCA_IDC	Alive	13.479304	CENSORED		cbio_os_status	0
TCGA-D8-A27N	TCGA-BRCA_IDC	Alive	17.062827	CENSORED		cbio_os_status	0
TCGA-D8-A27P	TCGA-BRCA_IDC	Alive	1.610941	CENSORED		cbio_os_status	0
TCGA-D8-A27R	TCGA-BRCA_IDC	Alive	10.093040	CENSORED		cbio_os_status	0
TCGA-D8-A27T	TCGA-BRCA_OTHERS	Alive	13.084788	CENSORED		cbio_os_status	0
TCGA-D8-A27V	TCGA-BRCA_OTHERS	Alive	12.525890	CENSORED		cbio_os_status	0
TCGA-D8-A27W	TCGA-BRCA_OTHERS	Alive	12.262879	CENSORED		cbio_os_status	0
TCGA-D8-A3Z5	TCGA-BRCA_OTHERS	Alive	33.369497	CENSORED		cbio_os_status	0
TCGA-D8-A3Z6	TCGA-BRCA_OTHERS	Alive	18.509386	CENSORED		cbio_os_status	0
TCGA-D8-A4Z1	TCGA-BRCA_OTHERS	Alive	21.665516	CENSORED		cbio_os_status	0
TCGA-D8-A73U	TCGA-BRCA_OTHERS	Alive	16.175165	CENSORED		cbio_os_status	0
TCGA-D8-A73W	TCGA-BRCA_OTHERS	Dead	12.657396	PROGRESSION		cbio_os_status	0
TCGA-D8-A73X	TCGA-BRCA_IDC	Alive	25.216162	CENSORED		cbio_os_status	0
TCGA-D9-A148	TCGA-SKCM	Alive				gdc_vital_status	0
TCGA-D9-A149	TCGA-SKCM	Alive				gdc_vital_status	0
TCGA-D9-A1JW	TCGA-SKCM	Alive	3.649275	PROGRESSION		cbio_os_status	0
TCGA-D9-A1JX	TCGA-SKCM	Dead	7.101292	PROGRESSION		cbio_os_status	0
TCGA-D9-A1X3	TCGA-SKCM	Alive	18.114870	CENSORED		cbio_os_status	0
TCGA-D9-A3Z1	TCGA-SKCM	Dead	15.386133	PROGRESSION		cbio_os_status	0
TCGA-D9-A3Z3	TCGA-SKCM	Alive	22.290167	CENSORED		cbio_os_status	0
TCGA-D9-A3Z4	TCGA-SKCM	Dead	17.062827	PROGRESSION		cbio_os_status	0
TCGA-D9-A4Z2	TCGA-SKCM	Dead	6.246507	PROGRESSION		cbio_os_status	0
TCGA-D9-A4Z3	TCGA-SKCM	Alive	16.602558	PROGRESSION		cbio_os_status	0
TCGA-D9-A4Z5	TCGA-SKCM	Alive	7.167045	CENSORED		cbio_os_status	0
TCGA-D9-A4Z6	TCGA-SKCM	Dead	18.443633	PROGRESSION		cbio_os_status	0
TCGA-D9-A6E9	TCGA-SKCM	Alive				gdc_vital_status	0
TCGA-D9-A6EA	TCGA-SKCM	Alive				gdc_vital_status	0
TCGA-D9-A6EC	TCGA-SKCM	Alive				gdc_vital_status	0
TCGA-D9-A6EG	TCGA-SKCM	Dead				gdc_vital_status	0
TCGA-DA-A1HV	TCGA-SKCM	Alive				gdc_vital_status	0
TCGA-DA-A1HW	TCGA-SKCM	Dead				gdc_vital_status	0
TCGA-DA-A1HY	TCGA-SKCM	Alive				gdc_vital_status	0
TCGA-DA-A1I0	TCGA-SKCM	Dead				gdc_vital_status	0
TCGA-DA-A1I1	TCGA-SKCM	Alive				gdc_vital_status	0
TCGA-DA-A1I2	TCGA-SKCM	Dead				gdc_vital_status	0
TCGA-DA-A1I4	TCGA-SKCM	Dead				gdc_vital_status	0
TCGA-DA-A1I5	TCGA-SKCM	Alive				gdc_vital_status	0
TCGA-DA-A1I7	TCGA-SKCM	Alive				gdc_vital_status	0
TCGA-DA-A1I8	TCGA-SKCM	Dead				gdc_vital_status	0
TCGA-DA-A1IA	TCGA-SKCM	Dead				gdc_vital_status	0
TCGA-DA-A1IB	TCGA-SKCM	Dead				gdc_vital_status	0
TCGA-DA-A1IC	TCGA-SKCM	Dead				gdc_vital_status	0
TCGA-DA-A3F2	TCGA-SKCM	Dead				gdc_vital_status	0
TCGA-DA-A3F3	TCGA-SKCM	Dead				gdc_vital_status	0
TCGA-DA-A3F5	TCGA-SKCM	Dead				gdc_vital_status	0
TCGA-DA-A3F8	TCGA-SKCM	Alive				gdc_vital_status	0
TCGA-DA-A95V	TCGA-SKCM	Alive				gdc_vital_status	0
TCGA-DA-A95W	TCGA-SKCM	Alive				gdc_vital_status	0
TCGA-DA-A95X	TCGA-SKCM	Alive				gdc_vital_status	0
TCGA-DA-A95Y	TCGA-SKCM	Dead				gdc_vital_status	0
TCGA-DA-A95Z	TCGA-SKCM	Alive				gdc_vital_status	0
TCGA-DA-A960	TCGA-SKCM	Alive				gdc_vital_status	0
TCGA-DB-5270	TCGA-LGG	Alive	122.727422	CENSORED		cbio_os_status	0
TCGA-DB-5273	TCGA-LGG	Alive	81.960746	CENSORED		cbio_os_status	0
TCGA-DB-5274	TCGA-LGG	Alive	75.253970	CENSORED		cbio_os_status	0
TCGA-DB-5275	TCGA-LGG	Alive	47.933721	CENSORED		cbio_os_status	0
TCGA-DB-5276	TCGA-LGG	Alive	72.919749	CENSORED		cbio_os_status	0
TCGA-DB-5277	TCGA-LGG	Dead	50.859717	PROGRESSION		cbio_os_status	0
TCGA-DB-5278	TCGA-LGG	Alive	91.133248	PROGRESSION		cbio_os_status	0
TCGA-DB-5279	TCGA-LGG	Alive	44.514581	PROGRESSION		cbio_os_status	0
TCGA-DB-5280	TCGA-LGG	Alive	36.558503	CENSORED		cbio_os_status	0
TCGA-DB-5281	TCGA-LGG	Alive	78.278594	CENSORED		cbio_os_status	0
TCGA-DB-A4X9	TCGA-LGG	Alive	46.421409	PROGRESSION		cbio_os_status	0
TCGA-DB-A4XA	TCGA-LGG	Alive	18.838150	CENSORED		cbio_os_status	0
TCGA-DB-A4XB	TCGA-LGG	Alive	30.213368	CENSORED		cbio_os_status	0
TCGA-DB-A4XC	TCGA-LGG	Alive	46.717296	CENSORED		cbio_os_status	0
TCGA-DB-A4XD	TCGA-LGG	Alive	39.780386	CENSORED		cbio_os_status	0
TCGA-DB-A4XE	TCGA-LGG	Alive	37.446165	CENSORED		cbio_os_status	0
TCGA-DB-A4XF	TCGA-LGG	Alive	33.566755	PROGRESSION		cbio_os_status	0
TCGA-DB-A4XG	TCGA-LGG	Alive	72.952625	CENSORED		cbio_os_status	0
TCGA-DB-A4XH	TCGA-LGG	Alive	31.627051	CENSORED		cbio_os_status	0
TCGA-DB-A64L	TCGA-LGG	Alive	24.196995	PROGRESSION		cbio_os_status	0
TCGA-DB-A64O	TCGA-LGG	Dead	25.479173	PROGRESSION		cbio_os_status	0
TCGA-DB-A64P	TCGA-LGG	Alive	30.114738	CENSORED		cbio_os_status	0
TCGA-DB-A64Q	TCGA-LGG	Alive	5.983496	CENSORED		cbio_os_status	0
TCGA-DB-A64R	TCGA-LGG	Alive	31.396916	CENSORED		cbio_os_status	0
TCGA-DB-A64S	TCGA-LGG	Alive	27.451754	CENSORED		cbio_os_status	0
TCGA-DB-A64U	TCGA-LGG	Alive	27.813394	CENSORED		cbio_os_status	0
TCGA-DB-A64V	TCGA-LGG	Alive	29.227077	CENSORED		cbio_os_status	0
TCGA-DB-A64W	TCGA-LGG	Dead	14.399842	CENSORED		cbio_os_status	0
TCGA-DB-A64X	TCGA-LGG	Alive	18.509386	CENSORED		cbio_os_status	0
TCGA-DB-A75K	TCGA-LGG	Alive	12.098498	CENSORED		cbio_os_status	0
TCGA-DB-A75L	TCGA-LGG	Alive	11.243712	CENSORED		cbio_os_status	0
TCGA-DB-A75M	TCGA-LGG	Alive	17.884736	CENSORED		cbio_os_status	0
TCGA-DB-A75O	TCGA-LGG	Alive	30.739389	CENSORED		cbio_os_status	0
TCGA-DB-A75P	TCGA-LGG	Alive	16.175165	CENSORED		cbio_os_status	0
TCGA-DC-4745	TCGA-READ	Alive	21.007989	CENSORED		cbio_os_status	0
TCGA-DC-4749	TCGA-READ	Alive	25.051780	CENSORED		cbio_os_status	0
TCGA-DC-5337	TCGA-READ	Alive	26.038071	CENSORED		cbio_os_status	0
TCGA-DC-5869	TCGA-READ	Alive	31.002400	CENSORED		cbio_os_status	0
TCGA-DC-6154	TCGA-READ	Alive	11.999868	CENSORED		cbio_os_status	0
TCGA-DC-6155	TCGA-READ	Alive	13.972450	CENSORED		cbio_os_status	0
TCGA-DC-6156	TCGA-READ	Alive	31.002400	PROGRESSION		cbio_os_status	0
TCGA-DC-6157	TCGA-READ	Alive	51.977513	CENSORED		cbio_os_status	0
TCGA-DC-6158	TCGA-READ	Dead	10.980702	CENSORED		cbio_os_status	0
TCGA-DC-6160	TCGA-READ	Alive	44.021435	CENSORED		cbio_os_status	0
TCGA-DC-6681	TCGA-READ	Alive	25.972318	CENSORED		cbio_os_status	0
TCGA-DC-6682	TCGA-READ	Alive	25.051780	CENSORED		cbio_os_status	0
TCGA-DC-6683	TCGA-READ	Alive	25.051780	CENSORED		cbio_os_status	0
TCGA-DD-A113	TCGA-LIHC	Alive	79.725154	PROGRESSION		cbio_os_status	0
TCGA-DD-A114	TCGA-LIHC	Dead	37.774928	CENSORED		cbio_os_status	0
TCGA-DD-A115	TCGA-LIHC	Dead	83.571687	PROGRESSION		cbio_os_status	0
TCGA-DD-A116	TCGA-LIHC	Dead	53.325443	PROGRESSION		cbio_os_status	0
TCGA-DD-A118	TCGA-LIHC	Alive	112.996022	PROGRESSION		cbio_os_status	0
TCGA-DD-A119	TCGA-LIHC	Dead	7.331427	CENSORED		cbio_os_status	0
TCGA-DD-A11A	TCGA-LIHC	Alive	2.597232	CENSORED		cbio_os_status	0
TCGA-DD-A11B	TCGA-LIHC	Dead	0.460269	CENSORED		cbio_os_status	0
TCGA-DD-A11C	TCGA-LIHC	Alive	21.764145	CENSORED		cbio_os_status	0
TCGA-DD-A11D	TCGA-LIHC	Dead	51.287109	PROGRESSION		cbio_os_status	0
TCGA-DD-A1E9	TCGA-LIHC	Dead	90.705855	PROGRESSION		cbio_os_status	0
TCGA-DD-A1EA	TCGA-LIHC	Alive	79.396390	PROGRESSION		cbio_os_status	0
TCGA-DD-A1EB	TCGA-LIHC	Alive	66.311602	PROGRESSION		cbio_os_status	0
TCGA-DD-A1EC	TCGA-LIHC	Alive	19.791564	PROGRESSION		cbio_os_status	0
TCGA-DD-A1ED	TCGA-LIHC	Alive	75.648486	CENSORED		cbio_os_status	0
TCGA-DD-A1EE	TCGA-LIHC	Dead	11.473847	PROGRESSION		cbio_os_status	0
TCGA-DD-A1EF	TCGA-LIHC	Dead	12.953283	PROGRESSION		cbio_os_status	0
TCGA-DD-A1EG	TCGA-LIHC	Dead	45.106355	PROGRESSION		cbio_os_status	0
TCGA-DD-A1EH	TCGA-LIHC	Alive	49.150146	PROGRESSION		cbio_os_status	0
TCGA-DD-A1EI	TCGA-LIHC	Alive	6.016372	CENSORED		cbio_os_status	0
TCGA-DD-A1EJ	TCGA-LIHC	Dead	33.040734	PROGRESSION		cbio_os_status	0
TCGA-DD-A1EK	TCGA-LIHC	Dead	18.345004	PROGRESSION		cbio_os_status	0
TCGA-DD-A1EL	TCGA-LIHC	Dead	13.643686	PROGRESSION		cbio_os_status	0
TCGA-DD-A39V	TCGA-LIHC	Dead	21.139494	PROGRESSION		cbio_os_status	0
TCGA-DD-A39W	TCGA-LIHC	Dead	27.188743	CENSORED		cbio_os_status	0
TCGA-DD-A39X	TCGA-LIHC	Dead	55.692540	PROGRESSION		cbio_os_status	0
TCGA-DD-A39Y	TCGA-LIHC	Dead	5.621856	CENSORED		cbio_os_status	0
TCGA-DD-A39Z	TCGA-LIHC	Dead	19.758688	CENSORED		cbio_os_status	0
TCGA-DD-A3A0	TCGA-LIHC	Dead	25.807936	PROGRESSION		cbio_os_status	0
TCGA-DD-A3A1	TCGA-LIHC	Dead	7.660190	CENSORED		cbio_os_status	0
TCGA-DD-A3A2	TCGA-LIHC	Dead	70.059506	CENSORED		cbio_os_status	0
TCGA-DD-A3A3	TCGA-LIHC	Dead	17.588848	CENSORED		cbio_os_status	0
TCGA-DD-A3A4	TCGA-LIHC	Dead	20.120327	PROGRESSION		cbio_os_status	0
TCGA-DD-A3A5	TCGA-LIHC	Dead	102.738600	PROGRESSION		cbio_os_status	0
TCGA-DD-A3A6	TCGA-LIHC	Dead	107.111155	CENSORED		cbio_os_status	0
TCGA-DD-A3A7	TCGA-LIHC	Dead	13.775192	PROGRESSION		cbio_os_status	0
TCGA-DD-A3A8	TCGA-LIHC	Dead	0.361640	CENSORED		cbio_os_status	0
TCGA-DD-A3A9	TCGA-LIHC	Dead	30.607884	PROGRESSION		cbio_os_status	0
TCGA-DD-A4NA	TCGA-LIHC	Alive	33.139363	CENSORED		cbio_os_status	0
TCGA-DD-A4NB	TCGA-LIHC	Alive	32.514712	PROGRESSION		cbio_os_status	0
TCGA-DD-A4ND	TCGA-LIHC	Alive	90.278463	PROGRESSION		cbio_os_status	0
TCGA-DD-A4NE	TCGA-LIHC	Dead	21.698392	PROGRESSION		cbio_os_status	0
TCGA-DD-A4NF	TCGA-LIHC	Alive	30.969524	PROGRESSION		cbio_os_status	0
TCGA-DD-A4NG	TCGA-LIHC	Dead	26.366834	PROGRESSION		cbio_os_status	0
TCGA-DD-A4NH	TCGA-LIHC	Alive	30.147615	PROGRESSION		cbio_os_status	0
TCGA-DD-A4NI	TCGA-LIHC	Alive	26.827103	CENSORED		cbio_os_status	0
TCGA-DD-A4NJ	TCGA-LIHC	Alive	30.509255	PROGRESSION		cbio_os_status	0
TCGA-DD-A4NK	TCGA-LIHC	Dead	39.780386	PROGRESSION		cbio_os_status	0
TCGA-DD-A4NL	TCGA-LIHC	Alive	56.251438	CENSORED		cbio_os_status	0
TCGA-DD-A4NN	TCGA-LIHC	Dead	29.555840	PROGRESSION		cbio_os_status	0
TCGA-DD-A4NO	TCGA-LIHC	Alive	73.807410	PROGRESSION		cbio_os_status	0
TCGA-DD-A4NP	TCGA-LIHC	Alive	108.754973	PROGRESSION		cbio_os_status	0
TCGA-DD-A4NQ	TCGA-LIHC	Dead	12.262879	PROGRESSION		cbio_os_status	0
TCGA-DD-A4NR	TCGA-LIHC	Dead	0.295887	CENSORED		cbio_os_status	0
TCGA-DD-A4NS	TCGA-LIHC	Dead	80.744321	PROGRESSION		cbio_os_status	0
TCGA-DD-A4NV	TCGA-LIHC	Alive	78.837492	CENSORED		cbio_os_status	0
TCGA-DD-A73A	TCGA-LIHC	Alive	23.933984	CENSORED		cbio_os_status	0
TCGA-DD-A73B	TCGA-LIHC	Dead	9.304008	PROGRESSION		cbio_os_status	0
TCGA-DD-A73C	TCGA-LIHC	Alive	23.046323	PROGRESSION		cbio_os_status	0
TCGA-DD-A73D	TCGA-LIHC	Alive	22.783312	PROGRESSION		cbio_os_status	0
TCGA-DD-A73E	TCGA-LIHC	Alive	1.446559	CENSORED		cbio_os_status	0
TCGA-DD-A73G	TCGA-LIHC	Alive	114.343952	CENSORED		cbio_os_status	0
TCGA-DD-AA3A	TCGA-LIHC	Dead	13.479304	CENSORED		cbio_os_status	0
TCGA-DD-AAC8	TCGA-LIHC	Dead	0.526022	CENSORED		cbio_os_status	0
TCGA-DD-AAC9	TCGA-LIHC	Alive	11.408094	CENSORED		cbio_os_status	0
TCGA-DD-AACA	TCGA-LIHC	Alive	75.648486	PROGRESSION		cbio_os_status	0
TCGA-DD-AACB	TCGA-LIHC	Alive	76.404642	CENSORED		cbio_os_status	0
TCGA-DD-AACC	TCGA-LIHC	Dead	55.396653	PROGRESSION		cbio_os_status	0
TCGA-DD-AACD	TCGA-LIHC	Dead	12.525890	PROGRESSION		cbio_os_status	0
TCGA-DD-AACE	TCGA-LIHC	Alive	71.801953	PROGRESSION		cbio_os_status	0
TCGA-DD-AACF	TCGA-LIHC	Dead	11.999868	PROGRESSION		cbio_os_status	0
TCGA-DD-AACG	TCGA-LIHC	Dead	15.419009	PROGRESSION		cbio_os_status	0
TCGA-DD-AACH	TCGA-LIHC	Dead	6.410889	PROGRESSION		cbio_os_status	0
TCGA-DD-AACI	TCGA-LIHC	Alive	53.193938	PROGRESSION		cbio_os_status	0
TCGA-DD-AACJ	TCGA-LIHC	Alive	69.106092	PROGRESSION		cbio_os_status	0
TCGA-DD-AACK	TCGA-LIHC	Alive	0.295887	CENSORED		cbio_os_status	0
TCGA-DD-AACL	TCGA-LIHC	Dead	3.517770	CENSORED		cbio_os_status	0
TCGA-DD-AACM	TCGA-LIHC	Alive	58.158267	PROGRESSION		cbio_os_status	0
TCGA-DD-AACN	TCGA-LIHC	Alive	42.805010	PROGRESSION		cbio_os_status	0
TCGA-DD-AACO	TCGA-LIHC	Alive	61.676036	PROGRESSION		cbio_os_status	0
TCGA-DD-AACP	TCGA-LIHC	Alive	13.643686	CENSORED		cbio_os_status	0
TCGA-DD-AACQ	TCGA-LIHC	Dead	14.202584	PROGRESSION		cbio_os_status	0
TCGA-DD-AACS	TCGA-LIHC	Alive	59.308939	CENSORED		cbio_os_status	0
TCGA-DD-AACT	TCGA-LIHC	Alive	51.352862	CENSORED		cbio_os_status	0
TCGA-DD-AACU	TCGA-LIHC	Alive	51.517244	CENSORED		cbio_os_status	0
TCGA-DD-AACV	TCGA-LIHC	Alive	50.333695	PROGRESSION		cbio_os_status	0
TCGA-DD-AACW	TCGA-LIHC	Alive	46.815925	CENSORED		cbio_os_status	0
TCGA-DD-AACX	TCGA-LIHC	Alive	5.588980	PROGRESSION		cbio_os_status	0
TCGA-DD-AACY	TCGA-LIHC	Alive	47.670710	PROGRESSION		cbio_os_status	0
TCGA-DD-AACZ	TCGA-LIHC	Dead	5.621856	PROGRESSION		cbio_os_status	0
TCGA-DD-AAD0	TCGA-LIHC	Alive	4.504060	PROGRESSION		cbio_os_status	0
TCGA-DD-AAD1	TCGA-LIHC	Alive	18.542263	PROGRESSION		cbio_os_status	0
TCGA-DD-AAD2	TCGA-LIHC	Alive	21.632640	CENSORED		cbio_os_status	0
TCGA-DD-AAD3	TCGA-LIHC	Alive	42.574876	CENSORED		cbio_os_status	0
TCGA-DD-AAD5	TCGA-LIHC	Alive	44.218693	PROGRESSION		cbio_os_status	0
TCGA-DD-AAD6	TCGA-LIHC	Alive	22.092909	PROGRESSION		cbio_os_status	0
TCGA-DD-AAD8	TCGA-LIHC	Alive	40.076273	CENSORED		cbio_os_status	0
TCGA-DD-AADA	TCGA-LIHC	Alive	40.536542	CENSORED		cbio_os_status	0
TCGA-DD-AADB	TCGA-LIHC	Alive	40.832429	CENSORED		cbio_os_status	0
TCGA-DD-AADC	TCGA-LIHC	Dead	13.972450	PROGRESSION		cbio_os_status	0
TCGA-DD-AADD	TCGA-LIHC	Alive	40.470789	CENSORED		cbio_os_status	0
TCGA-DD-AADE	TCGA-LIHC	Alive	39.517375	PROGRESSION		cbio_os_status	0
TCGA-DD-AADF	TCGA-LIHC	Dead	3.780780	CENSORED		cbio_os_status	0
TCGA-DD-AADG	TCGA-LIHC	Alive	37.643423	PROGRESSION		cbio_os_status	0
TCGA-DD-AADI	TCGA-LIHC	Alive	35.670842	CENSORED		cbio_os_status	0
TCGA-DD-AADJ	TCGA-LIHC	Alive	35.046191	CENSORED		cbio_os_status	0
TCGA-DD-AADK	TCGA-LIHC	Alive	34.487293	CENSORED		cbio_os_status	0
TCGA-DD-AADL	TCGA-LIHC	Alive	20.909360	CENSORED		cbio_os_status	0
TCGA-DD-AADM	TCGA-LIHC	Dead	0.394516	CENSORED		cbio_os_status	0
TCGA-DD-AADN	TCGA-LIHC	Alive	29.522964	CENSORED		cbio_os_status	0
TCGA-DD-AADO	TCGA-LIHC	Alive	14.892987	CENSORED		cbio_os_status	0
TCGA-DD-AADP	TCGA-LIHC	Alive	15.057369	CENSORED		cbio_os_status	0
TCGA-DD-AADQ	TCGA-LIHC	Alive	14.334089	CENSORED		cbio_os_status	0
TCGA-DD-AADR	TCGA-LIHC	Alive	66.673242	PROGRESSION		cbio_os_status	0
TCGA-DD-AADS	TCGA-LIHC	Alive	15.583391	CENSORED		cbio_os_status	0
TCGA-DD-AADU	TCGA-LIHC	Alive	18.213499	CENSORED		cbio_os_status	0
TCGA-DD-AADV	TCGA-LIHC	Alive	18.871026	CENSORED		cbio_os_status	0
TCGA-DD-AADW	TCGA-LIHC	Alive	19.298419	PROGRESSION		cbio_os_status	0
TCGA-DD-AADY	TCGA-LIHC	Alive	18.246375	CENSORED		cbio_os_status	0
TCGA-DD-AAE0	TCGA-LIHC	Alive	18.246375	CENSORED		cbio_os_status	0
TCGA-DD-AAE1	TCGA-LIHC	Alive	18.147746	CENSORED		cbio_os_status	0
TCGA-DD-AAE2	TCGA-LIHC	Alive	20.975113	CENSORED		cbio_os_status	0
TCGA-DD-AAE3	TCGA-LIHC	Alive	18.608015	CENSORED		cbio_os_status	0
TCGA-DD-AAE4	TCGA-LIHC	Alive	19.988822	PROGRESSION		cbio_os_status	0
TCGA-DD-AAE6	TCGA-LIHC	Alive	4.635566	PROGRESSION		cbio_os_status	0
TCGA-DD-AAE7	TCGA-LIHC	Alive	21.172371	CENSORED		cbio_os_status	0
TCGA-DD-AAE8	TCGA-LIHC	Alive	21.829898	PROGRESSION		cbio_os_status	0
TCGA-DD-AAE9	TCGA-LIHC	Alive	23.736726	CENSORED		cbio_os_status	0
TCGA-DD-AAEA	TCGA-LIHC	Alive	18.903902	CENSORED		cbio_os_status	0
TCGA-DD-AAEB	TCGA-LIHC	Alive	15.714896	CENSORED		cbio_os_status	0
TCGA-DD-AAED	TCGA-LIHC	Alive	25.084657	PROGRESSION		cbio_os_status	0
TCGA-DD-AAEE	TCGA-LIHC	Alive	26.629845	PROGRESSION		cbio_os_status	0
TCGA-DD-AAEG	TCGA-LIHC	Alive	23.638097	CENSORED		cbio_os_status	0
TCGA-DD-AAEH	TCGA-LIHC	Alive	25.775060	PROGRESSION		cbio_os_status	0
TCGA-DD-AAEI	TCGA-LIHC	Alive	50.333695	PROGRESSION		cbio_os_status	0
TCGA-DD-AAEK	TCGA-LIHC	Alive	35.079068	CENSORED		cbio_os_status	0
TCGA-DD-AAVP	TCGA-LIHC	Alive	90.475721	PROGRESSION		cbio_os_status	0
TCGA-DD-AAVQ	TCGA-LIHC	Alive	89.686688	PROGRESSION		cbio_os_status	0
TCGA-DD-AAVR	TCGA-LIHC	Alive	82.618273	CENSORED		cbio_os_status	0
TCGA-DD-AAVS	TCGA-LIHC	Alive	59.933590	CENSORED		cbio_os_status	0
TCGA-DD-AAVU	TCGA-LIHC	Alive	72.393727	PROGRESSION		cbio_os_status	0
TCGA-DD-AAVV	TCGA-LIHC	Alive	80.711444	CENSORED		cbio_os_status	0
TCGA-DD-AAVW	TCGA-LIHC	Alive	76.174508	CENSORED		cbio_os_status	0
TCGA-DD-AAVX	TCGA-LIHC	Alive	56.481573	PROGRESSION		cbio_os_status	0
TCGA-DD-AAVY	TCGA-LIHC	Alive	64.766414	CENSORED		cbio_os_status	0
TCGA-DD-AAVZ	TCGA-LIHC	Alive	62.465069	CENSORED		cbio_os_status	0
TCGA-DD-AAW0	TCGA-LIHC	Alive	66.245849	CENSORED		cbio_os_status	0
TCGA-DD-AAW1	TCGA-LIHC	Alive	65.391064	CENSORED		cbio_os_status	0
TCGA-DD-AAW2	TCGA-LIHC	Alive	60.985633	PROGRESSION		cbio_os_status	0
TCGA-DD-AAW3	TCGA-LIHC	Alive	53.687083	CENSORED		cbio_os_status	0
TCGA-DE-A0XZ	TCGA-THCA	Alive	35.835224	PROGRESSION		cbio_os_status	0
TCGA-DE-A0Y2	TCGA-THCA	Alive	21.632640	CENSORED		cbio_os_status	0
TCGA-DE-A0Y3	TCGA-THCA	Alive	50.169313	PROGRESSION		cbio_os_status	0
TCGA-DE-A2OL	TCGA-THCA	Alive	37.643423	CENSORED		cbio_os_status	0
TCGA-DE-A3KN	TCGA-THCA	Alive	27.320249	CENSORED		cbio_os_status	0
TCGA-DE-A4M8	TCGA-THCA	Alive	18.542263	CENSORED		cbio_os_status	0
TCGA-DE-A4M9	TCGA-THCA	Alive	18.838150	CENSORED		cbio_os_status	0
TCGA-DE-A4MA	TCGA-THCA	Alive	30.114738	CENSORED		cbio_os_status	0
TCGA-DE-A4MB	TCGA-THCA	Alive	11.572476	CENSORED		cbio_os_status	0
TCGA-DE-A4MC	TCGA-THCA	Alive	30.016109	PROGRESSION		cbio_os_status	0
TCGA-DE-A4MD	TCGA-THCA	Alive	25.117533	PROGRESSION		cbio_os_status	0
TCGA-DE-A69J	TCGA-THCA	Alive	14.695729	CENSORED		cbio_os_status	0
TCGA-DE-A69K	TCGA-THCA	Alive	14.268337	PROGRESSION		cbio_os_status	0
TCGA-DE-A7U5	TCGA-THCA	Alive	2.761614	CENSORED		cbio_os_status	0
TCGA-DF-A2KN	TCGA-UCEC	Alive	2.202716	CENSORED		cbio_os_status	0
TCGA-DF-A2KR	TCGA-UCEC	Alive	71.604695	PROGRESSION		cbio_os_status	0
TCGA-DF-A2KS	TCGA-UCEC	Alive	109.083736	PROGRESSION		cbio_os_status	0
TCGA-DF-A2KU	TCGA-UCEC	Alive	100.831772	CENSORED		cbio_os_status	0
TCGA-DF-A2KV	TCGA-UCEC	Alive	89.325048	CENSORED		cbio_os_status	0
TCGA-DF-A2KY	TCGA-UCEC	Alive	10.914949	CENSORED		cbio_os_status	0
TCGA-DF-A2KZ	TCGA-UCEC	Alive	27.155867	CENSORED		cbio_os_status	0
TCGA-DF-A2L0	TCGA-UCEC	Dead	25.906565	PROGRESSION		cbio_os_status	0
TCGA-DG-A2KH	TCGA-CESC	Alive	1.117796	CENSORED		cbio_os_status	0
TCGA-DG-A2KJ	TCGA-CESC	Alive	95.111286	CENSORED		cbio_os_status	0
TCGA-DG-A2KK	TCGA-CESC	Alive	82.059375	CENSORED		cbio_os_status	0
TCGA-DG-A2KL	TCGA-CESC	Alive	44.941973	CENSORED		cbio_os_status	0
TCGA-DG-A2KM	TCGA-CESC	Alive	63.977381	CENSORED		cbio_os_status	0
TCGA-DH-5140	TCGA-LGG	Dead	19.955946	PROGRESSION		cbio_os_status	0
TCGA-DH-5141	TCGA-LGG	Alive	31.824309	CENSORED		cbio_os_status	0
TCGA-DH-5142	TCGA-LGG	Alive	63.878752	PROGRESSION		cbio_os_status	0
TCGA-DH-5143	TCGA-LGG	Alive	46.059769	CENSORED		cbio_os_status	0
TCGA-DH-5144	TCGA-LGG	Alive	24.591511	CENSORED		cbio_os_status	0
TCGA-DH-A669	TCGA-LGG	Dead	30.213368	PROGRESSION		cbio_os_status	0
TCGA-DH-A66B	TCGA-LGG	Alive	42.048854	CENSORED		cbio_os_status	0
TCGA-DH-A66D	TCGA-LGG	Alive	27.813394	CENSORED		cbio_os_status	0
TCGA-DH-A66F	TCGA-LGG	Alive	17.194332	CENSORED		cbio_os_status	0
TCGA-DH-A66G	TCGA-LGG	Alive	17.194332	CENSORED		cbio_os_status	0
TCGA-DH-A7UR	TCGA-LGG	Alive	54.245981	CENSORED		cbio_os_status	0
TCGA-DH-A7US	TCGA-LGG	Alive	23.210705	CENSORED		cbio_os_status	0
TCGA-DH-A7UT	TCGA-LGG	Dead	17.457343	PROGRESSION		cbio_os_status	0
TCGA-DH-A7UU	TCGA-LGG	Alive	13.709439	CENSORED		cbio_os_status	0
TCGA-DH-A7UV	TCGA-LGG	Alive	18.608015	CENSORED		cbio_os_status	0
TCGA-DI-A0WH	TCGA-UCEC	Alive	16.306671	CENSORED		cbio_os_status	0
TCGA-DI-A1BU	TCGA-UCEC	Alive	39.287241	CENSORED		cbio_os_status	0
TCGA-DI-A1BY	TCGA-UCEC	Alive	36.624256	CENSORED		cbio_os_status	0
TCGA-DI-A1C3	TCGA-UCEC	Alive	24.295624	CENSORED		cbio_os_status	0
TCGA-DI-A1NN	TCGA-UCEC	Alive	35.374955	PROGRESSION		cbio_os_status	0
TCGA-DI-A1NO	TCGA-UCEC	Dead	9.369760	PROGRESSION		cbio_os_status	0
TCGA-DI-A2QT	TCGA-UCEC	Dead	12.394385	PROGRESSION		cbio_os_status	0
TCGA-DI-A2QU	TCGA-UCEC	Dead	31.101029	PROGRESSION		cbio_os_status	0
TCGA-DI-A2QY	TCGA-UCEC	Dead	110.102903	CENSORED		cbio_os_status	0
TCGA-DJ-A13L	TCGA-THCA	Alive	9.961535	CENSORED		cbio_os_status	0
TCGA-DJ-A13M	TCGA-THCA	Alive	48.788506	CENSORED		cbio_os_status	0
TCGA-DJ-A13O	TCGA-THCA	Alive	38.169445	CENSORED		cbio_os_status	0
TCGA-DJ-A13P	TCGA-THCA	Alive	169.313213	CENSORED		cbio_os_status	0
TCGA-DJ-A13R	TCGA-THCA	Alive	18.575139	CENSORED		cbio_os_status	0
TCGA-DJ-A13S	TCGA-THCA	Alive	8.712233	CENSORED		cbio_os_status	0
TCGA-DJ-A13T	TCGA-THCA	Alive	56.185686	CENSORED		cbio_os_status	0
TCGA-DJ-A13U	TCGA-THCA	Alive	52.273400	CENSORED		cbio_os_status	0
TCGA-DJ-A13V	TCGA-THCA	Alive	43.166650	CENSORED		cbio_os_status	0
TCGA-DJ-A13W	TCGA-THCA	Alive	52.372029	CENSORED		cbio_os_status	0
TCGA-DJ-A13X	TCGA-THCA	Alive	8.317717	CENSORED		cbio_os_status	0
TCGA-DJ-A1QD	TCGA-THCA	Alive	48.065227	CENSORED		cbio_os_status	0
TCGA-DJ-A1QE	TCGA-THCA	Alive	135.910839	CENSORED		cbio_os_status	0
TCGA-DJ-A1QF	TCGA-THCA	Alive	30.607884	CENSORED		cbio_os_status	0
TCGA-DJ-A1QG	TCGA-THCA	Alive	44.974850	CENSORED		cbio_os_status	0
TCGA-DJ-A1QH	TCGA-THCA	Alive	42.509123	CENSORED		cbio_os_status	0
TCGA-DJ-A1QI	TCGA-THCA	Alive	14.958740	CENSORED		cbio_os_status	0
TCGA-DJ-A1QL	TCGA-THCA	Alive	17.588848	CENSORED		cbio_os_status	0
TCGA-DJ-A1QM	TCGA-THCA	Alive	6.016372	CENSORED		cbio_os_status	0
TCGA-DJ-A1QN	TCGA-THCA	Alive	42.574876	CENSORED		cbio_os_status	0
TCGA-DJ-A1QO	TCGA-THCA	Alive	47.407700	PROGRESSION		cbio_os_status	0
TCGA-DJ-A1QQ	TCGA-THCA	Alive	17.555972	CENSORED		cbio_os_status	0
TCGA-DJ-A2PN	TCGA-THCA	Alive	10.093040	CENSORED		cbio_os_status	0
TCGA-DJ-A2PO	TCGA-THCA	Alive	7.988954	CENSORED		cbio_os_status	0
TCGA-DJ-A2PP	TCGA-THCA	Alive	30.575007	CENSORED		cbio_os_status	0
TCGA-DJ-A2PQ	TCGA-THCA	Alive	35.407831	CENSORED		cbio_os_status	0
TCGA-DJ-A2PR	TCGA-THCA	Alive	27.451754	CENSORED		cbio_os_status	0
TCGA-DJ-A2PS	TCGA-THCA	Alive	26.202453	CENSORED		cbio_os_status	0
TCGA-DJ-A2PT	TCGA-THCA	Alive	38.826972	CENSORED		cbio_os_status	0
TCGA-DJ-A2PU	TCGA-THCA	Alive	33.961272	CENSORED		cbio_os_status	0
TCGA-DJ-A2PV	TCGA-THCA	Alive	31.988691	CENSORED		cbio_os_status	0
TCGA-DJ-A2PW	TCGA-THCA	Alive	34.848933	CENSORED		cbio_os_status	0
TCGA-DJ-A2PX	TCGA-THCA	Alive	28.964066	CENSORED		cbio_os_status	0
TCGA-DJ-A2PY	TCGA-THCA	Alive	8.777986	CENSORED		cbio_os_status	0
TCGA-DJ-A2PZ	TCGA-THCA	Alive	8.416346	CENSORED		cbio_os_status	0
TCGA-DJ-A2Q0	TCGA-THCA	Alive	34.355788	CENSORED		cbio_os_status	0
TCGA-DJ-A2Q1	TCGA-THCA	Alive	37.742052	CENSORED		cbio_os_status	0
TCGA-DJ-A2Q2	TCGA-THCA	Alive	43.955683	CENSORED		cbio_os_status	0
TCGA-DJ-A2Q3	TCGA-THCA	Alive	40.240655	PROGRESSION		cbio_os_status	0
TCGA-DJ-A2Q4	TCGA-THCA	Alive	33.928395	CENSORED		cbio_os_status	0
TCGA-DJ-A2Q5	TCGA-THCA	Alive	37.479041	CENSORED		cbio_os_status	0
TCGA-DJ-A2Q6	TCGA-THCA	Alive	36.459874	CENSORED		cbio_os_status	0
TCGA-DJ-A2Q7	TCGA-THCA	Alive	35.111944	CENSORED		cbio_os_status	0
TCGA-DJ-A2Q8	TCGA-THCA	Alive	39.089983	CENSORED		cbio_os_status	0
TCGA-DJ-A2Q9	TCGA-THCA	Alive	35.900976	CENSORED		cbio_os_status	0
TCGA-DJ-A2QA	TCGA-THCA	Alive	33.533879	CENSORED		cbio_os_status	0
TCGA-DJ-A2QB	TCGA-THCA	Alive	35.177697	CENSORED		cbio_os_status	0
TCGA-DJ-A2QC	TCGA-THCA	Alive	39.944768	CENSORED		cbio_os_status	0
TCGA-DJ-A3UK	TCGA-THCA	Alive	36.920143	CENSORED		cbio_os_status	0
TCGA-DJ-A3UM	TCGA-THCA	Alive	31.035276	CENSORED		cbio_os_status	0
TCGA-DJ-A3UN	TCGA-THCA	Alive	32.416083	CENSORED		cbio_os_status	0
TCGA-DJ-A3UO	TCGA-THCA	Alive	31.462669	PROGRESSION		cbio_os_status	0
TCGA-DJ-A3UP	TCGA-THCA	Alive	16.405300	CENSORED		cbio_os_status	0
TCGA-DJ-A3UQ	TCGA-THCA	Alive	19.561429	CENSORED		cbio_os_status	0
TCGA-DJ-A3UR	TCGA-THCA	Alive	36.328369	CENSORED		cbio_os_status	0
TCGA-DJ-A3US	TCGA-THCA	Alive	32.810599	CENSORED		cbio_os_status	0
TCGA-DJ-A3UT	TCGA-THCA	Alive	36.328369	CENSORED		cbio_os_status	0
TCGA-DJ-A3UU	TCGA-THCA	Alive	23.440839	CENSORED		cbio_os_status	0
TCGA-DJ-A3UV	TCGA-THCA	Alive				gdc_vital_status	0
TCGA-DJ-A3UW	TCGA-THCA	Alive	59.571950	CENSORED		cbio_os_status	0
TCGA-DJ-A3UX	TCGA-THCA	Alive	11.342341	CENSORED		cbio_os_status	0
TCGA-DJ-A3UY	TCGA-THCA	Alive	35.868100	CENSORED		cbio_os_status	0
TCGA-DJ-A3UZ	TCGA-THCA	Alive	40.963935	CENSORED		cbio_os_status	0
TCGA-DJ-A3V0	TCGA-THCA	Alive	36.985896	CENSORED		cbio_os_status	0
TCGA-DJ-A3V2	TCGA-THCA	Alive	20.218957	CENSORED		cbio_os_status	0
TCGA-DJ-A3V3	TCGA-THCA	Alive	30.607884	CENSORED		cbio_os_status	0
TCGA-DJ-A3V4	TCGA-THCA	Alive	42.542000	CENSORED		cbio_os_status	0
TCGA-DJ-A3V5	TCGA-THCA	Alive	19.199790	CENSORED		cbio_os_status	0
TCGA-DJ-A3V6	TCGA-THCA	Alive				gdc_vital_status	0
TCGA-DJ-A3V7	TCGA-THCA	Alive	23.210705	CENSORED		cbio_os_status	0
TCGA-DJ-A3V8	TCGA-THCA	Alive	21.271000	CENSORED		cbio_os_status	0
TCGA-DJ-A3V9	TCGA-THCA	Alive	20.481967	CENSORED		cbio_os_status	0
TCGA-DJ-A3VA	TCGA-THCA	Alive	24.821646	CENSORED		cbio_os_status	0
TCGA-DJ-A3VB	TCGA-THCA	Alive	22.914817	CENSORED		cbio_os_status	0
TCGA-DJ-A3VD	TCGA-THCA	Alive	40.700924	CENSORED		cbio_os_status	0
TCGA-DJ-A3VE	TCGA-THCA	Alive	18.969655	CENSORED		cbio_os_status	0
TCGA-DJ-A3VF	TCGA-THCA	Alive	9.599895	CENSORED		cbio_os_status	0
TCGA-DJ-A3VG	TCGA-THCA	Alive	35.670842	CENSORED		cbio_os_status	0
TCGA-DJ-A3VI	TCGA-THCA	Alive	3.123253	CENSORED		cbio_os_status	0
TCGA-DJ-A3VJ	TCGA-THCA	Alive	36.426998	CENSORED		cbio_os_status	0
TCGA-DJ-A3VK	TCGA-THCA	Alive	24.755893	CENSORED		cbio_os_status	0
TCGA-DJ-A3VL	TCGA-THCA	Alive	23.440839	PROGRESSION		cbio_os_status	0
TCGA-DJ-A3VM	TCGA-THCA	Alive	27.616136	CENSORED		cbio_os_status	0
TCGA-DJ-A4UL	TCGA-THCA	Alive	30.870895	CENSORED		cbio_os_status	0
TCGA-DJ-A4UP	TCGA-THCA	Alive	30.114738	CENSORED		cbio_os_status	0
TCGA-DJ-A4UQ	TCGA-THCA	Alive	33.040734	CENSORED		cbio_os_status	0
TCGA-DJ-A4UR	TCGA-THCA	Alive	34.783180	PROGRESSION		cbio_os_status	0
TCGA-DJ-A4UT	TCGA-THCA	Alive	27.057238	CENSORED		cbio_os_status	0
TCGA-DJ-A4UW	TCGA-THCA	Alive	26.925732	CENSORED		cbio_os_status	0
TCGA-DJ-A4V0	TCGA-THCA	Alive	35.539337	CENSORED		cbio_os_status	0
TCGA-DJ-A4V2	TCGA-THCA	Alive	3.123253	CENSORED		cbio_os_status	0
TCGA-DJ-A4V4	TCGA-THCA	Alive	15.813525	CENSORED		cbio_os_status	0
TCGA-DJ-A4V5	TCGA-THCA	Alive	35.374955	CENSORED		cbio_os_status	0
TCGA-DK-A1A3	TCGA-BLCA	Dead	21.862774	PROGRESSION		cbio_os_status	0
TCGA-DK-A1A5	TCGA-BLCA	Dead	2.136963	CENSORED		cbio_os_status	0
TCGA-DK-A1A6	TCGA-BLCA	Alive	66.410231	CENSORED		cbio_os_status	0
TCGA-DK-A1A7	TCGA-BLCA	Alive	18.410757	PROGRESSION		cbio_os_status	0
TCGA-DK-A1AA	TCGA-BLCA	Alive	19.002531	CENSORED		cbio_os_status	0
TCGA-DK-A1AB	TCGA-BLCA	Dead	16.701187	PROGRESSION		cbio_os_status	0
TCGA-DK-A1AC	TCGA-BLCA	Alive	130.880757	CENSORED		cbio_os_status	0
TCGA-DK-A1AD	TCGA-BLCA	Alive	112.437124	CENSORED		cbio_os_status	0
TCGA-DK-A1AE	TCGA-BLCA	Alive	16.142289	PROGRESSION		cbio_os_status	0
TCGA-DK-A1AF	TCGA-BLCA	Alive	17.621725	PROGRESSION		cbio_os_status	0
TCGA-DK-A1AG	TCGA-BLCA	Alive	15.616267	CENSORED		cbio_os_status	0
TCGA-DK-A2HX	TCGA-BLCA	Dead	46.684420	CENSORED		cbio_os_status	0
TCGA-DK-A2I1	TCGA-BLCA	Alive	17.950488	CENSORED		cbio_os_status	0
TCGA-DK-A2I2	TCGA-BLCA	Dead	7.791695	PROGRESSION		cbio_os_status	0
TCGA-DK-A2I4	TCGA-BLCA	Alive	142.781997	CENSORED		cbio_os_status	0
TCGA-DK-A2I6	TCGA-BLCA	Alive	87.319591	CENSORED		cbio_os_status	0
TCGA-DK-A3IK	TCGA-BLCA	Dead	4.799947	CENSORED		cbio_os_status	0
TCGA-DK-A3IL	TCGA-BLCA	Dead	13.577933	CENSORED		cbio_os_status	0
TCGA-DK-A3IM	TCGA-BLCA	Dead	8.153335	PROGRESSION		cbio_os_status	0
TCGA-DK-A3IN	TCGA-BLCA	Dead	8.219088	CENSORED		cbio_os_status	0
TCGA-DK-A3IQ	TCGA-BLCA	Dead	17.720354	PROGRESSION		cbio_os_status	0
TCGA-DK-A3IS	TCGA-BLCA	Alive	50.267942	CENSORED		cbio_os_status	0
TCGA-DK-A3IT	TCGA-BLCA	Alive	21.303876	CENSORED		cbio_os_status	0
TCGA-DK-A3IU	TCGA-BLCA	Dead	23.210705	PROGRESSION		cbio_os_status	0
TCGA-DK-A3IV	TCGA-BLCA	Dead	9.665647	PROGRESSION		cbio_os_status	0
TCGA-DK-A3WW	TCGA-BLCA	Alive	20.810731	CENSORED		cbio_os_status	0
TCGA-DK-A3WX	TCGA-BLCA	Dead	10.553309	PROGRESSION		cbio_os_status	0
TCGA-DK-A3WY	TCGA-BLCA	Alive	163.296841	CENSORED		cbio_os_status	0
TCGA-DK-A3X1	TCGA-BLCA	Alive	66.048591	CENSORED		cbio_os_status	0
TCGA-DK-A3X2	TCGA-BLCA	Dead	17.983365	PROGRESSION		cbio_os_status	0
TCGA-DK-A6AV	TCGA-BLCA	Alive	64.174639	CENSORED		cbio_os_status	0
TCGA-DK-A6AW	TCGA-BLCA	Alive	53.292567	CENSORED		cbio_os_status	0
TCGA-DK-A6B0	TCGA-BLCA	Alive	76.601900	CENSORED		cbio_os_status	0
TCGA-DK-A6B1	TCGA-BLCA	Alive	67.363645	CENSORED		cbio_os_status	0
TCGA-DK-A6B2	TCGA-BLCA	Alive	15.682020	PROGRESSION		cbio_os_status	0
TCGA-DK-A6B5	TCGA-BLCA	Alive	50.695335	CENSORED		cbio_os_status	0
TCGA-DK-A6B6	TCGA-BLCA	Alive	36.657133	CENSORED		cbio_os_status	0
TCGA-DM-A0X9	TCGA-COAD	Alive	119.702798	CENSORED		cbio_os_status	0
TCGA-DM-A0XD	TCGA-COAD	Dead	24.427130	PROGRESSION		cbio_os_status	0
TCGA-DM-A0XF	TCGA-COAD	Dead	38.202321	CENSORED		cbio_os_status	0
TCGA-DM-A1D0	TCGA-COAD	Alive	130.650623	CENSORED		cbio_os_status	0
TCGA-DM-A1D4	TCGA-COAD	Dead	92.744189	PROGRESSION		cbio_os_status	0
TCGA-DM-A1D6	TCGA-COAD	Dead	49.906302	CENSORED		cbio_os_status	0
TCGA-DM-A1D7	TCGA-COAD	Dead	13.314923	PROGRESSION		cbio_os_status	0
TCGA-DM-A1D8	TCGA-COAD	Dead	12.591643	CENSORED		cbio_os_status	0
TCGA-DM-A1D9	TCGA-COAD	Alive	140.382023	CENSORED		cbio_os_status	0
TCGA-DM-A1DA	TCGA-COAD	Dead	7.495808	CENSORED		cbio_os_status	0
TCGA-DM-A1DB	TCGA-COAD	Dead	44.317323	CENSORED		cbio_os_status	0
TCGA-DM-A1HA	TCGA-COAD	Alive	131.505408	CENSORED		cbio_os_status	0
TCGA-DM-A280	TCGA-COAD	Dead	7.758819	CENSORED		cbio_os_status	0
TCGA-DM-A282	TCGA-COAD	Alive	139.165598	CENSORED		cbio_os_status	0
TCGA-DM-A285	TCGA-COAD	Dead	5.884867	CENSORED		cbio_os_status	0
TCGA-DM-A288	TCGA-COAD	Dead	14.038202	PROGRESSION		cbio_os_status	0
TCGA-DM-A28A	TCGA-COAD	Dead	26.465463	CENSORED		cbio_os_status	0
TCGA-DM-A28E	TCGA-COAD	Alive	119.932932	CENSORED		cbio_os_status	0
TCGA-DM-A28F	TCGA-COAD	Dead	35.966729	CENSORED		cbio_os_status	0
TCGA-DM-A28G	TCGA-COAD	Dead	60.788375	CENSORED		cbio_os_status	0
TCGA-DM-A28H	TCGA-COAD	Alive	117.072690	PROGRESSION		cbio_os_status	0
TCGA-DM-A28K	TCGA-COAD	Alive	98.234540	CENSORED		cbio_os_status	0
TCGA-DM-A28M	TCGA-COAD	Alive	95.177039	CENSORED		cbio_os_status	0
TCGA-DO-A1JZ	TCGA-THCA	Alive	54.903508	CENSORED		cbio_os_status	0
TCGA-DO-A1K0	TCGA-THCA	Alive	21.534011	PROGRESSION		cbio_os_status	0
TCGA-DO-A2HM	TCGA-THCA	Alive	2.334221	CENSORED		cbio_os_status	0
TCGA-DQ-5624	TCGA-HNSC	Alive	58.454154	CENSORED		cbio_os_status	0
TCGA-DQ-5625	TCGA-HNSC	Dead	37.248907	PROGRESSION		cbio_os_status	0
TCGA-DQ-5629	TCGA-HNSC	Dead	30.936647	CENSORED		cbio_os_status	0
TCGA-DQ-5630	TCGA-HNSC	Alive	33.862643	CENSORED		cbio_os_status	0
TCGA-DQ-5631	TCGA-HNSC	Dead	18.016241	PROGRESSION		cbio_os_status	0
TCGA-DQ-7588	TCGA-HNSC	Dead	14.038202	PROGRESSION		cbio_os_status	0
TCGA-DQ-7589	TCGA-HNSC	Alive	46.322780	CENSORED		cbio_os_status	0
TCGA-DQ-7590	TCGA-HNSC	Alive	46.454285	CENSORED		cbio_os_status	0
TCGA-DQ-7591	TCGA-HNSC	Alive	20.449091	CENSORED		cbio_os_status	0
TCGA-DQ-7592	TCGA-HNSC	Alive	37.577670	CENSORED		cbio_os_status	0
TCGA-DQ-7593	TCGA-HNSC	Alive	40.240655	CENSORED		cbio_os_status	0
TCGA-DQ-7594	TCGA-HNSC	Alive	40.043397	PROGRESSION		cbio_os_status	0
TCGA-DQ-7595	TCGA-HNSC	Alive	39.122859	CENSORED		cbio_os_status	0
TCGA-DQ-7596	TCGA-HNSC	Alive	41.588585	PROGRESSION		cbio_os_status	0
TCGA-DR-A0ZL	TCGA-CESC	Alive	87.746984	CENSORED		cbio_os_status	0
TCGA-DR-A0ZM	TCGA-CESC	Alive	58.881547	CENSORED		cbio_os_status	0
TCGA-DS-A0VK	TCGA-CESC	Dead	36.755762	PROGRESSION		cbio_os_status	0
TCGA-DS-A0VM	TCGA-CESC	Alive	117.993227	PROGRESSION		cbio_os_status	0
TCGA-DS-A0VN	TCGA-CESC	Alive	118.650755	CENSORED		cbio_os_status	0
TCGA-DS-A1O9	TCGA-CESC	Dead				gdc_vital_status	0
TCGA-DS-A1OC	TCGA-CESC	Alive				gdc_vital_status	0
TCGA-DS-A1OD	TCGA-CESC	Alive				gdc_vital_status	0
TCGA-DS-A3LQ	TCGA-CESC	Alive	22.980570	CENSORED		cbio_os_status	0
TCGA-DS-A7WF	TCGA-CESC	Dead	16.175165	PROGRESSION		cbio_os_status	0
TCGA-DS-A7WH	TCGA-CESC	Alive	17.523096	CENSORED		cbio_os_status	0
TCGA-DS-A7WI	TCGA-CESC	Dead	8.284841	PROGRESSION		cbio_os_status	0
TCGA-DT-5265	TCGA-READ	Alive	12.624519	CENSORED		cbio_os_status	0
TCGA-DU-5847	TCGA-LGG	Alive	18.016241	CENSORED		cbio_os_status	0
TCGA-DU-5849	TCGA-LGG	Alive	14.564224	CENSORED		cbio_os_status	0
TCGA-DU-5851	TCGA-LGG	Alive	17.457343	CENSORED		cbio_os_status	0
TCGA-DU-5852	TCGA-LGG	Dead	6.739652	PROGRESSION		cbio_os_status	0
TCGA-DU-5853	TCGA-LGG	Alive	13.380675	CENSORED		cbio_os_status	0
TCGA-DU-5854	TCGA-LGG	Alive	8.449222	PROGRESSION		cbio_os_status	0
TCGA-DU-5855	TCGA-LGG	Alive	6.805405	CENSORED		cbio_os_status	0
TCGA-DU-5870	TCGA-LGG	Alive	182.332248	PROGRESSION		cbio_os_status	0
TCGA-DU-5871	TCGA-LGG	Alive	18.936779	CENSORED		cbio_os_status	0
TCGA-DU-5872	TCGA-LGG	Alive	17.490219	PROGRESSION		cbio_os_status	0
TCGA-DU-5874	TCGA-LGG	Alive	15.155998	CENSORED		cbio_os_status	0
TCGA-DU-6392	TCGA-LGG	Alive	211.164809	PROGRESSION		cbio_os_status	0
TCGA-DU-6393	TCGA-LGG	Dead	52.109018	CENSORED		cbio_os_status	0
TCGA-DU-6394	TCGA-LGG	Dead	22.421672	PROGRESSION		cbio_os_status	0
TCGA-DU-6395	TCGA-LGG	Dead	49.018641	PROGRESSION		cbio_os_status	0
TCGA-DU-6396	TCGA-LGG	Dead	75.155341	PROGRESSION		cbio_os_status	0
TCGA-DU-6397	TCGA-LGG	Dead	46.059769	PROGRESSION		cbio_os_status	0
TCGA-DU-6399	TCGA-LGG	Dead	65.752704	PROGRESSION		cbio_os_status	0
TCGA-DU-6400	TCGA-LGG	Dead	1.216425	PROGRESSION		cbio_os_status	0
TCGA-DU-6401	TCGA-LGG	Dead	87.451096	PROGRESSION		cbio_os_status	0
TCGA-DU-6402	TCGA-LGG	Dead	7.035539	PROGRESSION		cbio_os_status	0
TCGA-DU-6403	TCGA-LGG	Dead	11.638229	PROGRESSION		cbio_os_status	0
TCGA-DU-6404	TCGA-LGG	Dead	133.741000	PROGRESSION		cbio_os_status	0
TCGA-DU-6405	TCGA-LGG	Dead	19.890193	PROGRESSION		cbio_os_status	0
TCGA-DU-6406	TCGA-LGG	Dead	16.832692	CENSORED		cbio_os_status	0
TCGA-DU-6407	TCGA-LGG	Dead	94.519512	PROGRESSION		cbio_os_status	0
TCGA-DU-6408	TCGA-LGG	Dead	114.080942	PROGRESSION		cbio_os_status	0
TCGA-DU-6410	TCGA-LGG	Alive	7.956077	CENSORED		cbio_os_status	0
TCGA-DU-6542	TCGA-LGG	Alive	2.399974	CENSORED		cbio_os_status	0
TCGA-DU-7006	TCGA-LGG	Dead	11.473847	PROGRESSION		cbio_os_status	0
TCGA-DU-7007	TCGA-LGG	Dead	62.958214	CENSORED		cbio_os_status	0
TCGA-DU-7008	TCGA-LGG	Alive	156.228425	PROGRESSION		cbio_os_status	0
TCGA-DU-7009	TCGA-LGG	Dead	154.354473	PROGRESSION		cbio_os_status	0
TCGA-DU-7010	TCGA-LGG	Dead	14.991617	PROGRESSION		cbio_os_status	0
TCGA-DU-7011	TCGA-LGG	Dead	105.204327	PROGRESSION		cbio_os_status	0
TCGA-DU-7012	TCGA-LGG	Dead	6.542394	PROGRESSION		cbio_os_status	0
TCGA-DU-7013	TCGA-LGG	Dead	8.843739	PROGRESSION		cbio_os_status	0
TCGA-DU-7014	TCGA-LGG	Dead	117.401453	PROGRESSION		cbio_os_status	0
TCGA-DU-7015	TCGA-LGG	Alive	90.771608	PROGRESSION		cbio_os_status	0
TCGA-DU-7018	TCGA-LGG	Dead	30.673636	PROGRESSION		cbio_os_status	0
TCGA-DU-7019	TCGA-LGG	Alive	26.301082	CENSORED		cbio_os_status	0
TCGA-DU-7290	TCGA-LGG	Dead	10.356051	PROGRESSION		cbio_os_status	0
TCGA-DU-7292	TCGA-LGG	Dead	7.956077	PROGRESSION		cbio_os_status	0
TCGA-DU-7294	TCGA-LGG	Alive	94.322254	CENSORED		cbio_os_status	0
TCGA-DU-7298	TCGA-LGG	Dead	18.936779	PROGRESSION		cbio_os_status	0
TCGA-DU-7299	TCGA-LGG	Dead	44.021435	PROGRESSION		cbio_os_status	0
TCGA-DU-7300	TCGA-LGG	Dead	62.004800	PROGRESSION		cbio_os_status	0
TCGA-DU-7301	TCGA-LGG	Dead	25.906565	PROGRESSION		cbio_os_status	0
TCGA-DU-7302	TCGA-LGG	Alive	60.295230	PROGRESSION		cbio_os_status	0
TCGA-DU-7304	TCGA-LGG	Dead	23.309334	PROGRESSION		cbio_os_status	0
TCGA-DU-7306	TCGA-LGG	Alive	41.983102	PROGRESSION		cbio_os_status	0
TCGA-DU-7309	TCGA-LGG	Alive	2.761614	CENSORED		cbio_os_status	0
TCGA-DU-8158	TCGA-LGG	Dead	5.095835	PROGRESSION		cbio_os_status	0
TCGA-DU-8161	TCGA-LGG	Dead	23.736726	PROGRESSION		cbio_os_status	0
TCGA-DU-8162	TCGA-LGG	Dead	14.597100	PROGRESSION		cbio_os_status	0
TCGA-DU-8163	TCGA-LGG	Alive	20.679225	PROGRESSION		cbio_os_status	0
TCGA-DU-8164	TCGA-LGG	Alive	21.402505	CENSORED		cbio_os_status	0
TCGA-DU-8165	TCGA-LGG	Alive	19.134037	CENSORED		cbio_os_status	0
TCGA-DU-8166	TCGA-LGG	Alive	16.964198	PROGRESSION		cbio_os_status	0
TCGA-DU-8167	TCGA-LGG	Alive	15.484762	CENSORED		cbio_os_status	0
TCGA-DU-8168	TCGA-LGG	Alive	14.169708	CENSORED		cbio_os_status	0
TCGA-DU-A5TP	TCGA-LGG	Alive	33.270868	PROGRESSION		cbio_os_status	0
TCGA-DU-A5TR	TCGA-LGG	Alive	29.851728	PROGRESSION		cbio_os_status	0
TCGA-DU-A5TS	TCGA-LGG	Alive	31.692803	PROGRESSION		cbio_os_status	0
TCGA-DU-A5TT	TCGA-LGG	Alive	24.427130	PROGRESSION		cbio_os_status	0
TCGA-DU-A5TU	TCGA-LGG	Alive	26.169576	PROGRESSION		cbio_os_status	0
TCGA-DU-A5TW	TCGA-LGG	Alive	24.986028	CENSORED		cbio_os_status	0
TCGA-DU-A5TY	TCGA-LGG	Dead	33.961272	PROGRESSION		cbio_os_status	0
TCGA-DU-A6S2	TCGA-LGG	Alive	25.544926	CENSORED		cbio_os_status	0
TCGA-DU-A6S3	TCGA-LGG	Alive	21.566887	CENSORED		cbio_os_status	0
TCGA-DU-A6S6	TCGA-LGG	Alive	95.111286	PROGRESSION		cbio_os_status	0
TCGA-DU-A6S7	TCGA-LGG	Alive	20.975113	CENSORED		cbio_os_status	0
TCGA-DU-A6S8	TCGA-LGG	Alive	22.290167	PROGRESSION		cbio_os_status	0
TCGA-DU-A76K	TCGA-LGG	Dead	11.408094	PROGRESSION		cbio_os_status	0
TCGA-DU-A76L	TCGA-LGG	Dead	26.761351	PROGRESSION		cbio_os_status	0
TCGA-DU-A76O	TCGA-LGG	Alive	17.161456	CENSORED		cbio_os_status	0
TCGA-DU-A76R	TCGA-LGG	Dead	21.303876	PROGRESSION		cbio_os_status	0
TCGA-DU-A7T6	TCGA-LGG	Dead	17.983365	PROGRESSION		cbio_os_status	0
TCGA-DU-A7T8	TCGA-LGG	Dead	139.034093	PROGRESSION		cbio_os_status	0
TCGA-DU-A7TA	TCGA-LGG	Alive	84.327843	CENSORED		cbio_os_status	0
TCGA-DU-A7TB	TCGA-LGG	Alive	51.517244	PROGRESSION		cbio_os_status	0
TCGA-DU-A7TC	TCGA-LGG	Alive	37.380412	PROGRESSION		cbio_os_status	0
TCGA-DU-A7TD	TCGA-LGG	Dead	7.495808	PROGRESSION		cbio_os_status	0
TCGA-DU-A7TG	TCGA-LGG	Dead	44.415952	CENSORED		cbio_os_status	0
TCGA-DU-A7TI	TCGA-LGG	Dead	38.892724	PROGRESSION		cbio_os_status	0
TCGA-DU-A7TJ	TCGA-LGG	Alive	0.558898	CENSORED		cbio_os_status	0
TCGA-DV-5565	TCGA-KIRC	Alive	43.692672	CENSORED		cbio_os_status	0
TCGA-DV-5566	TCGA-KIRC	Alive	45.961140	CENSORED		cbio_os_status	0
TCGA-DV-5567	TCGA-KIRC	Alive	65.884209	PROGRESSION		cbio_os_status	0
TCGA-DV-5568	TCGA-KIRC	Alive				gdc_vital_status	0
TCGA-DV-5569	TCGA-KIRC	Alive	11.671105	CENSORED		cbio_os_status	0
TCGA-DV-5573	TCGA-KIRC	Alive				gdc_vital_status	0
TCGA-DV-5574	TCGA-KIRC	Alive	66.278726	PROGRESSION		cbio_os_status	0
TCGA-DV-5575	TCGA-KIRC	Alive	56.843213	CENSORED		cbio_os_status	0
TCGA-DV-5576	TCGA-KIRC	Dead	23.901108	PROGRESSION		cbio_os_status	0
TCGA-DV-A4VX	TCGA-KIRC	Dead	53.456948	PROGRESSION		cbio_os_status	0
TCGA-DV-A4VZ	TCGA-KIRC	Alive	11.999868	CENSORED		cbio_os_status	0
TCGA-DV-A4W0	TCGA-KIRC	Alive	81.204590	PROGRESSION		cbio_os_status	0
TCGA-DW-5560	TCGA-KIRP	Alive	48.854259	CENSORED		cbio_os_status	0
TCGA-DW-5561	TCGA-KIRP	Alive	13.610810	CENSORED		cbio_os_status	0
TCGA-DW-7834	TCGA-KIRP	Alive	129.861591	CENSORED		cbio_os_status	0
TCGA-DW-7836	TCGA-KIRP	Alive	35.933853	CENSORED		cbio_os_status	0
TCGA-DW-7837	TCGA-KIRP	Alive	37.544794	CENSORED		cbio_os_status	0
TCGA-DW-7838	TCGA-KIRP	Alive	24.460006	PROGRESSION		cbio_os_status	0
TCGA-DW-7839	TCGA-KIRP	Alive	13.775192	CENSORED		cbio_os_status	0
TCGA-DW-7840	TCGA-KIRP	Alive	3.747904	CENSORED		cbio_os_status	0
TCGA-DW-7841	TCGA-KIRP	Alive	14.629977	CENSORED		cbio_os_status	0
TCGA-DW-7842	TCGA-KIRP	Alive	3.024624	CENSORED		cbio_os_status	0
TCGA-DW-7963	TCGA-KIRP	Alive	40.766677	CENSORED		cbio_os_status	0
TCGA-DX-A1KU	TCGA-SARC	Dead	14.038202	PROGRESSION		cbio_os_status	0
TCGA-DX-A1KW	TCGA-SARC	Dead	32.711970	CENSORED		cbio_os_status	0
TCGA-DX-A1KX	TCGA-SARC	Alive	68.612947	CENSORED		cbio_os_status	0
TCGA-DX-A1KY	TCGA-SARC	Dead	12.854654	PROGRESSION		cbio_os_status	0
TCGA-DX-A1KZ	TCGA-SARC	Alive	45.106355	PROGRESSION		cbio_os_status	0
TCGA-DX-A1L0	TCGA-SARC	Dead	18.542263	PROGRESSION		cbio_os_status	0
TCGA-DX-A1L1	TCGA-SARC	Dead	54.213105	PROGRESSION		cbio_os_status	0
TCGA-DX-A1L2	TCGA-SARC	Alive	85.018246	PROGRESSION		cbio_os_status	0
TCGA-DX-A1L3	TCGA-SARC	Dead	33.533879	PROGRESSION		cbio_os_status	0
TCGA-DX-A1L4	TCGA-SARC	Alive	66.936253	PROGRESSION		cbio_os_status	0
TCGA-DX-A23R	TCGA-SARC	Alive	74.662195	CENSORED		cbio_os_status	0
TCGA-DX-A23T	TCGA-SARC	Dead	5.260216	PROGRESSION		cbio_os_status	0
TCGA-DX-A23U	TCGA-SARC	Dead	76.404642	PROGRESSION		cbio_os_status	0
TCGA-DX-A23V	TCGA-SARC	Dead	66.870500	PROGRESSION		cbio_os_status	0
TCGA-DX-A23Y	TCGA-SARC	Dead	6.279383	PROGRESSION		cbio_os_status	0
TCGA-DX-A23Z	TCGA-SARC	Dead	27.813394	PROGRESSION		cbio_os_status	0
TCGA-DX-A240	TCGA-SARC	Alive	60.295230	CENSORED		cbio_os_status	0
TCGA-DX-A2IZ	TCGA-SARC	Alive	8.580728	CENSORED		cbio_os_status	0
TCGA-DX-A2J0	TCGA-SARC	Dead	9.698524	PROGRESSION		cbio_os_status	0
TCGA-DX-A2J1	TCGA-SARC	Alive	95.374297	CENSORED		cbio_os_status	0
TCGA-DX-A3LS	TCGA-SARC	Dead	9.040997	PROGRESSION		cbio_os_status	0
TCGA-DX-A3LT	TCGA-SARC	Alive	49.051517	PROGRESSION		cbio_os_status	0
TCGA-DX-A3LU	TCGA-SARC	Alive	86.826446	PROGRESSION		cbio_os_status	0
TCGA-DX-A3LW	TCGA-SARC	Alive	136.436861	PROGRESSION		cbio_os_status	0
TCGA-DX-A3LY	TCGA-SARC	Alive	33.435250	CENSORED		cbio_os_status	0
TCGA-DX-A3M1	TCGA-SARC	Alive	44.678962	PROGRESSION		cbio_os_status	0
TCGA-DX-A3M2	TCGA-SARC	Alive	34.684551	CENSORED		cbio_os_status	0
TCGA-DX-A3U5	TCGA-SARC	Alive	31.857185	CENSORED		cbio_os_status	0
TCGA-DX-A3U6	TCGA-SARC	Dead	35.769471	PROGRESSION		cbio_os_status	0
TCGA-DX-A3U7	TCGA-SARC	Dead	51.024098	PROGRESSION		cbio_os_status	0
TCGA-DX-A3U8	TCGA-SARC	Dead	4.536937	PROGRESSION		cbio_os_status	0
TCGA-DX-A3U9	TCGA-SARC	Dead	14.991617	PROGRESSION		cbio_os_status	0
TCGA-DX-A3UA	TCGA-SARC	Dead	10.684814	CENSORED		cbio_os_status	0
TCGA-DX-A3UB	TCGA-SARC	Alive	73.873163	CENSORED		cbio_os_status	0
TCGA-DX-A3UC	TCGA-SARC	Alive	68.547194	PROGRESSION		cbio_os_status	0
TCGA-DX-A3UD	TCGA-SARC	Alive	50.432324	PROGRESSION		cbio_os_status	0
TCGA-DX-A3UE	TCGA-SARC	Dead	34.881810	PROGRESSION		cbio_os_status	0
TCGA-DX-A3UF	TCGA-SARC	Dead	85.445639	PROGRESSION		cbio_os_status	0
TCGA-DX-A48J	TCGA-SARC	Dead	9.731400	PROGRESSION		cbio_os_status	0
TCGA-DX-A48K	TCGA-SARC	Alive	45.994017	CENSORED		cbio_os_status	0
TCGA-DX-A48L	TCGA-SARC	Dead	24.262748	PROGRESSION		cbio_os_status	0
TCGA-DX-A48N	TCGA-SARC	Alive	35.276326	CENSORED		cbio_os_status	0
TCGA-DX-A48O	TCGA-SARC	Alive	52.766545	CENSORED		cbio_os_status	0
TCGA-DX-A48P	TCGA-SARC	Alive	46.026893	CENSORED		cbio_os_status	0
TCGA-DX-A48R	TCGA-SARC	Alive	26.465463	PROGRESSION		cbio_os_status	0
TCGA-DX-A48U	TCGA-SARC	Alive	108.820725	CENSORED		cbio_os_status	0
TCGA-DX-A48V	TCGA-SARC	Alive	59.834961	PROGRESSION		cbio_os_status	0
TCGA-DX-A6B7	TCGA-SARC	Alive	37.577670	CENSORED		cbio_os_status	0
TCGA-DX-A6B8	TCGA-SARC	Dead	15.945031	PROGRESSION		cbio_os_status	0
TCGA-DX-A6B9	TCGA-SARC	Alive	37.413289	CENSORED		cbio_os_status	0
TCGA-DX-A6BA	TCGA-SARC	Alive	82.684025	PROGRESSION		cbio_os_status	0
TCGA-DX-A6BB	TCGA-SARC	Alive	36.328369	CENSORED		cbio_os_status	0
TCGA-DX-A6BE	TCGA-SARC	Alive	28.964066	CENSORED		cbio_os_status	0
TCGA-DX-A6BF	TCGA-SARC	Alive	31.955814	PROGRESSION		cbio_os_status	0
TCGA-DX-A6BG	TCGA-SARC	Alive	36.854391	PROGRESSION		cbio_os_status	0
TCGA-DX-A6BH	TCGA-SARC	Alive	26.991485	PROGRESSION		cbio_os_status	0
TCGA-DX-A6BK	TCGA-SARC	Dead	16.175165	CENSORED		cbio_os_status	0
TCGA-DX-A6YQ	TCGA-SARC	Dead	3.057501	CENSORED		cbio_os_status	0
TCGA-DX-A6YR	TCGA-SARC	Alive	40.996811	CENSORED		cbio_os_status	0
TCGA-DX-A6YS	TCGA-SARC	Alive	78.278594	CENSORED		cbio_os_status	0
TCGA-DX-A6YT	TCGA-SARC	Alive	67.199264	CENSORED		cbio_os_status	0
TCGA-DX-A6YU	TCGA-SARC	Alive	34.355788	CENSORED		cbio_os_status	0
TCGA-DX-A6YV	TCGA-SARC	Dead	50.498077	PROGRESSION		cbio_os_status	0
TCGA-DX-A6YX	TCGA-SARC	Dead	16.865569	PROGRESSION		cbio_os_status	0
TCGA-DX-A6YZ	TCGA-SARC	Alive	86.300424	CENSORED		cbio_os_status	0
TCGA-DX-A6Z0	TCGA-SARC	Dead	64.207516	CENSORED		cbio_os_status	0
TCGA-DX-A6Z2	TCGA-SARC	Alive	101.226288	PROGRESSION		cbio_os_status	0
TCGA-DX-A7EF	TCGA-SARC	Dead	21.303876	PROGRESSION		cbio_os_status	0
TCGA-DX-A7EI	TCGA-SARC	Dead	34.487293	PROGRESSION		cbio_os_status	0
TCGA-DX-A7EL	TCGA-SARC	Alive	75.319723	PROGRESSION		cbio_os_status	0
TCGA-DX-A7EM	TCGA-SARC	Alive	62.202058	CENSORED		cbio_os_status	0
TCGA-DX-A7EN	TCGA-SARC	Alive	30.344873	PROGRESSION		cbio_os_status	0
TCGA-DX-A7EO	TCGA-SARC	Alive	152.118881	CENSORED		cbio_os_status	0
TCGA-DX-A7EQ	TCGA-SARC	Dead	29.490088	PROGRESSION		cbio_os_status	0
TCGA-DX-A7ER	TCGA-SARC	Dead	48.196732	CENSORED		cbio_os_status	0
TCGA-DX-A7ES	TCGA-SARC	Alive	20.054575	CENSORED		cbio_os_status	0
TCGA-DX-A7ET	TCGA-SARC	Alive	15.221751	CENSORED		cbio_os_status	0
TCGA-DX-A7EU	TCGA-SARC	Alive	23.703850	CENSORED		cbio_os_status	0
TCGA-DX-A8BG	TCGA-SARC	Alive	17.950488	PROGRESSION		cbio_os_status	0
TCGA-DX-A8BH	TCGA-SARC	Dead	14.432719	PROGRESSION		cbio_os_status	0
TCGA-DX-A8BJ	TCGA-SARC	Dead	9.336884	CENSORED		cbio_os_status	0
TCGA-DX-A8BK	TCGA-SARC	Alive	61.971924	CENSORED		cbio_os_status	0
TCGA-DX-A8BL	TCGA-SARC	Alive	45.139231	CENSORED		cbio_os_status	0
TCGA-DX-A8BM	TCGA-SARC	Alive	47.867969	CENSORED		cbio_os_status	0
TCGA-DX-A8BN	TCGA-SARC	Alive	38.169445	CENSORED		cbio_os_status	0
TCGA-DX-A8BO	TCGA-SARC	Alive	40.766677	PROGRESSION		cbio_os_status	0
TCGA-DX-A8BP	TCGA-SARC	Alive	14.071079	PROGRESSION		cbio_os_status	0
TCGA-DX-A8BQ	TCGA-SARC	Alive				gdc_vital_status	0
TCGA-DX-A8BR	TCGA-SARC	Alive	150.343558	CENSORED		cbio_os_status	0
TCGA-DX-A8BS	TCGA-SARC	Dead	27.944899	CENSORED		cbio_os_status	0
TCGA-DX-A8BT	TCGA-SARC	Alive	40.437913	PROGRESSION		cbio_os_status	0
TCGA-DX-A8BU	TCGA-SARC	Dead	36.690009	PROGRESSION		cbio_os_status	0
TCGA-DX-A8BV	TCGA-SARC	Dead	60.656870	PROGRESSION		cbio_os_status	0
TCGA-DX-A8BX	TCGA-SARC	Dead	19.429924	PROGRESSION		cbio_os_status	0
TCGA-DX-A8BZ	TCGA-SARC	Dead	6.575270	PROGRESSION		cbio_os_status	0
TCGA-DX-AATS	TCGA-SARC	Dead	1.150672	CENSORED		cbio_os_status	0
TCGA-DX-AB2E	TCGA-SARC	Alive	17.786106	PROGRESSION		cbio_os_status	0
TCGA-DX-AB2F	TCGA-SARC	Alive	11.999868	CENSORED		cbio_os_status	0
TCGA-DX-AB2G	TCGA-SARC	Alive	15.714896	CENSORED		cbio_os_status	0
TCGA-DX-AB2H	TCGA-SARC	Alive	15.846402	CENSORED		cbio_os_status	0
TCGA-DX-AB2J	TCGA-SARC	Dead	40.602295	PROGRESSION		cbio_os_status	0
TCGA-DX-AB2L	TCGA-SARC	Alive	65.982839	CENSORED		cbio_os_status	0
TCGA-DX-AB2O	TCGA-SARC	Alive	86.103166	CENSORED		cbio_os_status	0
TCGA-DX-AB2P	TCGA-SARC	Dead	12.065621	PROGRESSION		cbio_os_status	0
TCGA-DX-AB2Q	TCGA-SARC	Alive	66.738995	PROGRESSION		cbio_os_status	0
TCGA-DX-AB2S	TCGA-SARC	Alive	9.205379	CENSORED		cbio_os_status	0
TCGA-DX-AB2T	TCGA-SARC	Alive	77.884078	PROGRESSION		cbio_os_status	0
TCGA-DX-AB2V	TCGA-SARC	Alive	106.552257	CENSORED		cbio_os_status	0
TCGA-DX-AB2W	TCGA-SARC	Alive	106.453628	CENSORED		cbio_os_status	0
TCGA-DX-AB2X	TCGA-SARC	Dead	13.282046	PROGRESSION		cbio_os_status	0
TCGA-DX-AB2Z	TCGA-SARC	Alive	50.399448	CENSORED		cbio_os_status	0
TCGA-DX-AB30	TCGA-SARC	Dead	22.849065	PROGRESSION		cbio_os_status	0
TCGA-DX-AB32	TCGA-SARC	Alive	101.982444	CENSORED		cbio_os_status	0
TCGA-DX-AB35	TCGA-SARC	Alive	30.509255	PROGRESSION		cbio_os_status	0
TCGA-DX-AB36	TCGA-SARC	Dead	59.999342	CENSORED		cbio_os_status	0
TCGA-DX-AB37	TCGA-SARC	Dead	84.656607	CENSORED		cbio_os_status	0
TCGA-DX-AB3A	TCGA-SARC	Dead	32.153072	PROGRESSION		cbio_os_status	0
TCGA-DX-AB3B	TCGA-SARC	Alive	50.892593	CENSORED		cbio_os_status	0
TCGA-DX-AB3C	TCGA-SARC	Alive	71.308808	PROGRESSION		cbio_os_status	0
TCGA-DY-A0XA	TCGA-READ	Alive	126.442450	CENSORED		cbio_os_status	0
TCGA-DY-A1DC	TCGA-READ	Dead	41.358451	PROGRESSION		cbio_os_status	0
TCGA-DY-A1DD	TCGA-READ	Dead	57.237729	CENSORED		cbio_os_status	0
TCGA-DY-A1DE	TCGA-READ	Alive	129.269816	PROGRESSION		cbio_os_status	0
TCGA-DY-A1DF	TCGA-READ	Dead	24.131242	CENSORED		cbio_os_status	0
TCGA-DY-A1DG	TCGA-READ	Dead	51.484367	PROGRESSION		cbio_os_status	0
TCGA-E1-A7YD	TCGA-LGG	Dead	14.301213	PROGRESSION		cbio_os_status	0
TCGA-E1-A7YE	TCGA-LGG	Dead	29.128448	PROGRESSION		cbio_os_status	0
TCGA-E1-A7YH	TCGA-LGG	Dead	93.204458	PROGRESSION		cbio_os_status	0
TCGA-E1-A7YI	TCGA-LGG	Dead	3.649275	PROGRESSION		cbio_os_status	0
TCGA-E1-A7YJ	TCGA-LGG	Dead	19.462800	PROGRESSION		cbio_os_status	0
TCGA-E1-A7YK	TCGA-LGG	Dead	12.427261	CENSORED		cbio_os_status	0
TCGA-E1-A7YL	TCGA-LGG	Dead	16.175165	PROGRESSION		cbio_os_status	0
TCGA-E1-A7YM	TCGA-LGG	Dead	21.303876	PROGRESSION		cbio_os_status	0
TCGA-E1-A7YN	TCGA-LGG	Dead	23.901108	PROGRESSION		cbio_os_status	0
TCGA-E1-A7YO	TCGA-LGG	Dead	75.023835	PROGRESSION		cbio_os_status	0
TCGA-E1-A7YS	TCGA-LGG	Dead	15.320380	PROGRESSION		cbio_os_status	0
TCGA-E1-A7YU	TCGA-LGG	Dead	0.756156	PROGRESSION		cbio_os_status	0
TCGA-E1-A7YV	TCGA-LGG	Dead	32.448959	PROGRESSION		cbio_os_status	0
TCGA-E1-A7YW	TCGA-LGG	Dead	36.821514	PROGRESSION		cbio_os_status	0
TCGA-E1-A7YY	TCGA-LGG	Dead	146.135385	PROGRESSION		cbio_os_status	0
TCGA-E1-A7Z2	TCGA-LGG	Dead	13.084788	PROGRESSION		cbio_os_status	0
TCGA-E1-A7Z3	TCGA-LGG	Dead	73.478647	PROGRESSION		cbio_os_status	0
TCGA-E1-A7Z4	TCGA-LGG	Dead	145.050465	PROGRESSION		cbio_os_status	0
TCGA-E1-A7Z6	TCGA-LGG	Dead	32.350330	PROGRESSION		cbio_os_status	0
TCGA-E2-A105	TCGA-BRCA_IDC	Alive	43.002268	CENSORED		cbio_os_status	0
TCGA-E2-A106	TCGA-BRCA_IDC	Alive				gdc_vital_status	0
TCGA-E2-A107	TCGA-BRCA_OTHERS	Alive	34.421541	CENSORED		cbio_os_status	0
TCGA-E2-A108	TCGA-BRCA_IDC	Alive	27.517507	CENSORED		cbio_os_status	0
TCGA-E2-A109	TCGA-BRCA_IDC	Alive	46.585791	CENSORED		cbio_os_status	0
TCGA-E2-A10A	TCGA-BRCA_IDC	Alive	40.405037	PROGRESSION		cbio_os_status	0
TCGA-E2-A10B	TCGA-BRCA_IDC	Alive	37.511918	PROGRESSION		cbio_os_status	0
TCGA-E2-A10C	TCGA-BRCA_IDC	Alive	40.109149	CENSORED		cbio_os_status	0
TCGA-E2-A10E	TCGA-BRCA_IDC	Alive	28.438045	CENSORED		cbio_os_status	0
TCGA-E2-A10F	TCGA-BRCA_OTHERS	Alive	28.865437	CENSORED		cbio_os_status	0
TCGA-E2-A14N	TCGA-BRCA_IDC	Alive	47.144689	CENSORED		cbio_os_status	0
TCGA-E2-A14O	TCGA-BRCA_IDC	Alive	44.678962	CENSORED		cbio_os_status	0
TCGA-E2-A14P	TCGA-BRCA_IDC	Alive	40.963935	CENSORED		cbio_os_status	0
TCGA-E2-A14Q	TCGA-BRCA_IDC	Alive	38.235197	CENSORED		cbio_os_status	0
TCGA-E2-A14R	TCGA-BRCA_IDC	Alive	38.596837	PROGRESSION		cbio_os_status	0
TCGA-E2-A14S	TCGA-BRCA_IDC	Alive	33.172239	CENSORED		cbio_os_status	0
TCGA-E2-A14T	TCGA-BRCA_IDC	Alive	75.977250	CENSORED		cbio_os_status	0
TCGA-E2-A14U	TCGA-BRCA_OTHERS	Alive	43.331032	CENSORED		cbio_os_status	0
TCGA-E2-A14V	TCGA-BRCA_IDC	Alive	34.257159	CENSORED		cbio_os_status	0
TCGA-E2-A14W	TCGA-BRCA_IDC	Alive	32.021567	CENSORED		cbio_os_status	0
TCGA-E2-A14X	TCGA-BRCA_IDC	Alive	31.955814	CENSORED		cbio_os_status	0
TCGA-E2-A14Y	TCGA-BRCA_IDC	Alive	69.336226	CENSORED		cbio_os_status	0
TCGA-E2-A14Z	TCGA-BRCA_IDC	Dead	18.509386	PROGRESSION		cbio_os_status	0
TCGA-E2-A150	TCGA-BRCA_IDC	Alive	63.615741	CENSORED		cbio_os_status	0
TCGA-E2-A152	TCGA-BRCA_IDC	Alive	69.960877	PROGRESSION		cbio_os_status	0
TCGA-E2-A153	TCGA-BRCA_IDC	Alive	23.243581	CENSORED		cbio_os_status	0
TCGA-E2-A154	TCGA-BRCA_IDC	Alive	19.429924	CENSORED		cbio_os_status	0
TCGA-E2-A155	TCGA-BRCA_IDC	Alive	21.040865	CENSORED		cbio_os_status	0
TCGA-E2-A156	TCGA-BRCA_IDC	Alive	23.868232	CENSORED		cbio_os_status	0
TCGA-E2-A158	TCGA-BRCA_IDC	Alive	14.794358	CENSORED		cbio_os_status	0
TCGA-E2-A159	TCGA-BRCA_IDC	Alive	25.051780	CENSORED		cbio_os_status	0
TCGA-E2-A15A	TCGA-BRCA_IDC	Alive	23.342210	CENSORED		cbio_os_status	0
TCGA-E2-A15C	TCGA-BRCA_IDC	Alive	22.816188	CENSORED		cbio_os_status	0
TCGA-E2-A15D	TCGA-BRCA_IDC	Alive	17.292961	CENSORED		cbio_os_status	0
TCGA-E2-A15E	TCGA-BRCA_IDC	Alive				gdc_vital_status	0
TCGA-E2-A15F	TCGA-BRCA_IDC	Alive	21.632640	CENSORED		cbio_os_status	0
TCGA-E2-A15G	TCGA-BRCA_OTHERS	Alive	18.213499	CENSORED		cbio_os_status	0
TCGA-E2-A15H	TCGA-BRCA_IDC	Alive	12.920406	CENSORED		cbio_os_status	0
TCGA-E2-A15I	TCGA-BRCA_IDC	Alive	55.626788	CENSORED		cbio_os_status	0
TCGA-E2-A15J	TCGA-BRCA_IDC	Alive	53.917217	CENSORED		cbio_os_status	0
TCGA-E2-A15K	TCGA-BRCA_IDC	Alive	9.040997	CENSORED		cbio_os_status	0
TCGA-E2-A15L	TCGA-BRCA_OTHERS	Alive	20.580596	CENSORED		cbio_os_status	0
TCGA-E2-A15M	TCGA-BRCA_OTHERS	Dead	11.046454	CENSORED		cbio_os_status	0
TCGA-E2-A15O	TCGA-BRCA_IDC	Alive	50.793964	PROGRESSION		cbio_os_status	0
TCGA-E2-A15P	TCGA-BRCA_IDC	Alive	19.561429	CENSORED		cbio_os_status	0
TCGA-E2-A15R	TCGA-BRCA_IDC	Alive	56.941842	CENSORED		cbio_os_status	0
TCGA-E2-A15S	TCGA-BRCA_IDC	Alive	14.071079	CENSORED		cbio_os_status	0
TCGA-E2-A15T	TCGA-BRCA_IDC	Alive	51.385738	CENSORED		cbio_os_status	0
TCGA-E2-A1AZ	TCGA-BRCA_IDC	Alive	76.569024	CENSORED		cbio_os_status	0
TCGA-E2-A1B0	TCGA-BRCA_IDC	Alive	53.621330	CENSORED		cbio_os_status	0
TCGA-E2-A1B1	TCGA-BRCA_IDC	Alive	87.220962	CENSORED		cbio_os_status	0
TCGA-E2-A1B4	TCGA-BRCA_IDC	Dead	33.007857	CENSORED		cbio_os_status	0
TCGA-E2-A1B5	TCGA-BRCA_OTHERS	Alive	32.350330	CENSORED		cbio_os_status	0
TCGA-E2-A1B6	TCGA-BRCA_IDC	Alive	28.503797	CENSORED		cbio_os_status	0
TCGA-E2-A1BC	TCGA-BRCA_OTHERS	Alive	16.471052	CENSORED		cbio_os_status	0
TCGA-E2-A1BD	TCGA-BRCA_IDC	Alive	37.248907	CENSORED		cbio_os_status	0
TCGA-E2-A1IE	TCGA-BRCA_IDC	Alive	77.653944	PROGRESSION		cbio_os_status	0
TCGA-E2-A1IF	TCGA-BRCA_IDC	Alive	37.413289	CENSORED		cbio_os_status	0
TCGA-E2-A1IG	TCGA-BRCA_IDC	Alive	70.355393	CENSORED		cbio_os_status	0
TCGA-E2-A1IH	TCGA-BRCA_OTHERS	Alive	33.731137	CENSORED		cbio_os_status	0
TCGA-E2-A1II	TCGA-BRCA_IDC	Alive	33.698261	CENSORED		cbio_os_status	0
TCGA-E2-A1IJ	TCGA-BRCA_OTHERS	Alive	28.438045	CENSORED		cbio_os_status	0
TCGA-E2-A1IK	TCGA-BRCA_IDC	Alive	59.177434	CENSORED		cbio_os_status	0
TCGA-E2-A1IL	TCGA-BRCA_OTHERS	Alive	3.879410	CENSORED		cbio_os_status	0
TCGA-E2-A1IN	TCGA-BRCA_IDC	Alive	22.191538	CENSORED		cbio_os_status	0
TCGA-E2-A1IO	TCGA-BRCA_IDC	Alive	60.985633	CENSORED		cbio_os_status	0
TCGA-E2-A1IU	TCGA-BRCA_IDC	Alive	11.079331	CENSORED		cbio_os_status	0
TCGA-E2-A1L6	TCGA-BRCA_IDC	Alive	54.180228	CENSORED		cbio_os_status	0
TCGA-E2-A1L7	TCGA-BRCA_IDC	Alive	60.360982	PROGRESSION		cbio_os_status	0
TCGA-E2-A1L8	TCGA-BRCA_OTHERS	Alive	73.643029	CENSORED		cbio_os_status	0
TCGA-E2-A1L9	TCGA-BRCA_IDC	Alive	19.660059	CENSORED		cbio_os_status	0
TCGA-E2-A1LA	TCGA-BRCA_IDC	Alive	24.591511	CENSORED		cbio_os_status	0
TCGA-E2-A1LB	TCGA-BRCA_IDC	Alive	75.812868	CENSORED		cbio_os_status	0
TCGA-E2-A1LE	TCGA-BRCA_IDC	Dead	28.898313	PROGRESSION		cbio_os_status	0
TCGA-E2-A1LG	TCGA-BRCA_OTHERS	Alive	50.070684	CENSORED		cbio_os_status	0
TCGA-E2-A1LH	TCGA-BRCA_IDC	Alive	106.749515	CENSORED		cbio_os_status	0
TCGA-E2-A1LI	TCGA-BRCA_IDC	Alive	102.607095	CENSORED		cbio_os_status	0
TCGA-E2-A1LK	TCGA-BRCA_IDC	Dead	8.745110	PROGRESSION		cbio_os_status	0
TCGA-E2-A1LL	TCGA-BRCA_IDC	Alive	43.035145	PROGRESSION		cbio_os_status	0
TCGA-E2-A1LS	TCGA-BRCA_IDC	Alive	52.733669	CENSORED		cbio_os_status	0
TCGA-E2-A2P5	TCGA-BRCA_OTHERS	Dead	26.991485	PROGRESSION		cbio_os_status	0
TCGA-E2-A2P6	TCGA-BRCA_OTHERS	Alive	34.553046	CENSORED		cbio_os_status	0
TCGA-E2-A3DX	TCGA-BRCA_OTHERS	Alive	43.561166	CENSORED		cbio_os_status	0
TCGA-E2-A56Z	TCGA-BRCA_IDC	Alive	8.284841	CENSORED		cbio_os_status	0
TCGA-E2-A570	TCGA-BRCA_IDC	Alive	30.607884	CENSORED		cbio_os_status	0
TCGA-E2-A572	TCGA-BRCA_IDC	Alive				gdc_vital_status	0
TCGA-E2-A573	TCGA-BRCA_IDC	Alive	34.914686	CENSORED		cbio_os_status	0
TCGA-E2-A574	TCGA-BRCA_IDC	Alive	38.761219	CENSORED		cbio_os_status	0
TCGA-E2-A576	TCGA-BRCA_OTHERS	Alive	34.290035	CENSORED		cbio_os_status	0
TCGA-E2-A9RU	TCGA-BRCA_IDC	Alive	17.687477	CENSORED		cbio_os_status	0
TCGA-E3-A3DY	TCGA-THCA	Alive	92.546931	CENSORED		cbio_os_status	0
TCGA-E3-A3DZ	TCGA-THCA	Alive	47.210442	CENSORED		cbio_os_status	0
TCGA-E3-A3E0	TCGA-THCA	Alive	66.377355	CENSORED		cbio_os_status	0
TCGA-E3-A3E1	TCGA-THCA	Alive	80.514186	CENSORED		cbio_os_status	0
TCGA-E3-A3E2	TCGA-THCA	Alive	63.188349	CENSORED		cbio_os_status	0
TCGA-E3-A3E3	TCGA-THCA	Alive	52.437782	PROGRESSION		cbio_os_status	0
TCGA-E3-A3E5	TCGA-THCA	Alive	39.944768	CENSORED		cbio_os_status	0
TCGA-E5-A2PC	TCGA-BLCA	Alive	43.594043	CENSORED		cbio_os_status	0
TCGA-E5-A4TZ	TCGA-BLCA	Dead	15.353256	PROGRESSION		cbio_os_status	0
TCGA-E5-A4U1	TCGA-BLCA	Alive	38.826972	PROGRESSION		cbio_os_status	0
TCGA-E6-A1LX	TCGA-UCEC	Alive	23.375086	CENSORED		cbio_os_status	0
TCGA-E6-A1LZ	TCGA-UCEC	Alive	79.100503	CENSORED		cbio_os_status	0
TCGA-E6-A2P8	TCGA-UCEC	Dead	2.367097	PROGRESSION		cbio_os_status	0
TCGA-E6-A8L9	TCGA-UCEC	Alive	33.303745	CENSORED		cbio_os_status	0
TCGA-E7-A3X6	TCGA-BLCA	Dead	29.720222	PROGRESSION		cbio_os_status	0
TCGA-E7-A3Y1	TCGA-BLCA	Alive	5.358845	CENSORED		cbio_os_status	0
TCGA-E7-A4IJ	TCGA-BLCA	Dead	22.158661	PROGRESSION		cbio_os_status	0
TCGA-E7-A4XJ	TCGA-BLCA	Dead	2.235592	CENSORED		cbio_os_status	0
TCGA-E7-A519	TCGA-BLCA	Alive	16.701187	CENSORED		cbio_os_status	0
TCGA-E7-A541	TCGA-BLCA	Dead	25.577802	CENSORED		cbio_os_status	0
TCGA-E7-A5KE	TCGA-BLCA	Alive	0.558898	CENSORED		cbio_os_status	0
TCGA-E7-A5KF	TCGA-BLCA	Alive	0.657527	CENSORED		cbio_os_status	0
TCGA-E7-A677	TCGA-BLCA	Alive	26.958609	CENSORED		cbio_os_status	0
TCGA-E7-A678	TCGA-BLCA	Alive	26.235329	CENSORED		cbio_os_status	0
TCGA-E7-A6MD	TCGA-BLCA	Alive	4.241049	CENSORED		cbio_os_status	0
TCGA-E7-A6ME	TCGA-BLCA	Alive	24.032613	CENSORED		cbio_os_status	0
TCGA-E7-A6MF	TCGA-BLCA	Alive	24.657264	CENSORED		cbio_os_status	0
TCGA-E7-A7DU	TCGA-BLCA	Alive	0.920538	CENSORED		cbio_os_status	0
TCGA-E7-A7DV	TCGA-BLCA	Alive	1.216425	CENSORED		cbio_os_status	0
TCGA-E7-A7PW	TCGA-BLCA	Alive	13.676562	PROGRESSION		cbio_os_status	0
TCGA-E7-A7XN	TCGA-BLCA	Alive	14.071079	PROGRESSION		cbio_os_status	0
TCGA-E7-A85H	TCGA-BLCA	Alive	12.953283	CENSORED		cbio_os_status	0
TCGA-E7-A8O7	TCGA-BLCA	Alive	15.320380	CENSORED		cbio_os_status	0
TCGA-E7-A8O8	TCGA-BLCA	Alive				gdc_vital_status	0
TCGA-E7-A97P	TCGA-BLCA	Dead	14.366966	CENSORED		cbio_os_status	0
TCGA-E7-A97Q	TCGA-BLCA	Dead	8.087583	PROGRESSION		cbio_os_status	0
TCGA-E8-A242	TCGA-THCA	Alive	31.232534	CENSORED		cbio_os_status	0
TCGA-E8-A2EA	TCGA-THCA	Alive	35.670842	CENSORED		cbio_os_status	0
TCGA-E8-A2JQ	TCGA-THCA	Alive				gdc_vital_status	0
TCGA-E8-A3X7	TCGA-THCA	Alive	31.265411	CENSORED		cbio_os_status	0
TCGA-E8-A413	TCGA-THCA	Alive	29.983233	CENSORED		cbio_os_status	0
TCGA-E8-A414	TCGA-THCA	Alive	31.495545	CENSORED		cbio_os_status	0
TCGA-E8-A415	TCGA-THCA	Alive	31.035276	CENSORED		cbio_os_status	0
TCGA-E8-A416	TCGA-THCA	Alive	31.298287	CENSORED		cbio_os_status	0
TCGA-E8-A417	TCGA-THCA	Alive	30.838018	CENSORED		cbio_os_status	0
TCGA-E8-A418	TCGA-THCA	Alive	3.024624	CENSORED		cbio_os_status	0
TCGA-E8-A419	TCGA-THCA	Alive	25.446296	CENSORED		cbio_os_status	0
TCGA-E8-A432	TCGA-THCA	Alive	30.607884	PROGRESSION		cbio_os_status	0
TCGA-E8-A433	TCGA-THCA	Alive	31.265411	CENSORED		cbio_os_status	0
TCGA-E8-A434	TCGA-THCA	Alive	31.331163	CENSORED		cbio_os_status	0
TCGA-E8-A436	TCGA-THCA	Alive	14.958740	CENSORED		cbio_os_status	0
TCGA-E8-A437	TCGA-THCA	Alive	39.879015	CENSORED		cbio_os_status	0
TCGA-E8-A438	TCGA-THCA	Alive	33.501003	CENSORED		cbio_os_status	0
TCGA-E8-A44K	TCGA-THCA	Alive	31.002400	CENSORED		cbio_os_status	0
TCGA-E8-A44M	TCGA-THCA	Alive	30.147615	CENSORED		cbio_os_status	0
TCGA-E9-A1N3	TCGA-BRCA_OTHERS	Alive	34.816057	CENSORED		cbio_os_status	0
TCGA-E9-A1N4	TCGA-BRCA_OTHERS	Alive	32.876352	CENSORED		cbio_os_status	0
TCGA-E9-A1N5	TCGA-BRCA_OTHERS	Alive	36.821514	CENSORED		cbio_os_status	0
TCGA-E9-A1N6	TCGA-BRCA_IDC	Dead	22.290167	PROGRESSION		cbio_os_status	0
TCGA-E9-A1N8	TCGA-BRCA_IDC	Alive	34.158530	CENSORED		cbio_os_status	0
TCGA-E9-A1N9	TCGA-BRCA_OTHERS	Alive	36.196864	CENSORED		cbio_os_status	0
TCGA-E9-A1NA	TCGA-BRCA_OTHERS	Alive	36.558503	CENSORED		cbio_os_status	0
TCGA-E9-A1NC	TCGA-BRCA_OTHERS	Alive	39.550252	CENSORED		cbio_os_status	0
TCGA-E9-A1ND	TCGA-BRCA_IDC	Alive	41.621462	CENSORED		cbio_os_status	0
TCGA-E9-A1NE	TCGA-BRCA_OTHERS	Alive	35.769471	CENSORED		cbio_os_status	0
TCGA-E9-A1NF	TCGA-BRCA_OTHERS	Dead	35.243449	PROGRESSION		cbio_os_status	0
TCGA-E9-A1NG	TCGA-BRCA_IDC	Dead	25.840813	CENSORED		cbio_os_status	0
TCGA-E9-A1NH	TCGA-BRCA_IDC	Alive	18.936779	CENSORED		cbio_os_status	0
TCGA-E9-A1NI	TCGA-BRCA_OTHERS	Alive	9.862906	CENSORED		cbio_os_status	0
TCGA-E9-A1QZ	TCGA-BRCA_IDC	Alive	24.821646	CENSORED		cbio_os_status	0
TCGA-E9-A1R0	TCGA-BRCA_IDC	Alive	28.273663	CENSORED		cbio_os_status	0
TCGA-E9-A1R2	TCGA-BRCA_IDC	Alive	34.947562	CENSORED		cbio_os_status	0
TCGA-E9-A1R3	TCGA-BRCA_IDC	Alive	2.564355	CENSORED		cbio_os_status	0
TCGA-E9-A1R4	TCGA-BRCA_IDC	Alive	6.115001	CENSORED		cbio_os_status	0
TCGA-E9-A1R5	TCGA-BRCA_IDC	Alive	3.024624	CENSORED		cbio_os_status	0
TCGA-E9-A1R6	TCGA-BRCA_IDC	Alive	11.145083	CENSORED		cbio_os_status	0
TCGA-E9-A1R7	TCGA-BRCA_IDC	Alive	48.229608	CENSORED		cbio_os_status	0
TCGA-E9-A1RA	TCGA-BRCA_IDC	Alive	45.007726	CENSORED		cbio_os_status	0
TCGA-E9-A1RB	TCGA-BRCA_IDC	Dead	32.087320	CENSORED		cbio_os_status	0
TCGA-E9-A1RC	TCGA-BRCA_OTHERS	Alive	40.240655	CENSORED		cbio_os_status	0
TCGA-E9-A1RD	TCGA-BRCA_IDC	Alive	1.117796	CENSORED		cbio_os_status	0
TCGA-E9-A1RE	TCGA-BRCA_IDC	Alive	46.651544	CENSORED		cbio_os_status	0
TCGA-E9-A1RF	TCGA-BRCA_IDC	Alive	6.575270	CENSORED		cbio_os_status	0
TCGA-E9-A1RG	TCGA-BRCA_IDC	Alive	21.271000	CENSORED		cbio_os_status	0
TCGA-E9-A1RH	TCGA-BRCA_IDC	Alive	46.585791	CENSORED		cbio_os_status	0
TCGA-E9-A1RI	TCGA-BRCA_OTHERS	Alive	47.637834	CENSORED		cbio_os_status	0
TCGA-E9-A226	TCGA-BRCA_IDC	Dead	34.454417	PROGRESSION		cbio_os_status	0
TCGA-E9-A227	TCGA-BRCA_IDC	Alive	32.054443	CENSORED		cbio_os_status	0
TCGA-E9-A228	TCGA-BRCA_IDC	Alive	42.246112	CENSORED		cbio_os_status	0
TCGA-E9-A229	TCGA-BRCA_IDC	Alive	37.742052	CENSORED		cbio_os_status	0
TCGA-E9-A22A	TCGA-BRCA_IDC	Alive	39.089983	CENSORED		cbio_os_status	0
TCGA-E9-A22B	TCGA-BRCA_OTHERS	Alive	38.366703	CENSORED		cbio_os_status	0
TCGA-E9-A22D	TCGA-BRCA_IDC	Alive	41.029687	CENSORED		cbio_os_status	0
TCGA-E9-A22E	TCGA-BRCA_IDC	Alive	41.720091	CENSORED		cbio_os_status	0
TCGA-E9-A22G	TCGA-BRCA_IDC	Alive	40.733800	CENSORED		cbio_os_status	0
TCGA-E9-A22H	TCGA-BRCA_IDC	Alive	40.503666	CENSORED		cbio_os_status	0
TCGA-E9-A243	TCGA-BRCA_IDC	Alive	20.120327	PROGRESSION		cbio_os_status	0
TCGA-E9-A244	TCGA-BRCA_IDC	Alive	0.690403	CENSORED		cbio_os_status	0
TCGA-E9-A245	TCGA-BRCA_IDC	Alive	0.854785	CENSORED		cbio_os_status	0
TCGA-E9-A247	TCGA-BRCA_IDC	Alive	38.991354	CENSORED		cbio_os_status	0
TCGA-E9-A248	TCGA-BRCA_IDC	Alive	1.939705	CENSORED		cbio_os_status	0
TCGA-E9-A249	TCGA-BRCA_IDC	Alive	7.134168	CENSORED		cbio_os_status	0
TCGA-E9-A24A	TCGA-BRCA_IDC	Alive	24.558635	CENSORED		cbio_os_status	0
TCGA-E9-A295	TCGA-BRCA_OTHERS	Alive	12.328632	CENSORED		cbio_os_status	0
TCGA-E9-A2JS	TCGA-BRCA_OTHERS	Dead	29.720222	PROGRESSION		cbio_os_status	0
TCGA-E9-A2JT	TCGA-BRCA_OTHERS	Alive	9.468389	CENSORED		cbio_os_status	0
TCGA-E9-A3HO	TCGA-BRCA_OTHERS	Alive	38.070816	CENSORED		cbio_os_status	0
TCGA-E9-A3Q9	TCGA-BRCA_OTHERS	Alive	32.909228	CENSORED		cbio_os_status	0
TCGA-E9-A3QA	TCGA-BRCA_IDC	Alive	30.180491	CENSORED		cbio_os_status	0
TCGA-E9-A3X8	TCGA-BRCA_OTHERS	Alive	30.443502	CENSORED		cbio_os_status	0
TCGA-E9-A54X	TCGA-BRCA_OTHERS	Alive	23.901108	CENSORED		cbio_os_status	0
TCGA-E9-A54Y	TCGA-BRCA_OTHERS	Alive	23.835355	CENSORED		cbio_os_status	0
TCGA-E9-A5FK	TCGA-BRCA_OTHERS	Alive	26.695598	CENSORED		cbio_os_status	0
TCGA-E9-A5FL	TCGA-BRCA_OTHERS	Alive	0.789032	CENSORED		cbio_os_status	0
TCGA-E9-A5UO	TCGA-BRCA_OTHERS	Alive	25.807936	CENSORED		cbio_os_status	0
TCGA-E9-A5UP	TCGA-BRCA_IDC	Alive	26.399711	CENSORED		cbio_os_status	0
TCGA-E9-A6HE	TCGA-BRCA_OTHERS	Alive	27.846270	CENSORED		cbio_os_status	0
TCGA-EA-A1QS	TCGA-CESC	Alive	39.550252	CENSORED		cbio_os_status	0
TCGA-EA-A1QT	TCGA-CESC	Alive	40.865306	CENSORED		cbio_os_status	0
TCGA-EA-A3HQ	TCGA-CESC	Alive	37.347536	CENSORED		cbio_os_status	0
TCGA-EA-A3HR	TCGA-CESC	Alive	30.903771	CENSORED		cbio_os_status	0
TCGA-EA-A3HS	TCGA-CESC	Alive	31.528422	CENSORED		cbio_os_status	0
TCGA-EA-A3HT	TCGA-CESC	Alive	31.364040	CENSORED		cbio_os_status	0
TCGA-EA-A3HU	TCGA-CESC	Alive	33.303745	CENSORED		cbio_os_status	0
TCGA-EA-A3QD	TCGA-CESC	Alive	13.051912	CENSORED		cbio_os_status	0
TCGA-EA-A3QE	TCGA-CESC	Alive	25.018904	CENSORED		cbio_os_status	0
TCGA-EA-A3Y4	TCGA-CESC	Alive	36.887267	CENSORED		cbio_os_status	0
TCGA-EA-A410	TCGA-CESC	Alive	26.399711	CENSORED		cbio_os_status	0
TCGA-EA-A411	TCGA-CESC	Alive	24.558635	CENSORED		cbio_os_status	0
TCGA-EA-A439	TCGA-CESC	Alive	31.725680	PROGRESSION		cbio_os_status	0
TCGA-EA-A43B	TCGA-CESC	Alive	26.005194	CENSORED		cbio_os_status	0
TCGA-EA-A44S	TCGA-CESC	Alive	12.131374	CENSORED		cbio_os_status	0
TCGA-EA-A4BA	TCGA-CESC	Alive	24.821646	CENSORED		cbio_os_status	0
TCGA-EA-A50E	TCGA-CESC	Dead	7.462932	PROGRESSION		cbio_os_status	0
TCGA-EA-A556	TCGA-CESC	Alive	14.892987	CENSORED		cbio_os_status	0
TCGA-EA-A5FO	TCGA-CESC	Alive	26.794227	CENSORED		cbio_os_status	0
TCGA-EA-A5O9	TCGA-CESC	Alive	25.906565	CENSORED		cbio_os_status	0
TCGA-EA-A5ZD	TCGA-CESC	Alive	27.287372	CENSORED		cbio_os_status	0
TCGA-EA-A5ZE	TCGA-CESC	Alive	27.254496	PROGRESSION		cbio_os_status	0
TCGA-EA-A5ZF	TCGA-CESC	Alive	27.221619	PROGRESSION		cbio_os_status	0
TCGA-EA-A6QX	TCGA-CESC	Alive	23.999737	CENSORED		cbio_os_status	0
TCGA-EA-A78R	TCGA-CESC	Alive	13.479304	CENSORED		cbio_os_status	0
TCGA-EA-A97N	TCGA-CESC	Alive	0.361640	CENSORED		cbio_os_status	0
TCGA-EB-A1NK	TCGA-SKCM	Alive	34.158530	CENSORED		cbio_os_status	0
TCGA-EB-A24C	TCGA-SKCM	Alive	20.777854	PROGRESSION		cbio_os_status	0
TCGA-EB-A24D	TCGA-SKCM	Alive	21.205247	PROGRESSION		cbio_os_status	0
TCGA-EB-A299	TCGA-SKCM	Alive	12.427261	CENSORED		cbio_os_status	0
TCGA-EB-A3HV	TCGA-SKCM	Alive	1.282178	CENSORED		cbio_os_status	0
TCGA-EB-A3XB	TCGA-SKCM	Alive	26.169576	CENSORED		cbio_os_status	0
TCGA-EB-A3XC	TCGA-SKCM	Alive	21.369629	PROGRESSION		cbio_os_status	0
TCGA-EB-A3XD	TCGA-SKCM	Alive	38.136568	CENSORED		cbio_os_status	0
TCGA-EB-A3XE	TCGA-SKCM	Alive	5.917743	CENSORED		cbio_os_status	0
TCGA-EB-A3XF	TCGA-SKCM	Alive	9.139626	CENSORED		cbio_os_status	0
TCGA-EB-A3Y6	TCGA-SKCM	Alive	4.142420	CENSORED		cbio_os_status	0
TCGA-EB-A3Y7	TCGA-SKCM	Dead	10.717691	CENSORED		cbio_os_status	0
TCGA-EB-A41A	TCGA-SKCM	Alive	8.613604	CENSORED		cbio_os_status	0
TCGA-EB-A41B	TCGA-SKCM	Alive	9.567018	CENSORED		cbio_os_status	0
TCGA-EB-A42Y	TCGA-SKCM	Dead	23.703850	PROGRESSION		cbio_os_status	0
TCGA-EB-A42Z	TCGA-SKCM	Alive	14.498471	CENSORED		cbio_os_status	0
TCGA-EB-A430	TCGA-SKCM	Alive	0.000000	CENSORED		cbio_os_status	0
TCGA-EB-A431	TCGA-SKCM	Alive	18.673768	CENSORED		cbio_os_status	0
TCGA-EB-A44N	TCGA-SKCM	Dead	6.739652	PROGRESSION		cbio_os_status	0
TCGA-EB-A44O	TCGA-SKCM	Alive	2.662985	PROGRESSION		cbio_os_status	0
TCGA-EB-A44P	TCGA-SKCM	Alive	24.361377	CENSORED		cbio_os_status	0
TCGA-EB-A44Q	TCGA-SKCM	Alive				gdc_vital_status	0
TCGA-EB-A44R	TCGA-SKCM	Dead				gdc_vital_status	0
TCGA-EB-A4IQ	TCGA-SKCM	Dead	20.909360	PROGRESSION		cbio_os_status	0
TCGA-EB-A4IS	TCGA-SKCM	Alive	25.446296	CENSORED		cbio_os_status	0
TCGA-EB-A4OY	TCGA-SKCM	Alive	32.120196	CENSORED		cbio_os_status	0
TCGA-EB-A4OZ	TCGA-SKCM	Alive	20.383338	CENSORED		cbio_os_status	0
TCGA-EB-A4P0	TCGA-SKCM	Dead	10.717691	CENSORED		cbio_os_status	0
TCGA-EB-A4XL	TCGA-SKCM	Alive	25.544926	CENSORED		cbio_os_status	0
TCGA-EB-A51B	TCGA-SKCM	Alive				gdc_vital_status	0
TCGA-EB-A550	TCGA-SKCM	Dead				gdc_vital_status	0
TCGA-EB-A551	TCGA-SKCM	Alive	19.397048	CENSORED		cbio_os_status	0
TCGA-EB-A553	TCGA-SKCM	Alive	7.430056	CENSORED		cbio_os_status	0
TCGA-EB-A57M	TCGA-SKCM	Dead	15.517638	CENSORED		cbio_os_status	0
TCGA-EB-A5FP	TCGA-SKCM	Dead	14.925864	PROGRESSION		cbio_os_status	0
TCGA-EB-A5KH	TCGA-SKCM	Dead	20.350462	CENSORED		cbio_os_status	0
TCGA-EB-A5SE	TCGA-SKCM	Dead	13.183417	PROGRESSION		cbio_os_status	0
TCGA-EB-A5SF	TCGA-SKCM	Dead	12.131374	CENSORED		cbio_os_status	0
TCGA-EB-A5SG	TCGA-SKCM	Alive	68.251307	PROGRESSION		cbio_os_status	0
TCGA-EB-A5SH	TCGA-SKCM	Alive	54.015846	PROGRESSION		cbio_os_status	0
TCGA-EB-A5UL	TCGA-SKCM	Alive	29.292830	CENSORED		cbio_os_status	0
TCGA-EB-A5UM	TCGA-SKCM	Alive	25.610678	CENSORED		cbio_os_status	0
TCGA-EB-A5UN	TCGA-SKCM	Alive	58.914423	PROGRESSION		cbio_os_status	0
TCGA-EB-A5VU	TCGA-SKCM	Dead	10.553309	PROGRESSION		cbio_os_status	0
TCGA-EB-A5VV	TCGA-SKCM	Alive	7.035539	CENSORED		cbio_os_status	0
TCGA-EB-A6L9	TCGA-SKCM	Alive				gdc_vital_status	0
TCGA-EB-A6QY	TCGA-SKCM	Alive	12.558766	PROGRESSION		cbio_os_status	0
TCGA-EB-A6QZ	TCGA-SKCM	Dead	11.572476	PROGRESSION		cbio_os_status	0
TCGA-EB-A6R0	TCGA-SKCM	Dead	19.988822	CENSORED		cbio_os_status	0
TCGA-EB-A82B	TCGA-SKCM	Alive				gdc_vital_status	0
TCGA-EB-A82C	TCGA-SKCM	Alive				gdc_vital_status	0
TCGA-EB-A85I	TCGA-SKCM	Alive				gdc_vital_status	0
TCGA-EB-A85J	TCGA-SKCM	Alive				gdc_vital_status	0
TCGA-EB-A97M	TCGA-SKCM	Alive				gdc_vital_status	0
TCGA-EC-A1NJ	TCGA-UCEC	Alive	16.043660	CENSORED		cbio_os_status	0
TCGA-EC-A1QX	TCGA-UCEC	Alive	7.364303	PROGRESSION		cbio_os_status	0
TCGA-EC-A24G	TCGA-UCEC	Alive	16.799816	CENSORED		cbio_os_status	0
TCGA-ED-A459	TCGA-LIHC	Alive	29.917480	CENSORED		cbio_os_status	0
TCGA-ED-A4XI	TCGA-LIHC	Alive	26.925732	CENSORED		cbio_os_status	0
TCGA-ED-A5KG	TCGA-LIHC	Alive	28.076405	PROGRESSION		cbio_os_status	0
TCGA-ED-A627	TCGA-LIHC	Alive	13.906697	CENSORED		cbio_os_status	0
TCGA-ED-A66X	TCGA-LIHC	Alive	13.347799	PROGRESSION		cbio_os_status	0
TCGA-ED-A66Y	TCGA-LIHC	Dead	9.731400	CENSORED		cbio_os_status	0
TCGA-ED-A7PX	TCGA-LIHC	Alive	0.197258	CENSORED		cbio_os_status	0
TCGA-ED-A7PY	TCGA-LIHC	Alive	12.821777	CENSORED		cbio_os_status	0
TCGA-ED-A7PZ	TCGA-LIHC	Alive	0.197258	CENSORED		cbio_os_status	0
TCGA-ED-A7XO	TCGA-LIHC	Alive	14.038202	PROGRESSION		cbio_os_status	0
TCGA-ED-A7XP	TCGA-LIHC	Alive	13.150541	PROGRESSION		cbio_os_status	0
TCGA-ED-A82E	TCGA-LIHC	Alive	13.413552	CENSORED		cbio_os_status	0
TCGA-ED-A8O5	TCGA-LIHC	Alive	13.347799	CENSORED		cbio_os_status	0
TCGA-ED-A8O6	TCGA-LIHC	Dead	1.841076	CENSORED		cbio_os_status	0
TCGA-ED-A97K	TCGA-LIHC	Alive	0.197258	CENSORED		cbio_os_status	0
TCGA-EE-A17X	TCGA-SKCM	Dead				gdc_vital_status	0
TCGA-EE-A17Y	TCGA-SKCM	Dead	27.221619	PROGRESSION		cbio_os_status	0
TCGA-EE-A17Z	TCGA-SKCM	Dead				gdc_vital_status	0
TCGA-EE-A180	TCGA-SKCM	Dead				gdc_vital_status	0
TCGA-EE-A181	TCGA-SKCM	Dead				gdc_vital_status	0
TCGA-EE-A182	TCGA-SKCM	Dead				gdc_vital_status	0
TCGA-EE-A183	TCGA-SKCM	Dead				gdc_vital_status	0
TCGA-EE-A184	TCGA-SKCM	Dead				gdc_vital_status	0
TCGA-EE-A185	TCGA-SKCM	Dead				gdc_vital_status	0
TCGA-EE-A20B	TCGA-SKCM	Alive				gdc_vital_status	0
TCGA-EE-A20C	TCGA-SKCM	Dead				gdc_vital_status	0
TCGA-EE-A20F	TCGA-SKCM	Alive				gdc_vital_status	0
TCGA-EE-A20H	TCGA-SKCM	Dead				gdc_vital_status	0
TCGA-EE-A20I	TCGA-SKCM	Dead				gdc_vital_status	0
TCGA-EE-A29A	TCGA-SKCM	Dead				gdc_vital_status	0
TCGA-EE-A29B	TCGA-SKCM	Dead				gdc_vital_status	0
TCGA-EE-A29C	TCGA-SKCM	Dead				gdc_vital_status	0
TCGA-EE-A29D	TCGA-SKCM	Dead				gdc_vital_status	0
TCGA-EE-A29E	TCGA-SKCM	Alive				gdc_vital_status	0
TCGA-EE-A29G	TCGA-SKCM	Dead				gdc_vital_status	0
TCGA-EE-A29H	TCGA-SKCM	Alive				gdc_vital_status	0
TCGA-EE-A29L	TCGA-SKCM	Dead				gdc_vital_status	0
TCGA-EE-A29M	TCGA-SKCM	Alive				gdc_vital_status	0
TCGA-EE-A29N	TCGA-SKCM	Dead				gdc_vital_status	0
TCGA-EE-A29P	TCGA-SKCM	Alive				gdc_vital_status	0
TCGA-EE-A29Q	TCGA-SKCM	Dead				gdc_vital_status	0
TCGA-EE-A29R	TCGA-SKCM	Alive	14.465595	PROGRESSION		cbio_os_status	0
TCGA-EE-A29S	TCGA-SKCM	Dead				gdc_vital_status	0
TCGA-EE-A29T	TCGA-SKCM	Alive				gdc_vital_status	0
TCGA-EE-A29V	TCGA-SKCM	Dead				gdc_vital_status	0
TCGA-EE-A29W	TCGA-SKCM	Alive				gdc_vital_status	0
TCGA-EE-A29X	TCGA-SKCM	Dead				gdc_vital_status	0
TCGA-EE-A2A0	TCGA-SKCM	Dead	46.815925	PROGRESSION		cbio_os_status	0
TCGA-EE-A2A1	TCGA-SKCM	Alive				gdc_vital_status	0
TCGA-EE-A2A2	TCGA-SKCM	Alive				gdc_vital_status	0
TCGA-EE-A2A5	TCGA-SKCM	Dead				gdc_vital_status	0
TCGA-EE-A2A6	TCGA-SKCM	Alive				gdc_vital_status	0
TCGA-EE-A2GB	TCGA-SKCM	Alive				gdc_vital_status	0
TCGA-EE-A2GD	TCGA-SKCM	Dead				gdc_vital_status	0
TCGA-EE-A2GE	TCGA-SKCM	Alive				gdc_vital_status	0
TCGA-EE-A2GH	TCGA-SKCM	Alive				gdc_vital_status	0
TCGA-EE-A2GI	TCGA-SKCM	Alive				gdc_vital_status	0
TCGA-EE-A2GJ	TCGA-SKCM	Dead				gdc_vital_status	0
TCGA-EE-A2GK	TCGA-SKCM	Alive				gdc_vital_status	0
TCGA-EE-A2GL	TCGA-SKCM	Alive				gdc_vital_status	0
TCGA-EE-A2GM	TCGA-SKCM	Alive				gdc_vital_status	0
TCGA-EE-A2GN	TCGA-SKCM	Dead				gdc_vital_status	0
TCGA-EE-A2GO	TCGA-SKCM	Alive				gdc_vital_status	0
TCGA-EE-A2GP	TCGA-SKCM	Dead				gdc_vital_status	0
TCGA-EE-A2GR	TCGA-SKCM	Dead				gdc_vital_status	0
TCGA-EE-A2GS	TCGA-SKCM	Dead				gdc_vital_status	0
TCGA-EE-A2GT	TCGA-SKCM	Alive				gdc_vital_status	0
TCGA-EE-A2GU	TCGA-SKCM	Alive				gdc_vital_status	0
TCGA-EE-A2M5	TCGA-SKCM	Dead				gdc_vital_status	0
TCGA-EE-A2M6	TCGA-SKCM	Alive				gdc_vital_status	0
TCGA-EE-A2M7	TCGA-SKCM	Dead				gdc_vital_status	0
TCGA-EE-A2M8	TCGA-SKCM	Dead				gdc_vital_status	0
TCGA-EE-A2MC	TCGA-SKCM	Dead				gdc_vital_status	0
TCGA-EE-A2MD	TCGA-SKCM	Dead				gdc_vital_status	0
TCGA-EE-A2ME	TCGA-SKCM	Dead				gdc_vital_status	0
TCGA-EE-A2MF	TCGA-SKCM	Dead				gdc_vital_status	0
TCGA-EE-A2MG	TCGA-SKCM	Dead				gdc_vital_status	0
TCGA-EE-A2MH	TCGA-SKCM	Dead				gdc_vital_status	0
TCGA-EE-A2MI	TCGA-SKCM	Dead				gdc_vital_status	0
TCGA-EE-A2MJ	TCGA-SKCM	Dead				gdc_vital_status	0
TCGA-EE-A2MK	TCGA-SKCM	Alive				gdc_vital_status	0
TCGA-EE-A2ML	TCGA-SKCM	Dead				gdc_vital_status	0
TCGA-EE-A2MM	TCGA-SKCM	Dead				gdc_vital_status	0
TCGA-EE-A2MN	TCGA-SKCM	Dead				gdc_vital_status	0
TCGA-EE-A2MP	TCGA-SKCM	Alive				gdc_vital_status	0
TCGA-EE-A2MQ	TCGA-SKCM	Dead				gdc_vital_status	0
TCGA-EE-A2MR	TCGA-SKCM	Alive				gdc_vital_status	0
TCGA-EE-A2MS	TCGA-SKCM	Alive	162.474932	PROGRESSION		cbio_os_status	0
TCGA-EE-A2MT	TCGA-SKCM	Alive				gdc_vital_status	0
TCGA-EE-A2MU	TCGA-SKCM	Alive				gdc_vital_status	0
TCGA-EE-A3AA	TCGA-SKCM	Alive				gdc_vital_status	0
TCGA-EE-A3AB	TCGA-SKCM	Alive				gdc_vital_status	0
TCGA-EE-A3AC	TCGA-SKCM	Alive				gdc_vital_status	0
TCGA-EE-A3AD	TCGA-SKCM	Dead				gdc_vital_status	0
TCGA-EE-A3AE	TCGA-SKCM	Alive				gdc_vital_status	0
TCGA-EE-A3AF	TCGA-SKCM	Dead				gdc_vital_status	0
TCGA-EE-A3AG	TCGA-SKCM	Dead				gdc_vital_status	0
TCGA-EE-A3AH	TCGA-SKCM	Dead				gdc_vital_status	0
TCGA-EE-A3J3	TCGA-SKCM	Dead				gdc_vital_status	0
TCGA-EE-A3J4	TCGA-SKCM	Dead				gdc_vital_status	0
TCGA-EE-A3J5	TCGA-SKCM	Dead	36.953020	PROGRESSION		cbio_os_status	0
TCGA-EE-A3J7	TCGA-SKCM	Alive				gdc_vital_status	0
TCGA-EE-A3J8	TCGA-SKCM	Dead				gdc_vital_status	0
TCGA-EE-A3JA	TCGA-SKCM	Dead	53.193938	PROGRESSION		cbio_os_status	0
TCGA-EE-A3JB	TCGA-SKCM	Alive				gdc_vital_status	0
TCGA-EE-A3JD	TCGA-SKCM	Dead				gdc_vital_status	0
TCGA-EE-A3JE	TCGA-SKCM	Alive				gdc_vital_status	0
TCGA-EE-A3JH	TCGA-SKCM	Alive				gdc_vital_status	0
TCGA-EE-A3JI	TCGA-SKCM	Dead				gdc_vital_status	0
TCGA-EF-5830	TCGA-READ	Alive	3.484893	CENSORED		cbio_os_status	0
TCGA-EI-6506	TCGA-READ	Alive	20.547720	CENSORED		cbio_os_status	0
TCGA-EI-6507	TCGA-READ	Alive	19.955946	CENSORED		cbio_os_status	0
TCGA-EI-6508	TCGA-READ	Alive	20.909360	CENSORED		cbio_os_status	0
TCGA-EI-6509	TCGA-READ	Alive	16.997074	PROGRESSION		cbio_os_status	0
TCGA-EI-6510	TCGA-READ	Alive	18.279252	CENSORED		cbio_os_status	0
TCGA-EI-6511	TCGA-READ	Alive	15.846402	CENSORED		cbio_os_status	0
TCGA-EI-6512	TCGA-READ	Alive	17.687477	CENSORED		cbio_os_status	0
TCGA-EI-6513	TCGA-READ	Alive	16.339547	CENSORED		cbio_os_status	0
TCGA-EI-6514	TCGA-READ	Alive	16.306671	CENSORED		cbio_os_status	0
TCGA-EI-6881	TCGA-READ	Alive	16.405300	CENSORED		cbio_os_status	0
TCGA-EI-6882	TCGA-READ	Alive	8.613604	CENSORED		cbio_os_status	0
TCGA-EI-6883	TCGA-READ	Alive	11.506723	CENSORED		cbio_os_status	0
TCGA-EI-6884	TCGA-READ	Alive	10.783443	CENSORED		cbio_os_status	0
TCGA-EI-6885	TCGA-READ	Alive	13.643686	PROGRESSION		cbio_os_status	0
TCGA-EI-6917	TCGA-READ	Alive	17.457343	CENSORED		cbio_os_status	0
TCGA-EI-7002	TCGA-READ	Alive	11.966992	CENSORED		cbio_os_status	0
TCGA-EI-7004	TCGA-READ	Alive	8.449222	CENSORED		cbio_os_status	0
TCGA-EJ-5494	TCGA-PRAD	Alive	48.558372	CENSORED		cbio_os_status	0
TCGA-EJ-5495	TCGA-PRAD	Alive	57.862380	CENSORED		cbio_os_status	0
TCGA-EJ-5496	TCGA-PRAD	Alive	19.561429	CENSORED		cbio_os_status	0
TCGA-EJ-5497	TCGA-PRAD	Alive	13.314923	CENSORED		cbio_os_status	0
TCGA-EJ-5498	TCGA-PRAD	Alive	56.547326	CENSORED		cbio_os_status	0
TCGA-EJ-5499	TCGA-PRAD	Alive	46.520038	CENSORED		cbio_os_status	0
TCGA-EJ-5501	TCGA-PRAD	Alive	44.876221	CENSORED		cbio_os_status	0
TCGA-EJ-5502	TCGA-PRAD	Alive	38.498208	CENSORED		cbio_os_status	0
TCGA-EJ-5503	TCGA-PRAD	Alive	45.731006	CENSORED		cbio_os_status	0
TCGA-EJ-5504	TCGA-PRAD	Alive	46.914554	CENSORED		cbio_os_status	0
TCGA-EJ-5505	TCGA-PRAD	Alive	30.311997	CENSORED		cbio_os_status	0
TCGA-EJ-5506	TCGA-PRAD	Alive	45.402242	CENSORED		cbio_os_status	0
TCGA-EJ-5507	TCGA-PRAD	Alive	47.900845	CENSORED		cbio_os_status	0
TCGA-EJ-5508	TCGA-PRAD	Alive	64.602032	CENSORED		cbio_os_status	0
TCGA-EJ-5509	TCGA-PRAD	Alive	48.130979	CENSORED		cbio_os_status	0
TCGA-EJ-5510	TCGA-PRAD	Alive	62.037676	CENSORED		cbio_os_status	0
TCGA-EJ-5511	TCGA-PRAD	Alive	48.525496	CENSORED		cbio_os_status	0
TCGA-EJ-5512	TCGA-PRAD	Alive	56.974718	CENSORED		cbio_os_status	0
TCGA-EJ-5514	TCGA-PRAD	Alive	60.130848	CENSORED		cbio_os_status	0
TCGA-EJ-5515	TCGA-PRAD	Alive	60.229477	CENSORED		cbio_os_status	0
TCGA-EJ-5516	TCGA-PRAD	Alive	62.103429	CENSORED		cbio_os_status	0
TCGA-EJ-5517	TCGA-PRAD	Alive	62.103429	CENSORED		cbio_os_status	0
TCGA-EJ-5518	TCGA-PRAD	Alive	69.632114	PROGRESSION		cbio_os_status	0
TCGA-EJ-5519	TCGA-PRAD	Alive	64.503403	CENSORED		cbio_os_status	0
TCGA-EJ-5521	TCGA-PRAD	Alive	74.925206	CENSORED		cbio_os_status	0
TCGA-EJ-5522	TCGA-PRAD	Alive	68.349936	CENSORED		cbio_os_status	0
TCGA-EJ-5524	TCGA-PRAD	Alive	61.873295	PROGRESSION		cbio_os_status	0
TCGA-EJ-5525	TCGA-PRAD	Alive	36.657133	PROGRESSION		cbio_os_status	0
TCGA-EJ-5526	TCGA-PRAD	Alive	62.760956	PROGRESSION		cbio_os_status	0
TCGA-EJ-5527	TCGA-PRAD	Alive	58.454154	CENSORED		cbio_os_status	0
TCGA-EJ-5530	TCGA-PRAD	Alive	60.229477	CENSORED		cbio_os_status	0
TCGA-EJ-5531	TCGA-PRAD	Alive	41.851596	CENSORED		cbio_os_status	0
TCGA-EJ-5532	TCGA-PRAD	Alive	60.097972	CENSORED		cbio_os_status	0
TCGA-EJ-5542	TCGA-PRAD	Alive	49.741921	CENSORED		cbio_os_status	0
TCGA-EJ-7115	TCGA-PRAD	Alive	88.338758	CENSORED		cbio_os_status	0
TCGA-EJ-7123	TCGA-PRAD	Alive	84.557977	CENSORED		cbio_os_status	0
TCGA-EJ-7314	TCGA-PRAD	Alive	37.807805	CENSORED		cbio_os_status	0
TCGA-EJ-7315	TCGA-PRAD	Alive	33.139363	CENSORED		cbio_os_status	0
TCGA-EJ-7317	TCGA-PRAD	Alive	25.347667	CENSORED		cbio_os_status	0
TCGA-EJ-7321	TCGA-PRAD	Alive	27.090114	CENSORED		cbio_os_status	0
TCGA-EJ-7327	TCGA-PRAD	Alive	30.344873	CENSORED		cbio_os_status	0
TCGA-EJ-7328	TCGA-PRAD	Alive	27.681888	CENSORED		cbio_os_status	0
TCGA-EJ-7330	TCGA-PRAD	Alive	6.279383	CENSORED		cbio_os_status	0
TCGA-EJ-7331	TCGA-PRAD	Alive	24.394253	CENSORED		cbio_os_status	0
TCGA-EJ-7782	TCGA-PRAD	Alive	38.366703	CENSORED		cbio_os_status	0
TCGA-EJ-7783	TCGA-PRAD	Alive	25.873689	CENSORED		cbio_os_status	0
TCGA-EJ-7784	TCGA-PRAD	Alive	25.676431	CENSORED		cbio_os_status	0
TCGA-EJ-7785	TCGA-PRAD	Alive	38.695466	CENSORED		cbio_os_status	0
TCGA-EJ-7786	TCGA-PRAD	Alive	36.032482	CENSORED		cbio_os_status	0
TCGA-EJ-7788	TCGA-PRAD	Alive	28.240786	CENSORED		cbio_os_status	0
TCGA-EJ-7789	TCGA-PRAD	Alive	36.328369	CENSORED		cbio_os_status	0
TCGA-EJ-7791	TCGA-PRAD	Alive	36.755762	CENSORED		cbio_os_status	0
TCGA-EJ-7792	TCGA-PRAD	Alive	45.895387	CENSORED		cbio_os_status	0
TCGA-EJ-7793	TCGA-PRAD	Alive	3.747904	CENSORED		cbio_os_status	0
TCGA-EJ-7794	TCGA-PRAD	Alive	42.936516	CENSORED		cbio_os_status	0
TCGA-EJ-7797	TCGA-PRAD	Alive	32.317454	CENSORED		cbio_os_status	0
TCGA-EJ-A46B	TCGA-PRAD	Alive	21.599763	CENSORED		cbio_os_status	0
TCGA-EJ-A46D	TCGA-PRAD	Alive	20.580596	CENSORED		cbio_os_status	0
TCGA-EJ-A46E	TCGA-PRAD	Alive	17.227208	CENSORED		cbio_os_status	0
TCGA-EJ-A46F	TCGA-PRAD	Alive	25.742184	PROGRESSION		cbio_os_status	0
TCGA-EJ-A46G	TCGA-PRAD	Alive	21.961403	CENSORED		cbio_os_status	0
TCGA-EJ-A46H	TCGA-PRAD	Alive	23.802479	CENSORED		cbio_os_status	0
TCGA-EJ-A46I	TCGA-PRAD	Alive	21.961403	CENSORED		cbio_os_status	0
TCGA-EL-A3CL	TCGA-THCA	Dead	31.659927	CENSORED		cbio_os_status	0
TCGA-EL-A3CM	TCGA-THCA	Dead	26.728474	CENSORED		cbio_os_status	0
TCGA-EL-A3CN	TCGA-THCA	Alive	155.538022	CENSORED		cbio_os_status	0
TCGA-EL-A3CO	TCGA-THCA	Dead	97.741395	CENSORED		cbio_os_status	0
TCGA-EL-A3CP	TCGA-THCA	Alive	158.825657	CENSORED		cbio_os_status	0
TCGA-EL-A3CR	TCGA-THCA	Dead	7.660190	CENSORED		cbio_os_status	0
TCGA-EL-A3CS	TCGA-THCA	Dead	45.533748	PROGRESSION		cbio_os_status	0
TCGA-EL-A3CT	TCGA-THCA	Dead	60.952757	CENSORED		cbio_os_status	0
TCGA-EL-A3CU	TCGA-THCA	Alive	157.148963	CENSORED		cbio_os_status	0
TCGA-EL-A3CV	TCGA-THCA	Alive	37.939310	CENSORED		cbio_os_status	0
TCGA-EL-A3CW	TCGA-THCA	Dead	57.007594	CENSORED		cbio_os_status	0
TCGA-EL-A3CX	TCGA-THCA	Alive	106.618010	CENSORED		cbio_os_status	0
TCGA-EL-A3CY	TCGA-THCA	Alive	4.175297	CENSORED		cbio_os_status	0
TCGA-EL-A3CZ	TCGA-THCA	Alive	79.495019	PROGRESSION		cbio_os_status	0
TCGA-EL-A3D0	TCGA-THCA	Alive				gdc_vital_status	0
TCGA-EL-A3D1	TCGA-THCA	Alive	98.530427	CENSORED		cbio_os_status	0
TCGA-EL-A3D4	TCGA-THCA	Alive	69.566361	CENSORED		cbio_os_status	0
TCGA-EL-A3D5	TCGA-THCA	Alive				gdc_vital_status	0
TCGA-EL-A3D6	TCGA-THCA	Alive	108.360456	CENSORED		cbio_os_status	0
TCGA-EL-A3GO	TCGA-THCA	Alive	64.865043	PROGRESSION		cbio_os_status	0
TCGA-EL-A3GP	TCGA-THCA	Alive	49.511786	CENSORED		cbio_os_status	0
TCGA-EL-A3GQ	TCGA-THCA	Alive	50.235066	CENSORED		cbio_os_status	0
TCGA-EL-A3GR	TCGA-THCA	Alive	115.100108	CENSORED		cbio_os_status	0
TCGA-EL-A3GS	TCGA-THCA	Alive	65.391064	CENSORED		cbio_os_status	0
TCGA-EL-A3GU	TCGA-THCA	Alive	136.009468	PROGRESSION		cbio_os_status	0
TCGA-EL-A3GV	TCGA-THCA	Alive	50.366571	CENSORED		cbio_os_status	0
TCGA-EL-A3GW	TCGA-THCA	Alive	50.202190	CENSORED		cbio_os_status	0
TCGA-EL-A3GX	TCGA-THCA	Alive	147.746326	PROGRESSION		cbio_os_status	0
TCGA-EL-A3GY	TCGA-THCA	Alive	101.127659	CENSORED		cbio_os_status	0
TCGA-EL-A3GZ	TCGA-THCA	Alive	139.987507	CENSORED		cbio_os_status	0
TCGA-EL-A3H1	TCGA-THCA	Dead	49.314528	CENSORED		cbio_os_status	0
TCGA-EL-A3H2	TCGA-THCA	Dead	33.501003	PROGRESSION		cbio_os_status	0
TCGA-EL-A3H3	TCGA-THCA	Alive	43.363908	CENSORED		cbio_os_status	0
TCGA-EL-A3H4	TCGA-THCA	Alive	49.709044	CENSORED		cbio_os_status	0
TCGA-EL-A3H5	TCGA-THCA	Alive	83.571687	CENSORED		cbio_os_status	0
TCGA-EL-A3H7	TCGA-THCA	Alive	139.001216	CENSORED		cbio_os_status	0
TCGA-EL-A3H8	TCGA-THCA	Alive	150.475063	CENSORED		cbio_os_status	0
TCGA-EL-A3MW	TCGA-THCA	Alive	108.656343	CENSORED		cbio_os_status	0
TCGA-EL-A3MX	TCGA-THCA	Dead	57.632245	PROGRESSION		cbio_os_status	0
TCGA-EL-A3MY	TCGA-THCA	Dead	17.523096	PROGRESSION		cbio_os_status	0
TCGA-EL-A3MZ	TCGA-THCA	Dead	52.503534	CENSORED		cbio_os_status	0
TCGA-EL-A3N2	TCGA-THCA	Alive	29.654470	CENSORED		cbio_os_status	0
TCGA-EL-A3N3	TCGA-THCA	Alive	178.288457	CENSORED		cbio_os_status	0
TCGA-EL-A3T0	TCGA-THCA	Alive	142.518986	CENSORED		cbio_os_status	0
TCGA-EL-A3T1	TCGA-THCA	Alive	129.565703	CENSORED		cbio_os_status	0
TCGA-EL-A3T2	TCGA-THCA	Alive	32.481836	PROGRESSION		cbio_os_status	0
TCGA-EL-A3T3	TCGA-THCA	Alive	132.064306	CENSORED		cbio_os_status	0
TCGA-EL-A3T6	TCGA-THCA	Alive	98.234540	CENSORED		cbio_os_status	0
TCGA-EL-A3T7	TCGA-THCA	Alive	41.292698	CENSORED		cbio_os_status	0
TCGA-EL-A3T8	TCGA-THCA	Alive	107.472795	CENSORED		cbio_os_status	0
TCGA-EL-A3T9	TCGA-THCA	Dead	5.720485	PROGRESSION		cbio_os_status	0
TCGA-EL-A3TA	TCGA-THCA	Alive	66.903376	CENSORED		cbio_os_status	0
TCGA-EL-A3TB	TCGA-THCA	Alive	82.815531	CENSORED		cbio_os_status	0
TCGA-EL-A3ZG	TCGA-THCA	Alive	89.555183	CENSORED		cbio_os_status	0
TCGA-EL-A3ZH	TCGA-THCA	Alive	91.166124	CENSORED		cbio_os_status	0
TCGA-EL-A3ZK	TCGA-THCA	Alive	51.780254	CENSORED		cbio_os_status	0
TCGA-EL-A3ZL	TCGA-THCA	Alive	62.300687	CENSORED		cbio_os_status	0
TCGA-EL-A3ZM	TCGA-THCA	Alive	36.032482	CENSORED		cbio_os_status	0
TCGA-EL-A3ZN	TCGA-THCA	Alive	53.062432	CENSORED		cbio_os_status	0
TCGA-EL-A3ZO	TCGA-THCA	Alive	72.689614	CENSORED		cbio_os_status	0
TCGA-EL-A3ZP	TCGA-THCA	Alive	65.489693	CENSORED		cbio_os_status	0
TCGA-EL-A3ZQ	TCGA-THCA	Alive	61.215767	CENSORED		cbio_os_status	0
TCGA-EL-A3ZR	TCGA-THCA	Alive	60.163724	CENSORED		cbio_os_status	0
TCGA-EL-A3ZS	TCGA-THCA	Alive	7.068416	CENSORED		cbio_os_status	0
TCGA-EL-A3ZT	TCGA-THCA	Alive	59.440444	CENSORED		cbio_os_status	0
TCGA-EL-A4JV	TCGA-THCA	Alive	57.467863	CENSORED		cbio_os_status	0
TCGA-EL-A4JW	TCGA-THCA	Alive	34.717428	CENSORED		cbio_os_status	0
TCGA-EL-A4JX	TCGA-THCA	Alive	45.961140	CENSORED		cbio_os_status	0
TCGA-EL-A4JZ	TCGA-THCA	Alive	61.018509	CENSORED		cbio_os_status	0
TCGA-EL-A4K0	TCGA-THCA	Alive	31.035276	CENSORED		cbio_os_status	0
TCGA-EL-A4K1	TCGA-THCA	Alive	34.388664	CENSORED		cbio_os_status	0
TCGA-EL-A4K2	TCGA-THCA	Alive	30.509255	CENSORED		cbio_os_status	0
TCGA-EL-A4K4	TCGA-THCA	Alive	53.358319	CENSORED		cbio_os_status	0
TCGA-EL-A4K6	TCGA-THCA	Alive	44.152941	PROGRESSION		cbio_os_status	0
TCGA-EL-A4K7	TCGA-THCA	Alive	41.128316	CENSORED		cbio_os_status	0
TCGA-EL-A4K9	TCGA-THCA	Alive	47.835092	CENSORED		cbio_os_status	0
TCGA-EL-A4KD	TCGA-THCA	Alive	43.594043	CENSORED		cbio_os_status	0
TCGA-EL-A4KG	TCGA-THCA	Alive	24.295624	CENSORED		cbio_os_status	0
TCGA-EL-A4KH	TCGA-THCA	Alive	27.057238	CENSORED		cbio_os_status	0
TCGA-EL-A4KI	TCGA-THCA	Alive	23.901108	PROGRESSION		cbio_os_status	0
TCGA-EM-A1CS	TCGA-THCA	Alive	26.859980	CENSORED		cbio_os_status	0
TCGA-EM-A1CT	TCGA-THCA	Alive	18.180623	CENSORED		cbio_os_status	0
TCGA-EM-A1CU	TCGA-THCA	Alive	20.909360	CENSORED		cbio_os_status	0
TCGA-EM-A1CV	TCGA-THCA	Alive	48.492619	CENSORED		cbio_os_status	0
TCGA-EM-A1CW	TCGA-THCA	Alive	18.049117	CENSORED		cbio_os_status	0
TCGA-EM-A1YA	TCGA-THCA	Alive	19.791564	CENSORED		cbio_os_status	0
TCGA-EM-A1YB	TCGA-THCA	Alive	19.462800	CENSORED		cbio_os_status	0
TCGA-EM-A1YC	TCGA-THCA	Alive	78.607358	CENSORED		cbio_os_status	0
TCGA-EM-A1YD	TCGA-THCA	Alive	57.007594	CENSORED		cbio_os_status	0
TCGA-EM-A1YE	TCGA-THCA	Alive	54.081599	CENSORED		cbio_os_status	0
TCGA-EM-A22I	TCGA-THCA	Alive	14.728606	CENSORED		cbio_os_status	0
TCGA-EM-A22J	TCGA-THCA	Alive	14.498471	CENSORED		cbio_os_status	0
TCGA-EM-A22K	TCGA-THCA	Alive	15.747773	CENSORED		cbio_os_status	0
TCGA-EM-A22L	TCGA-THCA	Alive	10.454680	CENSORED		cbio_os_status	0
TCGA-EM-A22M	TCGA-THCA	Alive	14.531348	CENSORED		cbio_os_status	0
TCGA-EM-A22N	TCGA-THCA	Alive	10.651938	CENSORED		cbio_os_status	0
TCGA-EM-A22O	TCGA-THCA	Alive	44.185817	CENSORED		cbio_os_status	0
TCGA-EM-A22P	TCGA-THCA	Alive	41.292698	CENSORED		cbio_os_status	0
TCGA-EM-A22Q	TCGA-THCA	Alive	14.235460	CENSORED		cbio_os_status	0
TCGA-EM-A2CJ	TCGA-THCA	Alive	47.572081	CENSORED		cbio_os_status	0
TCGA-EM-A2CK	TCGA-THCA	Alive	17.884736	CENSORED		cbio_os_status	0
TCGA-EM-A2CL	TCGA-THCA	Alive	13.183417	CENSORED		cbio_os_status	0
TCGA-EM-A2CM	TCGA-THCA	Alive				gdc_vital_status	0
TCGA-EM-A2CN	TCGA-THCA	Alive	23.506592	CENSORED		cbio_os_status	0
TCGA-EM-A2CO	TCGA-THCA	Alive	6.049249	CENSORED		cbio_os_status	0
TCGA-EM-A2CP	TCGA-THCA	Alive	2.991748	CENSORED		cbio_os_status	0
TCGA-EM-A2CQ	TCGA-THCA	Alive	12.295756	CENSORED		cbio_os_status	0
TCGA-EM-A2CR	TCGA-THCA	Alive	13.643686	CENSORED		cbio_os_status	0
TCGA-EM-A2CS	TCGA-THCA	Alive				gdc_vital_status	0
TCGA-EM-A2CT	TCGA-THCA	Alive	48.459743	CENSORED		cbio_os_status	0
TCGA-EM-A2CU	TCGA-THCA	Alive	13.150541	CENSORED		cbio_os_status	0
TCGA-EM-A2OV	TCGA-THCA	Alive	22.158661	CENSORED		cbio_os_status	0
TCGA-EM-A2OW	TCGA-THCA	Alive	40.339284	CENSORED		cbio_os_status	0
TCGA-EM-A2OX	TCGA-THCA	Alive	19.725811	CENSORED		cbio_os_status	0
TCGA-EM-A2OY	TCGA-THCA	Alive	32.317454	CENSORED		cbio_os_status	0
TCGA-EM-A2OZ	TCGA-THCA	Alive	33.961272	CENSORED		cbio_os_status	0
TCGA-EM-A2P0	TCGA-THCA	Alive	17.588848	CENSORED		cbio_os_status	0
TCGA-EM-A2P1	TCGA-THCA	Alive	17.457343	PROGRESSION		cbio_os_status	0
TCGA-EM-A2P2	TCGA-THCA	Alive	17.292961	CENSORED		cbio_os_status	0
TCGA-EM-A2P3	TCGA-THCA	Alive	14.597100	CENSORED		cbio_os_status	0
TCGA-EM-A3AJ	TCGA-THCA	Alive	30.936647	CENSORED		cbio_os_status	0
TCGA-EM-A3AK	TCGA-THCA	Alive	15.682020	CENSORED		cbio_os_status	0
TCGA-EM-A3AL	TCGA-THCA	Alive	14.136831	CENSORED		cbio_os_status	0
TCGA-EM-A3AN	TCGA-THCA	Alive	33.073610	CENSORED		cbio_os_status	0
TCGA-EM-A3AO	TCGA-THCA	Alive	44.514581	CENSORED		cbio_os_status	0
TCGA-EM-A3AP	TCGA-THCA	Alive	8.350593	CENSORED		cbio_os_status	0
TCGA-EM-A3AQ	TCGA-THCA	Alive	29.720222	CENSORED		cbio_os_status	0
TCGA-EM-A3AR	TCGA-THCA	Alive	37.248907	CENSORED		cbio_os_status	0
TCGA-EM-A3FJ	TCGA-THCA	Alive	27.944899	CENSORED		cbio_os_status	0
TCGA-EM-A3FK	TCGA-THCA	Alive	23.769603	CENSORED		cbio_os_status	0
TCGA-EM-A3FL	TCGA-THCA	Alive	47.374823	CENSORED		cbio_os_status	0
TCGA-EM-A3FM	TCGA-THCA	Alive	21.007989	PROGRESSION		cbio_os_status	0
TCGA-EM-A3FN	TCGA-THCA	Alive	12.065621	CENSORED		cbio_os_status	0
TCGA-EM-A3FO	TCGA-THCA	Alive	17.490219	CENSORED		cbio_os_status	0
TCGA-EM-A3FP	TCGA-THCA	Alive	17.391590	CENSORED		cbio_os_status	0
TCGA-EM-A3FQ	TCGA-THCA	Alive	16.175165	CENSORED		cbio_os_status	0
TCGA-EM-A3FR	TCGA-THCA	Alive	15.024493	CENSORED		cbio_os_status	0
TCGA-EM-A3O3	TCGA-THCA	Alive	14.498471	CENSORED		cbio_os_status	0
TCGA-EM-A3O6	TCGA-THCA	Alive	15.057369	CENSORED		cbio_os_status	0
TCGA-EM-A3O7	TCGA-THCA	Alive	7.331427	CENSORED		cbio_os_status	0
TCGA-EM-A3O8	TCGA-THCA	Alive	12.525890	CENSORED		cbio_os_status	0
TCGA-EM-A3O9	TCGA-THCA	Alive	9.238255	CENSORED		cbio_os_status	0
TCGA-EM-A3OA	TCGA-THCA	Alive	27.024361	CENSORED		cbio_os_status	0
TCGA-EM-A3OB	TCGA-THCA	Alive	38.662590	CENSORED		cbio_os_status	0
TCGA-EM-A3ST	TCGA-THCA	Alive	38.859848	PROGRESSION		cbio_os_status	0
TCGA-EM-A3SU	TCGA-THCA	Alive	29.950357	CENSORED		cbio_os_status	0
TCGA-EM-A3SX	TCGA-THCA	Alive	29.851728	CENSORED		cbio_os_status	0
TCGA-EM-A3SY	TCGA-THCA	Alive	13.512181	CENSORED		cbio_os_status	0
TCGA-EM-A3SZ	TCGA-THCA	Alive	12.788901	CENSORED		cbio_os_status	0
TCGA-EM-A4FF	TCGA-THCA	Alive	84.590854	PROGRESSION		cbio_os_status	0
TCGA-EM-A4FH	TCGA-THCA	Alive	29.325706	CENSORED		cbio_os_status	0
TCGA-EM-A4FK	TCGA-THCA	Alive	21.336752	CENSORED		cbio_os_status	0
TCGA-EM-A4FM	TCGA-THCA	Alive	5.325969	CENSORED		cbio_os_status	0
TCGA-EM-A4FN	TCGA-THCA	Alive	26.366834	CENSORED		cbio_os_status	0
TCGA-EM-A4FO	TCGA-THCA	Alive	26.366834	CENSORED		cbio_os_status	0
TCGA-EM-A4FQ	TCGA-THCA	Alive	22.454548	CENSORED		cbio_os_status	0
TCGA-EM-A4FR	TCGA-THCA	Alive	21.534011	CENSORED		cbio_os_status	0
TCGA-EM-A4FU	TCGA-THCA	Alive	60.492488	PROGRESSION		cbio_os_status	0
TCGA-EM-A4FV	TCGA-THCA	Alive	24.460006	CENSORED		cbio_os_status	0
TCGA-EM-A4G1	TCGA-THCA	Alive	13.676562	CENSORED		cbio_os_status	0
TCGA-EO-A1Y5	TCGA-UCEC	Alive	10.914949	CENSORED		cbio_os_status	0
TCGA-EO-A1Y7	TCGA-UCEC	Alive	49.150146	PROGRESSION		cbio_os_status	0
TCGA-EO-A1Y8	TCGA-UCEC	Alive	37.709176	CENSORED		cbio_os_status	0
TCGA-EO-A22R	TCGA-UCEC	Alive	61.741789	CENSORED		cbio_os_status	0
TCGA-EO-A22S	TCGA-UCEC	Alive	61.544531	CENSORED		cbio_os_status	0
TCGA-EO-A22T	TCGA-UCEC	Alive	66.903376	CENSORED		cbio_os_status	0
TCGA-EO-A22U	TCGA-UCEC	Alive	46.257027	CENSORED		cbio_os_status	0
TCGA-EO-A22X	TCGA-UCEC	Alive	57.599369	CENSORED		cbio_os_status	0
TCGA-EO-A22Y	TCGA-UCEC	Alive	51.517244	CENSORED		cbio_os_status	0
TCGA-EO-A2CG	TCGA-UCEC	Alive	51.418615	CENSORED		cbio_os_status	0
TCGA-EO-A2CH	TCGA-UCEC	Dead	19.397048	PROGRESSION		cbio_os_status	0
TCGA-EO-A3AS	TCGA-UCEC	Alive	34.388664	CENSORED		cbio_os_status	0
TCGA-EO-A3AU	TCGA-UCEC	Alive	50.728211	PROGRESSION		cbio_os_status	0
TCGA-EO-A3AV	TCGA-UCEC	Alive	35.144820	CENSORED		cbio_os_status	0
TCGA-EO-A3AY	TCGA-UCEC	Alive	38.070816	PROGRESSION		cbio_os_status	0
TCGA-EO-A3AZ	TCGA-UCEC	Alive	27.155867	CENSORED		cbio_os_status	0
TCGA-EO-A3B0	TCGA-UCEC	Alive	46.421409	CENSORED		cbio_os_status	0
TCGA-EO-A3B1	TCGA-UCEC	Alive	26.958609	CENSORED		cbio_os_status	0
TCGA-EO-A3KU	TCGA-UCEC	Alive	22.257290	CENSORED		cbio_os_status	0
TCGA-EO-A3KW	TCGA-UCEC	Alive	16.339547	CENSORED		cbio_os_status	0
TCGA-EO-A3KX	TCGA-UCEC	Alive	38.465332	CENSORED		cbio_os_status	0
TCGA-EO-A3L0	TCGA-UCEC	Alive	51.089851	CENSORED		cbio_os_status	0
TCGA-EP-A12J	TCGA-LIHC	Alive	18.739521	CENSORED		cbio_os_status	0
TCGA-EP-A26S	TCGA-LIHC	Alive	19.988822	CENSORED		cbio_os_status	0
TCGA-EP-A2KA	TCGA-LIHC	Dead	20.613473	PROGRESSION		cbio_os_status	0
TCGA-EP-A2KB	TCGA-LIHC	Dead	19.594306	PROGRESSION		cbio_os_status	0
TCGA-EP-A2KC	TCGA-LIHC	Dead	0.624651	CENSORED		cbio_os_status	0
TCGA-EP-A3JL	TCGA-LIHC	Alive	9.961535	CENSORED		cbio_os_status	0
TCGA-EP-A3RK	TCGA-LIHC	Alive	11.934116	PROGRESSION		cbio_os_status	0
TCGA-EQ-5647	TCGA-STAD	Dead	0.624651	PROGRESSION		cbio_os_status	0
TCGA-EQ-A4SO	TCGA-STAD	Alive	16.240918	CENSORED		cbio_os_status	0
TCGA-ER-A193	TCGA-SKCM	Dead				gdc_vital_status	0
TCGA-ER-A194	TCGA-SKCM	Dead	44.514581	PROGRESSION		cbio_os_status	0
TCGA-ER-A195	TCGA-SKCM	Dead				gdc_vital_status	0
TCGA-ER-A196	TCGA-SKCM	Alive	58.684288	CENSORED		cbio_os_status	0
TCGA-ER-A197	TCGA-SKCM	Dead				gdc_vital_status	0
TCGA-ER-A198	TCGA-SKCM	Dead				gdc_vital_status	0
TCGA-ER-A19A	TCGA-SKCM	Alive				gdc_vital_status	0
TCGA-ER-A19B	TCGA-SKCM	Dead				gdc_vital_status	0
TCGA-ER-A19C	TCGA-SKCM	Dead				gdc_vital_status	0
TCGA-ER-A19D	TCGA-SKCM	Dead				gdc_vital_status	0
TCGA-ER-A19E	TCGA-SKCM	Dead				gdc_vital_status	0
TCGA-ER-A19F	TCGA-SKCM	Dead				gdc_vital_status	0
TCGA-ER-A19G	TCGA-SKCM	Alive				gdc_vital_status	0
TCGA-ER-A19H	TCGA-SKCM	Dead				gdc_vital_status	0
TCGA-ER-A19J	TCGA-SKCM	Dead				gdc_vital_status	0
TCGA-ER-A19K	TCGA-SKCM	Dead	15.419009	PROGRESSION		cbio_os_status	0
TCGA-ER-A19L	TCGA-SKCM	Dead				gdc_vital_status	0
TCGA-ER-A19M	TCGA-SKCM	Dead				gdc_vital_status	0
TCGA-ER-A19N	TCGA-SKCM	Dead				gdc_vital_status	0
TCGA-ER-A19O	TCGA-SKCM	Dead				gdc_vital_status	0
TCGA-ER-A19P	TCGA-SKCM	Dead				gdc_vital_status	0
TCGA-ER-A19Q	TCGA-SKCM	Dead				gdc_vital_status	0
TCGA-ER-A19S	TCGA-SKCM	Alive				gdc_vital_status	0
TCGA-ER-A19T	TCGA-SKCM	Dead	8.876615	PROGRESSION		cbio_os_status	0
TCGA-ER-A19W	TCGA-SKCM	Dead				gdc_vital_status	0
TCGA-ER-A1A1	TCGA-SKCM	Alive	105.072821	PROGRESSION		cbio_os_status	0
TCGA-ER-A2NB	TCGA-SKCM	Dead	28.175034	PROGRESSION		cbio_os_status	0
TCGA-ER-A2NC	TCGA-SKCM	Dead	43.824177	PROGRESSION		cbio_os_status	0
TCGA-ER-A2ND	TCGA-SKCM	Dead				gdc_vital_status	0
TCGA-ER-A2NE	TCGA-SKCM	Dead				gdc_vital_status	0
TCGA-ER-A2NF	TCGA-SKCM	Dead	28.832561	PROGRESSION		cbio_os_status	0
TCGA-ER-A2NG	TCGA-SKCM	Dead				gdc_vital_status	0
TCGA-ER-A2NH	TCGA-SKCM	Alive				gdc_vital_status	0
TCGA-ER-A3ES	TCGA-SKCM	Dead				gdc_vital_status	0
TCGA-ER-A3ET	TCGA-SKCM	Dead	93.007200	PROGRESSION		cbio_os_status	0
TCGA-ER-A3EV	TCGA-SKCM	Dead				gdc_vital_status	0
TCGA-ER-A3PL	TCGA-SKCM	Alive				gdc_vital_status	0
TCGA-ER-A42H	TCGA-SKCM	Dead	14.005326	PROGRESSION		cbio_os_status	0
TCGA-ER-A42K	TCGA-SKCM	Dead				gdc_vital_status	0
TCGA-ER-A42L	TCGA-SKCM	Alive	149.028504	PROGRESSION		cbio_os_status	0
TCGA-ET-A25G	TCGA-THCA	Alive	81.927869	CENSORED		cbio_os_status	0
TCGA-ET-A25I	TCGA-THCA	Alive	81.697735	CENSORED		cbio_os_status	0
TCGA-ET-A25J	TCGA-THCA	Alive	77.555314	CENSORED		cbio_os_status	0
TCGA-ET-A25K	TCGA-THCA	Alive	70.421146	CENSORED		cbio_os_status	0
TCGA-ET-A25L	TCGA-THCA	Alive	56.580202	CENSORED		cbio_os_status	0
TCGA-ET-A25M	TCGA-THCA	Alive	60.196601	CENSORED		cbio_os_status	0
TCGA-ET-A25N	TCGA-THCA	Alive	63.385607	CENSORED		cbio_os_status	0
TCGA-ET-A25O	TCGA-THCA	Alive	65.292435	CENSORED		cbio_os_status	0
TCGA-ET-A25P	TCGA-THCA	Alive	18.377881	CENSORED		cbio_os_status	0
TCGA-ET-A25R	TCGA-THCA	Alive	63.451359	CENSORED		cbio_os_status	0
TCGA-ET-A2MX	TCGA-THCA	Alive	88.404511	CENSORED		cbio_os_status	0
TCGA-ET-A2MY	TCGA-THCA	Alive	58.750041	CENSORED		cbio_os_status	0
TCGA-ET-A2MZ	TCGA-THCA	Alive	37.248907	CENSORED		cbio_os_status	0
TCGA-ET-A2N0	TCGA-THCA	Alive	52.602163	CENSORED		cbio_os_status	0
TCGA-ET-A2N1	TCGA-THCA	Alive	54.344610	CENSORED		cbio_os_status	0
TCGA-ET-A2N3	TCGA-THCA	Alive	83.341552	CENSORED		cbio_os_status	0
TCGA-ET-A2N4	TCGA-THCA	Alive	2.662985	CENSORED		cbio_os_status	0
TCGA-ET-A2N5	TCGA-THCA	Alive	80.875826	CENSORED		cbio_os_status	0
TCGA-ET-A39I	TCGA-THCA	Dead	33.237992	CENSORED		cbio_os_status	0
TCGA-ET-A39J	TCGA-THCA	Alive	106.091988	CENSORED		cbio_os_status	0
TCGA-ET-A39K	TCGA-THCA	Alive	107.407042	PROGRESSION		cbio_os_status	0
TCGA-ET-A39L	TCGA-THCA	Alive	108.459085	CENSORED		cbio_os_status	0
TCGA-ET-A39M	TCGA-THCA	Alive	84.886741	CENSORED		cbio_os_status	0
TCGA-ET-A39N	TCGA-THCA	Alive	123.319197	CENSORED		cbio_os_status	0
TCGA-ET-A39O	TCGA-THCA	Alive	100.568761	CENSORED		cbio_os_status	0
TCGA-ET-A39P	TCGA-THCA	Alive	95.341421	CENSORED		cbio_os_status	0
TCGA-ET-A39R	TCGA-THCA	Alive	94.124996	CENSORED		cbio_os_status	0
TCGA-ET-A39S	TCGA-THCA	Alive	55.100766	CENSORED		cbio_os_status	0
TCGA-ET-A39T	TCGA-THCA	Alive	98.201664	CENSORED		cbio_os_status	0
TCGA-ET-A3BN	TCGA-THCA	Alive	28.240786	CENSORED		cbio_os_status	0
TCGA-ET-A3BO	TCGA-THCA	Alive	50.399448	CENSORED		cbio_os_status	0
TCGA-ET-A3BP	TCGA-THCA	Alive	79.100503	CENSORED		cbio_os_status	0
TCGA-ET-A3BQ	TCGA-THCA	Alive	76.634777	CENSORED		cbio_os_status	0
TCGA-ET-A3BS	TCGA-THCA	Alive	5.786238	CENSORED		cbio_os_status	0
TCGA-ET-A3BT	TCGA-THCA	Alive	87.615478	PROGRESSION		cbio_os_status	0
TCGA-ET-A3BU	TCGA-THCA	Alive	77.818325	CENSORED		cbio_os_status	0
TCGA-ET-A3BV	TCGA-THCA	Alive	75.418352	PROGRESSION		cbio_os_status	0
TCGA-ET-A3BW	TCGA-THCA	Alive	46.651544	CENSORED		cbio_os_status	0
TCGA-ET-A3BX	TCGA-THCA	Alive	52.470658	CENSORED		cbio_os_status	0
TCGA-ET-A3DO	TCGA-THCA	Alive	116.776802	PROGRESSION		cbio_os_status	0
TCGA-ET-A3DP	TCGA-THCA	Alive	94.585265	CENSORED		cbio_os_status	0
TCGA-ET-A3DQ	TCGA-THCA	Alive	84.853865	CENSORED		cbio_os_status	0
TCGA-ET-A3DR	TCGA-THCA	Alive	80.579939	CENSORED		cbio_os_status	0
TCGA-ET-A3DS	TCGA-THCA	Alive	66.837624	CENSORED		cbio_os_status	0
TCGA-ET-A3DT	TCGA-THCA	Alive	43.725548	CENSORED		cbio_os_status	0
TCGA-ET-A3DU	TCGA-THCA	Alive	62.826709	CENSORED		cbio_os_status	0
TCGA-ET-A3DV	TCGA-THCA	Alive	166.617352	CENSORED		cbio_os_status	0
TCGA-ET-A3DW	TCGA-THCA	Alive	24.723017	CENSORED		cbio_os_status	0
TCGA-ET-A40P	TCGA-THCA	Alive	43.988559	CENSORED		cbio_os_status	0
TCGA-ET-A40Q	TCGA-THCA	Alive	46.257027	PROGRESSION		cbio_os_status	0
TCGA-ET-A40R	TCGA-THCA	Alive	44.383075	CENSORED		cbio_os_status	0
TCGA-ET-A40S	TCGA-THCA	Alive	40.207779	CENSORED		cbio_os_status	0
TCGA-ET-A40T	TCGA-THCA	Alive	37.479041	CENSORED		cbio_os_status	0
TCGA-ET-A4KN	TCGA-THCA	Alive	33.172239	CENSORED		cbio_os_status	0
TCGA-ET-A4KQ	TCGA-THCA	Alive	31.396916	CENSORED		cbio_os_status	0
TCGA-EU-5904	TCGA-KIRC	Alive	18.114870	CENSORED		cbio_os_status	0
TCGA-EU-5905	TCGA-KIRC	Alive	3.912286	CENSORED		cbio_os_status	0
TCGA-EU-5906	TCGA-KIRC	Alive	6.772529	CENSORED		cbio_os_status	0
TCGA-EU-5907	TCGA-KIRC	Alive	4.175297	CENSORED		cbio_os_status	0
TCGA-EV-5901	TCGA-KIRP	Alive	34.191406	CENSORED		cbio_os_status	0
TCGA-EV-5902	TCGA-KIRP	Alive	19.002531	CENSORED		cbio_os_status	0
TCGA-EV-5903	TCGA-KIRP	Alive	24.887398	CENSORED		cbio_os_status	0
TCGA-EW-A1IW	TCGA-BRCA_OTHERS	Alive	12.197127	CENSORED		cbio_os_status	0
TCGA-EW-A1IX	TCGA-BRCA_OTHERS	Alive	39.714633	CENSORED		cbio_os_status	0
TCGA-EW-A1IY	TCGA-BRCA_IDC	Alive	8.482099	CENSORED		cbio_os_status	0
TCGA-EW-A1IZ	TCGA-BRCA_IDC	Alive	18.213499	CENSORED		cbio_os_status	0
TCGA-EW-A1J1	TCGA-BRCA_IDC	Alive	18.903902	CENSORED		cbio_os_status	0
TCGA-EW-A1J2	TCGA-BRCA_OTHERS	Alive	13.249170	CENSORED		cbio_os_status	0
TCGA-EW-A1J3	TCGA-BRCA_OTHERS	Alive	16.569681	CENSORED		cbio_os_status	0
TCGA-EW-A1J5	TCGA-BRCA_OTHERS	Alive	15.682020	CENSORED		cbio_os_status	0
TCGA-EW-A1J6	TCGA-BRCA_IDC	Alive	28.766808	CENSORED		cbio_os_status	0
TCGA-EW-A1OV	TCGA-BRCA_IDC	Alive	25.939442	CENSORED		cbio_os_status	0
TCGA-EW-A1OW	TCGA-BRCA_OTHERS	Alive	22.816188	CENSORED		cbio_os_status	0
TCGA-EW-A1OX	TCGA-BRCA_IDC	Alive	29.950357	CENSORED		cbio_os_status	0
TCGA-EW-A1OY	TCGA-BRCA_IDC	Alive	29.851728	CENSORED		cbio_os_status	0
TCGA-EW-A1OZ	TCGA-BRCA_IDC	Alive	40.405037	CENSORED		cbio_os_status	0
TCGA-EW-A1P0	TCGA-BRCA_IDC	Alive	41.128316	PROGRESSION		cbio_os_status	0
TCGA-EW-A1P1	TCGA-BRCA_IDC	Alive	39.780386	PROGRESSION		cbio_os_status	0
TCGA-EW-A1P3	TCGA-BRCA_IDC	Alive	52.963803	CENSORED		cbio_os_status	0
TCGA-EW-A1P4	TCGA-BRCA_IDC	Alive	29.818851	CENSORED		cbio_os_status	0
TCGA-EW-A1P5	TCGA-BRCA_IDC	Alive	23.112075	CENSORED		cbio_os_status	0
TCGA-EW-A1P6	TCGA-BRCA_IDC	Alive	18.476510	CENSORED		cbio_os_status	0
TCGA-EW-A1P7	TCGA-BRCA_IDC	Alive	30.081862	PROGRESSION		cbio_os_status	0
TCGA-EW-A1P8	TCGA-BRCA_IDC	Dead	7.857448	PROGRESSION		cbio_os_status	0
TCGA-EW-A1PA	TCGA-BRCA_IDC	Alive	18.903902	CENSORED		cbio_os_status	0
TCGA-EW-A1PB	TCGA-BRCA_IDC	Alive	19.988822	CENSORED		cbio_os_status	0
TCGA-EW-A1PC	TCGA-BRCA_IDC	Alive	6.147878	CENSORED		cbio_os_status	0
TCGA-EW-A1PD	TCGA-BRCA_IDC	Alive	13.939573	CENSORED		cbio_os_status	0
TCGA-EW-A1PE	TCGA-BRCA_OTHERS	Alive	10.520433	CENSORED		cbio_os_status	0
TCGA-EW-A1PF	TCGA-BRCA_IDC	Alive	14.432719	CENSORED		cbio_os_status	0
TCGA-EW-A1PG	TCGA-BRCA_OTHERS	Alive	34.553046	CENSORED		cbio_os_status	0
TCGA-EW-A1PH	TCGA-BRCA_IDC	Alive	19.955946	CENSORED		cbio_os_status	0
TCGA-EW-A2FR	TCGA-BRCA_IDC	Alive	55.002137	CENSORED		cbio_os_status	0
TCGA-EW-A2FS	TCGA-BRCA_IDC	Alive	52.733669	CENSORED		cbio_os_status	0
TCGA-EW-A2FV	TCGA-BRCA_OTHERS	Alive	25.906565	CENSORED		cbio_os_status	0
TCGA-EW-A2FW	TCGA-BRCA_IDC	Alive	22.092909	CENSORED		cbio_os_status	0
TCGA-EW-A3E8	TCGA-BRCA_OTHERS	Alive	34.027024	CENSORED		cbio_os_status	0
TCGA-EW-A3U0	TCGA-BRCA_IDC	Alive	17.490219	CENSORED		cbio_os_status	0
TCGA-EW-A423	TCGA-BRCA_OTHERS	Alive	17.523096	CENSORED		cbio_os_status	0
TCGA-EW-A424	TCGA-BRCA_OTHERS	Alive	23.506592	CENSORED		cbio_os_status	0
TCGA-EW-A6S9	TCGA-BRCA_IDC	Alive	15.221751	CENSORED		cbio_os_status	0
TCGA-EW-A6SA	TCGA-BRCA_IDC	Alive	16.766940	CENSORED		cbio_os_status	0
TCGA-EW-A6SB	TCGA-BRCA_IDC	Alive	24.986028	CENSORED		cbio_os_status	0
TCGA-EW-A6SC	TCGA-BRCA_OTHERS	Alive	31.298287	CENSORED		cbio_os_status	0
TCGA-EW-A6SD	TCGA-BRCA_IDC	Alive	33.205116	CENSORED		cbio_os_status	0
TCGA-EX-A1H5	TCGA-CESC	Alive	20.350462	CENSORED		cbio_os_status	0
TCGA-EX-A1H6	TCGA-CESC	Alive	7.923201	CENSORED		cbio_os_status	0
TCGA-EX-A3L1	TCGA-CESC	Alive	15.221751	CENSORED		cbio_os_status	0
TCGA-EX-A449	TCGA-CESC	Alive				gdc_vital_status	0
TCGA-EX-A69L	TCGA-CESC	Alive	19.791564	CENSORED		cbio_os_status	0
TCGA-EX-A69M	TCGA-CESC	Dead	8.317717	PROGRESSION		cbio_os_status	0
TCGA-EX-A8YF	TCGA-CESC	Alive	15.550515	PROGRESSION		cbio_os_status	0
TCGA-EY-A1G7	TCGA-UCEC	Dead				gdc_vital_status	0
TCGA-EY-A1G8	TCGA-UCEC	Dead				gdc_vital_status	0
TCGA-EY-A1GC	TCGA-UCEC	Alive	54.147352	CENSORED		cbio_os_status	0
TCGA-EY-A1GD	TCGA-UCEC	Alive	53.884341	CENSORED		cbio_os_status	0
TCGA-EY-A1GE	TCGA-UCEC	Alive	24.361377	CENSORED		cbio_os_status	0
TCGA-EY-A1GF	TCGA-UCEC	Alive	27.155867	CENSORED		cbio_os_status	0
TCGA-EY-A1GH	TCGA-UCEC	Alive	23.342210	CENSORED		cbio_os_status	0
TCGA-EY-A1GI	TCGA-UCEC	Alive	23.342210	CENSORED		cbio_os_status	0
TCGA-EY-A1GJ	TCGA-UCEC	Alive	23.901108	CENSORED		cbio_os_status	0
TCGA-EY-A1GK	TCGA-UCEC	Alive	22.783312	CENSORED		cbio_os_status	0
TCGA-EY-A1GL	TCGA-UCEC	Alive	33.336621	CENSORED		cbio_os_status	0
TCGA-EY-A1GM	TCGA-UCEC	Dead	32.711970	PROGRESSION		cbio_os_status	0
TCGA-EY-A1GO	TCGA-UCEC	Alive	19.265542	PROGRESSION		cbio_os_status	0
TCGA-EY-A1GP	TCGA-UCEC	Alive	18.838150	CENSORED		cbio_os_status	0
TCGA-EY-A1GQ	TCGA-UCEC	Alive	17.884736	PROGRESSION		cbio_os_status	0
TCGA-EY-A1GR	TCGA-UCEC	Alive	17.621725	CENSORED		cbio_os_status	0
TCGA-EY-A1GS	TCGA-UCEC	Dead	22.027156	PROGRESSION		cbio_os_status	0
TCGA-EY-A1GT	TCGA-UCEC	Alive	16.109413	CENSORED		cbio_os_status	0
TCGA-EY-A1GU	TCGA-UCEC	Dead	32.777723	CENSORED		cbio_os_status	0
TCGA-EY-A1GV	TCGA-UCEC	Alive	15.813525	CENSORED		cbio_os_status	0
TCGA-EY-A1GW	TCGA-UCEC	Dead	11.079331	PROGRESSION		cbio_os_status	0
TCGA-EY-A1GX	TCGA-UCEC	Dead	37.051649	PROGRESSION		cbio_os_status	0
TCGA-EY-A1H0	TCGA-UCEC	Alive	19.331295	CENSORED		cbio_os_status	0
TCGA-EY-A210	TCGA-UCEC	Alive	12.591643	CENSORED		cbio_os_status	0
TCGA-EY-A212	TCGA-UCEC	Dead	10.191669	PROGRESSION		cbio_os_status	0
TCGA-EY-A214	TCGA-UCEC	Alive	14.399842	CENSORED		cbio_os_status	0
TCGA-EY-A215	TCGA-UCEC	Alive	18.871026	CENSORED		cbio_os_status	0
TCGA-EY-A2OM	TCGA-UCEC	Alive	22.816188	CENSORED		cbio_os_status	0
TCGA-EY-A2ON	TCGA-UCEC	Dead	20.054575	PROGRESSION		cbio_os_status	0
TCGA-EY-A2OO	TCGA-UCEC	Alive	45.763882	CENSORED		cbio_os_status	0
TCGA-EY-A2OP	TCGA-UCEC	Alive	31.035276	CENSORED		cbio_os_status	0
TCGA-EY-A2OQ	TCGA-UCEC	Alive	29.095572	CENSORED		cbio_os_status	0
TCGA-EY-A3L3	TCGA-UCEC	Alive	27.353125	CENSORED		cbio_os_status	0
TCGA-EY-A3QX	TCGA-UCEC	Dead	32.514712	PROGRESSION		cbio_os_status	0
TCGA-EY-A4KR	TCGA-UCEC	Dead	11.375218	PROGRESSION		cbio_os_status	0
TCGA-EY-A547	TCGA-UCEC	Alive	17.917612	CENSORED		cbio_os_status	0
TCGA-EY-A548	TCGA-UCEC	Alive	14.136831	CENSORED		cbio_os_status	0
TCGA-EY-A549	TCGA-UCEC	Alive	19.890193	CENSORED		cbio_os_status	0
TCGA-EY-A54A	TCGA-UCEC	Alive	14.695729	CENSORED		cbio_os_status	0
TCGA-EY-A5W2	TCGA-UCEC	Alive	16.964198	CENSORED		cbio_os_status	0
TCGA-EY-A72D	TCGA-UCEC	Alive	5.884867	CENSORED		cbio_os_status	0
TCGA-EZ-7264	TCGA-LGG	Alive	39.484499	CENSORED		cbio_os_status	0
TCGA-F1-6177	TCGA-STAD	Alive	6.575270	CENSORED		cbio_os_status	0
TCGA-F1-6874	TCGA-STAD	Alive	14.465595	CENSORED		cbio_os_status	0
TCGA-F1-6875	TCGA-STAD	Dead	72.229345	CENSORED		cbio_os_status	0
TCGA-F1-A448	TCGA-STAD	Alive	21.271000	CENSORED		cbio_os_status	0
TCGA-F1-A72C	TCGA-STAD	Alive	11.375218	PROGRESSION		cbio_os_status	0
TCGA-F2-6879	TCGA-PAAD	Dead	10.980702	PROGRESSION		cbio_os_status	0
TCGA-F2-6880	TCGA-PAAD	Alive	9.698524	CENSORED		cbio_os_status	0
TCGA-F2-7273	TCGA-PAAD	Dead	19.462800	PROGRESSION		cbio_os_status	0
TCGA-F2-7276	TCGA-PAAD	Dead	7.101292	PROGRESSION		cbio_os_status	0
TCGA-F2-A44G	TCGA-PAAD	Dead	7.660190	PROGRESSION		cbio_os_status	0
TCGA-F2-A44H	TCGA-PAAD	Alive	19.265542	CENSORED		cbio_os_status	0
TCGA-F2-A7TX	TCGA-PAAD	Dead	3.123253	PROGRESSION		cbio_os_status	0
TCGA-F2-A8YN	TCGA-PAAD	Alive	16.997074	CENSORED		cbio_os_status	0
TCGA-F4-6459	TCGA-COAD	Dead	8.613604	CENSORED		cbio_os_status	0
TCGA-F4-6460	TCGA-COAD	Dead	31.955814	PROGRESSION		cbio_os_status	0
TCGA-F4-6461	TCGA-COAD	Dead	11.112207	PROGRESSION		cbio_os_status	0
TCGA-F4-6463	TCGA-COAD	Alive	35.736595	CENSORED		cbio_os_status	0
TCGA-F4-6569	TCGA-COAD	Alive	35.736595	CENSORED		cbio_os_status	0
TCGA-F4-6570	TCGA-COAD	Dead	6.180754	CENSORED		cbio_os_status	0
TCGA-F4-6703	TCGA-COAD	Alive	47.867969	CENSORED		cbio_os_status	0
TCGA-F4-6704	TCGA-COAD	Alive	1.545189	CENSORED		cbio_os_status	0
TCGA-F4-6805	TCGA-COAD	Alive	34.421541	CENSORED		cbio_os_status	0
TCGA-F4-6806	TCGA-COAD	Alive	41.424204	PROGRESSION		cbio_os_status	0
TCGA-F4-6807	TCGA-COAD	Alive	43.035145	CENSORED		cbio_os_status	0
TCGA-F4-6808	TCGA-COAD	Alive	33.665384	CENSORED		cbio_os_status	0
TCGA-F4-6809	TCGA-COAD	Dead	13.249170	PROGRESSION		cbio_os_status	0
TCGA-F4-6854	TCGA-COAD	Alive	0.526022	CENSORED		cbio_os_status	0
TCGA-F4-6855	TCGA-COAD	Alive	47.407700	CENSORED		cbio_os_status	0
TCGA-F4-6856	TCGA-COAD	Alive	35.309202	CENSORED		cbio_os_status	0
TCGA-F5-6464	TCGA-READ	Dead	9.961535	CENSORED		cbio_os_status	0
TCGA-F5-6465	TCGA-READ	Alive	49.511786	CENSORED		cbio_os_status	0
TCGA-F5-6571	TCGA-READ	Alive	42.344741	PROGRESSION		cbio_os_status	0
TCGA-F5-6702	TCGA-READ	Alive	14.860111	PROGRESSION		cbio_os_status	0
TCGA-F5-6810	TCGA-READ	Unknown				missing	0
TCGA-F5-6811	TCGA-READ	Alive	32.185949	CENSORED		cbio_os_status	0
TCGA-F5-6812	TCGA-READ	Alive	36.492751	CENSORED		cbio_os_status	0
TCGA-F5-6813	TCGA-READ	Dead	19.660059	PROGRESSION		cbio_os_status	0
TCGA-F5-6814	TCGA-READ	Alive	37.183154	CENSORED		cbio_os_status	0
TCGA-F5-6861	TCGA-READ	Alive	38.136568	CENSORED		cbio_os_status	0
TCGA-F5-6863	TCGA-READ	Dead	11.868363	PROGRESSION		cbio_os_status	0
TCGA-F5-6864	TCGA-READ	Alive	12.460137	CENSORED		cbio_os_status	0
TCGA-F6-A8O3	TCGA-LGG	Alive	0.230134	CENSORED		cbio_os_status	0
TCGA-F6-A8O4	TCGA-LGG	Alive	0.197258	CENSORED		cbio_os_status	0
TCGA-F7-7848	TCGA-HNSC	Alive	37.183154	CENSORED		cbio_os_status	0
TCGA-F7-8298	TCGA-HNSC	Alive	32.711970	CENSORED		cbio_os_status	0
TCGA-F7-8489	TCGA-HNSC	Alive	21.632640	CENSORED		cbio_os_status	0
TCGA-F7-A50G	TCGA-HNSC	Alive	20.251833	CENSORED		cbio_os_status	0
TCGA-F7-A50I	TCGA-HNSC	Alive	3.024624	CENSORED		cbio_os_status	0
TCGA-F7-A50J	TCGA-HNSC	Alive	31.133905	CENSORED		cbio_os_status	0
TCGA-F7-A61S	TCGA-HNSC	Alive	18.936779	PROGRESSION		cbio_os_status	0
TCGA-F7-A61V	TCGA-HNSC	Alive	24.953151	CENSORED		cbio_os_status	0
TCGA-F7-A61W	TCGA-HNSC	Alive	0.460269	CENSORED		cbio_os_status	0
TCGA-F7-A620	TCGA-HNSC	Alive	17.851859	CENSORED		cbio_os_status	0
TCGA-F7-A622	TCGA-HNSC	Dead	11.802610	PROGRESSION		cbio_os_status	0
TCGA-F7-A623	TCGA-HNSC	Alive	20.251833	CENSORED		cbio_os_status	0
TCGA-F7-A624	TCGA-HNSC	Alive	12.427261	CENSORED		cbio_os_status	0
TCGA-F9-A4JJ	TCGA-KIRP	Dead	10.684814	PROGRESSION		cbio_os_status	0
TCGA-F9-A7Q0	TCGA-KIRP	Alive	13.084788	CENSORED		cbio_os_status	0
TCGA-F9-A7VF	TCGA-KIRP	Alive	2.399974	CENSORED		cbio_os_status	0
TCGA-F9-A8NY	TCGA-KIRP	Alive	1.183549	CENSORED		cbio_os_status	0
TCGA-F9-A97G	TCGA-KIRP	Alive	0.427393	CENSORED		cbio_os_status	0
TCGA-FA-8693	TCGA-DLBC	Alive	4.339678	CENSORED		cbio_os_status	0
TCGA-FA-A4BB	TCGA-DLBC	Alive	4.339678	CENSORED		cbio_os_status	0
TCGA-FA-A4XK	TCGA-DLBC	Dead	23.276457	CENSORED		cbio_os_status	0
TCGA-FA-A6HN	TCGA-DLBC	Dead	1.906828	CENSORED		cbio_os_status	0
TCGA-FA-A6HO	TCGA-DLBC	Alive	24.624388	PROGRESSION		cbio_os_status	0
TCGA-FA-A7DS	TCGA-DLBC	Alive	23.638097	CENSORED		cbio_os_status	0
TCGA-FA-A7Q1	TCGA-DLBC	Dead	8.153335	CENSORED		cbio_os_status	0
TCGA-FA-A82F	TCGA-DLBC	Alive	14.038202	CENSORED		cbio_os_status	0
TCGA-FA-A86F	TCGA-DLBC	Alive	18.180623	PROGRESSION		cbio_os_status	0
TCGA-FB-A4P5	TCGA-PAAD	Dead	5.884867	PROGRESSION		cbio_os_status	0
TCGA-FB-A4P6	TCGA-PAAD	Alive	25.216162	PROGRESSION		cbio_os_status	0
TCGA-FB-A545	TCGA-PAAD	Dead	24.065490	PROGRESSION		cbio_os_status	0
TCGA-FB-A5VM	TCGA-PAAD	Dead	16.372423	PROGRESSION		cbio_os_status	0
TCGA-FB-A78T	TCGA-PAAD	Dead	12.328632	CENSORED		cbio_os_status	0
TCGA-FB-A7DR	TCGA-PAAD	Dead	11.605352	CENSORED		cbio_os_status	0
TCGA-FB-AAPP	TCGA-PAAD	Dead	15.945031	PROGRESSION		cbio_os_status	0
TCGA-FB-AAPQ	TCGA-PAAD	Dead	37.150278	CENSORED		cbio_os_status	0
TCGA-FB-AAPS	TCGA-PAAD	Alive	7.495808	CENSORED		cbio_os_status	0
TCGA-FB-AAPU	TCGA-PAAD	Dead	12.525890	PROGRESSION		cbio_os_status	0
TCGA-FB-AAPY	TCGA-PAAD	Dead	34.816057	CENSORED		cbio_os_status	0
TCGA-FB-AAPZ	TCGA-PAAD	Alive	23.539468	PROGRESSION		cbio_os_status	0
TCGA-FB-AAQ0	TCGA-PAAD	Dead	15.550515	CENSORED		cbio_os_status	0
TCGA-FB-AAQ1	TCGA-PAAD	Dead	4.043791	PROGRESSION		cbio_os_status	0
TCGA-FB-AAQ2	TCGA-PAAD	Dead	5.030082	PROGRESSION		cbio_os_status	0
TCGA-FB-AAQ3	TCGA-PAAD	Dead	1.019167	CENSORED		cbio_os_status	0
TCGA-FB-AAQ6	TCGA-PAAD	Dead	8.021830	PROGRESSION		cbio_os_status	0
TCGA-FC-7708	TCGA-PRAD	Alive	28.405168	CENSORED		cbio_os_status	0
TCGA-FC-7961	TCGA-PRAD	Alive	15.419009	CENSORED		cbio_os_status	0
TCGA-FC-A4JI	TCGA-PRAD	Alive	28.832561	CENSORED		cbio_os_status	0
TCGA-FC-A5OB	TCGA-PRAD	Alive	22.355919	CENSORED		cbio_os_status	0
TCGA-FC-A66V	TCGA-PRAD	Alive	17.227208	CENSORED		cbio_os_status	0
TCGA-FC-A6HD	TCGA-PRAD	Alive	25.939442	CENSORED		cbio_os_status	0
TCGA-FC-A8O0	TCGA-PRAD	Alive	20.251833	CENSORED		cbio_os_status	0
TCGA-FD-A3B3	TCGA-BLCA	Dead	32.021567	CENSORED		cbio_os_status	0
TCGA-FD-A3B4	TCGA-BLCA	Dead	16.766940	PROGRESSION		cbio_os_status	0
TCGA-FD-A3B5	TCGA-BLCA	Dead	8.942368	PROGRESSION		cbio_os_status	0
TCGA-FD-A3B6	TCGA-BLCA	Dead	33.040734	CENSORED		cbio_os_status	0
TCGA-FD-A3B7	TCGA-BLCA	Dead	4.010915	PROGRESSION		cbio_os_status	0
TCGA-FD-A3B8	TCGA-BLCA	Alive	12.624519	CENSORED		cbio_os_status	0
TCGA-FD-A3N5	TCGA-BLCA	Dead	22.520301	PROGRESSION		cbio_os_status	0
TCGA-FD-A3N6	TCGA-BLCA	Alive	27.977776	CENSORED		cbio_os_status	0
TCGA-FD-A3NA	TCGA-BLCA	Alive	60.656870	PROGRESSION		cbio_os_status	0
TCGA-FD-A3SJ	TCGA-BLCA	Dead	24.295624	PROGRESSION		cbio_os_status	0
TCGA-FD-A3SL	TCGA-BLCA	Dead	23.407963	PROGRESSION		cbio_os_status	0
TCGA-FD-A3SM	TCGA-BLCA	Dead	17.983365	PROGRESSION		cbio_os_status	0
TCGA-FD-A3SN	TCGA-BLCA	Alive	29.161324	PROGRESSION		cbio_os_status	0
TCGA-FD-A3SO	TCGA-BLCA	Dead	5.523227	PROGRESSION		cbio_os_status	0
TCGA-FD-A3SP	TCGA-BLCA	Alive	25.742184	CENSORED		cbio_os_status	0
TCGA-FD-A3SQ	TCGA-BLCA	Dead	46.783049	PROGRESSION		cbio_os_status	0
TCGA-FD-A3SR	TCGA-BLCA	Dead	19.791564	PROGRESSION		cbio_os_status	0
TCGA-FD-A3SS	TCGA-BLCA	Dead	12.854654	PROGRESSION		cbio_os_status	0
TCGA-FD-A43N	TCGA-BLCA	Alive	22.980570	CENSORED		cbio_os_status	0
TCGA-FD-A43P	TCGA-BLCA	Alive	27.353125	CENSORED		cbio_os_status	0
TCGA-FD-A43S	TCGA-BLCA	Alive	14.958740	CENSORED		cbio_os_status	0
TCGA-FD-A43U	TCGA-BLCA	Alive	20.909360	PROGRESSION		cbio_os_status	0
TCGA-FD-A43X	TCGA-BLCA	Alive	3.616399	CENSORED		cbio_os_status	0
TCGA-FD-A43Y	TCGA-BLCA	Dead	15.583391	CENSORED		cbio_os_status	0
TCGA-FD-A5BR	TCGA-BLCA	Alive	26.728474	CENSORED		cbio_os_status	0
TCGA-FD-A5BS	TCGA-BLCA	Alive	53.884341	CENSORED		cbio_os_status	0
TCGA-FD-A5BT	TCGA-BLCA	Dead	10.783443	CENSORED		cbio_os_status	0
TCGA-FD-A5BU	TCGA-BLCA	Alive	19.331295	CENSORED		cbio_os_status	0
TCGA-FD-A5BV	TCGA-BLCA	Dead	5.358845	PROGRESSION		cbio_os_status	0
TCGA-FD-A5BX	TCGA-BLCA	Dead	5.687609	PROGRESSION		cbio_os_status	0
TCGA-FD-A5BY	TCGA-BLCA	Alive	8.251964	CENSORED		cbio_os_status	0
TCGA-FD-A5BZ	TCGA-BLCA	Dead	27.451754	PROGRESSION		cbio_os_status	0
TCGA-FD-A5C0	TCGA-BLCA	Dead	18.081994	PROGRESSION		cbio_os_status	0
TCGA-FD-A5C1	TCGA-BLCA	Alive	58.914423	CENSORED		cbio_os_status	0
TCGA-FD-A62N	TCGA-BLCA	Alive	2.695861	CENSORED		cbio_os_status	0
TCGA-FD-A62O	TCGA-BLCA	Dead	7.101292	CENSORED		cbio_os_status	0
TCGA-FD-A62P	TCGA-BLCA	Dead	6.279383	PROGRESSION		cbio_os_status	0
TCGA-FD-A62S	TCGA-BLCA	Dead	13.347799	PROGRESSION		cbio_os_status	0
TCGA-FD-A6TA	TCGA-BLCA	Alive	62.859585	CENSORED		cbio_os_status	0
TCGA-FD-A6TB	TCGA-BLCA	Alive	18.805273	CENSORED		cbio_os_status	0
TCGA-FD-A6TC	TCGA-BLCA	Alive	6.147878	CENSORED		cbio_os_status	0
TCGA-FD-A6TD	TCGA-BLCA	Dead	12.690272	CENSORED		cbio_os_status	0
TCGA-FD-A6TE	TCGA-BLCA	Alive	12.361508	PROGRESSION		cbio_os_status	0
TCGA-FD-A6TF	TCGA-BLCA	Dead	2.268468	CENSORED		cbio_os_status	0
TCGA-FD-A6TG	TCGA-BLCA	Dead	3.057501	CENSORED		cbio_os_status	0
TCGA-FD-A6TH	TCGA-BLCA	Dead	4.306802	PROGRESSION		cbio_os_status	0
TCGA-FD-A6TI	TCGA-BLCA	Dead	9.665647	CENSORED		cbio_os_status	0
TCGA-FD-A6TK	TCGA-BLCA	Alive	10.849196	CENSORED		cbio_os_status	0
TCGA-FE-A22Z	TCGA-THCA	Alive	73.741658	PROGRESSION		cbio_os_status	0
TCGA-FE-A230	TCGA-THCA	Alive	71.440313	PROGRESSION		cbio_os_status	0
TCGA-FE-A231	TCGA-THCA	Alive	31.594174	CENSORED		cbio_os_status	0
TCGA-FE-A232	TCGA-THCA	Alive	79.692277	CENSORED		cbio_os_status	0
TCGA-FE-A233	TCGA-THCA	Alive	24.690140	PROGRESSION		cbio_os_status	0
TCGA-FE-A234	TCGA-THCA	Alive	68.218430	PROGRESSION		cbio_os_status	0
TCGA-FE-A235	TCGA-THCA	Alive	117.401453	CENSORED		cbio_os_status	0
TCGA-FE-A236	TCGA-THCA	Alive	66.771871	CENSORED		cbio_os_status	0
TCGA-FE-A237	TCGA-THCA	Alive	112.798764	PROGRESSION		cbio_os_status	0
TCGA-FE-A238	TCGA-THCA	Alive	39.944768	PROGRESSION		cbio_os_status	0
TCGA-FE-A239	TCGA-THCA	Dead	33.632508	PROGRESSION		cbio_os_status	0
TCGA-FE-A23A	TCGA-THCA	Alive	81.829240	CENSORED		cbio_os_status	0
TCGA-FE-A3PA	TCGA-THCA	Alive	106.354999	CENSORED		cbio_os_status	0
TCGA-FE-A3PB	TCGA-THCA	Alive	85.149752	CENSORED		cbio_os_status	0
TCGA-FE-A3PC	TCGA-THCA	Alive	85.675773	CENSORED		cbio_os_status	0
TCGA-FE-A3PD	TCGA-THCA	Alive	78.771739	CENSORED		cbio_os_status	0
TCGA-FF-8041	TCGA-DLBC	Alive	35.539337	CENSORED		cbio_os_status	0
TCGA-FF-8042	TCGA-DLBC	Alive	31.101029	CENSORED		cbio_os_status	0
TCGA-FF-8043	TCGA-DLBC	Alive	31.725680	CENSORED		cbio_os_status	0
TCGA-FF-8046	TCGA-DLBC	Alive	24.690140	CENSORED		cbio_os_status	0
TCGA-FF-8047	TCGA-DLBC	Alive	4.142420	PROGRESSION		cbio_os_status	0
TCGA-FF-8061	TCGA-DLBC	Alive	27.353125	CENSORED		cbio_os_status	0
TCGA-FF-8062	TCGA-DLBC	Alive	22.323043	CENSORED		cbio_os_status	0
TCGA-FG-5962	TCGA-LGG	Alive	47.769340	CENSORED		cbio_os_status	0
TCGA-FG-5963	TCGA-LGG	Dead	25.479173	PROGRESSION		cbio_os_status	0
TCGA-FG-5964	TCGA-LGG	Alive	52.207647	CENSORED		cbio_os_status	0
TCGA-FG-5965	TCGA-LGG	Dead	36.821514	PROGRESSION		cbio_os_status	0
TCGA-FG-6688	TCGA-LGG	Alive	18.772397	PROGRESSION		cbio_os_status	0
TCGA-FG-6689	TCGA-LGG	Alive	14.925864	PROGRESSION		cbio_os_status	0
TCGA-FG-6690	TCGA-LGG	Alive	42.542000	CENSORED		cbio_os_status	0
TCGA-FG-6691	TCGA-LGG	Alive	41.325575	PROGRESSION		cbio_os_status	0
TCGA-FG-6692	TCGA-LGG	Dead	18.443633	PROGRESSION		cbio_os_status	0
TCGA-FG-7634	TCGA-LGG	Alive	15.353256	CENSORED		cbio_os_status	0
TCGA-FG-7636	TCGA-LGG	Alive	17.884736	CENSORED		cbio_os_status	0
TCGA-FG-7637	TCGA-LGG	Alive	40.076273	CENSORED		cbio_os_status	0
TCGA-FG-7638	TCGA-LGG	Alive	22.553177	PROGRESSION		cbio_os_status	0
TCGA-FG-7641	TCGA-LGG	Alive	20.613473	CENSORED		cbio_os_status	0
TCGA-FG-7643	TCGA-LGG	Alive	20.087451	PROGRESSION		cbio_os_status	0
TCGA-FG-8181	TCGA-LGG	Alive	28.339415	CENSORED		cbio_os_status	0
TCGA-FG-8182	TCGA-LGG	Alive	13.676562	CENSORED		cbio_os_status	0
TCGA-FG-8185	TCGA-LGG	Alive	14.235460	CENSORED		cbio_os_status	0
TCGA-FG-8186	TCGA-LGG	Alive	16.010783	CENSORED		cbio_os_status	0
TCGA-FG-8187	TCGA-LGG	Alive	20.087451	CENSORED		cbio_os_status	0
TCGA-FG-8188	TCGA-LGG	Alive	14.958740	PROGRESSION		cbio_os_status	0
TCGA-FG-8189	TCGA-LGG	Alive	22.520301	CENSORED		cbio_os_status	0
TCGA-FG-8191	TCGA-LGG	Alive	32.613341	CENSORED		cbio_os_status	0
TCGA-FG-A4MT	TCGA-LGG	Alive				gdc_vital_status	0
TCGA-FG-A4MU	TCGA-LGG	Alive	10.717691	CENSORED		cbio_os_status	0
TCGA-FG-A4MW	TCGA-LGG	Dead	18.377881	PROGRESSION		cbio_os_status	0
TCGA-FG-A4MX	TCGA-LGG	Alive	18.706644	CENSORED		cbio_os_status	0
TCGA-FG-A4MY	TCGA-LGG	Alive	23.703850	CENSORED		cbio_os_status	0
TCGA-FG-A60J	TCGA-LGG	Alive	14.761482	CENSORED		cbio_os_status	0
TCGA-FG-A60K	TCGA-LGG	Alive	17.818983	CENSORED		cbio_os_status	0
TCGA-FG-A60L	TCGA-LGG	Alive	21.534011	CENSORED		cbio_os_status	0
TCGA-FG-A6IZ	TCGA-LGG	Alive	15.024493	CENSORED		cbio_os_status	0
TCGA-FG-A6J1	TCGA-LGG	Alive	16.438176	CENSORED		cbio_os_status	0
TCGA-FG-A6J3	TCGA-LGG	Alive	22.257290	PROGRESSION		cbio_os_status	0
TCGA-FG-A70Y	TCGA-LGG	Alive	28.536674	PROGRESSION		cbio_os_status	0
TCGA-FG-A70Z	TCGA-LGG	Alive	10.783443	CENSORED		cbio_os_status	0
TCGA-FG-A710	TCGA-LGG	Alive	36.657133	CENSORED		cbio_os_status	0
TCGA-FG-A711	TCGA-LGG	Dead	48.689877	PROGRESSION		cbio_os_status	0
TCGA-FG-A713	TCGA-LGG	Alive	20.449091	CENSORED		cbio_os_status	0
TCGA-FG-A87N	TCGA-LGG	Alive	18.640892	CENSORED		cbio_os_status	0
TCGA-FG-A87Q	TCGA-LGG	Alive	5.720485	CENSORED		cbio_os_status	0
TCGA-FI-A2CX	TCGA-UCEC	Alive	66.771871	CENSORED		cbio_os_status	0
TCGA-FI-A2CY	TCGA-UCEC	Alive	68.382812	CENSORED		cbio_os_status	0
TCGA-FI-A2D0	TCGA-UCEC	Alive	39.879015	CENSORED		cbio_os_status	0
TCGA-FI-A2D2	TCGA-UCEC	Dead	77.325180	PROGRESSION		cbio_os_status	0
TCGA-FI-A2D4	TCGA-UCEC	Dead	7.988954	PROGRESSION		cbio_os_status	0
TCGA-FI-A2D5	TCGA-UCEC	Dead	13.840944	PROGRESSION		cbio_os_status	0
TCGA-FI-A2D6	TCGA-UCEC	Dead	25.216162	CENSORED		cbio_os_status	0
TCGA-FI-A2EU	TCGA-UCEC	Alive	96.689351	CENSORED		cbio_os_status	0
TCGA-FI-A2EW	TCGA-UCEC	Alive	59.013052	PROGRESSION		cbio_os_status	0
TCGA-FI-A2EX	TCGA-UCEC	Alive	9.336884	PROGRESSION		cbio_os_status	0
TCGA-FI-A2EY	TCGA-UCEC	Dead	28.931190	PROGRESSION		cbio_os_status	0
TCGA-FI-A2F4	TCGA-UCEC	Alive	73.314265	CENSORED		cbio_os_status	0
TCGA-FI-A2F8	TCGA-UCEC	Alive	30.673636	CENSORED		cbio_os_status	0
TCGA-FI-A2F9	TCGA-UCEC	Alive	59.276063	CENSORED		cbio_os_status	0
TCGA-FI-A3PV	TCGA-UCEC	Dead	41.062564	PROGRESSION		cbio_os_status	0
TCGA-FI-A3PX	TCGA-UCEC	Alive	78.377223	CENSORED		cbio_os_status	0
TCGA-FJ-A3Z7	TCGA-BLCA	Alive	31.068153	CENSORED		cbio_os_status	0
TCGA-FJ-A3Z9	TCGA-BLCA	Dead	12.657396	CENSORED		cbio_os_status	0
TCGA-FJ-A3ZE	TCGA-BLCA	Dead	10.651938	PROGRESSION		cbio_os_status	0
TCGA-FJ-A3ZF	TCGA-BLCA	Alive	17.227208	CENSORED		cbio_os_status	0
TCGA-FJ-A871	TCGA-BLCA	Dead	8.942368	PROGRESSION		cbio_os_status	0
TCGA-FK-A3S3	TCGA-THCA	Alive	71.078673	CENSORED		cbio_os_status	0
TCGA-FK-A3SB	TCGA-THCA	Alive	4.109544	CENSORED		cbio_os_status	0
TCGA-FK-A3SD	TCGA-THCA	Alive	1.052043	CENSORED		cbio_os_status	0
TCGA-FK-A3SE	TCGA-THCA	Alive	22.027156	CENSORED		cbio_os_status	0
TCGA-FK-A3SG	TCGA-THCA	Alive	0.920538	CENSORED		cbio_os_status	0
TCGA-FK-A3SH	TCGA-THCA	Alive	48.098103	CENSORED		cbio_os_status	0
TCGA-FK-A4UB	TCGA-THCA	Alive	116.086399	CENSORED		cbio_os_status	0
TCGA-FM-8000	TCGA-DLBC	Alive	31.955814	CENSORED		cbio_os_status	0
TCGA-FN-7833	TCGA-LGG	Alive	27.517507	CENSORED		cbio_os_status	0
TCGA-FP-7735	TCGA-STAD	Dead	3.484893	CENSORED		cbio_os_status	0
TCGA-FP-7829	TCGA-STAD	Alive	19.528553	CENSORED		cbio_os_status	0
TCGA-FP-7916	TCGA-STAD	Dead	14.071079	PROGRESSION		cbio_os_status	0
TCGA-FP-7998	TCGA-STAD	Alive	22.290167	CENSORED		cbio_os_status	0
TCGA-FP-8099	TCGA-STAD	Alive	17.062827	CENSORED		cbio_os_status	0
TCGA-FP-8209	TCGA-STAD	Dead	59.539074	PROGRESSION		cbio_os_status	0
TCGA-FP-8210	TCGA-STAD	Dead	5.030082	PROGRESSION		cbio_os_status	0
TCGA-FP-8211	TCGA-STAD	Alive	13.577933	CENSORED		cbio_os_status	0
TCGA-FP-8631	TCGA-STAD	Alive	0.558898	CENSORED		cbio_os_status	0
TCGA-FP-A4BE	TCGA-STAD	Alive	11.079331	CENSORED		cbio_os_status	0
TCGA-FP-A4BF	TCGA-STAD	Dead	5.523227	PROGRESSION		cbio_os_status	0
TCGA-FP-A8CX	TCGA-STAD	Alive	0.230134	CENSORED		cbio_os_status	0
TCGA-FP-A9TM	TCGA-STAD	Alive	6.213631	CENSORED		cbio_os_status	0
TCGA-FR-A2OS	TCGA-SKCM	Dead	12.098498	PROGRESSION		cbio_os_status	0
TCGA-FR-A3R1	TCGA-SKCM	Alive	22.520301	PROGRESSION		cbio_os_status	0
TCGA-FR-A3YN	TCGA-SKCM	Alive				gdc_vital_status	0
TCGA-FR-A3YO	TCGA-SKCM	Alive				gdc_vital_status	0
TCGA-FR-A44A	TCGA-SKCM	Alive				gdc_vital_status	0
TCGA-FR-A69P	TCGA-SKCM	Alive	15.714896	PROGRESSION		cbio_os_status	0
TCGA-FR-A726	TCGA-SKCM	Dead	10.027287	PROGRESSION		cbio_os_status	0
TCGA-FR-A728	TCGA-SKCM	Alive	19.166913	PROGRESSION		cbio_os_status	0
TCGA-FR-A729	TCGA-SKCM	Alive				gdc_vital_status	0
TCGA-FR-A7U8	TCGA-SKCM	Alive				gdc_vital_status	0
TCGA-FR-A7U9	TCGA-SKCM	Alive				gdc_vital_status	0
TCGA-FR-A7UA	TCGA-SKCM	Alive				gdc_vital_status	0
TCGA-FR-A8YC	TCGA-SKCM	Dead	34.816057	PROGRESSION		cbio_os_status	0
TCGA-FR-A8YD	TCGA-SKCM	Dead	36.262616	PROGRESSION		cbio_os_status	0
TCGA-FR-A8YE	TCGA-SKCM	Alive	104.415294	CENSORED		cbio_os_status	0
TCGA-FS-A1Z7	TCGA-SKCM	Dead	7.791695	PROGRESSION		cbio_os_status	0
TCGA-FS-A1ZA	TCGA-SKCM	Dead	27.714765	PROGRESSION		cbio_os_status	0
TCGA-FS-A1ZC	TCGA-SKCM	Dead	357.365947	PROGRESSION		cbio_os_status	0
TCGA-FS-A1ZD	TCGA-SKCM	Dead	53.522701	PROGRESSION		cbio_os_status	0
TCGA-FS-A1ZE	TCGA-SKCM	Dead	46.454285	PROGRESSION		cbio_os_status	0
TCGA-FS-A1ZM	TCGA-SKCM	Alive	101.259164	CENSORED		cbio_os_status	0
TCGA-FS-A1ZN	TCGA-SKCM	Dead	23.999737	PROGRESSION		cbio_os_status	0
TCGA-FS-A1ZP	TCGA-SKCM	Dead	74.727948	PROGRESSION		cbio_os_status	0
TCGA-FS-A1ZU	TCGA-SKCM	Dead	26.564092	PROGRESSION		cbio_os_status	0
TCGA-FS-A1ZW	TCGA-SKCM	Alive	49.478910	CENSORED		cbio_os_status	0
TCGA-FT-A3EE	TCGA-BLCA	Dead	3.254759	CENSORED		cbio_os_status	0
TCGA-FT-A61P	TCGA-BLCA	Alive	11.079331	CENSORED		cbio_os_status	0
TCGA-FU-A23K	TCGA-CESC	Alive	12.230003	CENSORED		cbio_os_status	0
TCGA-FU-A23L	TCGA-CESC	Alive	23.835355	CENSORED		cbio_os_status	0
TCGA-FU-A2QG	TCGA-CESC	Alive	19.035408	CENSORED		cbio_os_status	0
TCGA-FU-A3EO	TCGA-CESC	Alive	16.109413	CENSORED		cbio_os_status	0
TCGA-FU-A3HY	TCGA-CESC	Alive	31.364040	CENSORED		cbio_os_status	0
TCGA-FU-A3HZ	TCGA-CESC	Alive	36.262616	CENSORED		cbio_os_status	0
TCGA-FU-A3NI	TCGA-CESC	Dead	20.975113	CENSORED		cbio_os_status	0
TCGA-FU-A3TQ	TCGA-CESC	Alive	26.136700	CENSORED		cbio_os_status	0
TCGA-FU-A3TX	TCGA-CESC	Alive	1.479436	CENSORED		cbio_os_status	0
TCGA-FU-A3WB	TCGA-CESC	Alive	16.142289	CENSORED		cbio_os_status	0
TCGA-FU-A3YQ	TCGA-CESC	Alive	28.306539	CENSORED		cbio_os_status	0
TCGA-FU-A40J	TCGA-CESC	Alive	14.005326	CENSORED		cbio_os_status	0
TCGA-FU-A57G	TCGA-CESC	Alive	35.440707	CENSORED		cbio_os_status	0
TCGA-FU-A5XV	TCGA-CESC	Alive	10.553309	CENSORED		cbio_os_status	0
TCGA-FU-A770	TCGA-CESC	Alive	1.117796	CENSORED		cbio_os_status	0
TCGA-FV-A23B	TCGA-LIHC	Dead	60.887004	PROGRESSION		cbio_os_status	0
TCGA-FV-A2QQ	TCGA-LIHC	Alive	23.966861	CENSORED		cbio_os_status	0
TCGA-FV-A2QR	TCGA-LIHC	Dead	19.101161	PROGRESSION		cbio_os_status	0
TCGA-FV-A3I0	TCGA-LIHC	Alive	27.879147	PROGRESSION		cbio_os_status	0
TCGA-FV-A3I1	TCGA-LIHC	Dead	8.120459	CENSORED		cbio_os_status	0
TCGA-FV-A3R2	TCGA-LIHC	Dead	6.378012	CENSORED		cbio_os_status	0
TCGA-FV-A3R3	TCGA-LIHC	Dead	12.032745	CENSORED		cbio_os_status	0
TCGA-FV-A495	TCGA-LIHC	Alive	0.032876	CENSORED		cbio_os_status	0
TCGA-FV-A496	TCGA-LIHC	Alive	0.328764	CENSORED		cbio_os_status	0
TCGA-FV-A4ZP	TCGA-LIHC	Dead	81.730611	CENSORED		cbio_os_status	0
TCGA-FV-A4ZQ	TCGA-LIHC	Alive	0.394516	CENSORED		cbio_os_status	0
TCGA-FW-A3I3	TCGA-SKCM	Alive	17.457343	CENSORED		cbio_os_status	0
TCGA-FW-A3R5	TCGA-SKCM	Alive				gdc_vital_status	0
TCGA-FW-A3TU	TCGA-SKCM	Dead				gdc_vital_status	0
TCGA-FW-A3TV	TCGA-SKCM	Alive				gdc_vital_status	0
TCGA-FW-A5DX	TCGA-SKCM	Alive	21.040865	CENSORED		cbio_os_status	0
TCGA-FW-A5DY	TCGA-SKCM	Alive				gdc_vital_status	0
TCGA-FX-A2QS	TCGA-SARC	Alive	49.150146	CENSORED		cbio_os_status	0
TCGA-FX-A3NJ	TCGA-SARC	Alive	31.133905	CENSORED		cbio_os_status	0
TCGA-FX-A3NK	TCGA-SARC	Alive	16.602558	CENSORED		cbio_os_status	0
TCGA-FX-A3RE	TCGA-SARC	Alive	21.698392	CENSORED		cbio_os_status	0
TCGA-FX-A3TO	TCGA-SARC	Alive	20.317586	CENSORED		cbio_os_status	0
TCGA-FX-A48G	TCGA-SARC	Dead	19.890193	PROGRESSION		cbio_os_status	0
TCGA-FX-A76Y	TCGA-SARC	Alive	15.484762	CENSORED		cbio_os_status	0
TCGA-FX-A8OO	TCGA-SARC	Dead	8.054706	CENSORED		cbio_os_status	0
TCGA-FY-A2QD	TCGA-THCA	Alive	1.249301	CENSORED		cbio_os_status	0
TCGA-FY-A3BL	TCGA-THCA	Alive	20.416215	CENSORED		cbio_os_status	0
TCGA-FY-A3I4	TCGA-THCA	Alive	17.818983	CENSORED		cbio_os_status	0
TCGA-FY-A3I5	TCGA-THCA	Alive	7.824572	CENSORED		cbio_os_status	0
TCGA-FY-A3NM	TCGA-THCA	Alive	29.095572	CENSORED		cbio_os_status	0
TCGA-FY-A3NN	TCGA-THCA	Alive	0.000000	CENSORED		cbio_os_status	0
TCGA-FY-A3NP	TCGA-THCA	Alive	16.142289	CENSORED		cbio_os_status	0
TCGA-FY-A3ON	TCGA-THCA	Alive	19.561429	CENSORED		cbio_os_status	0
TCGA-FY-A3R6	TCGA-THCA	Alive	13.906697	CENSORED		cbio_os_status	0
TCGA-FY-A3R7	TCGA-THCA	Alive	16.273794	CENSORED		cbio_os_status	0
TCGA-FY-A3R8	TCGA-THCA	Alive	15.682020	CENSORED		cbio_os_status	0
TCGA-FY-A3R9	TCGA-THCA	Alive	16.569681	CENSORED		cbio_os_status	0
TCGA-FY-A3RA	TCGA-THCA	Alive	18.081994	CENSORED		cbio_os_status	0
TCGA-FY-A3TY	TCGA-THCA	Alive	23.309334	CENSORED		cbio_os_status	0
TCGA-FY-A3W9	TCGA-THCA	Alive	21.632640	CENSORED		cbio_os_status	0
TCGA-FY-A3WA	TCGA-THCA	Alive	17.062827	CENSORED		cbio_os_status	0
TCGA-FY-A3YR	TCGA-THCA	Alive	17.358714	CENSORED		cbio_os_status	0
TCGA-FY-A40K	TCGA-THCA	Alive	15.155998	CENSORED		cbio_os_status	0
TCGA-FY-A40L	TCGA-THCA	Alive	23.868232	CENSORED		cbio_os_status	0
TCGA-FY-A40M	TCGA-THCA	Alive	22.487425	CENSORED		cbio_os_status	0
TCGA-FY-A40N	TCGA-THCA	Alive	19.035408	CENSORED		cbio_os_status	0
TCGA-FY-A4B0	TCGA-THCA	Alive	13.808068	CENSORED		cbio_os_status	0
TCGA-FY-A4B3	TCGA-THCA	Alive	14.038202	CENSORED		cbio_os_status	0
TCGA-FY-A4B4	TCGA-THCA	Alive	21.599763	CENSORED		cbio_os_status	0
TCGA-FY-A76V	TCGA-THCA	Alive	1.676694	CENSORED		cbio_os_status	0
TCGA-FZ-5919	TCGA-PAAD	Dead	24.361377	PROGRESSION		cbio_os_status	0
TCGA-FZ-5920	TCGA-PAAD	Dead	2.005457	CENSORED		cbio_os_status	0
TCGA-FZ-5921	TCGA-PAAD	Dead	5.095835	PROGRESSION		cbio_os_status	0
TCGA-FZ-5922	TCGA-PAAD	Dead	36.196864	PROGRESSION		cbio_os_status	0
TCGA-FZ-5923	TCGA-PAAD	Dead	20.350462	PROGRESSION		cbio_os_status	0
TCGA-FZ-5924	TCGA-PAAD	Dead	15.780649	PROGRESSION		cbio_os_status	0
TCGA-FZ-5926	TCGA-PAAD	Dead	17.786106	PROGRESSION		cbio_os_status	0
TCGA-G2-A2EC	TCGA-BLCA	Dead	22.881941	PROGRESSION		cbio_os_status	0
TCGA-G2-A2EF	TCGA-BLCA	Alive	61.939047	CENSORED		cbio_os_status	0
TCGA-G2-A2EJ	TCGA-BLCA	Alive	47.999474	PROGRESSION		cbio_os_status	0
TCGA-G2-A2EK	TCGA-BLCA	Alive	15.945031	PROGRESSION		cbio_os_status	0
TCGA-G2-A2EL	TCGA-BLCA	Dead	26.925732	PROGRESSION		cbio_os_status	0
TCGA-G2-A2EO	TCGA-BLCA	Dead	59.308939	CENSORED		cbio_os_status	0
TCGA-G2-A2ES	TCGA-BLCA	Dead	33.007857	PROGRESSION		cbio_os_status	0
TCGA-G2-A3IB	TCGA-BLCA	Dead	7.232797	PROGRESSION		cbio_os_status	0
TCGA-G2-A3IE	TCGA-BLCA	Dead	20.120327	PROGRESSION		cbio_os_status	0
TCGA-G2-A3VY	TCGA-BLCA	Alive	17.621725	CENSORED		cbio_os_status	0
TCGA-G2-AA3B	TCGA-BLCA	Alive	66.015715	CENSORED		cbio_os_status	0
TCGA-G2-AA3C	TCGA-BLCA	Dead	6.936910	PROGRESSION		cbio_os_status	0
TCGA-G2-AA3D	TCGA-BLCA	Alive	70.322517	CENSORED		cbio_os_status	0
TCGA-G2-AA3F	TCGA-BLCA	Alive	29.358582	CENSORED		cbio_os_status	0
TCGA-G3-A25S	TCGA-LIHC	Dead	13.676562	PROGRESSION		cbio_os_status	0
TCGA-G3-A25T	TCGA-LIHC	Alive	51.056975	PROGRESSION		cbio_os_status	0
TCGA-G3-A25U	TCGA-LIHC	Alive	53.785712	CENSORED		cbio_os_status	0
TCGA-G3-A25V	TCGA-LIHC	Alive	28.273663	PROGRESSION		cbio_os_status	0
TCGA-G3-A25W	TCGA-LIHC	Alive	30.739389	CENSORED		cbio_os_status	0
TCGA-G3-A25X	TCGA-LIHC	Alive	58.487030	CENSORED		cbio_os_status	0
TCGA-G3-A25Y	TCGA-LIHC	Dead	14.860111	PROGRESSION		cbio_os_status	0
TCGA-G3-A25Z	TCGA-LIHC	Alive	21.534011	CENSORED		cbio_os_status	0
TCGA-G3-A3CH	TCGA-LIHC	Alive	25.643555	PROGRESSION		cbio_os_status	0
TCGA-G3-A3CI	TCGA-LIHC	Alive	5.917743	CENSORED		cbio_os_status	0
TCGA-G3-A3CJ	TCGA-LIHC	Alive	19.528553	PROGRESSION		cbio_os_status	0
TCGA-G3-A3CK	TCGA-LIHC	Alive	19.232666	CENSORED		cbio_os_status	0
TCGA-G3-A5SI	TCGA-LIHC	Dead	25.249038	PROGRESSION		cbio_os_status	0
TCGA-G3-A5SJ	TCGA-LIHC	Alive	22.947694	PROGRESSION		cbio_os_status	0
TCGA-G3-A5SK	TCGA-LIHC	Alive	24.460006	PROGRESSION		cbio_os_status	0
TCGA-G3-A5SL	TCGA-LIHC	Alive	20.416215	CENSORED		cbio_os_status	0
TCGA-G3-A5SM	TCGA-LIHC	Alive	17.095703	PROGRESSION		cbio_os_status	0
TCGA-G3-A6UC	TCGA-LIHC	Alive	22.060032	PROGRESSION		cbio_os_status	0
TCGA-G3-A7M5	TCGA-LIHC	Alive	14.695729	CENSORED		cbio_os_status	0
TCGA-G3-A7M6	TCGA-LIHC	Alive	20.777854	PROGRESSION		cbio_os_status	0
TCGA-G3-A7M7	TCGA-LIHC	Alive	11.868363	CENSORED		cbio_os_status	0
TCGA-G3-A7M8	TCGA-LIHC	Alive	14.136831	CENSORED		cbio_os_status	0
TCGA-G3-AAUZ	TCGA-LIHC	Alive	15.780649	CENSORED		cbio_os_status	0
TCGA-G3-AAV0	TCGA-LIHC	Alive	15.649144	CENSORED		cbio_os_status	0
TCGA-G3-AAV1	TCGA-LIHC	Dead	11.802610	PROGRESSION		cbio_os_status	0
TCGA-G3-AAV2	TCGA-LIHC	Alive	12.230003	CENSORED		cbio_os_status	0
TCGA-G3-AAV3	TCGA-LIHC	Alive	13.545057	CENSORED		cbio_os_status	0
TCGA-G3-AAV4	TCGA-LIHC	Dead	0.887662	CENSORED		cbio_os_status	0
TCGA-G3-AAV5	TCGA-LIHC	Alive	11.638229	PROGRESSION		cbio_os_status	0
TCGA-G3-AAV6	TCGA-LIHC	Dead	2.136963	PROGRESSION		cbio_os_status	0
TCGA-G3-AAV7	TCGA-LIHC	Alive	11.868363	CENSORED		cbio_os_status	0
TCGA-G4-6293	TCGA-COAD	Alive	133.182102	CENSORED		cbio_os_status	0
TCGA-G4-6294	TCGA-COAD	Dead	28.207910	PROGRESSION		cbio_os_status	0
TCGA-G4-6295	TCGA-COAD	Alive	8.350593	CENSORED		cbio_os_status	0
TCGA-G4-6297	TCGA-COAD	Alive	82.388138	PROGRESSION		cbio_os_status	0
TCGA-G4-6298	TCGA-COAD	Dead	23.506592	PROGRESSION		cbio_os_status	0
TCGA-G4-6299	TCGA-COAD	Alive	74.563566	CENSORED		cbio_os_status	0
TCGA-G4-6302	TCGA-COAD	Dead	67.297893	CENSORED		cbio_os_status	0
TCGA-G4-6303	TCGA-COAD	Dead	65.851333	PROGRESSION		cbio_os_status	0
TCGA-G4-6304	TCGA-COAD	Alive	53.621330	PROGRESSION		cbio_os_status	0
TCGA-G4-6306	TCGA-COAD	Alive	44.678962	CENSORED		cbio_os_status	0
TCGA-G4-6307	TCGA-COAD	Alive	55.035013	CENSORED		cbio_os_status	0
TCGA-G4-6309	TCGA-COAD	Alive	85.478515	PROGRESSION		cbio_os_status	0
TCGA-G4-6310	TCGA-COAD	Alive				gdc_vital_status	0
TCGA-G4-6311	TCGA-COAD	Alive	39.418746	CENSORED		cbio_os_status	0
TCGA-G4-6314	TCGA-COAD	Alive				gdc_vital_status	0
TCGA-G4-6315	TCGA-COAD	Alive	61.906171	CENSORED		cbio_os_status	0
TCGA-G4-6317	TCGA-COAD	Alive	35.999605	PROGRESSION		cbio_os_status	0
TCGA-G4-6320	TCGA-COAD	Alive	26.432587	CENSORED		cbio_os_status	0
TCGA-G4-6321	TCGA-COAD	Alive	22.092909	CENSORED		cbio_os_status	0
TCGA-G4-6322	TCGA-COAD	Alive	26.038071	PROGRESSION		cbio_os_status	0
TCGA-G4-6323	TCGA-COAD	Alive	13.775192	CENSORED		cbio_os_status	0
TCGA-G4-6586	TCGA-COAD	Alive	35.802347	CENSORED		cbio_os_status	0
TCGA-G4-6588	TCGA-COAD	Alive	26.169576	CENSORED		cbio_os_status	0
TCGA-G4-6625	TCGA-COAD	Alive				gdc_vital_status	0
TCGA-G4-6626	TCGA-COAD	Dead	46.750173	CENSORED		cbio_os_status	0
TCGA-G4-6627	TCGA-COAD	Alive	74.793701	PROGRESSION		cbio_os_status	0
TCGA-G4-6628	TCGA-COAD	Alive	79.692277	CENSORED		cbio_os_status	0
TCGA-G5-6233	TCGA-READ	Dead				gdc_vital_status	0
TCGA-G5-6235	TCGA-READ	Alive				gdc_vital_status	0
TCGA-G5-6572	TCGA-READ	Dead				gdc_vital_status	0
TCGA-G5-6641	TCGA-READ	Alive	26.432587	CENSORED		cbio_os_status	0
TCGA-G6-A5PC	TCGA-KIRC	Dead	7.956077	PROGRESSION		cbio_os_status	0
TCGA-G6-A8L6	TCGA-KIRC	Dead	10.290298	PROGRESSION		cbio_os_status	0
TCGA-G6-A8L7	TCGA-KIRC	Alive	70.125259	CENSORED		cbio_os_status	0
TCGA-G6-A8L8	TCGA-KIRC	Dead	35.868100	CENSORED		cbio_os_status	0
TCGA-G7-6789	TCGA-KIRP	Dead	4.010915	PROGRESSION		cbio_os_status	0
TCGA-G7-6790	TCGA-KIRP	Alive	51.780254	PROGRESSION		cbio_os_status	0
TCGA-G7-6792	TCGA-KIRP	Alive	90.903113	CENSORED		cbio_os_status	0
TCGA-G7-6793	TCGA-KIRP	Dead	11.046454	PROGRESSION		cbio_os_status	0
TCGA-G7-6795	TCGA-KIRP	Alive	39.254364	CENSORED		cbio_os_status	0
TCGA-G7-6796	TCGA-KIRP	Alive	71.440313	CENSORED		cbio_os_status	0
TCGA-G7-6797	TCGA-KIRP	Alive	25.150409	CENSORED		cbio_os_status	0
TCGA-G7-7501	TCGA-KIRP	Dead	20.514844	PROGRESSION		cbio_os_status	0
TCGA-G7-7502	TCGA-KIRP	Alive	25.840813	CENSORED		cbio_os_status	0
TCGA-G7-A4TM	TCGA-KIRP	Alive	25.249038	CENSORED		cbio_os_status	0
TCGA-G7-A8LB	TCGA-KIRP	Alive	17.983365	CENSORED		cbio_os_status	0
TCGA-G7-A8LC	TCGA-KIRP	Alive	23.079199	CENSORED		cbio_os_status	0
TCGA-G7-A8LD	TCGA-KIRP	Dead	16.898445	PROGRESSION		cbio_os_status	0
TCGA-G7-A8LE	TCGA-KIRP	Alive	80.645692	PROGRESSION		cbio_os_status	0
TCGA-G8-6324	TCGA-DLBC	Dead	41.161193	PROGRESSION		cbio_os_status	0
TCGA-G8-6325	TCGA-DLBC	Alive	51.977513	CENSORED		cbio_os_status	0
TCGA-G8-6326	TCGA-DLBC	Alive	70.059506	CENSORED		cbio_os_status	0
TCGA-G8-6906	TCGA-DLBC	Dead	211.230562	PROGRESSION		cbio_os_status	0
TCGA-G8-6907	TCGA-DLBC	Dead	19.561429	PROGRESSION		cbio_os_status	0
TCGA-G8-6909	TCGA-DLBC	Dead	116.809679	CENSORED		cbio_os_status	0
TCGA-G8-6914	TCGA-DLBC	Alive	196.600585	PROGRESSION		cbio_os_status	0
TCGA-G9-6329	TCGA-PRAD	Alive	41.621462	CENSORED		cbio_os_status	0
TCGA-G9-6332	TCGA-PRAD	Alive	87.352467	PROGRESSION		cbio_os_status	0
TCGA-G9-6333	TCGA-PRAD	Alive	81.040208	CENSORED		cbio_os_status	0
TCGA-G9-6336	TCGA-PRAD	Alive	67.988296	CENSORED		cbio_os_status	0
TCGA-G9-6338	TCGA-PRAD	Alive	66.673242	CENSORED		cbio_os_status	0
TCGA-G9-6339	TCGA-PRAD	Alive	83.867574	PROGRESSION		cbio_os_status	0
TCGA-G9-6342	TCGA-PRAD	Alive	55.758293	CENSORED		cbio_os_status	0
TCGA-G9-6343	TCGA-PRAD	Alive	80.547062	CENSORED		cbio_os_status	0
TCGA-G9-6347	TCGA-PRAD	Alive	68.678699	CENSORED		cbio_os_status	0
TCGA-G9-6348	TCGA-PRAD	Alive	49.807673	CENSORED		cbio_os_status	0
TCGA-G9-6351	TCGA-PRAD	Alive	67.330769	CENSORED		cbio_os_status	0
TCGA-G9-6353	TCGA-PRAD	Alive	50.695335	CENSORED		cbio_os_status	0
TCGA-G9-6354	TCGA-PRAD	Alive	67.922543	CENSORED		cbio_os_status	0
TCGA-G9-6356	TCGA-PRAD	Alive	47.144689	CENSORED		cbio_os_status	0
TCGA-G9-6361	TCGA-PRAD	Alive	46.520038	CENSORED		cbio_os_status	0
TCGA-G9-6362	TCGA-PRAD	Alive	47.440576	CENSORED		cbio_os_status	0
TCGA-G9-6363	TCGA-PRAD	Alive	45.303613	CENSORED		cbio_os_status	0
TCGA-G9-6364	TCGA-PRAD	Alive	39.385870	CENSORED		cbio_os_status	0
TCGA-G9-6365	TCGA-PRAD	Alive	44.810468	CENSORED		cbio_os_status	0
TCGA-G9-6366	TCGA-PRAD	Alive	64.010257	CENSORED		cbio_os_status	0
TCGA-G9-6367	TCGA-PRAD	Alive	40.174902	CENSORED		cbio_os_status	0
TCGA-G9-6369	TCGA-PRAD	Alive	39.944768	CENSORED		cbio_os_status	0
TCGA-G9-6370	TCGA-PRAD	Alive	38.005063	CENSORED		cbio_os_status	0
TCGA-G9-6371	TCGA-PRAD	Alive	40.306408	CENSORED		cbio_os_status	0
TCGA-G9-6373	TCGA-PRAD	Alive	26.662722	CENSORED		cbio_os_status	0
TCGA-G9-6377	TCGA-PRAD	Alive	31.495545	CENSORED		cbio_os_status	0
TCGA-G9-6378	TCGA-PRAD	Alive	37.972187	CENSORED		cbio_os_status	0
TCGA-G9-6379	TCGA-PRAD	Alive	58.454154	CENSORED		cbio_os_status	0
TCGA-G9-6384	TCGA-PRAD	Alive	25.150409	CENSORED		cbio_os_status	0
TCGA-G9-6385	TCGA-PRAD	Alive	27.287372	CENSORED		cbio_os_status	0
TCGA-G9-6494	TCGA-PRAD	Alive	58.224019	CENSORED		cbio_os_status	0
TCGA-G9-6496	TCGA-PRAD	Alive	56.744584	CENSORED		cbio_os_status	0
TCGA-G9-6498	TCGA-PRAD	Alive	64.174639	PROGRESSION		cbio_os_status	0
TCGA-G9-6499	TCGA-PRAD	Alive	50.728211	CENSORED		cbio_os_status	0
TCGA-G9-7509	TCGA-PRAD	Alive	52.930927	CENSORED		cbio_os_status	0
TCGA-G9-7510	TCGA-PRAD	Alive	38.958477	CENSORED		cbio_os_status	0
TCGA-G9-7519	TCGA-PRAD	Alive	27.912023	CENSORED		cbio_os_status	0
TCGA-G9-7521	TCGA-PRAD	Alive	30.969524	CENSORED		cbio_os_status	0
TCGA-G9-7522	TCGA-PRAD	Alive	35.440707	CENSORED		cbio_os_status	0
TCGA-G9-7523	TCGA-PRAD	Alive	28.175034	CENSORED		cbio_os_status	0
TCGA-G9-7525	TCGA-PRAD	Alive	32.679094	CENSORED		cbio_os_status	0
TCGA-G9-A9S0	TCGA-PRAD	Dead	26.005194	PROGRESSION		cbio_os_status	0
TCGA-G9-A9S4	TCGA-PRAD	Alive				gdc_vital_status	0
TCGA-G9-A9S7	TCGA-PRAD	Alive	23.933984	CENSORED		cbio_os_status	0
TCGA-GC-A3BM	TCGA-BLCA	Dead	21.402505	PROGRESSION		cbio_os_status	0
TCGA-GC-A3I6	TCGA-BLCA	Dead	20.712102	PROGRESSION		cbio_os_status	0
TCGA-GC-A3OO	TCGA-BLCA	Alive	15.813525	CENSORED		cbio_os_status	0
TCGA-GC-A3RB	TCGA-BLCA	Alive	19.134037	CENSORED		cbio_os_status	0
TCGA-GC-A3RC	TCGA-BLCA	Alive	15.912154	CENSORED		cbio_os_status	0
TCGA-GC-A3RD	TCGA-BLCA	Alive	14.071079	CENSORED		cbio_os_status	0
TCGA-GC-A3WC	TCGA-BLCA	Alive	17.753230	CENSORED		cbio_os_status	0
TCGA-GC-A3YS	TCGA-BLCA	Alive	24.920275	CENSORED		cbio_os_status	0
TCGA-GC-A4ZW	TCGA-BLCA	Alive	0.493145	CENSORED		cbio_os_status	0
TCGA-GC-A6I1	TCGA-BLCA	Dead	8.942368	CENSORED		cbio_os_status	0
TCGA-GC-A6I3	TCGA-BLCA	Alive	13.906697	CENSORED		cbio_os_status	0
TCGA-GD-A2C5	TCGA-BLCA	Alive	26.695598	PROGRESSION		cbio_os_status	0
TCGA-GD-A3OP	TCGA-BLCA	Alive	2.104087	CENSORED		cbio_os_status	0
TCGA-GD-A3OQ	TCGA-BLCA	Alive	3.123253	CENSORED		cbio_os_status	0
TCGA-GD-A3OS	TCGA-BLCA	Alive	20.975113	PROGRESSION		cbio_os_status	0
TCGA-GD-A6C6	TCGA-BLCA	Alive	2.202716	CENSORED		cbio_os_status	0
TCGA-GD-A76B	TCGA-BLCA	Alive	7.364303	CENSORED		cbio_os_status	0
TCGA-GE-A2C6	TCGA-THCA	Alive	12.525890	CENSORED		cbio_os_status	0
TCGA-GF-A2C7	TCGA-SKCM	Alive	0.690403	CENSORED		cbio_os_status	0
TCGA-GF-A3OT	TCGA-SKCM	Alive				gdc_vital_status	0
TCGA-GF-A4EO	TCGA-SKCM	Alive				gdc_vital_status	0
TCGA-GF-A6C8	TCGA-SKCM	Alive	2.038334	CENSORED		cbio_os_status	0
TCGA-GF-A6C9	TCGA-SKCM	Alive	15.780649	CENSORED		cbio_os_status	0
TCGA-GF-A769	TCGA-SKCM	Dead	35.177697	PROGRESSION		cbio_os_status	0
TCGA-GH-A9DA	TCGA-CESC	Alive	17.753230	CENSORED		cbio_os_status	0
TCGA-GI-A2C8	TCGA-BRCA_IDC	Alive	7.397179	CENSORED		cbio_os_status	0
TCGA-GI-A2C9	TCGA-BRCA_IDC	Alive	109.872769	CENSORED		cbio_os_status	0
TCGA-GJ-A3OU	TCGA-LIHC	Alive	28.898313	PROGRESSION		cbio_os_status	0
TCGA-GJ-A6C0	TCGA-LIHC	Dead	1.019167	CENSORED		cbio_os_status	0
TCGA-GJ-A9DB	TCGA-LIHC	Dead	2.202716	CENSORED		cbio_os_status	0
TCGA-GK-A6C7	TCGA-KIRC	Alive	2.005457	CENSORED		cbio_os_status	0
TCGA-GL-7966	TCGA-KIRP	Alive	3.682151	CENSORED		cbio_os_status	0
TCGA-GL-A4EM	TCGA-KIRP	Alive	1.052043	CENSORED		cbio_os_status	0
TCGA-GL-A59R	TCGA-KIRP	Alive	12.427261	CENSORED		cbio_os_status	0
TCGA-GL-A59T	TCGA-KIRP	Alive	17.950488	CENSORED		cbio_os_status	0
TCGA-GL-A9DC	TCGA-KIRP	Alive	12.887530	CENSORED		cbio_os_status	0
TCGA-GL-A9DD	TCGA-KIRP	Alive	11.210836	CENSORED		cbio_os_status	0
TCGA-GL-A9DE	TCGA-KIRP	Alive	16.306671	CENSORED		cbio_os_status	0
TCGA-GM-A2D9	TCGA-BRCA_IDC	Dead	59.571950	PROGRESSION		cbio_os_status	0
TCGA-GM-A2DA	TCGA-BRCA_IDC	Dead	216.753789	PROGRESSION		cbio_os_status	0
TCGA-GM-A2DB	TCGA-BRCA_IDC	Alive	79.100503	CENSORED		cbio_os_status	0
TCGA-GM-A2DC	TCGA-BRCA_IDC	Alive	83.341552	CENSORED		cbio_os_status	0
TCGA-GM-A2DD	TCGA-BRCA_IDC	Alive	75.023835	CENSORED		cbio_os_status	0
TCGA-GM-A2DF	TCGA-BRCA_IDC	Alive	70.848539	CENSORED		cbio_os_status	0
TCGA-GM-A2DH	TCGA-BRCA_IDC	Alive	72.097840	CENSORED		cbio_os_status	0
TCGA-GM-A2DI	TCGA-BRCA_IDC	Alive	85.149752	CENSORED		cbio_os_status	0
TCGA-GM-A2DK	TCGA-BRCA_IDC	Alive	86.957951	CENSORED		cbio_os_status	0
TCGA-GM-A2DL	TCGA-BRCA_IDC	Alive	115.691883	CENSORED		cbio_os_status	0
TCGA-GM-A2DM	TCGA-BRCA_IDC	Alive	106.059112	CENSORED		cbio_os_status	0
TCGA-GM-A2DN	TCGA-BRCA_IDC	Alive	101.620804	CENSORED		cbio_os_status	0
TCGA-GM-A2DO	TCGA-BRCA_OTHERS	Alive	85.347010	CENSORED		cbio_os_status	0
TCGA-GM-A3NW	TCGA-BRCA_OTHERS	Alive	110.497419	CENSORED		cbio_os_status	0
TCGA-GM-A3NY	TCGA-BRCA_OTHERS	Alive	38.202321	CENSORED		cbio_os_status	0
TCGA-GM-A3XG	TCGA-BRCA_OTHERS	Alive	43.725548	CENSORED		cbio_os_status	0
TCGA-GM-A3XL	TCGA-BRCA_IDC	Alive	69.303350	CENSORED		cbio_os_status	0
TCGA-GM-A3XN	TCGA-BRCA_OTHERS	Alive	66.377355	CENSORED		cbio_os_status	0
TCGA-GM-A4E0	TCGA-BRCA_OTHERS	Alive	72.032087	CENSORED		cbio_os_status	0
TCGA-GN-A262	TCGA-SKCM	Alive				gdc_vital_status	0
TCGA-GN-A263	TCGA-SKCM	Dead	15.353256	PROGRESSION		cbio_os_status	0
TCGA-GN-A264	TCGA-SKCM	Dead				gdc_vital_status	0
TCGA-GN-A265	TCGA-SKCM	Alive				gdc_vital_status	0
TCGA-GN-A266	TCGA-SKCM	Dead	10.125916	PROGRESSION		cbio_os_status	0
TCGA-GN-A267	TCGA-SKCM	Dead				gdc_vital_status	0
TCGA-GN-A268	TCGA-SKCM	Dead	62.793832	PROGRESSION		cbio_os_status	0
TCGA-GN-A269	TCGA-SKCM	Dead	5.588980	PROGRESSION		cbio_os_status	0
TCGA-GN-A26A	TCGA-SKCM	Dead	32.481836	PROGRESSION		cbio_os_status	0
TCGA-GN-A26C	TCGA-SKCM	Dead	26.991485	PROGRESSION		cbio_os_status	0
TCGA-GN-A26D	TCGA-SKCM	Dead				gdc_vital_status	0
TCGA-GN-A4U3	TCGA-SKCM	Alive	121.905513	PROGRESSION		cbio_os_status	0
TCGA-GN-A4U4	TCGA-SKCM	Alive	39.352993	PROGRESSION		cbio_os_status	0
TCGA-GN-A4U5	TCGA-SKCM	Alive	38.005063	CENSORED		cbio_os_status	0
TCGA-GN-A4U7	TCGA-SKCM	Dead	10.421804	PROGRESSION		cbio_os_status	0
TCGA-GN-A4U8	TCGA-SKCM	Alive	48.887135	CENSORED		cbio_os_status	0
TCGA-GN-A4U9	TCGA-SKCM	Dead	22.125785	PROGRESSION		cbio_os_status	0
TCGA-GN-A8LK	TCGA-SKCM	Dead	50.103561	PROGRESSION		cbio_os_status	0
TCGA-GN-A8LL	TCGA-SKCM	Dead	21.369629	PROGRESSION		cbio_os_status	0
TCGA-GN-A8LN	TCGA-SKCM	Alive				gdc_vital_status	0
TCGA-GN-A9SD	TCGA-SKCM	Dead	59.407568	PROGRESSION		cbio_os_status	0
TCGA-GR-7351	TCGA-DLBC	Alive	150.507940	CENSORED		cbio_os_status	0
TCGA-GR-7353	TCGA-DLBC	Alive	98.070158	CENSORED		cbio_os_status	0
TCGA-GR-A4D4	TCGA-DLBC	Alive	51.977513	CENSORED		cbio_os_status	0
TCGA-GR-A4D5	TCGA-DLBC	Alive	42.706381	CENSORED		cbio_os_status	0
TCGA-GR-A4D6	TCGA-DLBC	Alive	43.857054	CENSORED		cbio_os_status	0
TCGA-GR-A4D9	TCGA-DLBC	Alive	57.171976	PROGRESSION		cbio_os_status	0
TCGA-GS-A9TQ	TCGA-DLBC	Alive	32.284578	CENSORED		cbio_os_status	0
TCGA-GS-A9TT	TCGA-DLBC	Alive	38.235197	CENSORED		cbio_os_status	0
TCGA-GS-A9TU	TCGA-DLBC	Alive	128.119144	CENSORED		cbio_os_status	0
TCGA-GS-A9TV	TCGA-DLBC	Alive	23.999737	CENSORED		cbio_os_status	0
TCGA-GS-A9TW	TCGA-DLBC	Alive	53.161061	CENSORED		cbio_os_status	0
TCGA-GS-A9TX	TCGA-DLBC	Alive	45.139231	CENSORED		cbio_os_status	0
TCGA-GS-A9TY	TCGA-DLBC	Alive	109.576881	PROGRESSION		cbio_os_status	0
TCGA-GS-A9TZ	TCGA-DLBC	Alive	25.150409	CENSORED		cbio_os_status	0
TCGA-GS-A9U3	TCGA-DLBC	Alive	111.582339	CENSORED		cbio_os_status	0
TCGA-GS-A9U4	TCGA-DLBC	Dead	12.854654	PROGRESSION		cbio_os_status	0
TCGA-GU-A42P	TCGA-BLCA	Dead	10.914949	CENSORED		cbio_os_status	0
TCGA-GU-A42Q	TCGA-BLCA	Dead	11.309465	CENSORED		cbio_os_status	0
TCGA-GU-A42R	TCGA-BLCA	Dead	18.969655	PROGRESSION		cbio_os_status	0
TCGA-GU-A762	TCGA-BLCA	Dead	7.627314	PROGRESSION		cbio_os_status	0
TCGA-GU-A763	TCGA-BLCA	Alive	32.777723	PROGRESSION		cbio_os_status	0
TCGA-GU-A764	TCGA-BLCA	Alive	20.054575	CENSORED		cbio_os_status	0
TCGA-GU-A766	TCGA-BLCA	Alive	15.780649	CENSORED		cbio_os_status	0
TCGA-GU-A767	TCGA-BLCA	Dead	4.734195	PROGRESSION		cbio_os_status	0
TCGA-GU-AATO	TCGA-BLCA	Dead	10.651938	PROGRESSION		cbio_os_status	0
TCGA-GU-AATP	TCGA-BLCA	Alive	32.974981	PROGRESSION		cbio_os_status	0
TCGA-GU-AATQ	TCGA-BLCA	Dead	7.002663	PROGRESSION		cbio_os_status	0
TCGA-GV-A3JV	TCGA-BLCA	Dead	14.268337	PROGRESSION		cbio_os_status	0
TCGA-GV-A3JW	TCGA-BLCA	Alive	21.336752	PROGRESSION		cbio_os_status	0
TCGA-GV-A3JX	TCGA-BLCA	Alive	19.101161	CENSORED		cbio_os_status	0
TCGA-GV-A3JZ	TCGA-BLCA	Alive	19.824440	CENSORED		cbio_os_status	0
TCGA-GV-A3QF	TCGA-BLCA	Dead	20.284709	CENSORED		cbio_os_status	0
TCGA-GV-A3QG	TCGA-BLCA	Dead		PROGRESSION		cbio_os_status	0
TCGA-GV-A3QH	TCGA-BLCA	Dead	8.482099	PROGRESSION		cbio_os_status	0
TCGA-GV-A3QI	TCGA-BLCA	Alive	36.492751	PROGRESSION		cbio_os_status	0
TCGA-GV-A3QK	TCGA-BLCA	Alive	27.353125	CENSORED		cbio_os_status	0
TCGA-GV-A40E	TCGA-BLCA	Dead	8.580728	PROGRESSION		cbio_os_status	0
TCGA-GV-A40G	TCGA-BLCA	Alive	19.068284	CENSORED		cbio_os_status	0
TCGA-GV-A6ZA	TCGA-BLCA	Alive	22.717559	CENSORED		cbio_os_status	0
TCGA-H2-A2K9	TCGA-THCA	Alive	21.665516	CENSORED		cbio_os_status	0
TCGA-H2-A3RH	TCGA-THCA	Alive	12.460137	CENSORED		cbio_os_status	0
TCGA-H2-A3RI	TCGA-THCA	Alive	11.013578	PROGRESSION		cbio_os_status	0
TCGA-H2-A421	TCGA-THCA	Alive	20.054575	CENSORED		cbio_os_status	0
TCGA-H2-A422	TCGA-THCA	Alive	18.608015	CENSORED		cbio_os_status	0
TCGA-H4-A2HO	TCGA-BLCA	Alive	1.512312	CENSORED		cbio_os_status	0
TCGA-H4-A2HQ	TCGA-BLCA	Alive	19.397048	PROGRESSION		cbio_os_status	0
TCGA-H5-A2HR	TCGA-UCEC	Alive	1.742447	CENSORED		cbio_os_status	0
TCGA-H6-A45N	TCGA-PAAD	Dead	13.840944	PROGRESSION		cbio_os_status	0
TCGA-H7-A6C4	TCGA-HNSC	Alive	13.610810	PROGRESSION		cbio_os_status	0
TCGA-H7-A6C5	TCGA-HNSC	Alive	21.106618	CENSORED		cbio_os_status	0
TCGA-H7-A76A	TCGA-HNSC	Alive	20.942236	CENSORED		cbio_os_status	0
TCGA-H8-A6C1	TCGA-PAAD	Alive	22.060032	PROGRESSION		cbio_os_status	0
TCGA-H9-7775	TCGA-PRAD	Alive	6.082125	CENSORED		cbio_os_status	0
TCGA-H9-A6BX	TCGA-PRAD	Alive	30.936647	CENSORED		cbio_os_status	0
TCGA-H9-A6BY	TCGA-PRAD	Alive	3.682151	CENSORED		cbio_os_status	0
TCGA-HB-A2OT	TCGA-SARC	Alive	67.626656	CENSORED		cbio_os_status	0
TCGA-HB-A3L4	TCGA-SARC	Dead	34.881810	PROGRESSION		cbio_os_status	0
TCGA-HB-A3YV	TCGA-SARC	Dead	4.569813	PROGRESSION		cbio_os_status	0
TCGA-HB-A43Z	TCGA-SARC	Alive	37.018772	PROGRESSION		cbio_os_status	0
TCGA-HB-A5W3	TCGA-SARC	Dead	12.624519	PROGRESSION		cbio_os_status	0
TCGA-HC-7075	TCGA-PRAD	Alive	19.758688	CENSORED		cbio_os_status	0
TCGA-HC-7077	TCGA-PRAD	Alive	69.533485	CENSORED		cbio_os_status	0
TCGA-HC-7078	TCGA-PRAD	Alive	65.259559	CENSORED		cbio_os_status	0
TCGA-HC-7079	TCGA-PRAD	Alive	38.925601	PROGRESSION		cbio_os_status	0
TCGA-HC-7080	TCGA-PRAD	Alive	36.361245	PROGRESSION		cbio_os_status	0
TCGA-HC-7081	TCGA-PRAD	Alive	37.347536	CENSORED		cbio_os_status	0
TCGA-HC-7209	TCGA-PRAD	Alive	14.465595	CENSORED		cbio_os_status	0
TCGA-HC-7210	TCGA-PRAD	Alive	28.536674	CENSORED		cbio_os_status	0
TCGA-HC-7211	TCGA-PRAD	Alive	40.142026	CENSORED		cbio_os_status	0
TCGA-HC-7212	TCGA-PRAD	Alive	28.602426	CENSORED		cbio_os_status	0
TCGA-HC-7213	TCGA-PRAD	Alive	40.076273	PROGRESSION		cbio_os_status	0
TCGA-HC-7230	TCGA-PRAD	Alive	32.909228	CENSORED		cbio_os_status	0
TCGA-HC-7231	TCGA-PRAD	Alive	30.870895	CENSORED		cbio_os_status	0
TCGA-HC-7232	TCGA-PRAD	Alive	38.169445	PROGRESSION		cbio_os_status	0
TCGA-HC-7233	TCGA-PRAD	Alive	44.547457	CENSORED		cbio_os_status	0
TCGA-HC-7736	TCGA-PRAD	Alive	36.262616	CENSORED		cbio_os_status	0
TCGA-HC-7737	TCGA-PRAD	Alive	35.835224	CENSORED		cbio_os_status	0
TCGA-HC-7738	TCGA-PRAD	Alive	31.692803	PROGRESSION		cbio_os_status	0
TCGA-HC-7740	TCGA-PRAD	Alive	23.572344	CENSORED		cbio_os_status	0
TCGA-HC-7741	TCGA-PRAD	Alive				gdc_vital_status	0
TCGA-HC-7742	TCGA-PRAD	Alive	30.838018	CENSORED		cbio_os_status	0
TCGA-HC-7744	TCGA-PRAD	Alive	17.457343	CENSORED		cbio_os_status	0
TCGA-HC-7745	TCGA-PRAD	Alive	23.703850	CENSORED		cbio_os_status	0
TCGA-HC-7747	TCGA-PRAD	Alive	24.591511	CENSORED		cbio_os_status	0
TCGA-HC-7748	TCGA-PRAD	Alive	26.038071	CENSORED		cbio_os_status	0
TCGA-HC-7749	TCGA-PRAD	Alive	23.802479	CENSORED		cbio_os_status	0
TCGA-HC-7750	TCGA-PRAD	Alive	17.161456	CENSORED		cbio_os_status	0
TCGA-HC-7752	TCGA-PRAD	Alive	25.709307	CENSORED		cbio_os_status	0
TCGA-HC-7817	TCGA-PRAD	Alive	30.509255	CENSORED		cbio_os_status	0
TCGA-HC-7818	TCGA-PRAD	Alive	30.838018	CENSORED		cbio_os_status	0
TCGA-HC-7819	TCGA-PRAD	Alive	17.851859	CENSORED		cbio_os_status	0
TCGA-HC-7820	TCGA-PRAD	Alive	24.558635	CENSORED		cbio_os_status	0
TCGA-HC-7821	TCGA-PRAD	Alive	31.429793	CENSORED		cbio_os_status	0
TCGA-HC-8212	TCGA-PRAD	Alive				gdc_vital_status	0
TCGA-HC-8213	TCGA-PRAD	Alive	19.364171	CENSORED		cbio_os_status	0
TCGA-HC-8216	TCGA-PRAD	Alive	22.421672	CENSORED		cbio_os_status	0
TCGA-HC-8256	TCGA-PRAD	Alive	28.273663	CENSORED		cbio_os_status	0
TCGA-HC-8257	TCGA-PRAD	Alive	23.868232	CENSORED		cbio_os_status	0
TCGA-HC-8258	TCGA-PRAD	Alive	27.846270	CENSORED		cbio_os_status	0
TCGA-HC-8259	TCGA-PRAD	Alive	30.377749	CENSORED		cbio_os_status	0
TCGA-HC-8260	TCGA-PRAD	Alive	22.553177	CENSORED		cbio_os_status	0
TCGA-HC-8261	TCGA-PRAD	Alive	17.950488	CENSORED		cbio_os_status	0
TCGA-HC-8262	TCGA-PRAD	Alive	22.323043	CENSORED		cbio_os_status	0
TCGA-HC-8264	TCGA-PRAD	Alive	1.578065	CENSORED		cbio_os_status	0
TCGA-HC-8265	TCGA-PRAD	Alive	15.879278	CENSORED		cbio_os_status	0
TCGA-HC-8266	TCGA-PRAD	Alive	15.550515	CENSORED		cbio_os_status	0
TCGA-HC-A48F	TCGA-PRAD	Alive	22.355919	CENSORED		cbio_os_status	0
TCGA-HC-A4ZV	TCGA-PRAD	Alive	0.756156	CENSORED		cbio_os_status	0
TCGA-HC-A631	TCGA-PRAD	Alive	1.775323	CENSORED		cbio_os_status	0
TCGA-HC-A632	TCGA-PRAD	Alive	2.005457	CENSORED		cbio_os_status	0
TCGA-HC-A6AL	TCGA-PRAD	Alive	2.202716	CENSORED		cbio_os_status	0
TCGA-HC-A6AN	TCGA-PRAD	Alive	1.610941	CENSORED		cbio_os_status	0
TCGA-HC-A6AO	TCGA-PRAD	Alive	17.424467	CENSORED		cbio_os_status	0
TCGA-HC-A6AP	TCGA-PRAD	Alive	2.334221	CENSORED		cbio_os_status	0
TCGA-HC-A6AQ	TCGA-PRAD	Alive	3.484893	CENSORED		cbio_os_status	0
TCGA-HC-A6AS	TCGA-PRAD	Alive	1.446559	CENSORED		cbio_os_status	0
TCGA-HC-A6HX	TCGA-PRAD	Alive	1.249301	CENSORED		cbio_os_status	0
TCGA-HC-A6HY	TCGA-PRAD	Alive	4.405431	CENSORED		cbio_os_status	0
TCGA-HC-A76W	TCGA-PRAD	Alive	7.002663	CENSORED		cbio_os_status	0
TCGA-HC-A76X	TCGA-PRAD	Alive	4.931453	CENSORED		cbio_os_status	0
TCGA-HC-A8CY	TCGA-PRAD	Alive	9.534142	CENSORED		cbio_os_status	0
TCGA-HC-A8D0	TCGA-PRAD	Alive	25.479173	CENSORED		cbio_os_status	0
TCGA-HC-A8D1	TCGA-PRAD	Alive	18.838150	CENSORED		cbio_os_status	0
TCGA-HC-A9TE	TCGA-PRAD	Alive	19.298419	PROGRESSION		cbio_os_status	0
TCGA-HC-A9TH	TCGA-PRAD	Alive	27.747641	PROGRESSION		cbio_os_status	0
TCGA-HD-7229	TCGA-HNSC	Alive	33.764014	PROGRESSION		cbio_os_status	0
TCGA-HD-7753	TCGA-HNSC	Alive	28.470921	CENSORED		cbio_os_status	0
TCGA-HD-7754	TCGA-HNSC	Alive	25.742184	CENSORED		cbio_os_status	0
TCGA-HD-7831	TCGA-HNSC	Alive	21.928527	PROGRESSION		cbio_os_status	0
TCGA-HD-7832	TCGA-HNSC	Alive	27.484630	CENSORED		cbio_os_status	0
TCGA-HD-7917	TCGA-HNSC	Dead	27.484630	CENSORED		cbio_os_status	0
TCGA-HD-8224	TCGA-HNSC	Dead	14.662853	PROGRESSION		cbio_os_status	0
TCGA-HD-8314	TCGA-HNSC	Alive	22.027156	CENSORED		cbio_os_status	0
TCGA-HD-8634	TCGA-HNSC	Dead	12.657396	CENSORED		cbio_os_status	0
TCGA-HD-8635	TCGA-HNSC	Alive	22.849065	CENSORED		cbio_os_status	0
TCGA-HD-A4C1	TCGA-HNSC	Alive	0.361640	CENSORED		cbio_os_status	0
TCGA-HD-A633	TCGA-HNSC	Alive	13.840944	PROGRESSION		cbio_os_status	0
TCGA-HD-A634	TCGA-HNSC	Dead	4.273926	PROGRESSION		cbio_os_status	0
TCGA-HD-A6HZ	TCGA-HNSC	Alive	3.649275	CENSORED		cbio_os_status	0
TCGA-HD-A6I0	TCGA-HNSC	Alive	6.904034	CENSORED		cbio_os_status	0
TCGA-HE-7128	TCGA-KIRP	Alive		CENSORED		cbio_os_status	0
TCGA-HE-7129	TCGA-KIRP	Alive	81.927869	PROGRESSION		cbio_os_status	0
TCGA-HE-7130	TCGA-KIRP	Alive	58.191143	CENSORED		cbio_os_status	0
TCGA-HE-A5NF	TCGA-KIRP	Alive	84.886741	CENSORED		cbio_os_status	0
TCGA-HE-A5NH	TCGA-KIRP	Alive	26.005194	CENSORED		cbio_os_status	0
TCGA-HE-A5NI	TCGA-KIRP	Alive	11.835487	CENSORED		cbio_os_status	0
TCGA-HE-A5NJ	TCGA-KIRP	Alive	56.744584	CENSORED		cbio_os_status	0
TCGA-HE-A5NK	TCGA-KIRP	Alive	73.248512	CENSORED		cbio_os_status	0
TCGA-HE-A5NL	TCGA-KIRP	Alive	25.216162	CENSORED		cbio_os_status	0
TCGA-HF-7131	TCGA-STAD	Alive				gdc_vital_status	0
TCGA-HF-7132	TCGA-STAD	Alive	77.292304	CENSORED		cbio_os_status	0
TCGA-HF-7133	TCGA-STAD	Alive	63.056843	CENSORED		cbio_os_status	0
TCGA-HF-7134	TCGA-STAD	Alive	52.207647	CENSORED		cbio_os_status	0
TCGA-HF-7136	TCGA-STAD	Alive		CENSORED		cbio_os_status	0
TCGA-HF-A5NB	TCGA-STAD	Alive	30.509255	CENSORED		cbio_os_status	0
TCGA-HG-A2PA	TCGA-CESC	Dead	25.413420	PROGRESSION		cbio_os_status	0
TCGA-HG-A9SC	TCGA-CESC	Alive	16.569681	CENSORED		cbio_os_status	0
TCGA-HI-7168	TCGA-PRAD	Alive	109.248118	PROGRESSION		cbio_os_status	0
TCGA-HI-7169	TCGA-PRAD	Alive	88.240129	CENSORED		cbio_os_status	0
TCGA-HI-7170	TCGA-PRAD	Alive	82.914160	CENSORED		cbio_os_status	0
TCGA-HI-7171	TCGA-PRAD	Dead	43.692672	PROGRESSION		cbio_os_status	0
TCGA-HJ-7597	TCGA-STAD	Dead	26.465463	PROGRESSION		cbio_os_status	0
TCGA-HL-7533	TCGA-HNSC	Alive	34.750304	CENSORED		cbio_os_status	0
TCGA-HM-A3JJ	TCGA-CESC	Dead	21.665516	PROGRESSION		cbio_os_status	0
TCGA-HM-A3JK	TCGA-CESC	Alive	20.777854	CENSORED		cbio_os_status	0
TCGA-HM-A4S6	TCGA-CESC	Alive	14.925864	CENSORED		cbio_os_status	0
TCGA-HM-A6W2	TCGA-CESC	Alive	9.435513	CENSORED		cbio_os_status	0
TCGA-HN-A2NL	TCGA-BRCA_OTHERS	Alive	2.597232	CENSORED		cbio_os_status	0
TCGA-HN-A2OB	TCGA-BRCA_OTHERS	Dead	62.465069	PROGRESSION		cbio_os_status	0
TCGA-HP-A5MZ	TCGA-LIHC	Dead	2.991748	CENSORED		cbio_os_status	0
TCGA-HP-A5N0	TCGA-LIHC	Dead	37.709176	PROGRESSION		cbio_os_status	0
TCGA-HQ-A2OE	TCGA-BLCA	Alive	38.596837	CENSORED		cbio_os_status	0
TCGA-HQ-A2OF	TCGA-BLCA	Alive	64.010257	PROGRESSION		cbio_os_status	0
TCGA-HQ-A5ND	TCGA-BLCA	Dead	9.008120	PROGRESSION		cbio_os_status	0
TCGA-HQ-A5NE	TCGA-BLCA	Dead	12.164250	PROGRESSION		cbio_os_status	0
TCGA-HR-A2OG	TCGA-SKCM	Alive	0.230134	CENSORED		cbio_os_status	0
TCGA-HR-A2OH	TCGA-SKCM	Dead	65.884209	PROGRESSION		cbio_os_status	0
TCGA-HR-A5NC	TCGA-SKCM	Alive				gdc_vital_status	0
TCGA-HS-A5N7	TCGA-SARC	Alive	33.303745	CENSORED		cbio_os_status	0
TCGA-HS-A5N8	TCGA-SARC	Dead	0.723280	PROGRESSION		cbio_os_status	0
TCGA-HS-A5N9	TCGA-SARC	Alive				gdc_vital_status	0
TCGA-HS-A5NA	TCGA-SARC	Alive	9.797153	CENSORED		cbio_os_status	0
TCGA-HT-7467	TCGA-LGG	Alive	0.098629	CENSORED		cbio_os_status	0
TCGA-HT-7468	TCGA-LGG	Alive	6.673899	CENSORED		cbio_os_status	0
TCGA-HT-7469	TCGA-LGG	Dead	11.539600	PROGRESSION		cbio_os_status	0
TCGA-HT-7470	TCGA-LGG	Dead	40.109149	CENSORED		cbio_os_status	0
TCGA-HT-7472	TCGA-LGG	Alive	0.032876	CENSORED		cbio_os_status	0
TCGA-HT-7473	TCGA-LGG	Alive	16.536805	CENSORED		cbio_os_status	0
TCGA-HT-7474	TCGA-LGG	Alive	3.747904	CENSORED		cbio_os_status	0
TCGA-HT-7475	TCGA-LGG	Alive	17.424467	CENSORED		cbio_os_status	0
TCGA-HT-7476	TCGA-LGG	Alive	6.542394	CENSORED		cbio_os_status	0
TCGA-HT-7477	TCGA-LGG	Alive	24.262748	CENSORED		cbio_os_status	0
TCGA-HT-7478	TCGA-LGG	Alive	6.378012	CENSORED		cbio_os_status	0
TCGA-HT-7479	TCGA-LGG	Alive	40.339284	PROGRESSION		cbio_os_status	0
TCGA-HT-7480	TCGA-LGG	Alive	75.188217	PROGRESSION		cbio_os_status	0
TCGA-HT-7481	TCGA-LGG	Alive	95.933195	PROGRESSION		cbio_os_status	0
TCGA-HT-7482	TCGA-LGG	Alive	106.946773	PROGRESSION		cbio_os_status	0
TCGA-HT-7483	TCGA-LGG	Alive	172.765230	CENSORED		cbio_os_status	0
TCGA-HT-7485	TCGA-LGG	Alive	4.010915	CENSORED		cbio_os_status	0
TCGA-HT-7601	TCGA-LGG	Alive	5.030082	CENSORED		cbio_os_status	0
TCGA-HT-7602	TCGA-LGG	Alive	29.851728	CENSORED		cbio_os_status	0
TCGA-HT-7603	TCGA-LGG	Alive	23.177828	CENSORED		cbio_os_status	0
TCGA-HT-7604	TCGA-LGG	Alive	122.464411	CENSORED		cbio_os_status	0
TCGA-HT-7605	TCGA-LGG	Alive	4.569813	CENSORED		cbio_os_status	0
TCGA-HT-7606	TCGA-LGG	Alive	17.292961	CENSORED		cbio_os_status	0
TCGA-HT-7607	TCGA-LGG	Dead	3.156130	PROGRESSION		cbio_os_status	0
TCGA-HT-7608	TCGA-LGG	Alive	22.060032	CENSORED		cbio_os_status	0
TCGA-HT-7609	TCGA-LGG	Alive	45.994017	CENSORED		cbio_os_status	0
TCGA-HT-7610	TCGA-LGG	Alive	56.087057	PROGRESSION		cbio_os_status	0
TCGA-HT-7611	TCGA-LGG	Alive	57.599369	CENSORED		cbio_os_status	0
TCGA-HT-7616	TCGA-LGG	Dead	0.230134	PROGRESSION		cbio_os_status	0
TCGA-HT-7620	TCGA-LGG	Alive	14.268337	PROGRESSION		cbio_os_status	0
TCGA-HT-7676	TCGA-LGG	Alive	0.164382	CENSORED		cbio_os_status	0
TCGA-HT-7677	TCGA-LGG	Alive	16.240918	CENSORED		cbio_os_status	0
TCGA-HT-7680	TCGA-LGG	Alive	0.756156	CENSORED		cbio_os_status	0
TCGA-HT-7681	TCGA-LGG	Alive	44.678962	CENSORED		cbio_os_status	0
TCGA-HT-7684	TCGA-LGG	Alive	6.049249	CENSORED		cbio_os_status	0
TCGA-HT-7686	TCGA-LGG	Alive	42.739258	CENSORED		cbio_os_status	0
TCGA-HT-7687	TCGA-LGG	Alive	0.098629	CENSORED		cbio_os_status	0
TCGA-HT-7688	TCGA-LGG	Alive	31.692803	CENSORED		cbio_os_status	0
TCGA-HT-7689	TCGA-LGG	Alive	14.958740	CENSORED		cbio_os_status	0
TCGA-HT-7690	TCGA-LGG	Alive	0.098629	CENSORED		cbio_os_status	0
TCGA-HT-7691	TCGA-LGG	Alive	0.098629	CENSORED		cbio_os_status	0
TCGA-HT-7692	TCGA-LGG	Alive	2.958872	CENSORED		cbio_os_status	0
TCGA-HT-7693	TCGA-LGG	Alive	17.523096	CENSORED		cbio_os_status	0
TCGA-HT-7694	TCGA-LGG	Alive	6.904034	CENSORED		cbio_os_status	0
TCGA-HT-7695	TCGA-LGG	Alive	14.531348	CENSORED		cbio_os_status	0
TCGA-HT-7854	TCGA-LGG	Alive	39.484499	PROGRESSION		cbio_os_status	0
TCGA-HT-7855	TCGA-LGG	Alive	19.232666	CENSORED		cbio_os_status	0
TCGA-HT-7856	TCGA-LGG	Alive	39.089983	CENSORED		cbio_os_status	0
TCGA-HT-7857	TCGA-LGG	Alive	0.230134	CENSORED		cbio_os_status	0
TCGA-HT-7858	TCGA-LGG	Alive	50.629582	CENSORED		cbio_os_status	0
TCGA-HT-7860	TCGA-LGG	Alive	0.493145	CENSORED		cbio_os_status	0
TCGA-HT-7873	TCGA-LGG	Alive	23.605221	CENSORED		cbio_os_status	0
TCGA-HT-7874	TCGA-LGG	Alive	37.150278	CENSORED		cbio_os_status	0
TCGA-HT-7875	TCGA-LGG	Alive	0.328764	CENSORED		cbio_os_status	0
TCGA-HT-7877	TCGA-LGG	Alive	0.131505	CENSORED		cbio_os_status	0
TCGA-HT-7879	TCGA-LGG	Alive	3.682151	CENSORED		cbio_os_status	0
TCGA-HT-7880	TCGA-LGG	Alive	5.325969	CENSORED		cbio_os_status	0
TCGA-HT-7881	TCGA-LGG	Alive	35.473584	CENSORED		cbio_os_status	0
TCGA-HT-7882	TCGA-LGG	Dead	3.715028	PROGRESSION		cbio_os_status	0
TCGA-HT-7884	TCGA-LGG	Alive	11.276589	CENSORED		cbio_os_status	0
TCGA-HT-7902	TCGA-LGG	Alive	31.429793	CENSORED		cbio_os_status	0
TCGA-HT-8010	TCGA-LGG	Alive	1.643818	CENSORED		cbio_os_status	0
TCGA-HT-8011	TCGA-LGG	Alive	16.240918	PROGRESSION		cbio_os_status	0
TCGA-HT-8012	TCGA-LGG	Alive	9.402637	PROGRESSION		cbio_os_status	0
TCGA-HT-8013	TCGA-LGG	Dead	63.549988	PROGRESSION		cbio_os_status	0
TCGA-HT-8015	TCGA-LGG	Alive	0.098629	CENSORED		cbio_os_status	0
TCGA-HT-8018	TCGA-LGG	Dead	37.873558	CENSORED		cbio_os_status	0
TCGA-HT-8019	TCGA-LGG	Alive	33.007857	CENSORED		cbio_os_status	0
TCGA-HT-8104	TCGA-LGG	Alive	12.230003	CENSORED		cbio_os_status	0
TCGA-HT-8105	TCGA-LGG	Alive	6.246507	CENSORED		cbio_os_status	0
TCGA-HT-8106	TCGA-LGG	Alive	0.098629	CENSORED		cbio_os_status	0
TCGA-HT-8107	TCGA-LGG	Alive	0.460269	CENSORED		cbio_os_status	0
TCGA-HT-8108	TCGA-LGG	Alive	2.498603	CENSORED		cbio_os_status	0
TCGA-HT-8109	TCGA-LGG	Alive	5.556103	CENSORED		cbio_os_status	0
TCGA-HT-8110	TCGA-LGG	Alive	13.775192	CENSORED		cbio_os_status	0
TCGA-HT-8111	TCGA-LGG	Alive	0.230134	CENSORED		cbio_os_status	0
TCGA-HT-8113	TCGA-LGG	Alive	29.588717	CENSORED		cbio_os_status	0
TCGA-HT-8114	TCGA-LGG	Alive	34.191406	CENSORED		cbio_os_status	0
TCGA-HT-8558	TCGA-LGG	Alive	13.742315	CENSORED		cbio_os_status	0
TCGA-HT-8563	TCGA-LGG	Alive	28.273663	CENSORED		cbio_os_status	0
TCGA-HT-8564	TCGA-LGG	Alive	15.714896	PROGRESSION		cbio_os_status	0
TCGA-HT-A4DS	TCGA-LGG	Alive	0.230134	CENSORED		cbio_os_status	0
TCGA-HT-A4DV	TCGA-LGG	Alive	26.038071	CENSORED		cbio_os_status	0
TCGA-HT-A5R5	TCGA-LGG	Alive	0.131505	CENSORED		cbio_os_status	0
TCGA-HT-A5R7	TCGA-LGG	Alive	20.218957	CENSORED		cbio_os_status	0
TCGA-HT-A5R9	TCGA-LGG	Alive	0.065753	CENSORED		cbio_os_status	0
TCGA-HT-A5RA	TCGA-LGG	Alive	27.353125	CENSORED		cbio_os_status	0
TCGA-HT-A5RB	TCGA-LGG	Alive	0.098629	CENSORED		cbio_os_status	0
TCGA-HT-A5RC	TCGA-LGG	Dead	5.325969	PROGRESSION		cbio_os_status	0
TCGA-HT-A614	TCGA-LGG	Alive	2.695861	CENSORED		cbio_os_status	0
TCGA-HT-A615	TCGA-LGG	Alive	16.931321	CENSORED		cbio_os_status	0
TCGA-HT-A616	TCGA-LGG	Alive	1.808199	CENSORED		cbio_os_status	0
TCGA-HT-A617	TCGA-LGG	Alive	16.142289	PROGRESSION		cbio_os_status	0
TCGA-HT-A618	TCGA-LGG	Alive	16.832692	CENSORED		cbio_os_status	0
TCGA-HT-A619	TCGA-LGG	Alive				gdc_vital_status	0
TCGA-HT-A61A	TCGA-LGG	Alive	6.378012	CENSORED		cbio_os_status	0
TCGA-HT-A61B	TCGA-LGG	Alive	17.523096	CENSORED		cbio_os_status	0
TCGA-HT-A61C	TCGA-LGG	Dead	17.654601	PROGRESSION		cbio_os_status	0
TCGA-HT-A74H	TCGA-LGG	Alive	2.432850	CENSORED		cbio_os_status	0
TCGA-HT-A74J	TCGA-LGG	Alive	10.520433	CENSORED		cbio_os_status	0
TCGA-HT-A74K	TCGA-LGG	Alive	15.353256	CENSORED		cbio_os_status	0
TCGA-HT-A74L	TCGA-LGG	Alive	11.046454	CENSORED		cbio_os_status	0
TCGA-HT-A74O	TCGA-LGG	Alive	0.098629	CENSORED		cbio_os_status	0
TCGA-HU-8238	TCGA-STAD	Alive	1.512312	CENSORED		cbio_os_status	0
TCGA-HU-8244	TCGA-STAD	Alive	24.394253	CENSORED		cbio_os_status	0
TCGA-HU-8245	TCGA-STAD	Alive	18.147746	CENSORED		cbio_os_status	0
TCGA-HU-8249	TCGA-STAD	Alive	28.964066	CENSORED		cbio_os_status	0
TCGA-HU-8604	TCGA-STAD	Alive	22.816188	CENSORED		cbio_os_status	0
TCGA-HU-8608	TCGA-STAD	Alive	21.073742	PROGRESSION		cbio_os_status	0
TCGA-HU-8610	TCGA-STAD	Alive	0.756156	CENSORED		cbio_os_status	0
TCGA-HU-A4G2	TCGA-STAD	Alive	24.295624	CENSORED		cbio_os_status	0
TCGA-HU-A4G3	TCGA-STAD	Alive	5.588980	CENSORED		cbio_os_status	0
TCGA-HU-A4G6	TCGA-STAD	Alive	24.262748	CENSORED		cbio_os_status	0
TCGA-HU-A4G8	TCGA-STAD	Alive	22.684683	CENSORED		cbio_os_status	0
TCGA-HU-A4G9	TCGA-STAD	Alive	24.196995	CENSORED		cbio_os_status	0
TCGA-HU-A4GC	TCGA-STAD	Alive	3.254759	CENSORED		cbio_os_status	0
TCGA-HU-A4GD	TCGA-STAD	Alive	22.750436	PROGRESSION		cbio_os_status	0
TCGA-HU-A4GF	TCGA-STAD	Alive	25.807936	CENSORED		cbio_os_status	0
TCGA-HU-A4GH	TCGA-STAD	Alive	11.769734	CENSORED		cbio_os_status	0
TCGA-HU-A4GJ	TCGA-STAD	Alive	21.369629	PROGRESSION		cbio_os_status	0
TCGA-HU-A4GN	TCGA-STAD	Alive	29.983233	PROGRESSION		cbio_os_status	0
TCGA-HU-A4GP	TCGA-STAD	Alive	8.975244	CENSORED		cbio_os_status	0
TCGA-HU-A4GQ	TCGA-STAD	Dead	0.098629	CENSORED		cbio_os_status	0
TCGA-HU-A4GT	TCGA-STAD	Alive	6.509518	CENSORED		cbio_os_status	0
TCGA-HU-A4GU	TCGA-STAD	Alive	6.575270	CENSORED		cbio_os_status	0
TCGA-HU-A4GX	TCGA-STAD	Alive	20.251833	CENSORED		cbio_os_status	0
TCGA-HU-A4GY	TCGA-STAD	Alive	0.263011	CENSORED		cbio_os_status	0
TCGA-HU-A4H0	TCGA-STAD	Alive	2.104087	CENSORED		cbio_os_status	0
TCGA-HU-A4H5	TCGA-STAD	Alive	23.802479	CENSORED		cbio_os_status	0
TCGA-HU-A4H6	TCGA-STAD	Alive	21.172371	CENSORED		cbio_os_status	0
TCGA-HU-A4H8	TCGA-STAD	Alive	14.071079	PROGRESSION		cbio_os_status	0
TCGA-HU-A4HB	TCGA-STAD	Dead	15.682020	PROGRESSION		cbio_os_status	0
TCGA-HU-A4HD	TCGA-STAD	Alive	33.402374	CENSORED		cbio_os_status	0
TCGA-HV-A5A3	TCGA-PAAD	Dead	4.208173	CENSORED		cbio_os_status	0
TCGA-HV-A5A4	TCGA-PAAD	Alive	7.627314	CENSORED		cbio_os_status	0
TCGA-HV-A5A5	TCGA-PAAD	Alive	9.501266	CENSORED		cbio_os_status	0
TCGA-HV-A5A6	TCGA-PAAD	Dead	66.936253	PROGRESSION		cbio_os_status	0
TCGA-HV-A7OL	TCGA-PAAD	Alive	8.284841	PROGRESSION		cbio_os_status	0
TCGA-HV-A7OP	TCGA-PAAD	Alive	32.153072	PROGRESSION		cbio_os_status	0
TCGA-HV-AA8V	TCGA-PAAD	Alive	30.246244	PROGRESSION		cbio_os_status	0
TCGA-HV-AA8X	TCGA-PAAD	Dead	17.490219	PROGRESSION		cbio_os_status	0
TCGA-HW-7486	TCGA-LGG	Alive	56.580202	CENSORED		cbio_os_status	0
TCGA-HW-7487	TCGA-LGG	Alive	45.435119	PROGRESSION		cbio_os_status	0
TCGA-HW-7489	TCGA-LGG	Dead	41.489956	PROGRESSION		cbio_os_status	0
TCGA-HW-7490	TCGA-LGG	Alive	45.599500	CENSORED		cbio_os_status	0
TCGA-HW-7491	TCGA-LGG	Alive	68.317060	PROGRESSION		cbio_os_status	0
TCGA-HW-7493	TCGA-LGG	Alive	69.270474	CENSORED		cbio_os_status	0
TCGA-HW-7495	TCGA-LGG	Alive	35.440707	CENSORED		cbio_os_status	0
TCGA-HW-8319	TCGA-LGG	Dead	39.747510	PROGRESSION		cbio_os_status	0
TCGA-HW-8320	TCGA-LGG	Alive	40.010520	CENSORED		cbio_os_status	0
TCGA-HW-8321	TCGA-LGG	Alive	42.542000	CENSORED		cbio_os_status	0
TCGA-HW-8322	TCGA-LGG	Alive	24.920275	CENSORED		cbio_os_status	0
TCGA-HW-A5KJ	TCGA-LGG	Dead	31.627051	PROGRESSION		cbio_os_status	0
TCGA-HW-A5KK	TCGA-LGG	Dead	12.756025	PROGRESSION		cbio_os_status	0
TCGA-HW-A5KL	TCGA-LGG	Alive	28.865437	CENSORED		cbio_os_status	0
TCGA-HW-A5KM	TCGA-LGG	Alive	20.712102	CENSORED		cbio_os_status	0
TCGA-HZ-7289	TCGA-PAAD	Dead	21.731269	PROGRESSION		cbio_os_status	0
TCGA-HZ-7918	TCGA-PAAD	Alive	31.857185	PROGRESSION		cbio_os_status	0
TCGA-HZ-7919	TCGA-PAAD	Dead	19.495677	PROGRESSION		cbio_os_status	0
TCGA-HZ-7920	TCGA-PAAD	Dead	7.758819	CENSORED		cbio_os_status	0
TCGA-HZ-7922	TCGA-PAAD	Alive	0.131505	CENSORED		cbio_os_status	0
TCGA-HZ-7923	TCGA-PAAD	Alive	10.323175	CENSORED		cbio_os_status	0
TCGA-HZ-7924	TCGA-PAAD	Alive	27.616136	PROGRESSION		cbio_os_status	0
TCGA-HZ-7925	TCGA-PAAD	Dead	20.186080	PROGRESSION		cbio_os_status	0
TCGA-HZ-7926	TCGA-PAAD	Dead	17.029950	PROGRESSION		cbio_os_status	0
TCGA-HZ-8001	TCGA-PAAD	Alive	23.210705	CENSORED		cbio_os_status	0
TCGA-HZ-8002	TCGA-PAAD	Dead	12.032745	PROGRESSION		cbio_os_status	0
TCGA-HZ-8003	TCGA-PAAD	Dead	19.594306	PROGRESSION		cbio_os_status	0
TCGA-HZ-8005	TCGA-PAAD	Dead	3.945162	PROGRESSION		cbio_os_status	0
TCGA-HZ-8315	TCGA-PAAD	Dead	9.830029	PROGRESSION		cbio_os_status	0
TCGA-HZ-8317	TCGA-PAAD	Dead	12.427261	PROGRESSION		cbio_os_status	0
TCGA-HZ-8519	TCGA-PAAD	Alive	14.925864	CENSORED		cbio_os_status	0
TCGA-HZ-8636	TCGA-PAAD	Dead	17.917612	PROGRESSION		cbio_os_status	0
TCGA-HZ-8637	TCGA-PAAD	Dead	16.997074	CENSORED		cbio_os_status	0
TCGA-HZ-8638	TCGA-PAAD	Dead	4.964329	CENSORED		cbio_os_status	0
TCGA-HZ-A49G	TCGA-PAAD	Alive	21.698392	CENSORED		cbio_os_status	0
TCGA-HZ-A49H	TCGA-PAAD	Alive	16.142289	CENSORED		cbio_os_status	0
TCGA-HZ-A49I	TCGA-PAAD	Dead	10.125916	PROGRESSION		cbio_os_status	0
TCGA-HZ-A4BH	TCGA-PAAD	Alive	6.378012	CENSORED		cbio_os_status	0
TCGA-HZ-A4BK	TCGA-PAAD	Alive	21.599763	CENSORED		cbio_os_status	0
TCGA-HZ-A77O	TCGA-PAAD	Dead	5.260216	PROGRESSION		cbio_os_status	0
TCGA-HZ-A77P	TCGA-PAAD	Alive	10.849196	CENSORED		cbio_os_status	0
TCGA-HZ-A77Q	TCGA-PAAD	Alive	1.084920	CENSORED		cbio_os_status	0
TCGA-HZ-A8P0	TCGA-PAAD	Alive	0.000000	CENSORED		cbio_os_status	0
TCGA-HZ-A8P1	TCGA-PAAD	Alive	0.230134	CENSORED		cbio_os_status	0
TCGA-HZ-A9TJ	TCGA-PAAD	Alive	19.824440	PROGRESSION		cbio_os_status	0
TCGA-IA-A40U	TCGA-KIRP	Alive	16.799816	CENSORED		cbio_os_status	0
TCGA-IA-A40X	TCGA-KIRP	Alive	19.988822	CENSORED		cbio_os_status	0
TCGA-IA-A40Y	TCGA-KIRP	Alive	2.038334	CENSORED		cbio_os_status	0
TCGA-IA-A83S	TCGA-KIRP	Dead	85.774402	CENSORED		cbio_os_status	0
TCGA-IA-A83T	TCGA-KIRP	Dead	88.240129	CENSORED		cbio_os_status	0
TCGA-IA-A83V	TCGA-KIRP	Dead	96.689351	CENSORED		cbio_os_status	0
TCGA-IA-A83W	TCGA-KIRP	Dead	67.166387	PROGRESSION		cbio_os_status	0
TCGA-IB-7644	TCGA-PAAD	Dead	12.953283	PROGRESSION		cbio_os_status	0
TCGA-IB-7645	TCGA-PAAD	Dead	49.380281	PROGRESSION		cbio_os_status	0
TCGA-IB-7646	TCGA-PAAD	Dead	4.767071	PROGRESSION		cbio_os_status	0
TCGA-IB-7647	TCGA-PAAD	Dead	21.895650	PROGRESSION		cbio_os_status	0
TCGA-IB-7649	TCGA-PAAD	Dead	15.353256	PROGRESSION		cbio_os_status	0
TCGA-IB-7651	TCGA-PAAD	Dead	19.824440	PROGRESSION		cbio_os_status	0
TCGA-IB-7652	TCGA-PAAD	Alive	36.690009	CENSORED		cbio_os_status	0
TCGA-IB-7654	TCGA-PAAD	Dead				gdc_vital_status	0
TCGA-IB-7885	TCGA-PAAD	Alive	41.325575	CENSORED		cbio_os_status	0
TCGA-IB-7886	TCGA-PAAD	Dead	4.043791	CENSORED		cbio_os_status	0
TCGA-IB-7887	TCGA-PAAD	Dead	3.616399	CENSORED		cbio_os_status	0
TCGA-IB-7888	TCGA-PAAD	Dead	43.791301	PROGRESSION		cbio_os_status	0
TCGA-IB-7889	TCGA-PAAD	Dead	15.813525	PROGRESSION		cbio_os_status	0
TCGA-IB-7890	TCGA-PAAD	Dead	19.660059	PROGRESSION		cbio_os_status	0
TCGA-IB-7891	TCGA-PAAD	Dead	30.016109	PROGRESSION		cbio_os_status	0
TCGA-IB-7893	TCGA-PAAD	Dead	3.846533	PROGRESSION		cbio_os_status	0
TCGA-IB-7897	TCGA-PAAD	Dead	15.977907	PROGRESSION		cbio_os_status	0
TCGA-IB-8126	TCGA-PAAD	Alive	15.188875	PROGRESSION		cbio_os_status	0
TCGA-IB-8127	TCGA-PAAD	Alive	17.161456	PROGRESSION		cbio_os_status	0
TCGA-IB-A5SO	TCGA-PAAD	Dead	11.999868	PROGRESSION		cbio_os_status	0
TCGA-IB-A5SP	TCGA-PAAD	Alive	15.846402	PROGRESSION		cbio_os_status	0
TCGA-IB-A5SQ	TCGA-PAAD	Dead	7.199921	PROGRESSION		cbio_os_status	0
TCGA-IB-A5SS	TCGA-PAAD	Dead	15.123122	PROGRESSION		cbio_os_status	0
TCGA-IB-A5ST	TCGA-PAAD	Alive	20.876484	CENSORED		cbio_os_status	0
TCGA-IB-A6UF	TCGA-PAAD	Alive	21.895650	PROGRESSION		cbio_os_status	0
TCGA-IB-A6UG	TCGA-PAAD	Dead	1.347930	PROGRESSION		cbio_os_status	0
TCGA-IB-A7LX	TCGA-PAAD	Dead	8.219088	PROGRESSION		cbio_os_status	0
TCGA-IB-A7M4	TCGA-PAAD	Alive	15.879278	CENSORED		cbio_os_status	0
TCGA-IB-AAUM	TCGA-PAAD	Alive	0.263011	CENSORED		cbio_os_status	0
TCGA-IB-AAUN	TCGA-PAAD	Dead	4.734195	PROGRESSION		cbio_os_status	0
TCGA-IB-AAUO	TCGA-PAAD	Dead	7.857448	PROGRESSION		cbio_os_status	0
TCGA-IB-AAUP	TCGA-PAAD	Alive	14.169708	CENSORED		cbio_os_status	0
TCGA-IB-AAUQ	TCGA-PAAD	Dead	6.016372	PROGRESSION		cbio_os_status	0
TCGA-IB-AAUR	TCGA-PAAD	Alive	11.112207	PROGRESSION		cbio_os_status	0
TCGA-IB-AAUS	TCGA-PAAD	Alive	7.397179	CENSORED		cbio_os_status	0
TCGA-IB-AAUT	TCGA-PAAD	Alive	9.435513	CENSORED		cbio_os_status	0
TCGA-IB-AAUU	TCGA-PAAD	Alive	8.054706	CENSORED		cbio_os_status	0
TCGA-IB-AAUV	TCGA-PAAD	Alive	13.282046	CENSORED		cbio_os_status	0
TCGA-IB-AAUW	TCGA-PAAD	Dead	7.561561	PROGRESSION		cbio_os_status	0
TCGA-IE-A3OV	TCGA-SARC	Dead	80.481310	PROGRESSION		cbio_os_status	0
TCGA-IE-A4EH	TCGA-SARC	Alive	26.925732	CENSORED		cbio_os_status	0
TCGA-IE-A4EI	TCGA-SARC	Alive	19.528553	CENSORED		cbio_os_status	0
TCGA-IE-A4EJ	TCGA-SARC	Alive	3.221882	CENSORED		cbio_os_status	0
TCGA-IE-A4EK	TCGA-SARC	Alive	1.380807	CENSORED		cbio_os_status	0
TCGA-IE-A6BZ	TCGA-SARC	Alive	19.890193	CENSORED		cbio_os_status	0
TCGA-IF-A3RQ	TCGA-SARC	Dead	37.117401	PROGRESSION		cbio_os_status	0
TCGA-IF-A4AJ	TCGA-SARC	Dead	25.216162	PROGRESSION		cbio_os_status	0
TCGA-IF-A4AK	TCGA-SARC	Alive				gdc_vital_status	0
TCGA-IG-A3I8	TCGA-ESCA	Alive	33.270868	CENSORED		cbio_os_status	0
TCGA-IG-A3QL	TCGA-ESCA	Alive	35.210573	CENSORED		cbio_os_status	0
TCGA-IG-A3Y9	TCGA-ESCA	Dead	0.854785	CENSORED		cbio_os_status	0
TCGA-IG-A3YA	TCGA-ESCA	Alive	20.777854	CENSORED		cbio_os_status	0
TCGA-IG-A3YB	TCGA-ESCA	Alive	2.630108	CENSORED		cbio_os_status	0
TCGA-IG-A3YC	TCGA-ESCA	Alive	20.120327	PROGRESSION		cbio_os_status	0
TCGA-IG-A4P3	TCGA-ESCA	Dead	18.640892	PROGRESSION		cbio_os_status	0
TCGA-IG-A4QS	TCGA-ESCA	Dead	3.879410	CENSORED		cbio_os_status	0
TCGA-IG-A4QT	TCGA-ESCA	Dead	9.304008	CENSORED		cbio_os_status	0
TCGA-IG-A50L	TCGA-ESCA	Alive	0.526022	CENSORED		cbio_os_status	0
TCGA-IG-A51D	TCGA-ESCA	Alive	17.029950	CENSORED		cbio_os_status	0
TCGA-IG-A5B8	TCGA-ESCA	Dead	0.789032	CENSORED		cbio_os_status	0
TCGA-IG-A5S3	TCGA-ESCA	Alive	23.407963	CENSORED		cbio_os_status	0
TCGA-IG-A625	TCGA-ESCA	Dead	12.821777	CENSORED		cbio_os_status	0
TCGA-IG-A6QS	TCGA-ESCA	Dead	9.961535	CENSORED		cbio_os_status	0
TCGA-IG-A7DP	TCGA-ESCA	Alive	14.860111	CENSORED		cbio_os_status	0
TCGA-IG-A8O2	TCGA-ESCA	Dead	4.668442	CENSORED		cbio_os_status	0
TCGA-IG-A97H	TCGA-ESCA	Alive	14.498471	CENSORED		cbio_os_status	0
TCGA-IG-A97I	TCGA-ESCA	Alive	12.164250	CENSORED		cbio_os_status	0
TCGA-IH-A3EA	TCGA-SKCM	Alive	17.227208	PROGRESSION		cbio_os_status	0
TCGA-IK-7675	TCGA-LGG	Dead	19.002531	PROGRESSION		cbio_os_status	0
TCGA-IK-8125	TCGA-LGG	Alive	42.772134	CENSORED		cbio_os_status	0
TCGA-IM-A3EB	TCGA-THCA	Alive	48.920012	CENSORED		cbio_os_status	0
TCGA-IM-A3ED	TCGA-THCA	Alive	47.407700	CENSORED		cbio_os_status	0
TCGA-IM-A3U2	TCGA-THCA	Alive	18.509386	CENSORED		cbio_os_status	0
TCGA-IM-A3U3	TCGA-THCA	Alive	16.898445	CENSORED		cbio_os_status	0
TCGA-IM-A41Y	TCGA-THCA	Alive	21.829898	CENSORED		cbio_os_status	0
TCGA-IM-A41Z	TCGA-THCA	Alive	31.101029	CENSORED		cbio_os_status	0
TCGA-IM-A420	TCGA-THCA	Alive	8.219088	CENSORED		cbio_os_status	0
TCGA-IM-A4EB	TCGA-THCA	Alive	25.643555	CENSORED		cbio_os_status	0
TCGA-IN-7806	TCGA-STAD	Alive	36.361245	CENSORED		cbio_os_status	0
TCGA-IN-7808	TCGA-STAD	Dead	3.452017	PROGRESSION		cbio_os_status	0
TCGA-IN-8663	TCGA-STAD	Dead	3.386264	CENSORED		cbio_os_status	0
TCGA-IP-7968	TCGA-STAD	Alive	2.531479	CENSORED		cbio_os_status	0
TCGA-IQ-7630	TCGA-HNSC	Alive	15.945031	CENSORED		cbio_os_status	0
TCGA-IQ-7631	TCGA-HNSC	Alive	38.531085	CENSORED		cbio_os_status	0
TCGA-IQ-7632	TCGA-HNSC	Alive	14.498471	CENSORED		cbio_os_status	0
TCGA-IQ-A61E	TCGA-HNSC	Alive	37.709176	CENSORED		cbio_os_status	0
TCGA-IQ-A61G	TCGA-HNSC	Alive	11.835487	PROGRESSION		cbio_os_status	0
TCGA-IQ-A61H	TCGA-HNSC	Alive	37.413289	CENSORED		cbio_os_status	0
TCGA-IQ-A61I	TCGA-HNSC	Dead	0.065753	CENSORED		cbio_os_status	0
TCGA-IQ-A61J	TCGA-HNSC	Alive	33.566755	CENSORED		cbio_os_status	0
TCGA-IQ-A61K	TCGA-HNSC	Dead	5.293093	CENSORED		cbio_os_status	0
TCGA-IQ-A61L	TCGA-HNSC	Alive	13.676562	PROGRESSION		cbio_os_status	0
TCGA-IQ-A61O	TCGA-HNSC	Dead	13.840944	CENSORED		cbio_os_status	0
TCGA-IQ-A6SG	TCGA-HNSC	Alive	19.035408	CENSORED		cbio_os_status	0
TCGA-IQ-A6SH	TCGA-HNSC	Alive	15.484762	CENSORED		cbio_os_status	0
TCGA-IR-A3L7	TCGA-CESC	Alive	147.384686	CENSORED		cbio_os_status	0
TCGA-IR-A3LA	TCGA-CESC	Alive	137.160141	CENSORED		cbio_os_status	0
TCGA-IR-A3LB	TCGA-CESC	Dead	66.804747	PROGRESSION		cbio_os_status	0
TCGA-IR-A3LC	TCGA-CESC	Alive	129.368445	CENSORED		cbio_os_status	0
TCGA-IR-A3LF	TCGA-CESC	Alive	96.952362	CENSORED		cbio_os_status	0
TCGA-IR-A3LH	TCGA-CESC	Alive	78.705987	CENSORED		cbio_os_status	0
TCGA-IR-A3LI	TCGA-CESC	Alive	81.960746	CENSORED		cbio_os_status	0
TCGA-IR-A3LK	TCGA-CESC	Dead	29.851728	PROGRESSION		cbio_os_status	0
TCGA-IR-A3LL	TCGA-CESC	Alive	36.361245	CENSORED		cbio_os_status	0
TCGA-IS-A3K6	TCGA-SARC	Dead	28.207910	PROGRESSION		cbio_os_status	0
TCGA-IS-A3K7	TCGA-SARC	Alive	171.088536	PROGRESSION		cbio_os_status	0
TCGA-IS-A3K8	TCGA-SARC	Alive	159.285926	CENSORED		cbio_os_status	0
TCGA-IS-A3KA	TCGA-SARC	Dead	13.577933	PROGRESSION		cbio_os_status	0
TCGA-IW-A3M4	TCGA-SARC	Alive	85.971661	PROGRESSION		cbio_os_status	0
TCGA-IW-A3M6	TCGA-SARC	Alive	22.618930	CENSORED		cbio_os_status	0
TCGA-IZ-8195	TCGA-KIRP	Alive	22.257290	CENSORED		cbio_os_status	0
TCGA-IZ-8196	TCGA-KIRP	Alive	21.336752	CENSORED		cbio_os_status	0
TCGA-IZ-A6M8	TCGA-KIRP	Alive	16.339547	CENSORED		cbio_os_status	0
TCGA-IZ-A6M9	TCGA-KIRP	Alive	12.361508	CENSORED		cbio_os_status	0
TCGA-J1-A4AH	TCGA-LUSC	Alive	19.101161	CENSORED		cbio_os_status	0
TCGA-J2-8192	TCGA-LUAD	Alive	24.295624	PROGRESSION		cbio_os_status	0
TCGA-J2-8194	TCGA-LUAD	Alive	23.802479	PROGRESSION		cbio_os_status	0
TCGA-J2-A4AD	TCGA-LUAD	Dead	18.081994	PROGRESSION		cbio_os_status	0
TCGA-J2-A4AE	TCGA-LUAD	Alive	35.473584	CENSORED		cbio_os_status	0
TCGA-J2-A4AG	TCGA-LUAD	Alive	32.481836	CENSORED		cbio_os_status	0
TCGA-J4-8198	TCGA-PRAD	Alive	20.186080	CENSORED		cbio_os_status	0
TCGA-J4-8200	TCGA-PRAD	Alive	40.043397	CENSORED		cbio_os_status	0
TCGA-J4-A67K	TCGA-PRAD	Alive	33.007857	CENSORED		cbio_os_status	0
TCGA-J4-A67L	TCGA-PRAD	Alive	25.314791	CENSORED		cbio_os_status	0
TCGA-J4-A67M	TCGA-PRAD	Alive	30.936647	CENSORED		cbio_os_status	0
TCGA-J4-A67N	TCGA-PRAD	Alive	30.805142	PROGRESSION		cbio_os_status	0
TCGA-J4-A67O	TCGA-PRAD	Alive	27.583259	CENSORED		cbio_os_status	0
TCGA-J4-A67Q	TCGA-PRAD	Alive	32.054443	CENSORED		cbio_os_status	0
TCGA-J4-A67R	TCGA-PRAD	Alive	29.917480	CENSORED		cbio_os_status	0
TCGA-J4-A67S	TCGA-PRAD	Alive	27.386001	PROGRESSION		cbio_os_status	0
TCGA-J4-A67T	TCGA-PRAD	Alive	6.016372	CENSORED		cbio_os_status	0
TCGA-J4-A6G1	TCGA-PRAD	Alive	25.281915	CENSORED		cbio_os_status	0
TCGA-J4-A6G3	TCGA-PRAD	Alive	27.912023	PROGRESSION		cbio_os_status	0
TCGA-J4-A6M7	TCGA-PRAD	Alive	16.832692	CENSORED		cbio_os_status	0
TCGA-J4-A83I	TCGA-PRAD	Alive	22.520301	CENSORED		cbio_os_status	0
TCGA-J4-A83J	TCGA-PRAD	Alive	22.881941	CENSORED		cbio_os_status	0
TCGA-J4-A83K	TCGA-PRAD	Alive	10.783443	CENSORED		cbio_os_status	0
TCGA-J4-A83L	TCGA-PRAD	Alive	23.670973	CENSORED		cbio_os_status	0
TCGA-J4-A83M	TCGA-PRAD	Alive	17.851859	PROGRESSION		cbio_os_status	0
TCGA-J4-A83N	TCGA-PRAD	Alive	32.613341	PROGRESSION		cbio_os_status	0
TCGA-J4-AATV	TCGA-PRAD	Alive	18.180623	CENSORED		cbio_os_status	0
TCGA-J4-AATZ	TCGA-PRAD	Alive	13.545057	PROGRESSION		cbio_os_status	0
TCGA-J4-AAU2	TCGA-PRAD	Alive	27.122990	CENSORED		cbio_os_status	0
TCGA-J7-6720	TCGA-KIRP	Alive	12.756025	CENSORED		cbio_os_status	0
TCGA-J7-8537	TCGA-KIRP	Dead	10.553309	PROGRESSION		cbio_os_status	0
TCGA-J7-A8I2	TCGA-KIRP	Alive	10.093040	PROGRESSION		cbio_os_status	0
TCGA-J8-A3NZ	TCGA-THCA	Alive	17.227208	CENSORED		cbio_os_status	0
TCGA-J8-A3O0	TCGA-THCA	Alive	43.166650	CENSORED		cbio_os_status	0
TCGA-J8-A3O1	TCGA-THCA	Alive	27.188743	CENSORED		cbio_os_status	0
TCGA-J8-A3O2	TCGA-THCA	Alive	11.243712	CENSORED		cbio_os_status	0
TCGA-J8-A3YD	TCGA-THCA	Alive	31.824309	CENSORED		cbio_os_status	0
TCGA-J8-A3YE	TCGA-THCA	Alive	27.846270	CENSORED		cbio_os_status	0
TCGA-J8-A3YF	TCGA-THCA	Alive	24.690140	CENSORED		cbio_os_status	0
TCGA-J8-A3YG	TCGA-THCA	Alive	22.290167	CENSORED		cbio_os_status	0
TCGA-J8-A3YH	TCGA-THCA	Alive	5.753362	CENSORED		cbio_os_status	0
TCGA-J8-A42S	TCGA-THCA	Alive	2.465726	CENSORED		cbio_os_status	0
TCGA-J8-A4HW	TCGA-THCA	Alive	2.597232	CENSORED		cbio_os_status	0
TCGA-J8-A4HY	TCGA-THCA	Alive	0.197258	CENSORED		cbio_os_status	0
TCGA-JL-A3YW	TCGA-BRCA_OTHERS	Alive	11.835487	CENSORED		cbio_os_status	0
TCGA-JL-A3YX	TCGA-BRCA_OTHERS	Alive	11.572476	CENSORED		cbio_os_status	0
TCGA-JU-AAVI	TCGA-UCEC	Dead	17.753230	PROGRESSION		cbio_os_status	0
TCGA-JV-A5VE	TCGA-SARC	Alive	16.405300	CENSORED		cbio_os_status	0
TCGA-JV-A5VF	TCGA-SARC	Dead	1.052043	PROGRESSION		cbio_os_status	0
TCGA-JV-A75J	TCGA-SARC	Dead	3.912286	PROGRESSION		cbio_os_status	0
TCGA-JW-A5VG	TCGA-CESC	Alive	27.418878	CENSORED		cbio_os_status	0
TCGA-JW-A5VH	TCGA-CESC	Dead	3.287635	PROGRESSION		cbio_os_status	0
TCGA-JW-A5VK	TCGA-CESC	Alive	20.481967	CENSORED		cbio_os_status	0
TCGA-JW-A5VL	TCGA-CESC	Alive	15.583391	CENSORED		cbio_os_status	0
TCGA-JW-A69B	TCGA-CESC	Alive	28.372292	CENSORED		cbio_os_status	0
TCGA-JW-AAVH	TCGA-CESC	Alive	18.147746	CENSORED		cbio_os_status	0
TCGA-JX-A3PZ	TCGA-CESC	Dead	21.106618	PROGRESSION		cbio_os_status	0
TCGA-JX-A3Q0	TCGA-CESC	Alive	209.586744	CENSORED		cbio_os_status	0
TCGA-JX-A3Q8	TCGA-CESC	Alive	44.613210	CENSORED		cbio_os_status	0
TCGA-JX-A5QV	TCGA-CESC	Alive	20.909360	CENSORED		cbio_os_status	0
TCGA-JY-A6F8	TCGA-ESCA	Alive	122.102771	CENSORED		cbio_os_status	0
TCGA-JY-A6FA	TCGA-ESCA	Dead	44.744715	PROGRESSION		cbio_os_status	0
TCGA-JY-A6FB	TCGA-ESCA	Alive	60.393859	CENSORED		cbio_os_status	0
TCGA-JY-A6FD	TCGA-ESCA	Alive	68.021172	CENSORED		cbio_os_status	0
TCGA-JY-A6FE	TCGA-ESCA	Dead	3.682151	PROGRESSION		cbio_os_status	0
TCGA-JY-A6FG	TCGA-ESCA	Dead	41.522833	CENSORED		cbio_os_status	0
TCGA-JY-A6FH	TCGA-ESCA	Alive	47.374823	PROGRESSION		cbio_os_status	0
TCGA-JY-A938	TCGA-ESCA	Alive	34.848933	PROGRESSION		cbio_os_status	0
TCGA-JY-A939	TCGA-ESCA	Alive	21.698392	CENSORED		cbio_os_status	0
TCGA-JY-A93C	TCGA-ESCA	Alive	23.177828	PROGRESSION		cbio_os_status	0
TCGA-JY-A93D	TCGA-ESCA	Dead	31.561298	PROGRESSION		cbio_os_status	0
TCGA-JY-A93E	TCGA-ESCA	Alive	25.216162	CENSORED		cbio_os_status	0
TCGA-JY-A93F	TCGA-ESCA	Alive	24.032613	CENSORED		cbio_os_status	0
TCGA-K1-A3PO	TCGA-SARC	Alive	53.325443	CENSORED		cbio_os_status	0
TCGA-K1-A42W	TCGA-SARC	Alive	62.169182	PROGRESSION		cbio_os_status	0
TCGA-K1-A42X	TCGA-SARC	Alive	123.779465	PROGRESSION		cbio_os_status	0
TCGA-K4-A3WS	TCGA-BLCA	Alive	25.018904	CENSORED		cbio_os_status	0
TCGA-K4-A3WU	TCGA-BLCA	Alive	3.452017	CENSORED		cbio_os_status	0
TCGA-K4-A3WV	TCGA-BLCA	Alive	21.238123	CENSORED		cbio_os_status	0
TCGA-K4-A4AB	TCGA-BLCA	Alive	2.761614	CENSORED		cbio_os_status	0
TCGA-K4-A4AC	TCGA-BLCA	Dead	9.139626	PROGRESSION		cbio_os_status	0
TCGA-K4-A54R	TCGA-BLCA	Alive	27.681888	CENSORED		cbio_os_status	0
TCGA-K4-A5RH	TCGA-BLCA	Alive	9.073873	PROGRESSION		cbio_os_status	0
TCGA-K4-A5RI	TCGA-BLCA	Dead	11.703981	PROGRESSION		cbio_os_status	0
TCGA-K4-A5RJ	TCGA-BLCA	Alive	17.720354	CENSORED		cbio_os_status	0
TCGA-K4-A6FZ	TCGA-BLCA	Alive	1.808199	CENSORED		cbio_os_status	0
TCGA-K4-A6MB	TCGA-BLCA	Alive	15.419009	CENSORED		cbio_os_status	0
TCGA-K4-A83P	TCGA-BLCA	Alive	16.273794	PROGRESSION		cbio_os_status	0
TCGA-K4-AAQO	TCGA-BLCA	Alive	11.802610	CENSORED		cbio_os_status	0
TCGA-K6-A3WQ	TCGA-UCEC	Dead	14.038202	PROGRESSION		cbio_os_status	0
TCGA-K7-A5RF	TCGA-LIHC	Alive	20.744978	PROGRESSION		cbio_os_status	0
TCGA-K7-A5RG	TCGA-LIHC	Alive	17.062827	CENSORED		cbio_os_status	0
TCGA-K7-A6G5	TCGA-LIHC	Alive	16.832692	CENSORED		cbio_os_status	0
TCGA-K7-AAU7	TCGA-LIHC	Alive	11.802610	PROGRESSION		cbio_os_status	0
TCGA-KB-A6F5	TCGA-STAD	Alive	5.556103	CENSORED		cbio_os_status	0
TCGA-KB-A6F7	TCGA-STAD	Alive	63.615741	CENSORED		cbio_os_status	0
TCGA-KB-A93G	TCGA-STAD	Alive	20.153204	CENSORED		cbio_os_status	0
TCGA-KB-A93H	TCGA-STAD	Alive	37.643423	CENSORED		cbio_os_status	0
TCGA-KB-A93J	TCGA-STAD	Alive	36.953020	CENSORED		cbio_os_status	0
TCGA-KD-A5QS	TCGA-SARC	Dead	63.812999	PROGRESSION		cbio_os_status	0
TCGA-KD-A5QT	TCGA-SARC	Alive	16.405300	CENSORED		cbio_os_status	0
TCGA-KF-A41W	TCGA-SARC	Alive	11.703981	CENSORED		cbio_os_status	0
TCGA-KH-A6WC	TCGA-ESCA	Alive	6.279383	CENSORED		cbio_os_status	0
TCGA-KJ-A3U4	TCGA-UCEC	Alive				gdc_vital_status	0
TCGA-KK-A59V	TCGA-PRAD	Alive	113.094651	CENSORED		cbio_os_status	0
TCGA-KK-A59X	TCGA-PRAD	Alive	83.341552	PROGRESSION		cbio_os_status	0
TCGA-KK-A59Y	TCGA-PRAD	Alive	64.700661	CENSORED		cbio_os_status	0
TCGA-KK-A59Z	TCGA-PRAD	Alive	86.399053	CENSORED		cbio_os_status	0
TCGA-KK-A5A1	TCGA-PRAD	Dead	81.171713	PROGRESSION		cbio_os_status	0
TCGA-KK-A6DY	TCGA-PRAD	Alive	141.203932	CENSORED		cbio_os_status	0
TCGA-KK-A6E0	TCGA-PRAD	Alive	48.755630	PROGRESSION		cbio_os_status	0
TCGA-KK-A6E1	TCGA-PRAD	Alive	72.262222	CENSORED		cbio_os_status	0
TCGA-KK-A6E2	TCGA-PRAD	Alive	165.170793	CENSORED		cbio_os_status	0
TCGA-KK-A6E3	TCGA-PRAD	Alive	67.593780	CENSORED		cbio_os_status	0
TCGA-KK-A6E4	TCGA-PRAD	Dead	115.132985	CENSORED		cbio_os_status	0
TCGA-KK-A6E5	TCGA-PRAD	Alive	68.152678	CENSORED		cbio_os_status	0
TCGA-KK-A6E6	TCGA-PRAD	Alive	113.324785	CENSORED		cbio_os_status	0
TCGA-KK-A6E7	TCGA-PRAD	Alive	90.738732	PROGRESSION		cbio_os_status	0
TCGA-KK-A6E8	TCGA-PRAD	Alive	58.191143	CENSORED		cbio_os_status	0
TCGA-KK-A7AP	TCGA-PRAD	Alive	6.443765	CENSORED		cbio_os_status	0
TCGA-KK-A7AQ	TCGA-PRAD	Alive	52.930927	PROGRESSION		cbio_os_status	0
TCGA-KK-A7AU	TCGA-PRAD	Alive	58.355525	PROGRESSION		cbio_os_status	0
TCGA-KK-A7AV	TCGA-PRAD	Alive	27.024361	CENSORED		cbio_os_status	0
TCGA-KK-A7AW	TCGA-PRAD	Alive	34.651675	CENSORED		cbio_os_status	0
TCGA-KK-A7AY	TCGA-PRAD	Alive	57.665121	PROGRESSION		cbio_os_status	0
TCGA-KK-A7AZ	TCGA-PRAD	Alive	49.939179	CENSORED		cbio_os_status	0
TCGA-KK-A7B0	TCGA-PRAD	Alive	43.692672	PROGRESSION		cbio_os_status	0
TCGA-KK-A7B1	TCGA-PRAD	Alive	34.947562	CENSORED		cbio_os_status	0
TCGA-KK-A7B2	TCGA-PRAD	Alive	36.131111	PROGRESSION		cbio_os_status	0
TCGA-KK-A7B3	TCGA-PRAD	Alive	29.555840	PROGRESSION		cbio_os_status	0
TCGA-KK-A7B4	TCGA-PRAD	Alive	32.448959	PROGRESSION		cbio_os_status	0
TCGA-KK-A8I4	TCGA-PRAD	Alive	74.267679	PROGRESSION		cbio_os_status	0
TCGA-KK-A8I5	TCGA-PRAD	Alive	101.785186	CENSORED		cbio_os_status	0
TCGA-KK-A8I6	TCGA-PRAD	Alive	21.961403	CENSORED		cbio_os_status	0
TCGA-KK-A8I7	TCGA-PRAD	Alive	65.818457	PROGRESSION		cbio_os_status	0
TCGA-KK-A8I8	TCGA-PRAD	Alive	31.791432	CENSORED		cbio_os_status	0
TCGA-KK-A8I9	TCGA-PRAD	Alive	32.909228	PROGRESSION		cbio_os_status	0
TCGA-KK-A8IA	TCGA-PRAD	Alive	63.484236	CENSORED		cbio_os_status	0
TCGA-KK-A8IB	TCGA-PRAD	Alive	2.728737	CENSORED		cbio_os_status	0
TCGA-KK-A8IC	TCGA-PRAD	Alive	67.429398	PROGRESSION		cbio_os_status	0
TCGA-KK-A8ID	TCGA-PRAD	Alive	69.270474	CENSORED		cbio_os_status	0
TCGA-KK-A8IF	TCGA-PRAD	Alive	26.432587	PROGRESSION		cbio_os_status	0
TCGA-KK-A8IG	TCGA-PRAD	Alive	82.355262	CENSORED		cbio_os_status	0
TCGA-KK-A8IH	TCGA-PRAD	Alive	66.180097	CENSORED		cbio_os_status	0
TCGA-KK-A8II	TCGA-PRAD	Dead	113.982313	PROGRESSION		cbio_os_status	0
TCGA-KK-A8IJ	TCGA-PRAD	Alive	51.254233	PROGRESSION		cbio_os_status	0
TCGA-KK-A8IK	TCGA-PRAD	Alive	67.462274	CENSORED		cbio_os_status	0
TCGA-KK-A8IL	TCGA-PRAD	Dead	20.646349	CENSORED		cbio_os_status	0
TCGA-KK-A8IM	TCGA-PRAD	Alive	62.958214	CENSORED		cbio_os_status	0
TCGA-KL-8323	TCGA-KICH	Dead	38.070816	PROGRESSION		cbio_os_status	0
TCGA-KL-8324	TCGA-KICH	Alive	153.729822	CENSORED		cbio_os_status	0
TCGA-KL-8325	TCGA-KICH	Dead	23.835355	CENSORED		cbio_os_status	0
TCGA-KL-8326	TCGA-KICH	Alive	109.215241	CENSORED		cbio_os_status	0
TCGA-KL-8327	TCGA-KICH	Alive	137.061512	CENSORED		cbio_os_status	0
TCGA-KL-8328	TCGA-KICH	Alive	102.804353	CENSORED		cbio_os_status	0
TCGA-KL-8329	TCGA-KICH	Alive	90.475721	CENSORED		cbio_os_status	0
TCGA-KL-8330	TCGA-KICH	Alive	108.623467	CENSORED		cbio_os_status	0
TCGA-KL-8331	TCGA-KICH	Alive	98.957820	CENSORED		cbio_os_status	0
TCGA-KL-8332	TCGA-KICH	Alive	84.886741	CENSORED		cbio_os_status	0
TCGA-KL-8333	TCGA-KICH	Alive	98.333169	CENSORED		cbio_os_status	0
TCGA-KL-8334	TCGA-KICH	Alive	96.952362	CENSORED		cbio_os_status	0
TCGA-KL-8335	TCGA-KICH	Alive	92.546931	CENSORED		cbio_os_status	0
TCGA-KL-8336	TCGA-KICH	Dead	30.246244	PROGRESSION		cbio_os_status	0
TCGA-KL-8337	TCGA-KICH	Alive	44.843344	CENSORED		cbio_os_status	0
TCGA-KL-8338	TCGA-KICH	Alive	86.563435	CENSORED		cbio_os_status	0
TCGA-KL-8339	TCGA-KICH	Dead	28.109281	PROGRESSION		cbio_os_status	0
TCGA-KL-8340	TCGA-KICH	Alive	66.541737	CENSORED		cbio_os_status	0
TCGA-KL-8341	TCGA-KICH	Dead	24.788769	PROGRESSION		cbio_os_status	0
TCGA-KL-8342	TCGA-KICH	Alive	73.906039	CENSORED		cbio_os_status	0
TCGA-KL-8343	TCGA-KICH	Dead	71.407437	PROGRESSION		cbio_os_status	0
TCGA-KL-8344	TCGA-KICH	Alive	28.799684	CENSORED		cbio_os_status	0
TCGA-KL-8345	TCGA-KICH	Alive	54.739126	CENSORED		cbio_os_status	0
TCGA-KL-8346	TCGA-KICH	Alive	62.366440	CENSORED		cbio_os_status	0
TCGA-KM-8438	TCGA-KICH	Alive	151.954499	PROGRESSION		cbio_os_status	0
TCGA-KM-8439	TCGA-KICH	Alive	23.276457	CENSORED		cbio_os_status	0
TCGA-KM-8440	TCGA-KICH	Alive	44.909097	CENSORED		cbio_os_status	0
TCGA-KM-8441	TCGA-KICH	Alive	28.799684	PROGRESSION		cbio_os_status	0
TCGA-KM-8442	TCGA-KICH	Alive	47.243318	CENSORED		cbio_os_status	0
TCGA-KM-8443	TCGA-KICH	Alive	49.972055	CENSORED		cbio_os_status	0
TCGA-KM-8476	TCGA-KICH	Alive	123.121938	CENSORED		cbio_os_status	0
TCGA-KM-8477	TCGA-KICH	Alive	51.056975	CENSORED		cbio_os_status	0
TCGA-KM-8639	TCGA-KICH	Alive	31.331163	CENSORED		cbio_os_status	0
TCGA-KM-A7QA	TCGA-KICH	Alive				gdc_vital_status	0
TCGA-KM-A7QB	TCGA-KICH	Alive				gdc_vital_status	0
TCGA-KM-A7QC	TCGA-KICH	Alive				gdc_vital_status	0
TCGA-KM-A7QD	TCGA-KICH	Alive				gdc_vital_status	0
TCGA-KM-A7QE	TCGA-KICH	Alive				gdc_vital_status	0
TCGA-KM-A7QG	TCGA-KICH	Alive				gdc_vital_status	0
TCGA-KM-A7QH	TCGA-KICH	Alive				gdc_vital_status	0
TCGA-KM-A7QI	TCGA-KICH	Alive				gdc_vital_status	0
TCGA-KM-A7QJ	TCGA-KICH	Alive				gdc_vital_status	0
TCGA-KM-A7QK	TCGA-KICH	Alive				gdc_vital_status	0
TCGA-KM-A7QL	TCGA-KICH	Alive				gdc_vital_status	0
TCGA-KN-8418	TCGA-KICH	Alive	129.368445	CENSORED		cbio_os_status	0
TCGA-KN-8419	TCGA-KICH	Alive	23.473715	CENSORED		cbio_os_status	0
TCGA-KN-8421	TCGA-KICH	Alive	87.911365	CENSORED		cbio_os_status	0
TCGA-KN-8422	TCGA-KICH	Alive	25.479173	CENSORED		cbio_os_status	0
TCGA-KN-8423	TCGA-KICH	Alive	25.906565	CENSORED		cbio_os_status	0
TCGA-KN-8424	TCGA-KICH	Alive	65.193806	CENSORED		cbio_os_status	0
TCGA-KN-8425	TCGA-KICH	Alive	104.513923	CENSORED		cbio_os_status	0
TCGA-KN-8426	TCGA-KICH	Alive	3.550646	CENSORED		cbio_os_status	0
TCGA-KN-8427	TCGA-KICH	Alive	0.986291	CENSORED		cbio_os_status	0
TCGA-KN-8428	TCGA-KICH	Dead	52.273400	PROGRESSION		cbio_os_status	0
TCGA-KN-8429	TCGA-KICH	Alive	87.122333	PROGRESSION		cbio_os_status	0
TCGA-KN-8430	TCGA-KICH	Dead				gdc_vital_status	0
TCGA-KN-8431	TCGA-KICH	Alive	19.331295	CENSORED		cbio_os_status	0
TCGA-KN-8432	TCGA-KICH	Alive	2.498603	CENSORED		cbio_os_status	0
TCGA-KN-8433	TCGA-KICH	Alive	11.210836	CENSORED		cbio_os_status	0
TCGA-KN-8434	TCGA-KICH	Alive	59.078805	CENSORED		cbio_os_status	0
TCGA-KN-8435	TCGA-KICH	Alive	115.001479	CENSORED		cbio_os_status	0
TCGA-KN-8436	TCGA-KICH	Alive	42.344741	CENSORED		cbio_os_status	0
TCGA-KN-8437	TCGA-KICH	Alive	100.864648	CENSORED		cbio_os_status	0
TCGA-KO-8403	TCGA-KICH	Alive	105.467337	CENSORED		cbio_os_status	0
TCGA-KO-8404	TCGA-KICH	Dead	10.684814	PROGRESSION		cbio_os_status	0
TCGA-KO-8405	TCGA-KICH	Alive	100.470132	CENSORED		cbio_os_status	0
TCGA-KO-8406	TCGA-KICH	Alive	103.396127	CENSORED		cbio_os_status	0
TCGA-KO-8407	TCGA-KICH	Alive	92.711313	CENSORED		cbio_os_status	0
TCGA-KO-8408	TCGA-KICH	Dead	16.668310	PROGRESSION		cbio_os_status	0
TCGA-KO-8409	TCGA-KICH	Alive	104.546799	CENSORED		cbio_os_status	0
TCGA-KO-8410	TCGA-KICH	Alive	103.100240	CENSORED		cbio_os_status	0
TCGA-KO-8411	TCGA-KICH	Alive	130.124601	CENSORED		cbio_os_status	0
TCGA-KO-8413	TCGA-KICH	Alive	99.878357	CENSORED		cbio_os_status	0
TCGA-KO-8414	TCGA-KICH	Alive	105.598843	CENSORED		cbio_os_status	0
TCGA-KO-8415	TCGA-KICH	Alive	96.623599	CENSORED		cbio_os_status	0
TCGA-KO-8416	TCGA-KICH	Alive	90.475721	CENSORED		cbio_os_status	0
TCGA-KO-8417	TCGA-KICH	Alive	92.546931	CENSORED		cbio_os_status	0
TCGA-KS-A41F	TCGA-THCA	Alive	143.571029	CENSORED		cbio_os_status	0
TCGA-KS-A41I	TCGA-THCA	Alive	15.977907	CENSORED		cbio_os_status	0
TCGA-KS-A41J	TCGA-THCA	Alive	15.682020	CENSORED		cbio_os_status	0
TCGA-KS-A41L	TCGA-THCA	Alive	113.850807	CENSORED		cbio_os_status	0
TCGA-KS-A4I1	TCGA-THCA	Alive	26.695598	CENSORED		cbio_os_status	0
TCGA-KS-A4I3	TCGA-THCA	Alive	43.692672	CENSORED		cbio_os_status	0
TCGA-KS-A4I5	TCGA-THCA	Alive	18.640892	CENSORED		cbio_os_status	0
TCGA-KS-A4I7	TCGA-THCA	Alive	32.448959	CENSORED		cbio_os_status	0
TCGA-KS-A4I9	TCGA-THCA	Alive	87.385344	CENSORED		cbio_os_status	0
TCGA-KS-A4IB	TCGA-THCA	Alive	84.722359	CENSORED		cbio_os_status	0
TCGA-KS-A4IC	TCGA-THCA	Alive	35.276326	CENSORED		cbio_os_status	0
TCGA-KS-A4ID	TCGA-THCA	Alive	33.237992	CENSORED		cbio_os_status	0
TCGA-KT-A74X	TCGA-LGG	Alive	14.399842	CENSORED		cbio_os_status	0
TCGA-KT-A7W1	TCGA-LGG	Alive	14.399842	PROGRESSION		cbio_os_status	0
TCGA-KU-A66S	TCGA-HNSC	Dead	13.347799	PROGRESSION		cbio_os_status	0
TCGA-KU-A66T	TCGA-HNSC	Alive	18.147746	PROGRESSION		cbio_os_status	0
TCGA-KU-A6H7	TCGA-HNSC	Alive	19.265542	CENSORED		cbio_os_status	0
TCGA-KU-A6H8	TCGA-HNSC	Dead	10.750567	PROGRESSION		cbio_os_status	0
TCGA-KV-A6GD	TCGA-KIRP	Alive	18.410757	CENSORED		cbio_os_status	0
TCGA-KV-A6GE	TCGA-KIRP	Alive	29.095572	CENSORED		cbio_os_status	0
TCGA-KV-A74V	TCGA-KIRP	Alive	11.408094	CENSORED		cbio_os_status	0
TCGA-L1-A7W4	TCGA-PAAD	Dead	9.139626	PROGRESSION		cbio_os_status	0
TCGA-L3-A4E7	TCGA-LUSC	Alive	12.887530	CENSORED		cbio_os_status	0
TCGA-L3-A524	TCGA-LUSC	Dead	16.109413	CENSORED		cbio_os_status	0
TCGA-L4-A4E5	TCGA-LUAD	Alive	19.002531	CENSORED		cbio_os_status	0
TCGA-L4-A4E6	TCGA-LUAD	Alive	14.301213	CENSORED		cbio_os_status	0
TCGA-L5-A43E	TCGA-ESCA	Alive	30.246244	PROGRESSION		cbio_os_status	0
TCGA-L5-A43H	TCGA-ESCA	Dead	0.295887	PROGRESSION		cbio_os_status	0
TCGA-L5-A43J	TCGA-ESCA	Dead	4.306802	PROGRESSION		cbio_os_status	0
TCGA-L5-A43M	TCGA-ESCA	Alive	8.942368	CENSORED		cbio_os_status	0
TCGA-L5-A4OE	TCGA-ESCA	Dead	23.999737	CENSORED		cbio_os_status	0
TCGA-L5-A4OF	TCGA-ESCA	Dead	26.333958	CENSORED		cbio_os_status	0
TCGA-L5-A4OG	TCGA-ESCA	Alive	4.701318	CENSORED		cbio_os_status	0
TCGA-L5-A4OH	TCGA-ESCA	Alive	32.613341	CENSORED		cbio_os_status	0
TCGA-L5-A4OI	TCGA-ESCA	Alive	19.988822	PROGRESSION		cbio_os_status	0
TCGA-L5-A4OJ	TCGA-ESCA	Alive	21.007989	CENSORED		cbio_os_status	0
TCGA-L5-A4OM	TCGA-ESCA	Dead	47.933721	CENSORED		cbio_os_status	0
TCGA-L5-A4ON	TCGA-ESCA	Dead	18.345004	CENSORED		cbio_os_status	0
TCGA-L5-A4OO	TCGA-ESCA	Alive	3.320512	CENSORED		cbio_os_status	0
TCGA-L5-A4OP	TCGA-ESCA	Alive	7.167045	CENSORED		cbio_os_status	0
TCGA-L5-A4OQ	TCGA-ESCA	Dead	1.380807	PROGRESSION		cbio_os_status	0
TCGA-L5-A4OR	TCGA-ESCA	Dead	3.156130	CENSORED		cbio_os_status	0
TCGA-L5-A4OS	TCGA-ESCA	Alive	58.585659	CENSORED		cbio_os_status	0
TCGA-L5-A4OT	TCGA-ESCA	Dead	4.898576	PROGRESSION		cbio_os_status	0
TCGA-L5-A4OU	TCGA-ESCA	Alive	28.996942	CENSORED		cbio_os_status	0
TCGA-L5-A4OW	TCGA-ESCA	Dead	7.134168	CENSORED		cbio_os_status	0
TCGA-L5-A4OX	TCGA-ESCA	Dead	7.430056	CENSORED		cbio_os_status	0
TCGA-L6-A4EP	TCGA-THCA	Alive	33.402374	CENSORED		cbio_os_status	0
TCGA-L6-A4EQ	TCGA-THCA	Alive	40.372160	CENSORED		cbio_os_status	0
TCGA-L6-A4ET	TCGA-THCA	Alive	21.829898	CENSORED		cbio_os_status	0
TCGA-L6-A4EU	TCGA-THCA	Alive	9.501266	CENSORED		cbio_os_status	0
TCGA-L7-A56G	TCGA-ESCA	Dead	10.849196	PROGRESSION		cbio_os_status	0
TCGA-L7-A6VZ	TCGA-ESCA	Alive	10.356051	CENSORED		cbio_os_status	0
TCGA-L9-A443	TCGA-LUAD	Dead	6.345136	CENSORED		cbio_os_status	0
TCGA-L9-A444	TCGA-LUAD	Alive	10.093040	CENSORED		cbio_os_status	0
TCGA-L9-A50W	TCGA-LUAD	Dead	14.531348	PROGRESSION		cbio_os_status	0
TCGA-L9-A5IP	TCGA-LUAD	Dead	1.906828	PROGRESSION		cbio_os_status	0
TCGA-L9-A743	TCGA-LUAD	Alive	21.829898	CENSORED		cbio_os_status	0
TCGA-L9-A7SV	TCGA-LUAD	Alive	18.575139	CENSORED		cbio_os_status	0
TCGA-L9-A8F4	TCGA-LUAD	Alive	15.649144	CENSORED		cbio_os_status	0
TCGA-LA-A446	TCGA-LUSC	Alive	13.183417	CENSORED		cbio_os_status	0
TCGA-LA-A7SW	TCGA-LUSC	Dead	13.413552	PROGRESSION		cbio_os_status	0
TCGA-LB-A7SX	TCGA-PAAD	Dead	12.920406	CENSORED		cbio_os_status	0
TCGA-LB-A8F3	TCGA-PAAD	Alive	12.460137	CENSORED		cbio_os_status	0
TCGA-LB-A9Q5	TCGA-PAAD	Dead	10.290298	PROGRESSION		cbio_os_status	0
TCGA-LC-A66R	TCGA-BLCA	Alive	15.320380	CENSORED		cbio_os_status	0
TCGA-LD-A66U	TCGA-BRCA_OTHERS	Alive	21.238123	CENSORED		cbio_os_status	0
TCGA-LD-A74U	TCGA-BRCA_OTHERS	Alive	13.216294	CENSORED		cbio_os_status	0
TCGA-LD-A7W5	TCGA-BRCA_IDC	Alive	7.101292	CENSORED		cbio_os_status	0
TCGA-LD-A7W6	TCGA-BRCA_OTHERS	Alive	13.282046	CENSORED		cbio_os_status	0
TCGA-LD-A9QF	TCGA-BRCA_IDC	Alive	10.619062	CENSORED		cbio_os_status	0
TCGA-LG-A6GG	TCGA-LIHC	Alive	12.723148	CENSORED		cbio_os_status	0
TCGA-LG-A9QC	TCGA-LIHC	Alive	13.972450	CENSORED		cbio_os_status	0
TCGA-LG-A9QD	TCGA-LIHC	Alive	12.032745	CENSORED		cbio_os_status	0
TCGA-LH-A9QB	TCGA-SKCM	Alive				gdc_vital_status	0
TCGA-LI-A67I	TCGA-SARC	Alive	30.311997	PROGRESSION		cbio_os_status	0
TCGA-LI-A9QH	TCGA-SARC	Dead	17.753230	PROGRESSION		cbio_os_status	0
TCGA-LK-A4NW	TCGA-MESO	Dead	17.950488	PROGRESSION		cbio_os_status	0
TCGA-LK-A4NY	TCGA-MESO	Dead	5.523227	CENSORED		cbio_os_status	0
TCGA-LK-A4NZ	TCGA-MESO	Dead	8.021830	PROGRESSION		cbio_os_status	0
TCGA-LK-A4O0	TCGA-MESO	Dead	6.082125	CENSORED		cbio_os_status	0
TCGA-LK-A4O2	TCGA-MESO	Dead	1.873952	PROGRESSION		cbio_os_status	0
TCGA-LK-A4O4	TCGA-MESO	Dead	31.199658	CENSORED		cbio_os_status	0
TCGA-LK-A4O5	TCGA-MESO	Dead	12.723148	PROGRESSION		cbio_os_status	0
TCGA-LK-A4O6	TCGA-MESO	Dead	14.728606	PROGRESSION		cbio_os_status	0
TCGA-LK-A4O7	TCGA-MESO	Dead	11.506723	PROGRESSION		cbio_os_status	0
TCGA-LL-A440	TCGA-BRCA_OTHERS	Alive	24.953151	CENSORED		cbio_os_status	0
TCGA-LL-A441	TCGA-BRCA_IDC	Alive	32.744847	CENSORED		cbio_os_status	0
TCGA-LL-A442	TCGA-BRCA_IDC	Alive	29.227077	CENSORED		cbio_os_status	0
TCGA-LL-A50Y	TCGA-BRCA_OTHERS	Alive	25.051780	CENSORED		cbio_os_status	0
TCGA-LL-A5YL	TCGA-BRCA_OTHERS	Alive	17.062827	CENSORED		cbio_os_status	0
TCGA-LL-A5YM	TCGA-BRCA_OTHERS	Alive	15.320380	PROGRESSION		cbio_os_status	0
TCGA-LL-A5YN	TCGA-BRCA_IDC	Alive	14.695729	CENSORED		cbio_os_status	0
TCGA-LL-A5YO	TCGA-BRCA_IDC	Alive	14.465595	CENSORED		cbio_os_status	0
TCGA-LL-A5YP	TCGA-BRCA_IDC	Alive	14.794358	CENSORED		cbio_os_status	0
TCGA-LL-A6FP	TCGA-BRCA_OTHERS	Alive	22.257290	CENSORED		cbio_os_status	0
TCGA-LL-A6FQ	TCGA-BRCA_IDC	Alive	2.630108	CENSORED		cbio_os_status	0
TCGA-LL-A6FR	TCGA-BRCA_IDC	Alive	16.076536	CENSORED		cbio_os_status	0
TCGA-LL-A73Y	TCGA-BRCA_IDC	Alive	15.682020	CENSORED		cbio_os_status	0
TCGA-LL-A73Z	TCGA-BRCA_IDC	Dead	7.462932	PROGRESSION		cbio_os_status	0
TCGA-LL-A740	TCGA-BRCA_IDC	Alive	14.498471	CENSORED		cbio_os_status	0
TCGA-LL-A7SZ	TCGA-BRCA_IDC	Alive	19.528553	CENSORED		cbio_os_status	0
TCGA-LL-A7T0	TCGA-BRCA_IDC	Alive	12.361508	CENSORED		cbio_os_status	0
TCGA-LL-A8F5	TCGA-BRCA_IDC	Alive	19.594306	CENSORED		cbio_os_status	0
TCGA-LL-A9Q3	TCGA-BRCA_OTHERS	Alive	17.490219	CENSORED		cbio_os_status	0
TCGA-LN-A49K	TCGA-ESCA	Dead	5.917743	CENSORED		cbio_os_status	0
TCGA-LN-A49L	TCGA-ESCA	Dead	10.454680	CENSORED		cbio_os_status	0
TCGA-LN-A49M	TCGA-ESCA	Alive	12.657396	CENSORED		cbio_os_status	0
TCGA-LN-A49N	TCGA-ESCA	Alive	12.427261	CENSORED		cbio_os_status	0
TCGA-LN-A49O	TCGA-ESCA	Alive	13.413552	PROGRESSION		cbio_os_status	0
TCGA-LN-A49P	TCGA-ESCA	Alive	12.328632	PROGRESSION		cbio_os_status	0
TCGA-LN-A49R	TCGA-ESCA	Alive	13.380675	CENSORED		cbio_os_status	0
TCGA-LN-A49S	TCGA-ESCA	Alive	13.150541	PROGRESSION		cbio_os_status	0
TCGA-LN-A49U	TCGA-ESCA	Alive	15.353256	CENSORED		cbio_os_status	0
TCGA-LN-A49V	TCGA-ESCA	Alive	12.591643	CENSORED		cbio_os_status	0
TCGA-LN-A49W	TCGA-ESCA	Alive	13.249170	CENSORED		cbio_os_status	0
TCGA-LN-A49X	TCGA-ESCA	Alive	12.624519	CENSORED		cbio_os_status	0
TCGA-LN-A49Y	TCGA-ESCA	Alive	12.460137	PROGRESSION		cbio_os_status	0
TCGA-LN-A4A1	TCGA-ESCA	Alive	12.591643	PROGRESSION		cbio_os_status	0
TCGA-LN-A4A2	TCGA-ESCA	Alive	12.493014	CENSORED		cbio_os_status	0
TCGA-LN-A4A3	TCGA-ESCA	Alive	12.756025	CENSORED		cbio_os_status	0
TCGA-LN-A4A4	TCGA-ESCA	Alive	12.591643	CENSORED		cbio_os_status	0
TCGA-LN-A4A5	TCGA-ESCA	Dead	22.388796	PROGRESSION		cbio_os_status	0
TCGA-LN-A4A6	TCGA-ESCA	Alive	12.854654	PROGRESSION		cbio_os_status	0
TCGA-LN-A4A8	TCGA-ESCA	Alive	15.517638	PROGRESSION		cbio_os_status	0
TCGA-LN-A4A9	TCGA-ESCA	Dead	11.539600	PROGRESSION		cbio_os_status	0
TCGA-LN-A4MQ	TCGA-ESCA	Alive	12.328632	PROGRESSION		cbio_os_status	0
TCGA-LN-A4MR	TCGA-ESCA	Alive	13.216294	PROGRESSION		cbio_os_status	0
TCGA-LN-A5U5	TCGA-ESCA	Dead	4.471184	PROGRESSION		cbio_os_status	0
TCGA-LN-A5U6	TCGA-ESCA	Alive	12.328632	CENSORED		cbio_os_status	0
TCGA-LN-A5U7	TCGA-ESCA	Alive	25.249038	PROGRESSION		cbio_os_status	0
TCGA-LN-A7HV	TCGA-ESCA	Alive	10.520433	CENSORED		cbio_os_status	0
TCGA-LN-A7HW	TCGA-ESCA	Alive	11.999868	PROGRESSION		cbio_os_status	0
TCGA-LN-A7HX	TCGA-ESCA	Alive	12.230003	CENSORED		cbio_os_status	0
TCGA-LN-A7HY	TCGA-ESCA	Alive	12.032745	PROGRESSION		cbio_os_status	0
TCGA-LN-A7HZ	TCGA-ESCA	Alive	13.183417	PROGRESSION		cbio_os_status	0
TCGA-LN-A8HZ	TCGA-ESCA	Alive	12.328632	CENSORED		cbio_os_status	0
TCGA-LN-A8I0	TCGA-ESCA	Alive	13.380675	PROGRESSION		cbio_os_status	0
TCGA-LN-A8I1	TCGA-ESCA	Alive	13.183417	CENSORED		cbio_os_status	0
TCGA-LN-A9FO	TCGA-ESCA	Alive	0.131505	CENSORED		cbio_os_status	0
TCGA-LN-A9FP	TCGA-ESCA	Alive	12.032745	PROGRESSION		cbio_os_status	0
TCGA-LN-A9FQ	TCGA-ESCA	Alive	12.854654	PROGRESSION		cbio_os_status	0
TCGA-LN-A9FR	TCGA-ESCA	Alive	12.262879	CENSORED		cbio_os_status	0
TCGA-LP-A4AU	TCGA-CESC	Alive	11.276589	CENSORED		cbio_os_status	0
TCGA-LP-A4AV	TCGA-CESC	Alive	0.000000	CENSORED		cbio_os_status	0
TCGA-LP-A4AW	TCGA-CESC	Alive	0.887662	CENSORED		cbio_os_status	0
TCGA-LP-A4AX	TCGA-CESC	Alive	12.493014	CENSORED		cbio_os_status	0
TCGA-LP-A5U2	TCGA-CESC	Alive	0.295887	CENSORED		cbio_os_status	0
TCGA-LP-A5U3	TCGA-CESC	Alive	0.821909	CENSORED		cbio_os_status	0
TCGA-LP-A7HU	TCGA-CESC	Alive	13.347799	CENSORED		cbio_os_status	0
TCGA-LQ-A4E4	TCGA-BRCA_OTHERS	Alive	27.912023	PROGRESSION		cbio_os_status	0
TCGA-LT-A5Z6	TCGA-BLCA	Alive	15.583391	CENSORED		cbio_os_status	0
TCGA-LT-A8JT	TCGA-BLCA	Alive	21.073742	CENSORED		cbio_os_status	0
TCGA-M7-A71Y	TCGA-PRAD	Alive	16.208042	CENSORED		cbio_os_status	0
TCGA-M7-A71Z	TCGA-PRAD	Alive	21.139494	CENSORED		cbio_os_status	0
TCGA-M7-A720	TCGA-PRAD	Alive	12.624519	CENSORED		cbio_os_status	0
TCGA-M7-A721	TCGA-PRAD	Alive	13.150541	CENSORED		cbio_os_status	0
TCGA-M7-A722	TCGA-PRAD	Alive	34.848933	PROGRESSION		cbio_os_status	0
TCGA-M7-A723	TCGA-PRAD	Alive	25.084657	CENSORED		cbio_os_status	0
TCGA-M7-A724	TCGA-PRAD	Alive	29.227077	CENSORED		cbio_os_status	0
TCGA-M7-A725	TCGA-PRAD	Alive	18.838150	CENSORED		cbio_os_status	0
TCGA-M8-A5N4	TCGA-PAAD	Alive	19.199790	PROGRESSION		cbio_os_status	0
TCGA-M9-A5M8	TCGA-ESCA	Alive	33.106487	CENSORED		cbio_os_status	0
TCGA-MA-AA3W	TCGA-CESC	Alive	22.520301	CENSORED		cbio_os_status	0
TCGA-MA-AA3X	TCGA-CESC	Alive	20.284709	CENSORED		cbio_os_status	0
TCGA-MA-AA3Y	TCGA-CESC	Alive	17.818983	CENSORED		cbio_os_status	0
TCGA-MA-AA3Z	TCGA-CESC	Alive	19.561429	CENSORED		cbio_os_status	0
TCGA-MA-AA41	TCGA-CESC	Alive	9.172502	CENSORED		cbio_os_status	0
TCGA-MA-AA42	TCGA-CESC	Alive	8.514975	CENSORED		cbio_os_status	0
TCGA-MA-AA43	TCGA-CESC	Alive	11.375218	CENSORED		cbio_os_status	0
TCGA-MB-A5Y8	TCGA-SARC	Alive	25.413420	CENSORED		cbio_os_status	0
TCGA-MB-A5Y9	TCGA-SARC	Alive	8.284841	CENSORED		cbio_os_status	0
TCGA-MB-A5YA	TCGA-SARC	Alive	0.493145	CENSORED		cbio_os_status	0
TCGA-MB-A8JK	TCGA-SARC	Alive	21.731269	CENSORED		cbio_os_status	0
TCGA-MB-A8JL	TCGA-SARC	Alive	19.725811	CENSORED		cbio_os_status	0
TCGA-MF-A522	TCGA-LUSC	Dead	11.835487	PROGRESSION		cbio_os_status	0
TCGA-MG-AAMC	TCGA-PRAD	Alive	5.687609	CENSORED		cbio_os_status	0
TCGA-MH-A55W	TCGA-KIRP	Alive	34.290035	CENSORED		cbio_os_status	0
TCGA-MH-A55Z	TCGA-KIRP	Alive	27.780517	CENSORED		cbio_os_status	0
TCGA-MH-A560	TCGA-KIRP	Alive	30.377749	CENSORED		cbio_os_status	0
TCGA-MH-A561	TCGA-KIRP	Alive	27.649012	CENSORED		cbio_os_status	0
TCGA-MH-A562	TCGA-KIRP	Alive	20.251833	CENSORED		cbio_os_status	0
TCGA-MH-A854	TCGA-KIRP	Alive	17.621725	CENSORED		cbio_os_status	0
TCGA-MH-A855	TCGA-KIRP	Alive	12.131374	PROGRESSION		cbio_os_status	0
TCGA-MH-A856	TCGA-KIRP	Alive	31.133905	CENSORED		cbio_os_status	0
TCGA-MH-A857	TCGA-KIRP	Alive	29.259953	CENSORED		cbio_os_status	0
TCGA-MI-A75C	TCGA-LIHC	Alive	9.567018	CENSORED		cbio_os_status	0
TCGA-MI-A75E	TCGA-LIHC	Alive	16.668310	CENSORED		cbio_os_status	0
TCGA-MI-A75G	TCGA-LIHC	Alive	22.947694	CENSORED		cbio_os_status	0
TCGA-MI-A75H	TCGA-LIHC	Alive	24.558635	PROGRESSION		cbio_os_status	0
TCGA-MI-A75I	TCGA-LIHC	Alive	20.712102	PROGRESSION		cbio_os_status	0
TCGA-MJ-A68H	TCGA-SARC	Alive	14.991617	CENSORED		cbio_os_status	0
TCGA-MJ-A68J	TCGA-SARC	Alive	17.983365	PROGRESSION		cbio_os_status	0
TCGA-MJ-A850	TCGA-SARC	Alive	22.388796	CENSORED		cbio_os_status	0
TCGA-MK-A4N6	TCGA-THCA	Alive	36.098235	CENSORED		cbio_os_status	0
TCGA-MK-A4N7	TCGA-THCA	Alive	32.448959	CENSORED		cbio_os_status	0
TCGA-MK-A4N9	TCGA-THCA	Alive	30.213368	CENSORED		cbio_os_status	0
TCGA-MK-A84Z	TCGA-THCA	Alive	23.933984	CENSORED		cbio_os_status	0
TCGA-MM-A563	TCGA-KIRC	Alive	19.429924	CENSORED		cbio_os_status	0
TCGA-MM-A564	TCGA-KIRC	Alive	19.955946	CENSORED		cbio_os_status	0
TCGA-MN-A4N1	TCGA-LUAD	Alive	27.188743	CENSORED		cbio_os_status	0
TCGA-MN-A4N4	TCGA-LUAD	Alive	38.629714	CENSORED		cbio_os_status	0
TCGA-MN-A4N5	TCGA-LUAD	Alive	2.761614	CENSORED		cbio_os_status	0
TCGA-MO-A47P	TCGA-SARC	Alive	11.572476	CENSORED		cbio_os_status	0
TCGA-MO-A47R	TCGA-SARC	Dead	10.454680	PROGRESSION		cbio_os_status	0
TCGA-MP-A4SV	TCGA-LUAD	Dead	86.136042	CENSORED		cbio_os_status	0
TCGA-MP-A4SW	TCGA-LUAD	Dead	58.454154	CENSORED		cbio_os_status	0
TCGA-MP-A4SY	TCGA-LUAD	Dead	49.347404	PROGRESSION		cbio_os_status	0
TCGA-MP-A4T2	TCGA-LUAD	Dead	37.347536	PROGRESSION		cbio_os_status	0
TCGA-MP-A4T4	TCGA-LUAD	Dead	86.037413	CENSORED		cbio_os_status	0
TCGA-MP-A4T6	TCGA-LUAD	Dead	58.848670	CENSORED		cbio_os_status	0
TCGA-MP-A4T7	TCGA-LUAD	Dead	5.490351	CENSORED		cbio_os_status	0
TCGA-MP-A4T8	TCGA-LUAD	Dead	5.293093	CENSORED		cbio_os_status	0
TCGA-MP-A4T9	TCGA-LUAD	Dead	41.588585	PROGRESSION		cbio_os_status	0
TCGA-MP-A4TA	TCGA-LUAD	Dead	31.232534	PROGRESSION		cbio_os_status	0
TCGA-MP-A4TC	TCGA-LUAD	Dead	2.432850	CENSORED		cbio_os_status	0
TCGA-MP-A4TD	TCGA-LUAD	Dead	10.093040	PROGRESSION		cbio_os_status	0
TCGA-MP-A4TE	TCGA-LUAD	Dead	29.457211	PROGRESSION		cbio_os_status	0
TCGA-MP-A4TF	TCGA-LUAD	Dead	11.046454	PROGRESSION		cbio_os_status	0
TCGA-MP-A4TH	TCGA-LUAD	Alive	24.361377	CENSORED		cbio_os_status	0
TCGA-MP-A4TI	TCGA-LUAD	Dead	14.103955	PROGRESSION		cbio_os_status	0
TCGA-MP-A4TJ	TCGA-LUAD	Dead	11.145083	CENSORED		cbio_os_status	0
TCGA-MP-A4TK	TCGA-LUAD	Dead	19.134037	PROGRESSION		cbio_os_status	0
TCGA-MP-A5C7	TCGA-LUAD	Alive	73.906039	CENSORED		cbio_os_status	0
TCGA-MQ-A6BL	TCGA-MESO	Dead	10.947825	PROGRESSION		cbio_os_status	0
TCGA-MQ-A6BN	TCGA-MESO	Dead	24.887398	PROGRESSION		cbio_os_status	0
TCGA-MQ-A6BQ	TCGA-MESO	Alive	77.555314	CENSORED		cbio_os_status	0
TCGA-MQ-A6BR	TCGA-MESO	Alive	68.711576	PROGRESSION		cbio_os_status	0
TCGA-MQ-A6BS	TCGA-MESO	Dead	19.988822	CENSORED		cbio_os_status	0
TCGA-MR-A520	TCGA-LIHC	Alive	7.528685	CENSORED		cbio_os_status	0
TCGA-MR-A8JO	TCGA-LIHC	Alive	10.849196	CENSORED		cbio_os_status	0
TCGA-MS-A51U	TCGA-BRCA_OTHERS	Alive	22.388796	CENSORED		cbio_os_status	0
TCGA-MT-A51W	TCGA-HNSC	Alive	14.366966	CENSORED		cbio_os_status	0
TCGA-MT-A51X	TCGA-HNSC	Alive	7.956077	CENSORED		cbio_os_status	0
TCGA-MT-A67A	TCGA-HNSC	Alive	30.048986	CENSORED		cbio_os_status	0
TCGA-MT-A67D	TCGA-HNSC	Alive	1.841076	CENSORED		cbio_os_status	0
TCGA-MT-A67F	TCGA-HNSC	Alive	12.624519	CENSORED		cbio_os_status	0
TCGA-MT-A67G	TCGA-HNSC	Alive	6.246507	CENSORED		cbio_os_status	0
TCGA-MT-A7BN	TCGA-HNSC	Alive	15.419009	PROGRESSION		cbio_os_status	0
TCGA-MU-A51Y	TCGA-CESC	Alive	28.076405	CENSORED		cbio_os_status	0
TCGA-MU-A5YI	TCGA-CESC	Alive	34.618799	PROGRESSION		cbio_os_status	0
TCGA-MU-A8JM	TCGA-CESC	Alive	19.955946	CENSORED		cbio_os_status	0
TCGA-MV-A51V	TCGA-BLCA	Alive	13.479304	CENSORED		cbio_os_status	0
TCGA-MX-A5UG	TCGA-STAD	Dead	3.715028	CENSORED		cbio_os_status	0
TCGA-MX-A5UJ	TCGA-STAD	Alive	19.725811	CENSORED		cbio_os_status	0
TCGA-MX-A663	TCGA-STAD	Dead	9.862906	PROGRESSION		cbio_os_status	0
TCGA-MX-A666	TCGA-STAD	Alive	14.038202	CENSORED		cbio_os_status	0
TCGA-MY-A5BD	TCGA-CESC	Alive	54.804879	CENSORED		cbio_os_status	0
TCGA-MY-A5BE	TCGA-CESC	Alive	35.046191	CENSORED		cbio_os_status	0
TCGA-MY-A5BF	TCGA-CESC	Alive	20.843607	CENSORED		cbio_os_status	0
TCGA-MY-A913	TCGA-CESC	Alive	17.227208	CENSORED		cbio_os_status	0
TCGA-MZ-A6I9	TCGA-HNSC	Dead	16.076536	PROGRESSION		cbio_os_status	0
TCGA-MZ-A7D7	TCGA-HNSC	Alive	17.983365	PROGRESSION		cbio_os_status	0
TCGA-N1-A6IA	TCGA-SARC	Dead	7.364303	PROGRESSION		cbio_os_status	0
TCGA-N5-A4R8	TCGA-UCS	Dead	102.409837	CENSORED		cbio_os_status	0
TCGA-N5-A4RA	TCGA-UCS	Dead	52.306276	CENSORED		cbio_os_status	0
TCGA-N5-A4RD	TCGA-UCS	Dead	4.668442	PROGRESSION		cbio_os_status	0
TCGA-N5-A4RF	TCGA-UCS	Alive	59.374692	CENSORED		cbio_os_status	0
TCGA-N5-A4RJ	TCGA-UCS	Dead	18.081994	PROGRESSION		cbio_os_status	0
TCGA-N5-A4RM	TCGA-UCS	Dead	4.865700	PROGRESSION		cbio_os_status	0
TCGA-N5-A4RN	TCGA-UCS	Alive	34.618799	PROGRESSION		cbio_os_status	0
TCGA-N5-A4RO	TCGA-UCS	Dead	22.520301	PROGRESSION		cbio_os_status	0
TCGA-N5-A4RS	TCGA-UCS	Dead	29.950357	PROGRESSION		cbio_os_status	0
TCGA-N5-A4RT	TCGA-UCS	Alive	81.697735	CENSORED		cbio_os_status	0
TCGA-N5-A4RU	TCGA-UCS	Dead	50.169313	PROGRESSION		cbio_os_status	0
TCGA-N5-A4RV	TCGA-UCS	Alive	67.133511	CENSORED		cbio_os_status	0
TCGA-N5-A59E	TCGA-UCS	Dead	14.695729	PROGRESSION		cbio_os_status	0
TCGA-N5-A59F	TCGA-UCS	Dead	11.868363	PROGRESSION		cbio_os_status	0
TCGA-N6-A4V9	TCGA-UCS	Alive	32.185949	CENSORED		cbio_os_status	0
TCGA-N6-A4VC	TCGA-UCS	Dead	19.627182	PROGRESSION		cbio_os_status	0
TCGA-N6-A4VD	TCGA-UCS	Dead	3.682151	PROGRESSION		cbio_os_status	0
TCGA-N6-A4VE	TCGA-UCS	Dead	9.567018	PROGRESSION		cbio_os_status	0
TCGA-N6-A4VF	TCGA-UCS	Dead	17.161456	CENSORED		cbio_os_status	0
TCGA-N6-A4VG	TCGA-UCS	Alive	51.747378	PROGRESSION		cbio_os_status	0
TCGA-N7-A4Y0	TCGA-UCS	Dead	25.347667	PROGRESSION		cbio_os_status	0
TCGA-N7-A4Y5	TCGA-UCS	Dead	0.263011	PROGRESSION		cbio_os_status	0
TCGA-N7-A4Y8	TCGA-UCS	Dead	12.427261	PROGRESSION		cbio_os_status	0
TCGA-N7-A59B	TCGA-UCS	Alive	27.188743	CENSORED		cbio_os_status	0
TCGA-N8-A4PI	TCGA-UCS	Dead	26.629845	PROGRESSION		cbio_os_status	0
TCGA-N8-A4PL	TCGA-UCS	Dead	13.742315	PROGRESSION		cbio_os_status	0
TCGA-N8-A4PM	TCGA-UCS	Alive	27.254496	PROGRESSION		cbio_os_status	0
TCGA-N8-A4PN	TCGA-UCS	Alive	26.695598	CENSORED		cbio_os_status	0
TCGA-N8-A4PO	TCGA-UCS	Alive	25.676431	PROGRESSION		cbio_os_status	0
TCGA-N8-A4PP	TCGA-UCS	Dead	20.087451	PROGRESSION		cbio_os_status	0
TCGA-N8-A4PQ	TCGA-UCS	Alive	18.805273	CENSORED		cbio_os_status	0
TCGA-N8-A56S	TCGA-UCS	Dead	12.197127	PROGRESSION		cbio_os_status	0
TCGA-N9-A4PZ	TCGA-UCS	Dead	21.928527	PROGRESSION		cbio_os_status	0
TCGA-N9-A4Q1	TCGA-UCS	Dead	67.166387	PROGRESSION		cbio_os_status	0
TCGA-N9-A4Q3	TCGA-UCS	Alive	54.969261	PROGRESSION		cbio_os_status	0
TCGA-N9-A4Q4	TCGA-UCS	Alive	35.802347	CENSORED		cbio_os_status	0
TCGA-N9-A4Q7	TCGA-UCS	Alive	19.857317	CENSORED		cbio_os_status	0
TCGA-N9-A4Q8	TCGA-UCS	Dead	15.813525	PROGRESSION		cbio_os_status	0
TCGA-NA-A4QV	TCGA-UCS	Alive	140.349147	CENSORED		cbio_os_status	0
TCGA-NA-A4QW	TCGA-UCS	Alive	80.777197	CENSORED		cbio_os_status	0
TCGA-NA-A4QX	TCGA-UCS	Dead	27.550383	PROGRESSION		cbio_os_status	0
TCGA-NA-A4QY	TCGA-UCS	Dead	3.747904	PROGRESSION		cbio_os_status	0
TCGA-NA-A4R0	TCGA-UCS	Dead	17.786106	PROGRESSION		cbio_os_status	0
TCGA-NA-A4R1	TCGA-UCS	Dead	6.673899	PROGRESSION		cbio_os_status	0
TCGA-NA-A5I1	TCGA-UCS	Dead	88.108623	PROGRESSION		cbio_os_status	0
TCGA-NC-A5HD	TCGA-LUSC	Dead	0.065753	CENSORED		cbio_os_status	0
TCGA-NC-A5HE	TCGA-LUSC	Alive	76.799158	CENSORED		cbio_os_status	0
TCGA-NC-A5HF	TCGA-LUSC	Dead	4.536937	PROGRESSION		cbio_os_status	0
TCGA-NC-A5HG	TCGA-LUSC	Alive	64.536279	CENSORED		cbio_os_status	0
TCGA-NC-A5HH	TCGA-LUSC	Alive	1.216425	CENSORED		cbio_os_status	0
TCGA-NC-A5HI	TCGA-LUSC	Alive	57.303482	PROGRESSION		cbio_os_status	0
TCGA-NC-A5HJ	TCGA-LUSC	Dead	13.742315	PROGRESSION		cbio_os_status	0
TCGA-NC-A5HK	TCGA-LUSC	Alive	4.208173	CENSORED		cbio_os_status	0
TCGA-NC-A5HL	TCGA-LUSC	Dead	2.893119	CENSORED		cbio_os_status	0
TCGA-NC-A5HM	TCGA-LUSC	Alive	39.846139	CENSORED		cbio_os_status	0
TCGA-NC-A5HN	TCGA-LUSC	Alive	49.281652	CENSORED		cbio_os_status	0
TCGA-NC-A5HO	TCGA-LUSC	Alive	43.922806	CENSORED		cbio_os_status	0
TCGA-NC-A5HP	TCGA-LUSC	Dead	25.314791	PROGRESSION		cbio_os_status	0
TCGA-NC-A5HQ	TCGA-LUSC	Dead	14.728606	CENSORED		cbio_os_status	0
TCGA-NC-A5HR	TCGA-LUSC	Alive	40.898182	CENSORED		cbio_os_status	0
TCGA-NC-A5HT	TCGA-LUSC	Alive	26.432587	PROGRESSION		cbio_os_status	0
TCGA-ND-A4W6	TCGA-UCS	Dead	10.421804	PROGRESSION		cbio_os_status	0
TCGA-ND-A4WA	TCGA-UCS	Dead	23.473715	CENSORED		cbio_os_status	0
TCGA-ND-A4WC	TCGA-UCS	Alive	25.183286	CENSORED		cbio_os_status	0
TCGA-ND-A4WF	TCGA-UCS	Dead	5.490351	PROGRESSION		cbio_os_status	0
TCGA-NG-A4VU	TCGA-UCS	Dead	14.531348	PROGRESSION		cbio_os_status	0
TCGA-NG-A4VW	TCGA-UCS	Dead	31.199658	PROGRESSION		cbio_os_status	0
TCGA-NH-A50T	TCGA-COAD	Alive	18.180623	CENSORED		cbio_os_status	0
TCGA-NH-A50U	TCGA-COAD	Dead	10.980702	PROGRESSION		cbio_os_status	0
TCGA-NH-A50V	TCGA-COAD	Alive	19.331295	CENSORED		cbio_os_status	0
TCGA-NH-A5IV	TCGA-COAD	Alive	19.331295	CENSORED		cbio_os_status	0
TCGA-NH-A6GA	TCGA-COAD	Dead	9.928658	PROGRESSION		cbio_os_status	0
TCGA-NH-A6GB	TCGA-COAD	Alive	15.649144	CENSORED		cbio_os_status	0
TCGA-NH-A6GC	TCGA-COAD	Alive	12.788901	CENSORED		cbio_os_status	0
TCGA-NH-A8F7	TCGA-COAD	Alive	17.851859	CENSORED		cbio_os_status	0
TCGA-NH-A8F8	TCGA-COAD	Dead	16.799816	PROGRESSION		cbio_os_status	0
TCGA-NI-A4U2	TCGA-LIHC	Dead	58.881547	PROGRESSION		cbio_os_status	0
TCGA-NI-A8LF	TCGA-LIHC	Alive	26.268205	CENSORED		cbio_os_status	0
TCGA-NJ-A4YF	TCGA-LUAD	Alive	71.045797	CENSORED		cbio_os_status	0
TCGA-NJ-A4YG	TCGA-LUAD	Alive	74.333432	CENSORED		cbio_os_status	0
TCGA-NJ-A4YI	TCGA-LUAD	Dead	0.131505	CENSORED		cbio_os_status	0
TCGA-NJ-A4YP	TCGA-LUAD	Alive	1.643818	CENSORED		cbio_os_status	0
TCGA-NJ-A4YQ	TCGA-LUAD	Alive	47.078936	CENSORED		cbio_os_status	0
TCGA-NJ-A55A	TCGA-LUAD	Alive	0.493145	CENSORED		cbio_os_status	0
TCGA-NJ-A55O	TCGA-LUAD	Alive	0.427393	CENSORED		cbio_os_status	0
TCGA-NJ-A55R	TCGA-LUAD	Alive	19.824440	CENSORED		cbio_os_status	0
TCGA-NJ-A7XG	TCGA-LUAD	Alive	20.284709	CENSORED		cbio_os_status	0
TCGA-NK-A5CR	TCGA-LUSC	Alive	83.571687	CENSORED		cbio_os_status	0
TCGA-NK-A5CT	TCGA-LUSC	Alive	65.654075	PROGRESSION		cbio_os_status	0
TCGA-NK-A5CX	TCGA-LUSC	Alive	3.649275	CENSORED		cbio_os_status	0
TCGA-NK-A5D1	TCGA-LUSC	Alive				gdc_vital_status	0
TCGA-NK-A7XE	TCGA-LUSC	Alive	0.427393	CENSORED		cbio_os_status	0
TCGA-NP-A5B3	TCGA-KICH	Alive				gdc_vital_status	0
TCGA-NP-A5GY	TCGA-KICH	Dead				gdc_vital_status	0
TCGA-NP-A5GZ	TCGA-KICH	Alive				gdc_vital_status	0
TCGA-NP-A5H1	TCGA-KICH	Alive				gdc_vital_status	0
TCGA-NP-A5H5	TCGA-KICH	Alive				gdc_vital_status	0
TCGA-NP-A5H6	TCGA-KICH	Alive				gdc_vital_status	0
TCGA-NP-A5H7	TCGA-KICH	Alive				gdc_vital_status	0
TCGA-NQ-A57I	TCGA-MESO	Dead	0.657527	PROGRESSION		cbio_os_status	0
TCGA-NQ-A638	TCGA-MESO	Alive	0.000000	CENSORED		cbio_os_status	0
TCGA-O1-A52J	TCGA-LUAD	Dead	59.111681	PROGRESSION		cbio_os_status	0
TCGA-O2-A52N	TCGA-LUSC	Dead	33.073610	CENSORED		cbio_os_status	0
TCGA-O2-A52S	TCGA-LUSC	Dead	12.723148	PROGRESSION		cbio_os_status	0
TCGA-O2-A52V	TCGA-LUSC	Dead	43.889930	PROGRESSION		cbio_os_status	0
TCGA-O2-A52W	TCGA-LUSC	Dead	8.580728	CENSORED		cbio_os_status	0
TCGA-O2-A5IB	TCGA-LUSC	Dead	11.177960	PROGRESSION		cbio_os_status	0
TCGA-O8-A75V	TCGA-LIHC	Alive	17.687477	CENSORED		cbio_os_status	0
TCGA-O9-A75Z	TCGA-KIRP	Alive	15.484762	CENSORED		cbio_os_status	0
TCGA-OD-A75X	TCGA-SKCM	Dead	297.892626	PROGRESSION		cbio_os_status	0
TCGA-OE-A75W	TCGA-PAAD	Dead	8.777986	PROGRESSION		cbio_os_status	0
TCGA-OK-A5Q2	TCGA-BRCA_OTHERS	Alive	2.104087	CENSORED		cbio_os_status	0
TCGA-OL-A5D6	TCGA-BRCA_IDC	Dead	36.295493	CENSORED		cbio_os_status	0
TCGA-OL-A5D7	TCGA-BRCA_IDC	Alive	58.519907	CENSORED		cbio_os_status	0
TCGA-OL-A5D8	TCGA-BRCA_IDC	Alive	31.988691	CENSORED		cbio_os_status	0
TCGA-OL-A5DA	TCGA-BRCA_OTHERS	Alive	58.618536	CENSORED		cbio_os_status	0
TCGA-OL-A66H	TCGA-BRCA_OTHERS	Alive		CENSORED		cbio_os_status	0
TCGA-OL-A66I	TCGA-BRCA_IDC	Alive	23.473715	CENSORED		cbio_os_status	0
TCGA-OL-A66J	TCGA-BRCA_OTHERS	Alive	65.621199	CENSORED		cbio_os_status	0
TCGA-OL-A66K	TCGA-BRCA_OTHERS	Dead	41.917349	CENSORED		cbio_os_status	0
TCGA-OL-A66L	TCGA-BRCA_IDC	Alive	42.772134	CENSORED		cbio_os_status	0
TCGA-OL-A66N	TCGA-BRCA_OTHERS	Alive	26.038071	CENSORED		cbio_os_status	0
TCGA-OL-A66O	TCGA-BRCA_IDC	Alive	17.358714	CENSORED		cbio_os_status	0
TCGA-OL-A66P	TCGA-BRCA_IDC	Alive	14.071079	CENSORED		cbio_os_status	0
TCGA-OL-A6VO	TCGA-BRCA_IDC	Alive	28.207910	CENSORED		cbio_os_status	0
TCGA-OL-A6VQ	TCGA-BRCA_OTHERS	Alive	19.725811	CENSORED		cbio_os_status	0
TCGA-OL-A97C	TCGA-BRCA_OTHERS	Alive	8.909491	PROGRESSION		cbio_os_status	0
TCGA-OR-A5J1	TCGA-ACC	Dead	44.547457	PROGRESSION		cbio_os_status	0
TCGA-OR-A5J2	TCGA-ACC	Dead	55.133642	PROGRESSION		cbio_os_status	0
TCGA-OR-A5J3	TCGA-ACC	Alive	68.744452	PROGRESSION		cbio_os_status	0
TCGA-OR-A5J5	TCGA-ACC	Dead	11.999868	PROGRESSION		cbio_os_status	0
TCGA-OR-A5J6	TCGA-ACC	Alive	88.864780	CENSORED		cbio_os_status	0
TCGA-OR-A5J7	TCGA-ACC	Dead	16.109413	PROGRESSION		cbio_os_status	0
TCGA-OR-A5J8	TCGA-ACC	Dead	19.035408	PROGRESSION		cbio_os_status	0
TCGA-OR-A5J9	TCGA-ACC	Alive	44.448828	PROGRESSION		cbio_os_status	0
TCGA-OR-A5JA	TCGA-ACC	Dead	30.311997	PROGRESSION		cbio_os_status	0
TCGA-OR-A5JB	TCGA-ACC	Dead	18.114870	CENSORED		cbio_os_status	0
TCGA-OR-A5JC	TCGA-ACC	Dead	57.533616	CENSORED		cbio_os_status	0
TCGA-OR-A5JD	TCGA-ACC	Alive	99.878357	CENSORED		cbio_os_status	0
TCGA-OR-A5JE	TCGA-ACC	Dead	69.204721	PROGRESSION		cbio_os_status	0
TCGA-OR-A5JF	TCGA-ACC	Alive	66.245849	CENSORED		cbio_os_status	0
TCGA-OR-A5JG	TCGA-ACC	Dead	17.786106	PROGRESSION		cbio_os_status	0
TCGA-OR-A5JI	TCGA-ACC	Alive	76.634777	CENSORED		cbio_os_status	0
TCGA-OR-A5JJ	TCGA-ACC	Dead	16.109413	PROGRESSION		cbio_os_status	0
TCGA-OR-A5JK	TCGA-ACC	Alive	49.215899	CENSORED		cbio_os_status	0
TCGA-OR-A5JL	TCGA-ACC	Alive	67.593780	CENSORED		cbio_os_status	0
TCGA-OR-A5JM	TCGA-ACC	Dead	18.476510	PROGRESSION		cbio_os_status	0
TCGA-OR-A5JP	TCGA-ACC	Alive	15.254627	CENSORED		cbio_os_status	0
TCGA-OR-A5JQ	TCGA-ACC	Alive	36.262616	CENSORED		cbio_os_status	0
TCGA-OR-A5JR	TCGA-ACC	Alive	121.247986	CENSORED		cbio_os_status	0
TCGA-OR-A5JS	TCGA-ACC	Alive	12.591643	PROGRESSION		cbio_os_status	0
TCGA-OR-A5JT	TCGA-ACC	Alive	29.818851	CENSORED		cbio_os_status	0
TCGA-OR-A5JV	TCGA-ACC	Alive	66.508860	PROGRESSION		cbio_os_status	0
TCGA-OR-A5JW	TCGA-ACC	Alive	72.393727	CENSORED		cbio_os_status	0
TCGA-OR-A5JX	TCGA-ACC	Alive	31.232534	CENSORED		cbio_os_status	0
TCGA-OR-A5JY	TCGA-ACC	Dead	18.147746	PROGRESSION		cbio_os_status	0
TCGA-OR-A5JZ	TCGA-ACC	Alive	27.024361	PROGRESSION		cbio_os_status	0
TCGA-OR-A5K0	TCGA-ACC	Alive	33.829766	PROGRESSION		cbio_os_status	0
TCGA-OR-A5K1	TCGA-ACC	Alive	108.130322	PROGRESSION		cbio_os_status	0
TCGA-OR-A5K2	TCGA-ACC	Dead	32.679094	PROGRESSION		cbio_os_status	0
TCGA-OR-A5K3	TCGA-ACC	Alive	113.916560	CENSORED		cbio_os_status	0
TCGA-OR-A5K4	TCGA-ACC	Alive	35.572213	CENSORED		cbio_os_status	0
TCGA-OR-A5K5	TCGA-ACC	Dead	16.372423	PROGRESSION		cbio_os_status	0
TCGA-OR-A5K6	TCGA-ACC	Alive	49.084394	PROGRESSION		cbio_os_status	0
TCGA-OR-A5K8	TCGA-ACC	Alive	24.624388	CENSORED		cbio_os_status	0
TCGA-OR-A5K9	TCGA-ACC	Dead	11.309465	PROGRESSION		cbio_os_status	0
TCGA-OR-A5LK	TCGA-ACC	Alive	90.081205	CENSORED		cbio_os_status	0
TCGA-OR-A5LL	TCGA-ACC	Dead	53.029556	PROGRESSION		cbio_os_status	0
TCGA-OR-A5LM	TCGA-ACC	Alive	61.084262	CENSORED		cbio_os_status	0
TCGA-OR-A5LN	TCGA-ACC	Alive	76.996416	CENSORED		cbio_os_status	0
TCGA-OR-A5LO	TCGA-ACC	Dead	79.067627	PROGRESSION		cbio_os_status	0
TCGA-OR-A5LP	TCGA-ACC	Alive	61.051386	CENSORED		cbio_os_status	0
TCGA-OR-A5LR	TCGA-ACC	Alive	28.043528	CENSORED		cbio_os_status	0
TCGA-OR-A5LS	TCGA-ACC	Alive	36.032482	CENSORED		cbio_os_status	0
TCGA-OR-A5LT	TCGA-ACC	Alive	18.049117	CENSORED		cbio_os_status	0
TCGA-OU-A5PI	TCGA-ACC	Alive	38.498208	PROGRESSION		cbio_os_status	0
TCGA-OX-A56R	TCGA-GBM	Dead	5.917743	PROGRESSION		cbio_os_status	0
TCGA-OY-A56P	TCGA-OV	Alive	39.681757	PROGRESSION		cbio_os_status	0
TCGA-OY-A56Q	TCGA-OV	Alive	18.936779	CENSORED		cbio_os_status	0
TCGA-P3-A5Q5	TCGA-HNSC	Alive	29.917480	CENSORED		cbio_os_status	0
TCGA-P3-A5Q6	TCGA-HNSC	Dead	15.780649	PROGRESSION		cbio_os_status	0
TCGA-P3-A5QA	TCGA-HNSC	Alive	71.736200	PROGRESSION		cbio_os_status	0
TCGA-P3-A5QE	TCGA-HNSC	Alive	51.254233	CENSORED		cbio_os_status	0
TCGA-P3-A5QF	TCGA-HNSC	Dead	10.849196	PROGRESSION		cbio_os_status	0
TCGA-P3-A6SW	TCGA-HNSC	Alive	36.821514	CENSORED		cbio_os_status	0
TCGA-P3-A6SX	TCGA-HNSC	Dead	47.013183	CENSORED		cbio_os_status	0
TCGA-P3-A6T0	TCGA-HNSC	Alive	19.002531	PROGRESSION		cbio_os_status	0
TCGA-P3-A6T2	TCGA-HNSC	Alive	75.549857	CENSORED		cbio_os_status	0
TCGA-P3-A6T3	TCGA-HNSC	Dead	18.969655	PROGRESSION		cbio_os_status	0
TCGA-P3-A6T4	TCGA-HNSC	Dead	2.038334	PROGRESSION		cbio_os_status	0
TCGA-P3-A6T5	TCGA-HNSC	Dead	28.996942	PROGRESSION		cbio_os_status	0
TCGA-P3-A6T6	TCGA-HNSC	Dead	12.986159	PROGRESSION		cbio_os_status	0
TCGA-P3-A6T7	TCGA-HNSC	Dead	16.010783	CENSORED		cbio_os_status	0
TCGA-P3-A6T8	TCGA-HNSC	Alive	13.150541	CENSORED		cbio_os_status	0
TCGA-P4-A5E6	TCGA-KIRP	Alive	99.779728	CENSORED		cbio_os_status	0
TCGA-P4-A5E7	TCGA-KIRP	Alive	87.089457	CENSORED		cbio_os_status	0
TCGA-P4-A5E8	TCGA-KIRP	Dead	42.936516	PROGRESSION		cbio_os_status	0
TCGA-P4-A5EA	TCGA-KIRP	Dead	6.608147	PROGRESSION		cbio_os_status	0
TCGA-P4-A5EB	TCGA-KIRP	Alive	99.122201	CENSORED		cbio_os_status	0
TCGA-P4-A5ED	TCGA-KIRP	Alive	92.579807	CENSORED		cbio_os_status	0
TCGA-P4-AAVK	TCGA-KIRP	Alive	52.273400	PROGRESSION		cbio_os_status	0
TCGA-P4-AAVL	TCGA-KIRP	Dead	16.010783	PROGRESSION		cbio_os_status	0
TCGA-P4-AAVM	TCGA-KIRP	Alive	50.596706	CENSORED		cbio_os_status	0
TCGA-P4-AAVO	TCGA-KIRP	Alive	78.903245	CENSORED		cbio_os_status	0
TCGA-P5-A72U	TCGA-LGG	Alive	0.230134	CENSORED		cbio_os_status	0
TCGA-P5-A72W	TCGA-LGG	Alive	10.421804	CENSORED		cbio_os_status	0
TCGA-P5-A72X	TCGA-LGG	Alive	13.249170	CENSORED		cbio_os_status	0
TCGA-P5-A72Z	TCGA-LGG	Alive	11.638229	CENSORED		cbio_os_status	0
TCGA-P5-A730	TCGA-LGG	Alive	10.947825	CENSORED		cbio_os_status	0
TCGA-P5-A731	TCGA-LGG	Alive	9.008120	CENSORED		cbio_os_status	0
TCGA-P5-A733	TCGA-LGG	Alive	13.610810	CENSORED		cbio_os_status	0
TCGA-P5-A735	TCGA-LGG	Alive	9.599895	CENSORED		cbio_os_status	0
TCGA-P5-A736	TCGA-LGG	Alive	7.561561	CENSORED		cbio_os_status	0
TCGA-P5-A737	TCGA-LGG	Alive	12.230003	CENSORED		cbio_os_status	0
TCGA-P5-A77W	TCGA-LGG	Alive	19.199790	CENSORED		cbio_os_status	0
TCGA-P5-A77X	TCGA-LGG	Alive	3.452017	CENSORED		cbio_os_status	0
TCGA-P5-A780	TCGA-LGG	Alive	2.367097	CENSORED		cbio_os_status	0
TCGA-P5-A781	TCGA-LGG	Alive	4.405431	CENSORED		cbio_os_status	0
TCGA-P6-A5OG	TCGA-ACC	Dead				gdc_vital_status	0
TCGA-P7-A5NX	TCGA-PCPG	Alive	26.892856	CENSORED		cbio_os_status	0
TCGA-P7-A5NY	TCGA-PCPG	Alive	31.462669	CENSORED		cbio_os_status	0
TCGA-P8-A5KC	TCGA-PCPG	Alive	29.029819	CENSORED		cbio_os_status	0
TCGA-P8-A5KD	TCGA-PCPG	Alive	4.043791	CENSORED		cbio_os_status	0
TCGA-PA-A5YG	TCGA-ACC	Alive	24.854522	CENSORED		cbio_os_status	0
TCGA-PC-A5DK	TCGA-SARC	Alive	122.957557	CENSORED		cbio_os_status	0
TCGA-PC-A5DL	TCGA-SARC	Dead	37.544794	CENSORED		cbio_os_status	0
TCGA-PC-A5DM	TCGA-SARC	Dead				gdc_vital_status	0
TCGA-PC-A5DN	TCGA-SARC	Dead	38.629714	CENSORED		cbio_os_status	0
TCGA-PC-A5DO	TCGA-SARC	Dead	81.007331	PROGRESSION		cbio_os_status	0
TCGA-PC-A5DP	TCGA-SARC	Dead				gdc_vital_status	0
TCGA-PD-A5DF	TCGA-LIHC	Dead	21.007989	PROGRESSION		cbio_os_status	0
TCGA-PE-A5DC	TCGA-BRCA_OTHERS	Dead	47.013183	CENSORED		cbio_os_status	0
TCGA-PE-A5DD	TCGA-BRCA_OTHERS	Alive	64.207516	CENSORED		cbio_os_status	0
TCGA-PE-A5DE	TCGA-BRCA_OTHERS	Alive	86.957951	CENSORED		cbio_os_status	0
TCGA-PG-A5BC	TCGA-UCEC	Alive	23.243581	CENSORED		cbio_os_status	0
TCGA-PG-A6IB	TCGA-UCEC	Alive	21.303876	CENSORED		cbio_os_status	0
TCGA-PG-A7D5	TCGA-UCEC	Alive	38.695466	CENSORED		cbio_os_status	0
TCGA-PG-A914	TCGA-UCEC	Alive	22.586054	CENSORED		cbio_os_status	0
TCGA-PG-A916	TCGA-UCEC	Alive	17.161456	CENSORED		cbio_os_status	0
TCGA-PG-A917	TCGA-UCEC	Alive	6.969787	CENSORED		cbio_os_status	0
TCGA-PJ-A5Z8	TCGA-KIRP	Alive	19.725811	CENSORED		cbio_os_status	0
TCGA-PJ-A5Z9	TCGA-KIRP	Alive	17.753230	CENSORED		cbio_os_status	0
TCGA-PJ-A8JU	TCGA-KIRP	Alive				gdc_vital_status	0
TCGA-PK-A5H8	TCGA-ACC	Alive	119.111023	CENSORED		cbio_os_status	0
TCGA-PK-A5H9	TCGA-ACC	Alive	20.251833	CENSORED		cbio_os_status	0
TCGA-PK-A5HA	TCGA-ACC	Alive	39.484499	CENSORED		cbio_os_status	0
TCGA-PK-A5HB	TCGA-ACC	Alive	42.509123	PROGRESSION		cbio_os_status	0
TCGA-PK-A5HC	TCGA-ACC	Alive	22.323043	PROGRESSION		cbio_os_status	0
TCGA-PL-A8LV	TCGA-BRCA_IDC	Alive	0.000000	CENSORED		cbio_os_status	0
TCGA-PL-A8LX	TCGA-BRCA_IDC	Alive	0.164382	CENSORED		cbio_os_status	0
TCGA-PL-A8LY	TCGA-BRCA_IDC	Alive	0.263011	CENSORED		cbio_os_status	0
TCGA-PL-A8LZ	TCGA-BRCA_IDC	Alive	9.928658	CENSORED		cbio_os_status	0
TCGA-PN-A8MA	TCGA-CESC	Alive	2.958872	CENSORED		cbio_os_status	0
TCGA-PQ-A6FI	TCGA-BLCA	Alive	12.230003	CENSORED		cbio_os_status	0
TCGA-PQ-A6FN	TCGA-BLCA	Alive	16.668310	CENSORED		cbio_os_status	0
TCGA-PR-A5PF	TCGA-PCPG	Alive	17.950488	CENSORED		cbio_os_status	0
TCGA-PR-A5PG	TCGA-PCPG	Alive	81.697735	PROGRESSION		cbio_os_status	0
TCGA-PR-A5PH	TCGA-PCPG	Alive	28.076405	CENSORED		cbio_os_status	0
TCGA-PT-A8TR	TCGA-SARC	Alive				gdc_vital_status	0
TCGA-PZ-A5RE	TCGA-PAAD	Dead	15.451885	PROGRESSION		cbio_os_status	0
TCGA-Q1-A5R1	TCGA-CESC	Alive	15.583391	CENSORED		cbio_os_status	0
TCGA-Q1-A5R2	TCGA-CESC	Alive	16.405300	CENSORED		cbio_os_status	0
TCGA-Q1-A5R3	TCGA-CESC	Alive	15.945031	CENSORED		cbio_os_status	0
TCGA-Q1-A6DT	TCGA-CESC	Dead	9.040997	PROGRESSION		cbio_os_status	0
TCGA-Q1-A6DV	TCGA-CESC	Alive	16.142289	CENSORED		cbio_os_status	0
TCGA-Q1-A6DW	TCGA-CESC	Alive	17.555972	CENSORED		cbio_os_status	0
TCGA-Q1-A73O	TCGA-CESC	Alive	14.071079	CENSORED		cbio_os_status	0
TCGA-Q1-A73P	TCGA-CESC	Alive	15.879278	CENSORED		cbio_os_status	0
TCGA-Q1-A73Q	TCGA-CESC	Alive	9.336884	CENSORED		cbio_os_status	0
TCGA-Q1-A73R	TCGA-CESC	Alive	18.640892	CENSORED		cbio_os_status	0
TCGA-Q1-A73S	TCGA-CESC	Alive	22.618930	CENSORED		cbio_os_status	0
TCGA-Q2-A5QZ	TCGA-KIRP	Alive	14.071079	PROGRESSION		cbio_os_status	0
TCGA-Q3-A5QY	TCGA-PAAD	Alive	13.676562	CENSORED		cbio_os_status	0
TCGA-Q3-AA2A	TCGA-PAAD	Alive	3.123253	CENSORED		cbio_os_status	0
TCGA-Q9-A6FU	TCGA-ESCA	Dead	5.161587	PROGRESSION		cbio_os_status	0
TCGA-Q9-A6FW	TCGA-ESCA	Alive	7.824572	CENSORED		cbio_os_status	0
TCGA-QA-A7B7	TCGA-LIHC	Alive	3.090377	PROGRESSION		cbio_os_status	0
TCGA-QB-A6FS	TCGA-SKCM	Alive				gdc_vital_status	0
TCGA-QB-AA9O	TCGA-SKCM	Dead				gdc_vital_status	0
TCGA-QC-A6FX	TCGA-SARC	Alive	20.942236	CENSORED		cbio_os_status	0
TCGA-QC-A7B5	TCGA-SARC	Alive	13.084788	PROGRESSION		cbio_os_status	0
TCGA-QC-AA9N	TCGA-SARC	Alive	17.654601	CENSORED		cbio_os_status	0
TCGA-QD-A8IV	TCGA-THCA	Alive	12.887530	CENSORED		cbio_os_status	0
TCGA-QF-A5YS	TCGA-UCEC	Alive	22.651807	CENSORED		cbio_os_status	0
TCGA-QF-A5YT	TCGA-UCEC	Alive	39.944768	CENSORED		cbio_os_status	0
TCGA-QG-A5YV	TCGA-COAD	Alive	42.772134	CENSORED		cbio_os_status	0
TCGA-QG-A5YW	TCGA-COAD	Alive	29.457211	CENSORED		cbio_os_status	0
TCGA-QG-A5YX	TCGA-COAD	Alive	32.974981	CENSORED		cbio_os_status	0
TCGA-QG-A5Z1	TCGA-COAD	Dead	8.416346	CENSORED		cbio_os_status	0
TCGA-QG-A5Z2	TCGA-COAD	Alive	31.298287	CENSORED		cbio_os_status	0
TCGA-QH-A65R	TCGA-LGG	Alive	15.155998	CENSORED		cbio_os_status	0
TCGA-QH-A65S	TCGA-LGG	Alive	2.531479	CENSORED		cbio_os_status	0
TCGA-QH-A65V	TCGA-LGG	Alive	12.624519	CENSORED		cbio_os_status	0
TCGA-QH-A65X	TCGA-LGG	Alive	15.846402	CENSORED		cbio_os_status	0
TCGA-QH-A65Z	TCGA-LGG	Alive	14.038202	CENSORED		cbio_os_status	0
TCGA-QH-A6CS	TCGA-LGG	Alive	19.331295	PROGRESSION		cbio_os_status	0
TCGA-QH-A6CU	TCGA-LGG	Alive	14.827235	CENSORED		cbio_os_status	0
TCGA-QH-A6CV	TCGA-LGG	Alive	14.531348	CENSORED		cbio_os_status	0
TCGA-QH-A6CW	TCGA-LGG	Alive	13.610810	CENSORED		cbio_os_status	0
TCGA-QH-A6CX	TCGA-LGG	Dead	12.230003	PROGRESSION		cbio_os_status	0
TCGA-QH-A6CY	TCGA-LGG	Alive	13.413552	CENSORED		cbio_os_status	0
TCGA-QH-A6CZ	TCGA-LGG	Alive	9.172502	CENSORED		cbio_os_status	0
TCGA-QH-A6X3	TCGA-LGG	Alive	10.290298	CENSORED		cbio_os_status	0
TCGA-QH-A6X4	TCGA-LGG	Alive	14.531348	CENSORED		cbio_os_status	0
TCGA-QH-A6X5	TCGA-LGG	Alive	16.339547	CENSORED		cbio_os_status	0
TCGA-QH-A6X8	TCGA-LGG	Alive	16.734063	CENSORED		cbio_os_status	0
TCGA-QH-A6X9	TCGA-LGG	Alive	1.906828	CENSORED		cbio_os_status	0
TCGA-QH-A6XA	TCGA-LGG	Alive	16.503929	CENSORED		cbio_os_status	0
TCGA-QH-A6XC	TCGA-LGG	Alive	16.701187	PROGRESSION		cbio_os_status	0
TCGA-QH-A86X	TCGA-LGG	Alive	11.079331	CENSORED		cbio_os_status	0
TCGA-QH-A870	TCGA-LGG	Alive	12.986159	PROGRESSION		cbio_os_status	0
TCGA-QK-A64Z	TCGA-HNSC	Dead	21.073742	PROGRESSION		cbio_os_status	0
TCGA-QK-A652	TCGA-HNSC	Alive	21.205247	CENSORED		cbio_os_status	0
TCGA-QK-A6IF	TCGA-HNSC	Alive	23.144952	PROGRESSION		cbio_os_status	0
TCGA-QK-A6IG	TCGA-HNSC	Dead	7.298550	PROGRESSION		cbio_os_status	0
TCGA-QK-A6IH	TCGA-HNSC	Alive	21.468258	PROGRESSION		cbio_os_status	0
TCGA-QK-A6II	TCGA-HNSC	Dead	9.336884	PROGRESSION		cbio_os_status	0
TCGA-QK-A6IJ	TCGA-HNSC	Alive	12.723148	CENSORED		cbio_os_status	0
TCGA-QK-A6V9	TCGA-HNSC	Alive	27.386001	CENSORED		cbio_os_status	0
TCGA-QK-A6VB	TCGA-HNSC	Alive	21.073742	PROGRESSION		cbio_os_status	0
TCGA-QK-A6VC	TCGA-HNSC	Alive	19.725811	CENSORED		cbio_os_status	0
TCGA-QK-A8Z7	TCGA-HNSC	Alive	12.887530	CENSORED		cbio_os_status	0
TCGA-QK-A8Z8	TCGA-HNSC	Dead	5.621856	PROGRESSION		cbio_os_status	0
TCGA-QK-A8Z9	TCGA-HNSC	Dead	14.761482	PROGRESSION		cbio_os_status	0
TCGA-QK-A8ZA	TCGA-HNSC	Dead	12.197127	CENSORED		cbio_os_status	0
TCGA-QK-A8ZB	TCGA-HNSC	Alive	17.818983	CENSORED		cbio_os_status	0
TCGA-QK-AA3J	TCGA-HNSC	Alive	15.320380	CENSORED		cbio_os_status	0
TCGA-QK-AA3K	TCGA-HNSC	Alive	8.317717	CENSORED		cbio_os_status	0
TCGA-QL-A97D	TCGA-COAD	Alive	21.895650	CENSORED		cbio_os_status	0
TCGA-QM-A5NM	TCGA-UCS	Alive	19.298419	PROGRESSION		cbio_os_status	0
TCGA-QN-A5NN	TCGA-UCS	Alive	0.000000	CENSORED		cbio_os_status	0
TCGA-QQ-A5V2	TCGA-SARC	Alive	1.841076	CENSORED		cbio_os_status	0
TCGA-QQ-A5V9	TCGA-SARC	Dead	46.815925	PROGRESSION		cbio_os_status	0
TCGA-QQ-A5VA	TCGA-SARC	Dead	18.081994	PROGRESSION		cbio_os_status	0
TCGA-QQ-A5VB	TCGA-SARC	Dead	48.591248	PROGRESSION		cbio_os_status	0
TCGA-QQ-A5VC	TCGA-SARC	Alive	35.900976	CENSORED		cbio_os_status	0
TCGA-QQ-A5VD	TCGA-SARC	Alive	37.117401	CENSORED		cbio_os_status	0
TCGA-QQ-A8VB	TCGA-SARC	Alive	188.151363	PROGRESSION		cbio_os_status	0
TCGA-QQ-A8VD	TCGA-SARC	Alive	130.321859	PROGRESSION		cbio_os_status	0
TCGA-QQ-A8VF	TCGA-SARC	Alive	111.976855	CENSORED		cbio_os_status	0
TCGA-QQ-A8VG	TCGA-SARC	Dead	64.766414	PROGRESSION		cbio_os_status	0
TCGA-QQ-A8VH	TCGA-SARC	Dead	10.520433	PROGRESSION		cbio_os_status	0
TCGA-QR-A6GO	TCGA-PCPG	Alive	35.013315	CENSORED		cbio_os_status	0
TCGA-QR-A6GR	TCGA-PCPG	Alive	23.112075	CENSORED		cbio_os_status	0
TCGA-QR-A6GS	TCGA-PCPG	Alive	1.249301	CENSORED		cbio_os_status	0
TCGA-QR-A6GT	TCGA-PCPG	Alive	137.587533	PROGRESSION		cbio_os_status	0
TCGA-QR-A6GU	TCGA-PCPG	Alive	58.881547	CENSORED		cbio_os_status	0
TCGA-QR-A6GW	TCGA-PCPG	Alive	16.142289	CENSORED		cbio_os_status	0
TCGA-QR-A6GX	TCGA-PCPG	Alive	19.035408	CENSORED		cbio_os_status	0
TCGA-QR-A6GY	TCGA-PCPG	Alive	1.052043	CENSORED		cbio_os_status	0
TCGA-QR-A6GZ	TCGA-PCPG	Alive	30.509255	CENSORED		cbio_os_status	0
TCGA-QR-A6H0	TCGA-PCPG	Alive	9.205379	CENSORED		cbio_os_status	0
TCGA-QR-A6H1	TCGA-PCPG	Alive	14.169708	CENSORED		cbio_os_status	0
TCGA-QR-A6H2	TCGA-PCPG	Alive	9.928658	CENSORED		cbio_os_status	0
TCGA-QR-A6H3	TCGA-PCPG	Alive	14.268337	CENSORED		cbio_os_status	0
TCGA-QR-A6H4	TCGA-PCPG	Alive	87.483973	CENSORED		cbio_os_status	0
TCGA-QR-A6H5	TCGA-PCPG	Alive	31.528422	CENSORED		cbio_os_status	0
TCGA-QR-A6H6	TCGA-PCPG	Alive	15.583391	CENSORED		cbio_os_status	0
TCGA-QR-A6ZZ	TCGA-PCPG	Alive	1.578065	CENSORED		cbio_os_status	0
TCGA-QR-A700	TCGA-PCPG	Alive	32.153072	PROGRESSION		cbio_os_status	0
TCGA-QR-A702	TCGA-PCPG	Alive	1.282178	CENSORED		cbio_os_status	0
TCGA-QR-A703	TCGA-PCPG	Alive	38.366703	PROGRESSION		cbio_os_status	0
TCGA-QR-A705	TCGA-PCPG	Alive	10.421804	CENSORED		cbio_os_status	0
TCGA-QR-A706	TCGA-PCPG	Alive	4.109544	CENSORED		cbio_os_status	0
TCGA-QR-A707	TCGA-PCPG	Alive	13.084788	CENSORED		cbio_os_status	0
TCGA-QR-A708	TCGA-PCPG	Alive	1.150672	CENSORED		cbio_os_status	0
TCGA-QR-A70A	TCGA-PCPG	Alive	69.664990	CENSORED		cbio_os_status	0
TCGA-QR-A70C	TCGA-PCPG	Alive	116.185028	CENSORED		cbio_os_status	0
TCGA-QR-A70D	TCGA-PCPG	Alive	0.230134	CENSORED		cbio_os_status	0
TCGA-QR-A70E	TCGA-PCPG	Alive	6.312260	CENSORED		cbio_os_status	0
TCGA-QR-A70G	TCGA-PCPG	Alive	2.334221	CENSORED		cbio_os_status	0
TCGA-QR-A70H	TCGA-PCPG	Alive	26.827103	CENSORED		cbio_os_status	0
TCGA-QR-A70I	TCGA-PCPG	Alive	29.917480	CENSORED		cbio_os_status	0
TCGA-QR-A70J	TCGA-PCPG	Alive	13.117664	CENSORED		cbio_os_status	0
TCGA-QR-A70K	TCGA-PCPG	Alive	9.008120	CENSORED		cbio_os_status	0
TCGA-QR-A70M	TCGA-PCPG	Alive	33.994148	CENSORED		cbio_os_status	0
TCGA-QR-A70N	TCGA-PCPG	Alive	1.413683	CENSORED		cbio_os_status	0
TCGA-QR-A70O	TCGA-PCPG	Alive	3.649275	CENSORED		cbio_os_status	0
TCGA-QR-A70P	TCGA-PCPG	Dead	117.138442	PROGRESSION		cbio_os_status	0
TCGA-QR-A70Q	TCGA-PCPG	Alive	4.602689	CENSORED		cbio_os_status	0
TCGA-QR-A70R	TCGA-PCPG	Alive	14.202584	CENSORED		cbio_os_status	0
TCGA-QR-A70T	TCGA-PCPG	Alive	8.777986	CENSORED		cbio_os_status	0
TCGA-QR-A70U	TCGA-PCPG	Alive	48.426867	CENSORED		cbio_os_status	0
TCGA-QR-A70V	TCGA-PCPG	Alive	0.065753	CENSORED		cbio_os_status	0
TCGA-QR-A70W	TCGA-PCPG	Alive	41.785843	CENSORED		cbio_os_status	0
TCGA-QR-A70X	TCGA-PCPG	Alive	6.016372	CENSORED		cbio_os_status	0
TCGA-QR-A7IN	TCGA-PCPG	Alive	12.394385	CENSORED		cbio_os_status	0
TCGA-QR-A7IP	TCGA-PCPG	Alive	17.950488	CENSORED		cbio_os_status	0
TCGA-QS-A5YQ	TCGA-UCEC	Alive	24.953151	CENSORED		cbio_os_status	0
TCGA-QS-A5YR	TCGA-UCEC	Alive	23.638097	CENSORED		cbio_os_status	0
TCGA-QS-A744	TCGA-UCEC	Alive	14.827235	CENSORED		cbio_os_status	0
TCGA-QS-A8F1	TCGA-UCEC	Dead	4.438308	PROGRESSION		cbio_os_status	0
TCGA-QT-A5XJ	TCGA-PCPG	Alive	36.229740	PROGRESSION		cbio_os_status	0
TCGA-QT-A5XK	TCGA-PCPG	Alive	6.936910	CENSORED		cbio_os_status	0
TCGA-QT-A5XL	TCGA-PCPG	Alive	1.808199	CENSORED		cbio_os_status	0
TCGA-QT-A5XM	TCGA-PCPG	Alive	0.723280	CENSORED		cbio_os_status	0
TCGA-QT-A5XN	TCGA-PCPG	Alive	25.183286	CENSORED		cbio_os_status	0
TCGA-QT-A5XO	TCGA-PCPG	Alive	2.301345	CENSORED		cbio_os_status	0
TCGA-QT-A5XP	TCGA-PCPG	Alive	4.405431	CENSORED		cbio_os_status	0
TCGA-QT-A69Q	TCGA-PCPG	Alive	0.789032	CENSORED		cbio_os_status	0
TCGA-QT-A7U0	TCGA-PCPG	Alive	13.084788	CENSORED		cbio_os_status	0
TCGA-QU-A6IL	TCGA-PRAD	Alive	3.189006	CENSORED		cbio_os_status	0
TCGA-QU-A6IM	TCGA-PRAD	Alive	40.996811	CENSORED		cbio_os_status	0
TCGA-QU-A6IN	TCGA-PRAD	Alive	140.184765	CENSORED		cbio_os_status	0
TCGA-QU-A6IO	TCGA-PRAD	Alive	122.168524	CENSORED		cbio_os_status	0
TCGA-QU-A6IP	TCGA-PRAD	Alive	86.136042	CENSORED		cbio_os_status	0
TCGA-R5-A7O7	TCGA-STAD	Alive	45.665253	CENSORED		cbio_os_status	0
TCGA-R5-A7ZE	TCGA-STAD	Dead	18.213499	PROGRESSION		cbio_os_status	0
TCGA-R5-A7ZF	TCGA-STAD	Dead	8.514975	PROGRESSION		cbio_os_status	0
TCGA-R5-A7ZI	TCGA-STAD	Alive	74.530690	CENSORED		cbio_os_status	0
TCGA-R5-A7ZR	TCGA-STAD	Dead	6.082125	PROGRESSION		cbio_os_status	0
TCGA-R5-A804	TCGA-STAD	Dead	4.602689	PROGRESSION		cbio_os_status	0
TCGA-R5-A805	TCGA-STAD	Dead	9.238255	PROGRESSION		cbio_os_status	0
TCGA-R6-A6DN	TCGA-ESCA	Dead	7.988954	PROGRESSION		cbio_os_status	0
TCGA-R6-A6DQ	TCGA-ESCA	Dead	7.594437	PROGRESSION		cbio_os_status	0
TCGA-R6-A6KZ	TCGA-ESCA	Dead	5.062958	PROGRESSION		cbio_os_status	0
TCGA-R6-A6L4	TCGA-ESCA	Dead	16.306671	PROGRESSION		cbio_os_status	0
TCGA-R6-A6L6	TCGA-ESCA	Dead	7.035539	PROGRESSION		cbio_os_status	0
TCGA-R6-A6XG	TCGA-ESCA	Alive	38.399579	PROGRESSION		cbio_os_status	0
TCGA-R6-A6XQ	TCGA-ESCA	Dead	6.345136	PROGRESSION		cbio_os_status	0
TCGA-R6-A6Y0	TCGA-ESCA	Alive	53.950094	CENSORED		cbio_os_status	0
TCGA-R6-A6Y2	TCGA-ESCA	Dead	9.304008	PROGRESSION		cbio_os_status	0
TCGA-R6-A8W5	TCGA-ESCA	Dead	15.780649	PROGRESSION		cbio_os_status	0
TCGA-R6-A8W8	TCGA-ESCA	Dead	2.893119	PROGRESSION		cbio_os_status	0
TCGA-R6-A8WC	TCGA-ESCA	Alive	2.301345	CENSORED		cbio_os_status	0
TCGA-R6-A8WG	TCGA-ESCA	Dead	12.690272	PROGRESSION		cbio_os_status	0
TCGA-R8-A6MK	TCGA-LGG	Alive	88.831903	CENSORED		cbio_os_status	0
TCGA-R8-A6ML	TCGA-LGG	Alive	94.026367	CENSORED		cbio_os_status	0
TCGA-R8-A6MO	TCGA-LGG	Alive	32.646218	CENSORED		cbio_os_status	0
TCGA-R8-A6YH	TCGA-LGG	Unknown				missing	0
TCGA-R8-A73M	TCGA-LGG	Alive				gdc_vital_status	0
TCGA-RA-A741	TCGA-CESC	Alive	14.597100	CENSORED		cbio_os_status	0
TCGA-RB-A7B8	TCGA-PAAD	Dead	15.320380	PROGRESSION		cbio_os_status	0
TCGA-RB-AA9M	TCGA-PAAD	Alive	9.402637	PROGRESSION		cbio_os_status	0
TCGA-RC-A6M3	TCGA-LIHC	Alive	0.000000	CENSORED		cbio_os_status	0
TCGA-RC-A6M4	TCGA-LIHC	Alive	0.723280	CENSORED		cbio_os_status	0
TCGA-RC-A6M5	TCGA-LIHC	Alive	0.493145	CENSORED		cbio_os_status	0
TCGA-RC-A6M6	TCGA-LIHC	Alive	0.295887	CENSORED		cbio_os_status	0
TCGA-RC-A7S9	TCGA-LIHC	Alive	21.040865	CENSORED		cbio_os_status	0
TCGA-RC-A7SB	TCGA-LIHC	Alive	19.331295	CENSORED		cbio_os_status	0
TCGA-RC-A7SF	TCGA-LIHC	Alive	19.035408	PROGRESSION		cbio_os_status	0
TCGA-RC-A7SH	TCGA-LIHC	Alive	15.386133	PROGRESSION		cbio_os_status	0
TCGA-RC-A7SK	TCGA-LIHC	Alive	15.517638	PROGRESSION		cbio_os_status	0
TCGA-RD-A7BS	TCGA-STAD	Dead	11.046454	PROGRESSION		cbio_os_status	0
TCGA-RD-A7BT	TCGA-STAD	Dead	8.613604	PROGRESSION		cbio_os_status	0
TCGA-RD-A7BW	TCGA-STAD	Dead	5.128711	CENSORED		cbio_os_status	0
TCGA-RD-A7C1	TCGA-STAD	Dead	16.668310	PROGRESSION		cbio_os_status	0
TCGA-RD-A8MV	TCGA-STAD	Alive	122.300030	CENSORED		cbio_os_status	0
TCGA-RD-A8MW	TCGA-STAD	Dead	37.906434	PROGRESSION		cbio_os_status	0
TCGA-RD-A8N0	TCGA-STAD	Alive	40.635171	CENSORED		cbio_os_status	0
TCGA-RD-A8N1	TCGA-STAD	Alive	115.691883	CENSORED		cbio_os_status	0
TCGA-RD-A8N2	TCGA-STAD	Alive	116.382286	CENSORED		cbio_os_status	0
TCGA-RD-A8N4	TCGA-STAD	Alive	71.374560	CENSORED		cbio_os_status	0
TCGA-RD-A8N5	TCGA-STAD	Dead	57.434987	CENSORED		cbio_os_status	0
TCGA-RD-A8N6	TCGA-STAD	Dead	8.942368	PROGRESSION		cbio_os_status	0
TCGA-RD-A8N9	TCGA-STAD	Alive	35.605089	CENSORED		cbio_os_status	0
TCGA-RD-A8NB	TCGA-STAD	Dead	16.865569	PROGRESSION		cbio_os_status	0
TCGA-RE-A7BO	TCGA-ESCA	Dead	7.002663	CENSORED		cbio_os_status	0
TCGA-RG-A7D4	TCGA-LIHC	Alive	36.098235	CENSORED		cbio_os_status	0
TCGA-RL-AAAS	TCGA-PAAD	Alive	0.295887	CENSORED		cbio_os_status	0
TCGA-RM-A68T	TCGA-PCPG	Alive	77.982707	CENSORED		cbio_os_status	0
TCGA-RM-A68W	TCGA-PCPG	Alive	0.920538	CENSORED		cbio_os_status	0
TCGA-RN-A68Q	TCGA-SARC	Alive	0.723280	CENSORED		cbio_os_status	0
TCGA-RN-AAAQ	TCGA-SARC	Alive	16.766940	PROGRESSION		cbio_os_status	0
TCGA-RP-A690	TCGA-SKCM	Alive				gdc_vital_status	0
TCGA-RP-A693	TCGA-SKCM	Alive				gdc_vital_status	0
TCGA-RP-A694	TCGA-SKCM	Alive				gdc_vital_status	0
TCGA-RP-A695	TCGA-SKCM	Alive				gdc_vital_status	0
TCGA-RP-A6K9	TCGA-SKCM	Alive				gdc_vital_status	0
TCGA-RQ-A68N	TCGA-DLBC	Alive	25.906565	CENSORED		cbio_os_status	0
TCGA-RQ-A6JB	TCGA-DLBC	Alive	0.032876	CENSORED		cbio_os_status	0
TCGA-RQ-AAAT	TCGA-DLBC	Alive	0.558898	CENSORED		cbio_os_status	0
TCGA-RR-A6KA	TCGA-GBM	Dead	6.279383	PROGRESSION		cbio_os_status	0
TCGA-RR-A6KB	TCGA-GBM	Alive	0.000000	CENSORED		cbio_os_status	0
TCGA-RR-A6KC	TCGA-GBM	Dead	20.547720	PROGRESSION		cbio_os_status	0
TCGA-RS-A6TO	TCGA-HNSC	Dead	12.723148	PROGRESSION		cbio_os_status	0
TCGA-RS-A6TP	TCGA-HNSC	Alive	16.964198	CENSORED		cbio_os_status	0
TCGA-RT-A6Y9	TCGA-PCPG	Alive	108.261827	PROGRESSION		cbio_os_status	0
TCGA-RT-A6YA	TCGA-PCPG	Alive	50.629582	CENSORED		cbio_os_status	0
TCGA-RT-A6YC	TCGA-PCPG	Alive	8.087583	CENSORED		cbio_os_status	0
TCGA-RW-A67V	TCGA-PCPG	Alive	86.892198	PROGRESSION		cbio_os_status	0
TCGA-RW-A67W	TCGA-PCPG	Alive	19.857317	CENSORED		cbio_os_status	0
TCGA-RW-A67X	TCGA-PCPG	Alive	2.925995	CENSORED		cbio_os_status	0
TCGA-RW-A67Y	TCGA-PCPG	Alive	7.101292	CENSORED		cbio_os_status	0
TCGA-RW-A680	TCGA-PCPG	Alive	47.637834	CENSORED		cbio_os_status	0
TCGA-RW-A681	TCGA-PCPG	Alive	37.511918	CENSORED		cbio_os_status	0
TCGA-RW-A684	TCGA-PCPG	Alive	1.052043	CENSORED		cbio_os_status	0
TCGA-RW-A685	TCGA-PCPG	Alive	0.854785	CENSORED		cbio_os_status	0
TCGA-RW-A686	TCGA-PCPG	Alive	19.298419	CENSORED		cbio_os_status	0
TCGA-RW-A688	TCGA-PCPG	Alive	1.216425	PROGRESSION		cbio_os_status	0
TCGA-RW-A689	TCGA-PCPG	Alive	27.221619	CENSORED		cbio_os_status	0
TCGA-RW-A68A	TCGA-PCPG	Alive	25.051780	CENSORED		cbio_os_status	0
TCGA-RW-A68B	TCGA-PCPG	Alive	23.901108	CENSORED		cbio_os_status	0
TCGA-RW-A68C	TCGA-PCPG	Alive	6.279383	CENSORED		cbio_os_status	0
TCGA-RW-A68D	TCGA-PCPG	Alive	72.788243	CENSORED		cbio_os_status	0
TCGA-RW-A68F	TCGA-PCPG	Alive	44.514581	CENSORED		cbio_os_status	0
TCGA-RW-A68G	TCGA-PCPG	Alive	41.884472	CENSORED		cbio_os_status	0
TCGA-RW-A7CZ	TCGA-PCPG	Alive	13.873821	CENSORED		cbio_os_status	0
TCGA-RW-A7D0	TCGA-PCPG	Alive	11.572476	CENSORED		cbio_os_status	0
TCGA-RW-A8AZ	TCGA-PCPG	Dead	2.893119	CENSORED		cbio_os_status	0
TCGA-RX-A8JQ	TCGA-PCPG	Alive	20.087451	CENSORED		cbio_os_status	0
TCGA-RY-A83X	TCGA-LGG	Alive	30.870895	CENSORED		cbio_os_status	0
TCGA-RY-A83Y	TCGA-LGG	Alive	5.457474	CENSORED		cbio_os_status	0
TCGA-RY-A83Z	TCGA-LGG	Alive	9.895782	CENSORED		cbio_os_status	0
TCGA-RY-A840	TCGA-LGG	Alive	28.076405	CENSORED		cbio_os_status	0
TCGA-RY-A843	TCGA-LGG	Alive	2.071210	CENSORED		cbio_os_status	0
TCGA-RY-A845	TCGA-LGG	Alive	19.594306	CENSORED		cbio_os_status	0
TCGA-RY-A847	TCGA-LGG	Alive	30.673636	CENSORED		cbio_os_status	0
TCGA-RZ-AB0B	TCGA-UVM	Dead	4.898576	CENSORED		cbio_os_status	0
TCGA-S2-AA1A	TCGA-LUAD	Alive	16.865569	CENSORED		cbio_os_status	0
TCGA-S3-A6ZF	TCGA-BRCA_IDC	Alive	18.805273	CENSORED		cbio_os_status	0
TCGA-S3-A6ZG	TCGA-BRCA_OTHERS	Alive	18.476510	CENSORED		cbio_os_status	0
TCGA-S3-A6ZH	TCGA-BRCA_IDC	Alive	21.073742	CENSORED		cbio_os_status	0
TCGA-S3-AA0Z	TCGA-BRCA_IDC	Alive	20.679225	CENSORED		cbio_os_status	0
TCGA-S3-AA10	TCGA-BRCA_IDC	Alive	19.265542	CENSORED		cbio_os_status	0
TCGA-S3-AA11	TCGA-BRCA_IDC	Alive	13.840944	CENSORED		cbio_os_status	0
TCGA-S3-AA12	TCGA-BRCA_IDC	Alive	18.871026	CENSORED		cbio_os_status	0
TCGA-S3-AA14	TCGA-BRCA_IDC	Alive	17.391590	CENSORED		cbio_os_status	0
TCGA-S3-AA15	TCGA-BRCA_IDC	Alive	17.260085	CENSORED		cbio_os_status	0
TCGA-S3-AA17	TCGA-BRCA_IDC	Alive	13.939573	CENSORED		cbio_os_status	0
TCGA-S4-A8RM	TCGA-PAAD	Alive	24.229871	CENSORED		cbio_os_status	0
TCGA-S4-A8RO	TCGA-PAAD	Alive	17.260085	PROGRESSION		cbio_os_status	0
TCGA-S4-A8RP	TCGA-PAAD	Dead	23.079199	CENSORED		cbio_os_status	0
TCGA-S5-A6DX	TCGA-BLCA	Dead	1.841076	PROGRESSION		cbio_os_status	0
TCGA-S5-AA26	TCGA-BLCA	Alive	16.536805	CENSORED		cbio_os_status	0
TCGA-S6-A8JW	TCGA-TGCT	Alive	22.947694	CENSORED		cbio_os_status	0
TCGA-S6-A8JX	TCGA-TGCT	Alive	18.147746	CENSORED		cbio_os_status	0
TCGA-S6-A8JY	TCGA-TGCT	Alive	9.139626	CENSORED		cbio_os_status	0
TCGA-S7-A7WL	TCGA-PCPG	Alive	31.594174	CENSORED		cbio_os_status	0
TCGA-S7-A7WM	TCGA-PCPG	Alive	36.558503	CENSORED		cbio_os_status	0
TCGA-S7-A7WN	TCGA-PCPG	Alive	37.248907	CENSORED		cbio_os_status	0
TCGA-S7-A7WO	TCGA-PCPG	Alive	35.506460	CENSORED		cbio_os_status	0
TCGA-S7-A7WP	TCGA-PCPG	Alive	31.035276	CENSORED		cbio_os_status	0
TCGA-S7-A7WQ	TCGA-PCPG	Alive	26.958609	CENSORED		cbio_os_status	0
TCGA-S7-A7WR	TCGA-PCPG	Alive	40.700924	CENSORED		cbio_os_status	0
TCGA-S7-A7WT	TCGA-PCPG	Alive	42.772134	CENSORED		cbio_os_status	0
TCGA-S7-A7WU	TCGA-PCPG	Alive	30.509255	CENSORED		cbio_os_status	0
TCGA-S7-A7WV	TCGA-PCPG	Alive	27.912023	CENSORED		cbio_os_status	0
TCGA-S7-A7WW	TCGA-PCPG	Alive	23.210705	CENSORED		cbio_os_status	0
TCGA-S7-A7WX	TCGA-PCPG	Alive	25.314791	CENSORED		cbio_os_status	0
TCGA-S7-A7X0	TCGA-PCPG	Alive	17.950488	CENSORED		cbio_os_status	0
TCGA-S7-A7X1	TCGA-PCPG	Alive	18.936779	CENSORED		cbio_os_status	0
TCGA-S7-A7X2	TCGA-PCPG	Alive	24.196995	CENSORED		cbio_os_status	0
TCGA-S8-A6BV	TCGA-ESCA	Alive	20.021698	PROGRESSION		cbio_os_status	0
TCGA-S8-A6BW	TCGA-ESCA	Alive	20.383338	CENSORED		cbio_os_status	0
TCGA-S9-A6TS	TCGA-LGG	Dead	62.169182	PROGRESSION		cbio_os_status	0
TCGA-S9-A6TU	TCGA-LGG	Alive	87.122333	PROGRESSION		cbio_os_status	0
TCGA-S9-A6TV	TCGA-LGG	Alive	18.772397	CENSORED		cbio_os_status	0
TCGA-S9-A6TW	TCGA-LGG	Alive	41.095440	PROGRESSION		cbio_os_status	0
TCGA-S9-A6TX	TCGA-LGG	Alive	40.931058	PROGRESSION		cbio_os_status	0
TCGA-S9-A6TY	TCGA-LGG	Alive	35.374955	CENSORED		cbio_os_status	0
TCGA-S9-A6TZ	TCGA-LGG	Alive	36.821514	PROGRESSION		cbio_os_status	0
TCGA-S9-A6U0	TCGA-LGG	Dead	24.394253	PROGRESSION		cbio_os_status	0
TCGA-S9-A6U1	TCGA-LGG	Alive	25.807936	CENSORED		cbio_os_status	0
TCGA-S9-A6U2	TCGA-LGG	Alive	29.851728	CENSORED		cbio_os_status	0
TCGA-S9-A6U5	TCGA-LGG	Alive	32.613341	CENSORED		cbio_os_status	0
TCGA-S9-A6U6	TCGA-LGG	Alive	35.144820	CENSORED		cbio_os_status	0
TCGA-S9-A6U8	TCGA-LGG	Dead	98.234540	PROGRESSION		cbio_os_status	0
TCGA-S9-A6U9	TCGA-LGG	Alive	95.933195	CENSORED		cbio_os_status	0
TCGA-S9-A6UA	TCGA-LGG	Dead	5.851991	PROGRESSION		cbio_os_status	0
TCGA-S9-A6UB	TCGA-LGG	Alive	123.647960	CENSORED		cbio_os_status	0
TCGA-S9-A6WD	TCGA-LGG	Alive	75.253970	CENSORED		cbio_os_status	0
TCGA-S9-A6WE	TCGA-LGG	Alive	135.220436	CENSORED		cbio_os_status	0
TCGA-S9-A6WG	TCGA-LGG	Alive	85.544268	CENSORED		cbio_os_status	0
TCGA-S9-A6WH	TCGA-LGG	Alive	38.563961	CENSORED		cbio_os_status	0
TCGA-S9-A6WI	TCGA-LGG	Alive	84.985370	CENSORED		cbio_os_status	0
TCGA-S9-A6WL	TCGA-LGG	Alive	31.101029	PROGRESSION		cbio_os_status	0
TCGA-S9-A6WM	TCGA-LGG	Alive	19.857317	PROGRESSION		cbio_os_status	0
TCGA-S9-A6WN	TCGA-LGG	Alive	26.465463	PROGRESSION		cbio_os_status	0
TCGA-S9-A6WO	TCGA-LGG	Alive	18.608015	PROGRESSION		cbio_os_status	0
TCGA-S9-A6WP	TCGA-LGG	Alive	18.640892	CENSORED		cbio_os_status	0
TCGA-S9-A6WQ	TCGA-LGG	Alive	14.071079	CENSORED		cbio_os_status	0
TCGA-S9-A7IQ	TCGA-LGG	Alive	36.131111	CENSORED		cbio_os_status	0
TCGA-S9-A7IS	TCGA-LGG	Dead	7.923201	PROGRESSION		cbio_os_status	0
TCGA-S9-A7IX	TCGA-LGG	Dead	26.925732	PROGRESSION		cbio_os_status	0
TCGA-S9-A7IY	TCGA-LGG	Alive	23.506592	CENSORED		cbio_os_status	0
TCGA-S9-A7IZ	TCGA-LGG	Alive	19.988822	PROGRESSION		cbio_os_status	0
TCGA-S9-A7J0	TCGA-LGG	Alive	20.021698	PROGRESSION		cbio_os_status	0
TCGA-S9-A7J1	TCGA-LGG	Alive	8.186212	CENSORED		cbio_os_status	0
TCGA-S9-A7J2	TCGA-LGG	Alive	2.038334	CENSORED		cbio_os_status	0
TCGA-S9-A7J3	TCGA-LGG	Alive	20.679225	CENSORED		cbio_os_status	0
TCGA-S9-A7QW	TCGA-LGG	Alive	15.057369	PROGRESSION		cbio_os_status	0
TCGA-S9-A7QX	TCGA-LGG	Alive	18.542263	CENSORED		cbio_os_status	0
TCGA-S9-A7QY	TCGA-LGG	Alive	28.372292	CENSORED		cbio_os_status	0
TCGA-S9-A7QZ	TCGA-LGG	Alive	27.155867	PROGRESSION		cbio_os_status	0
TCGA-S9-A7R1	TCGA-LGG	Dead	169.839235	PROGRESSION		cbio_os_status	0
TCGA-S9-A7R2	TCGA-LGG	Dead	10.388927	PROGRESSION		cbio_os_status	0
TCGA-S9-A7R3	TCGA-LGG	Alive	99.056449	PROGRESSION		cbio_os_status	0
TCGA-S9-A7R4	TCGA-LGG	Alive	30.048986	CENSORED		cbio_os_status	0
TCGA-S9-A7R7	TCGA-LGG	Alive	98.629056	PROGRESSION		cbio_os_status	0
TCGA-S9-A7R8	TCGA-LGG	Dead	31.594174	PROGRESSION		cbio_os_status	0
TCGA-S9-A89V	TCGA-LGG	Alive	18.706644	PROGRESSION		cbio_os_status	0
TCGA-S9-A89Z	TCGA-LGG	Alive	20.481967	CENSORED		cbio_os_status	0
TCGA-SA-A6C2	TCGA-PCPG	Alive	9.731400	CENSORED		cbio_os_status	0
TCGA-SB-A6J6	TCGA-TGCT	Alive	13.577933	CENSORED		cbio_os_status	0
TCGA-SB-A76C	TCGA-TGCT	Alive	1.380807	CENSORED		cbio_os_status	0
TCGA-SC-A6LM	TCGA-MESO	Dead	28.964066	PROGRESSION		cbio_os_status	0
TCGA-SC-A6LN	TCGA-MESO	Dead	13.610810	CENSORED		cbio_os_status	0
TCGA-SC-A6LP	TCGA-MESO	Dead	2.564355	PROGRESSION		cbio_os_status	0
TCGA-SC-A6LQ	TCGA-MESO	Dead	9.764277	PROGRESSION		cbio_os_status	0
TCGA-SC-A6LR	TCGA-MESO	Alive	38.399579	CENSORED		cbio_os_status	0
TCGA-SC-AA5Z	TCGA-MESO	Alive	21.829898	CENSORED		cbio_os_status	0
TCGA-SG-A6Z4	TCGA-SARC	Alive	18.936779	PROGRESSION		cbio_os_status	0
TCGA-SG-A6Z7	TCGA-SARC	Dead	3.879410	CENSORED		cbio_os_status	0
TCGA-SG-A849	TCGA-SARC	Alive	17.523096	CENSORED		cbio_os_status	0
TCGA-SH-A7BC	TCGA-MESO	Dead	23.901108	PROGRESSION		cbio_os_status	0
TCGA-SH-A7BD	TCGA-MESO	Dead	15.090246	PROGRESSION		cbio_os_status	0
TCGA-SH-A7BH	TCGA-MESO	Dead	7.988954	PROGRESSION		cbio_os_status	0
TCGA-SH-A9CT	TCGA-MESO	Dead	14.761482	PROGRESSION		cbio_os_status	0
TCGA-SH-A9CU	TCGA-MESO	Dead	24.065490	PROGRESSION		cbio_os_status	0
TCGA-SI-A71O	TCGA-SARC	Dead	22.816188	PROGRESSION		cbio_os_status	0
TCGA-SI-A71P	TCGA-SARC	Alive	25.347667	CENSORED		cbio_os_status	0
TCGA-SI-A71Q	TCGA-SARC	Alive	32.744847	CENSORED		cbio_os_status	0
TCGA-SI-AA8B	TCGA-SARC	Dead	8.613604	PROGRESSION		cbio_os_status	0
TCGA-SI-AA8C	TCGA-SARC	Alive	19.627182	PROGRESSION		cbio_os_status	0
TCGA-SJ-A6ZI	TCGA-UCEC	Alive	20.744978	CENSORED		cbio_os_status	0
TCGA-SJ-A6ZJ	TCGA-UCEC	Alive	18.279252	CENSORED		cbio_os_status	0
TCGA-SL-A6J9	TCGA-UCEC	Alive	0.065753	CENSORED		cbio_os_status	0
TCGA-SL-A6JA	TCGA-UCEC	Alive	0.230134	CENSORED		cbio_os_status	0
TCGA-SN-A6IS	TCGA-TGCT	Alive	16.306671	CENSORED		cbio_os_status	0
TCGA-SN-A84W	TCGA-TGCT	Alive	9.632771	CENSORED		cbio_os_status	0
TCGA-SN-A84X	TCGA-TGCT	Alive	10.257422	CENSORED		cbio_os_status	0
TCGA-SN-A84Y	TCGA-TGCT	Alive	17.227208	PROGRESSION		cbio_os_status	0
TCGA-SO-A8JP	TCGA-TGCT	Alive	17.753230	CENSORED		cbio_os_status	0
TCGA-SP-A6QC	TCGA-PCPG	Alive	114.771345	CENSORED		cbio_os_status	0
TCGA-SP-A6QD	TCGA-PCPG	Alive	109.248118	CENSORED		cbio_os_status	0
TCGA-SP-A6QF	TCGA-PCPG	Alive	82.618273	PROGRESSION		cbio_os_status	0
TCGA-SP-A6QG	TCGA-PCPG	Alive	79.462143	PROGRESSION		cbio_os_status	0
TCGA-SP-A6QH	TCGA-PCPG	Alive	72.426604	CENSORED		cbio_os_status	0
TCGA-SP-A6QI	TCGA-PCPG	Alive	110.037150	CENSORED		cbio_os_status	0
TCGA-SP-A6QJ	TCGA-PCPG	Alive	15.517638	CENSORED		cbio_os_status	0
TCGA-SP-A6QK	TCGA-PCPG	Alive	111.253575	CENSORED		cbio_os_status	0
TCGA-SQ-A6I4	TCGA-PCPG	Alive	1.413683	CENSORED		cbio_os_status	0
TCGA-SQ-A6I6	TCGA-PCPG	Alive	0.098629	CENSORED		cbio_os_status	0
TCGA-SR-A6MP	TCGA-PCPG	Alive	51.221356	CENSORED		cbio_os_status	0
TCGA-SR-A6MQ	TCGA-PCPG	Alive	68.612947	CENSORED		cbio_os_status	0
TCGA-SR-A6MR	TCGA-PCPG	Alive	79.199132	PROGRESSION		cbio_os_status	0
TCGA-SR-A6MS	TCGA-PCPG	Alive	81.927869	CENSORED		cbio_os_status	0
TCGA-SR-A6MT	TCGA-PCPG	Alive	106.749515	CENSORED		cbio_os_status	0
TCGA-SR-A6MU	TCGA-PCPG	Alive	110.530296	CENSORED		cbio_os_status	0
TCGA-SR-A6MV	TCGA-PCPG	Alive	121.050728	CENSORED		cbio_os_status	0
TCGA-SR-A6MX	TCGA-PCPG	Dead	3.123253	PROGRESSION		cbio_os_status	0
TCGA-SR-A6MY	TCGA-PCPG	Alive	24.657264	CENSORED		cbio_os_status	0
TCGA-SR-A6MZ	TCGA-PCPG	Alive	26.202453	CENSORED		cbio_os_status	0
TCGA-SR-A6N0	TCGA-PCPG	Alive	49.610415	CENSORED		cbio_os_status	0
TCGA-SS-A7HO	TCGA-COAD	Alive	60.130848	PROGRESSION		cbio_os_status	0
TCGA-SU-A7E7	TCGA-PRAD	Alive	18.114870	CENSORED		cbio_os_status	0
TCGA-SW-A7EA	TCGA-STAD	Alive	19.035408	CENSORED		cbio_os_status	0
TCGA-SW-A7EB	TCGA-STAD	Alive	5.786238	CENSORED		cbio_os_status	0
TCGA-SX-A71R	TCGA-KIRP	Alive	47.900845	CENSORED		cbio_os_status	0
TCGA-SX-A71S	TCGA-KIRP	Alive	49.446033	CENSORED		cbio_os_status	0
TCGA-SX-A71U	TCGA-KIRP	Alive	44.613210	CENSORED		cbio_os_status	0
TCGA-SX-A71V	TCGA-KIRP	Alive	28.799684	CENSORED		cbio_os_status	0
TCGA-SX-A71W	TCGA-KIRP	Alive				gdc_vital_status	0
TCGA-SX-A7SL	TCGA-KIRP	Alive	27.057238	CENSORED		cbio_os_status	0
TCGA-SX-A7SM	TCGA-KIRP	Dead	11.934116	PROGRESSION		cbio_os_status	0
TCGA-SX-A7SN	TCGA-KIRP	Alive	19.002531	CENSORED		cbio_os_status	0
TCGA-SX-A7SO	TCGA-KIRP	Alive	41.325575	CENSORED		cbio_os_status	0
TCGA-SX-A7SP	TCGA-KIRP	Dead	16.306671	CENSORED		cbio_os_status	0
TCGA-SX-A7SQ	TCGA-KIRP	Alive	41.621462	CENSORED		cbio_os_status	0
TCGA-SX-A7SR	TCGA-KIRP	Alive	26.465463	CENSORED		cbio_os_status	0
TCGA-SX-A7SS	TCGA-KIRP	Alive	53.095309	CENSORED		cbio_os_status	0
TCGA-SX-A7SU	TCGA-KIRP	Alive	43.758425	CENSORED		cbio_os_status	0
TCGA-SY-A9G0	TCGA-BLCA	Dead	33.139363	CENSORED		cbio_os_status	0
TCGA-SY-A9G5	TCGA-BLCA	Alive	38.991354	CENSORED		cbio_os_status	0
TCGA-T1-A6J8	TCGA-LIHC	Alive				gdc_vital_status	0
TCGA-T2-A6WX	TCGA-HNSC	Dead	6.871158	PROGRESSION		cbio_os_status	0
TCGA-T2-A6WZ	TCGA-HNSC	Dead	15.912154	PROGRESSION		cbio_os_status	0
TCGA-T2-A6X0	TCGA-HNSC	Alive	7.101292	CENSORED		cbio_os_status	0
TCGA-T2-A6X2	TCGA-HNSC	Alive	32.448959	CENSORED		cbio_os_status	0
TCGA-T3-A92M	TCGA-HNSC	Alive	13.709439	PROGRESSION		cbio_os_status	0
TCGA-T3-A92N	TCGA-HNSC	Dead	3.123253	PROGRESSION		cbio_os_status	0
TCGA-T7-A92I	TCGA-KIRC	Alive	11.703981	CENSORED		cbio_os_status	0
TCGA-T9-A92H	TCGA-COAD	Alive	11.901239	PROGRESSION		cbio_os_status	0
TCGA-TK-A8OK	TCGA-PRAD	Alive	0.887662	CENSORED		cbio_os_status	0
TCGA-TM-A7C3	TCGA-LGG	Dead	54.772002	PROGRESSION		cbio_os_status	0
TCGA-TM-A7C4	TCGA-LGG	Alive	48.328237	CENSORED		cbio_os_status	0
TCGA-TM-A7C5	TCGA-LGG	Alive	49.314528	CENSORED		cbio_os_status	0
TCGA-TM-A7CA	TCGA-LGG	Alive	34.783180	CENSORED		cbio_os_status	0
TCGA-TM-A7CF	TCGA-LGG	Alive	65.391064	PROGRESSION		cbio_os_status	0
TCGA-TM-A84B	TCGA-LGG	Dead	24.920275	PROGRESSION		cbio_os_status	0
TCGA-TM-A84C	TCGA-LGG	Dead	16.175165	PROGRESSION		cbio_os_status	0
TCGA-TM-A84F	TCGA-LGG	Alive	59.045928	CENSORED		cbio_os_status	0
TCGA-TM-A84G	TCGA-LGG	Alive	40.635171	CENSORED		cbio_os_status	0
TCGA-TM-A84H	TCGA-LGG	Alive	30.443502	CENSORED		cbio_os_status	0
TCGA-TM-A84I	TCGA-LGG	Alive	28.076405	CENSORED		cbio_os_status	0
TCGA-TM-A84J	TCGA-LGG	Alive	24.164119	PROGRESSION		cbio_os_status	0
TCGA-TM-A84L	TCGA-LGG	Dead	40.832429	PROGRESSION		cbio_os_status	0
TCGA-TM-A84M	TCGA-LGG	Alive	24.788769	CENSORED		cbio_os_status	0
TCGA-TM-A84O	TCGA-LGG	Dead	33.237992	PROGRESSION		cbio_os_status	0
TCGA-TM-A84Q	TCGA-LGG	Alive	25.380544	PROGRESSION		cbio_os_status	0
TCGA-TM-A84R	TCGA-LGG	Alive	18.608015	CENSORED		cbio_os_status	0
TCGA-TM-A84S	TCGA-LGG	Alive	14.925864	CENSORED		cbio_os_status	0
TCGA-TM-A84T	TCGA-LGG	Alive	23.802479	CENSORED		cbio_os_status	0
TCGA-TN-A7HI	TCGA-HNSC	Alive	13.545057	CENSORED		cbio_os_status	0
TCGA-TN-A7HJ	TCGA-HNSC	Alive	13.249170	CENSORED		cbio_os_status	0
TCGA-TN-A7HL	TCGA-HNSC	Alive	20.350462	CENSORED		cbio_os_status	0
TCGA-TP-A8TT	TCGA-PRAD	Alive	17.292961	CENSORED		cbio_os_status	0
TCGA-TP-A8TV	TCGA-PRAD	Alive	20.054575	CENSORED		cbio_os_status	0
TCGA-TQ-A7RF	TCGA-LGG	Alive	21.369629	CENSORED		cbio_os_status	0
TCGA-TQ-A7RG	TCGA-LGG	Alive	19.692935	CENSORED		cbio_os_status	0
TCGA-TQ-A7RH	TCGA-LGG	Alive	15.977907	CENSORED		cbio_os_status	0
TCGA-TQ-A7RI	TCGA-LGG	Alive	2.038334	CENSORED		cbio_os_status	0
TCGA-TQ-A7RJ	TCGA-LGG	Alive	40.405037	CENSORED		cbio_os_status	0
TCGA-TQ-A7RK	TCGA-LGG	Alive	44.087188	PROGRESSION		cbio_os_status	0
TCGA-TQ-A7RM	TCGA-LGG	Alive	36.690009	CENSORED		cbio_os_status	0
TCGA-TQ-A7RN	TCGA-LGG	Alive	33.731137	CENSORED		cbio_os_status	0
TCGA-TQ-A7RO	TCGA-LGG	Alive	31.199658	CENSORED		cbio_os_status	0
TCGA-TQ-A7RP	TCGA-LGG	Alive	30.048986	CENSORED		cbio_os_status	0
TCGA-TQ-A7RQ	TCGA-LGG	Alive	26.136700	CENSORED		cbio_os_status	0
TCGA-TQ-A7RR	TCGA-LGG	Alive	25.873689	CENSORED		cbio_os_status	0
TCGA-TQ-A7RS	TCGA-LGG	Alive	0.000000	CENSORED		cbio_os_status	0
TCGA-TQ-A7RU	TCGA-LGG	Alive	33.928395	CENSORED		cbio_os_status	0
TCGA-TQ-A7RV	TCGA-LGG	Alive	61.413026	PROGRESSION		cbio_os_status	0
TCGA-TQ-A7RW	TCGA-LGG	Dead	26.991485	PROGRESSION		cbio_os_status	0
TCGA-TQ-A8XE	TCGA-LGG	Dead	31.364040	PROGRESSION		cbio_os_status	0
TCGA-TS-A7OU	TCGA-MESO	Dead	55.067890	CENSORED		cbio_os_status	0
TCGA-TS-A7OY	TCGA-MESO	Dead	8.383470	CENSORED		cbio_os_status	0
TCGA-TS-A7OZ	TCGA-MESO	Dead	27.747641	CENSORED		cbio_os_status	0
TCGA-TS-A7P0	TCGA-MESO	Dead	41.457080	PROGRESSION		cbio_os_status	0
TCGA-TS-A7P1	TCGA-MESO	Dead	18.509386	PROGRESSION		cbio_os_status	0
TCGA-TS-A7P3	TCGA-MESO	Dead	22.651807	CENSORED		cbio_os_status	0
TCGA-TS-A7P6	TCGA-MESO	Dead	9.304008	CENSORED		cbio_os_status	0
TCGA-TS-A7P7	TCGA-MESO	Dead	19.429924	CENSORED		cbio_os_status	0
TCGA-TS-A7P8	TCGA-MESO	Dead	15.024493	PROGRESSION		cbio_os_status	0
TCGA-TS-A7PB	TCGA-MESO	Dead	32.284578	CENSORED		cbio_os_status	0
TCGA-TS-A8AF	TCGA-MESO	Dead	11.769734	PROGRESSION		cbio_os_status	0
TCGA-TS-A8AI	TCGA-MESO	Dead	10.783443	CENSORED		cbio_os_status	0
TCGA-TS-A8AS	TCGA-MESO	Dead	26.136700	CENSORED		cbio_os_status	0
TCGA-TS-A8AV	TCGA-MESO	Dead		CENSORED		cbio_os_status	0
TCGA-TS-A8AY	TCGA-MESO	Dead	15.419009	CENSORED		cbio_os_status	0
TCGA-TT-A6YJ	TCGA-PCPG	Alive	4.339678	CENSORED		cbio_os_status	0
TCGA-TT-A6YK	TCGA-PCPG	Alive	37.347536	CENSORED		cbio_os_status	0
TCGA-TT-A6YN	TCGA-PCPG	Alive	19.923069	CENSORED		cbio_os_status	0
TCGA-TT-A6YO	TCGA-PCPG	Alive	13.314923	PROGRESSION		cbio_os_status	0
TCGA-TT-A6YP	TCGA-PCPG	Alive	42.476247	CENSORED		cbio_os_status	0
TCGA-UB-A7MA	TCGA-LIHC	Alive	27.879147	PROGRESSION		cbio_os_status	0
TCGA-UB-A7MB	TCGA-LIHC	Alive	19.758688	PROGRESSION		cbio_os_status	0
TCGA-UB-A7MC	TCGA-LIHC	Alive	16.438176	PROGRESSION		cbio_os_status	0
TCGA-UB-A7MD	TCGA-LIHC	Dead	1.709570	CENSORED		cbio_os_status	0
TCGA-UB-A7ME	TCGA-LIHC	Alive	15.977907	CENSORED		cbio_os_status	0
TCGA-UB-A7MF	TCGA-LIHC	Dead	7.035539	PROGRESSION		cbio_os_status	0
TCGA-UB-AA0U	TCGA-LIHC	Alive	10.750567	PROGRESSION		cbio_os_status	0
TCGA-UB-AA0V	TCGA-LIHC	Alive	10.323175	CENSORED		cbio_os_status	0
TCGA-UC-A7PD	TCGA-CESC	Dead	11.671105	PROGRESSION		cbio_os_status	0
TCGA-UC-A7PF	TCGA-CESC	Dead	93.993490	CENSORED		cbio_os_status	0
TCGA-UC-A7PG	TCGA-CESC	Dead	12.164250	PROGRESSION		cbio_os_status	0
TCGA-UC-A7PI	TCGA-CESC	Alive	69.500608	PROGRESSION		cbio_os_status	0
TCGA-UD-AABY	TCGA-MESO	Dead	27.714765	PROGRESSION		cbio_os_status	0
TCGA-UD-AABZ	TCGA-MESO	Dead	6.476641	PROGRESSION		cbio_os_status	0
TCGA-UD-AAC1	TCGA-MESO	Dead	25.939442	PROGRESSION		cbio_os_status	0
TCGA-UD-AAC4	TCGA-MESO	Dead	23.638097	PROGRESSION		cbio_os_status	0
TCGA-UD-AAC5	TCGA-MESO	Dead	8.317717	PROGRESSION		cbio_os_status	0
TCGA-UD-AAC6	TCGA-MESO	Dead	14.991617	PROGRESSION		cbio_os_status	0
TCGA-UD-AAC7	TCGA-MESO	Dead	13.347799	PROGRESSION		cbio_os_status	0
TCGA-UE-A6QT	TCGA-SARC	Alive	13.216294	CENSORED		cbio_os_status	0
TCGA-UE-A6QU	TCGA-SARC	Alive	13.413552	CENSORED		cbio_os_status	0
TCGA-UF-A718	TCGA-HNSC	Alive	64.799290	CENSORED		cbio_os_status	0
TCGA-UF-A719	TCGA-HNSC	Alive	54.673373	CENSORED		cbio_os_status	0
TCGA-UF-A71A	TCGA-HNSC	Dead	2.827366	PROGRESSION		cbio_os_status	0
TCGA-UF-A71B	TCGA-HNSC	Alive	49.511786	CENSORED		cbio_os_status	0
TCGA-UF-A71D	TCGA-HNSC	Alive	48.032350	CENSORED		cbio_os_status	0
TCGA-UF-A71E	TCGA-HNSC	Dead	49.446033	CENSORED		cbio_os_status	0
TCGA-UF-A7J9	TCGA-HNSC	Alive	44.646086	CENSORED		cbio_os_status	0
TCGA-UF-A7JA	TCGA-HNSC	Alive	74.464937	CENSORED		cbio_os_status	0
TCGA-UF-A7JC	TCGA-HNSC	Dead	17.950488	PROGRESSION		cbio_os_status	0
TCGA-UF-A7JD	TCGA-HNSC	Dead	24.295624	CENSORED		cbio_os_status	0
TCGA-UF-A7JF	TCGA-HNSC	Alive	55.429530	CENSORED		cbio_os_status	0
TCGA-UF-A7JH	TCGA-HNSC	Alive	29.457211	CENSORED		cbio_os_status	0
TCGA-UF-A7JJ	TCGA-HNSC	Alive	18.049117	CENSORED		cbio_os_status	0
TCGA-UF-A7JK	TCGA-HNSC	Dead	13.939573	PROGRESSION		cbio_os_status	0
TCGA-UF-A7JO	TCGA-HNSC	Dead	20.744978	PROGRESSION		cbio_os_status	0
TCGA-UF-A7JS	TCGA-HNSC	Dead	22.355919	PROGRESSION		cbio_os_status	0
TCGA-UF-A7JT	TCGA-HNSC	Dead	32.646218	PROGRESSION		cbio_os_status	0
TCGA-UF-A7JV	TCGA-HNSC	Dead	2.958872	PROGRESSION		cbio_os_status	0
TCGA-UL-AAZ6	TCGA-BRCA_IDC	Alive	17.029950	CENSORED		cbio_os_status	0
TCGA-US-A774	TCGA-PAAD	Dead	22.849065	PROGRESSION		cbio_os_status	0
TCGA-US-A776	TCGA-PAAD	Alive	39.977644	CENSORED		cbio_os_status	0
TCGA-US-A779	TCGA-PAAD	Dead	16.799816	PROGRESSION		cbio_os_status	0
TCGA-US-A77E	TCGA-PAAD	Dead	14.136831	PROGRESSION		cbio_os_status	0
TCGA-US-A77G	TCGA-PAAD	Dead	0.394516	CENSORED		cbio_os_status	0
TCGA-US-A77J	TCGA-PAAD	Dead	18.673768	PROGRESSION		cbio_os_status	0
TCGA-UT-A88C	TCGA-MESO	Dead	28.372292	PROGRESSION		cbio_os_status	0
TCGA-UT-A88D	TCGA-MESO	Dead	27.057238	CENSORED		cbio_os_status	0
TCGA-UT-A88E	TCGA-MESO	Dead	14.268337	PROGRESSION		cbio_os_status	0
TCGA-UT-A88G	TCGA-MESO	Dead	2.498603	PROGRESSION		cbio_os_status	0
TCGA-UT-A97Y	TCGA-MESO	Dead	4.734195	PROGRESSION		cbio_os_status	0
TCGA-UU-A93S	TCGA-BRCA_IDC	Dead	3.813657	PROGRESSION		cbio_os_status	0
TCGA-UW-A72H	TCGA-KICH	Alive				gdc_vital_status	0
TCGA-UW-A72I	TCGA-KICH	Alive				gdc_vital_status	0
TCGA-UW-A72J	TCGA-KICH	Alive				gdc_vital_status	0
TCGA-UW-A72K	TCGA-KICH	Alive				gdc_vital_status	0
TCGA-UW-A72L	TCGA-KICH	Alive				gdc_vital_status	0
TCGA-UW-A72M	TCGA-KICH	Alive				gdc_vital_status	0
TCGA-UW-A72N	TCGA-KICH	Alive				gdc_vital_status	0
TCGA-UW-A72O	TCGA-KICH	Alive				gdc_vital_status	0
TCGA-UW-A72P	TCGA-KICH	Alive				gdc_vital_status	0
TCGA-UW-A72Q	TCGA-KICH	Alive				gdc_vital_status	0
TCGA-UW-A72R	TCGA-KICH	Alive				gdc_vital_status	0
TCGA-UW-A72S	TCGA-KICH	Alive				gdc_vital_status	0
TCGA-UW-A72T	TCGA-KICH	Alive				gdc_vital_status	0
TCGA-UW-A7GC	TCGA-KICH	Dead				gdc_vital_status	0
TCGA-UW-A7GG	TCGA-KICH	Alive				gdc_vital_status	0
TCGA-UW-A7GI	TCGA-KICH	Alive				gdc_vital_status	0
TCGA-UW-A7GJ	TCGA-KICH	Alive				gdc_vital_status	0
TCGA-UW-A7GK	TCGA-KICH	Alive				gdc_vital_status	0
TCGA-UW-A7GL	TCGA-KICH	Alive				gdc_vital_status	0
TCGA-UW-A7GN	TCGA-KICH	Alive				gdc_vital_status	0
TCGA-UW-A7GP	TCGA-KICH	Alive				gdc_vital_status	0
TCGA-UW-A7GR	TCGA-KICH	Alive				gdc_vital_status	0
TCGA-UW-A7GU	TCGA-KICH	Alive				gdc_vital_status	0
TCGA-UW-A7GX	TCGA-KICH	Alive				gdc_vital_status	0
TCGA-UW-A7GY	TCGA-KICH	Alive				gdc_vital_status	0
TCGA-UY-A78K	TCGA-BLCA	Dead	17.621725	CENSORED		cbio_os_status	0
TCGA-UY-A78L	TCGA-BLCA	Alive	37.051649	PROGRESSION		cbio_os_status	0
TCGA-UY-A78M	TCGA-BLCA	Dead	22.684683	PROGRESSION		cbio_os_status	0
TCGA-UY-A78N	TCGA-BLCA	Dead	86.826446	PROGRESSION		cbio_os_status	0
TCGA-UY-A78O	TCGA-BLCA	Alive	76.010126	CENSORED		cbio_os_status	0
TCGA-UY-A78P	TCGA-BLCA	Alive	78.245718	CENSORED		cbio_os_status	0
TCGA-UY-A8OB	TCGA-BLCA	Alive	69.336226	CENSORED		cbio_os_status	0
TCGA-UY-A8OC	TCGA-BLCA	Dead	3.024624	PROGRESSION		cbio_os_status	0
TCGA-UY-A8OD	TCGA-BLCA	Alive	112.831640	CENSORED		cbio_os_status	0
TCGA-UY-A9PA	TCGA-BLCA	Alive	35.243449	CENSORED		cbio_os_status	0
TCGA-UY-A9PB	TCGA-BLCA	Alive	29.555840	CENSORED		cbio_os_status	0
TCGA-UY-A9PD	TCGA-BLCA	Alive	17.818983	CENSORED		cbio_os_status	0
TCGA-UY-A9PE	TCGA-BLCA	Alive	6.213631	PROGRESSION		cbio_os_status	0
TCGA-UY-A9PF	TCGA-BLCA	Alive	3.846533	CENSORED		cbio_os_status	0
TCGA-UY-A9PH	TCGA-BLCA	Alive	51.319986	CENSORED		cbio_os_status	0
TCGA-UZ-A9PJ	TCGA-KIRP	Dead	26.202453	CENSORED		cbio_os_status	0
TCGA-UZ-A9PK	TCGA-KIRP	Alive	117.401453	PROGRESSION		cbio_os_status	0
TCGA-UZ-A9PL	TCGA-KIRP	Alive	103.626262	CENSORED		cbio_os_status	0
TCGA-UZ-A9PM	TCGA-KIRP	Alive	125.291778	CENSORED		cbio_os_status	0
TCGA-UZ-A9PN	TCGA-KIRP	Dead	37.347536	PROGRESSION		cbio_os_status	0
TCGA-UZ-A9PO	TCGA-KIRP	Alive	62.826709	CENSORED		cbio_os_status	0
TCGA-UZ-A9PP	TCGA-KIRP	Alive	98.957820	CENSORED		cbio_os_status	0
TCGA-UZ-A9PR	TCGA-KIRP	Alive	86.366177	PROGRESSION		cbio_os_status	0
TCGA-UZ-A9PS	TCGA-KIRP	Alive	71.243055	PROGRESSION		cbio_os_status	0
TCGA-UZ-A9PU	TCGA-KIRP	Dead	30.673636	CENSORED		cbio_os_status	0
TCGA-UZ-A9PV	TCGA-KIRP	Alive	47.473452	CENSORED		cbio_os_status	0
TCGA-UZ-A9PX	TCGA-KIRP	Alive	65.128053	PROGRESSION		cbio_os_status	0
TCGA-UZ-A9PZ	TCGA-KIRP	Alive	21.599763	CENSORED		cbio_os_status	0
TCGA-UZ-A9Q0	TCGA-KIRP	Alive	110.727554	CENSORED		cbio_os_status	0
TCGA-UZ-A9Q1	TCGA-KIRP	Alive	51.352862	CENSORED		cbio_os_status	0
TCGA-V1-A8MF	TCGA-PRAD	Alive	47.637834	CENSORED		cbio_os_status	0
TCGA-V1-A8MG	TCGA-PRAD	Alive	28.175034	CENSORED		cbio_os_status	0
TCGA-V1-A8MJ	TCGA-PRAD	Alive	58.881547	CENSORED		cbio_os_status	0
TCGA-V1-A8MK	TCGA-PRAD	Alive	16.701187	CENSORED		cbio_os_status	0
TCGA-V1-A8ML	TCGA-PRAD	Alive	14.728606	CENSORED		cbio_os_status	0
TCGA-V1-A8MM	TCGA-PRAD	Alive	39.287241	PROGRESSION		cbio_os_status	0
TCGA-V1-A8MU	TCGA-PRAD	Alive	61.676036	CENSORED		cbio_os_status	0
TCGA-V1-A8WL	TCGA-PRAD	Alive	64.043134	CENSORED		cbio_os_status	0
TCGA-V1-A8WN	TCGA-PRAD	Alive	30.377749	CENSORED		cbio_os_status	0
TCGA-V1-A8WS	TCGA-PRAD	Alive	15.583391	CENSORED		cbio_os_status	0
TCGA-V1-A8WV	TCGA-PRAD	Alive	22.553177	CENSORED		cbio_os_status	0
TCGA-V1-A8WW	TCGA-PRAD	Alive	35.440707	CENSORED		cbio_os_status	0
TCGA-V1-A8X3	TCGA-PRAD	Alive	6.641023	CENSORED		cbio_os_status	0
TCGA-V1-A9O5	TCGA-PRAD	Alive	63.517112	PROGRESSION		cbio_os_status	0
TCGA-V1-A9O7	TCGA-PRAD	Alive	82.158004	PROGRESSION		cbio_os_status	0
TCGA-V1-A9O9	TCGA-PRAD	Alive	94.355130	CENSORED		cbio_os_status	0
TCGA-V1-A9OA	TCGA-PRAD	Alive	20.909360	CENSORED		cbio_os_status	0
TCGA-V1-A9OF	TCGA-PRAD	Alive	38.925601	CENSORED		cbio_os_status	0
TCGA-V1-A9OH	TCGA-PRAD	Alive	79.001874	CENSORED		cbio_os_status	0
TCGA-V1-A9OL	TCGA-PRAD	Alive	62.892461	PROGRESSION		cbio_os_status	0
TCGA-V1-A9OQ	TCGA-PRAD	Alive	12.197127	CENSORED		cbio_os_status	0
TCGA-V1-A9OT	TCGA-PRAD	Alive	15.649144	PROGRESSION		cbio_os_status	0
TCGA-V1-A9OX	TCGA-PRAD	Alive	37.281783	CENSORED		cbio_os_status	0
TCGA-V1-A9OY	TCGA-PRAD	Alive	35.079068	CENSORED		cbio_os_status	0
TCGA-V1-A9Z7	TCGA-PRAD	Alive	28.733932	CENSORED		cbio_os_status	0
TCGA-V1-A9Z8	TCGA-PRAD	Alive	27.188743	CENSORED		cbio_os_status	0
TCGA-V1-A9Z9	TCGA-PRAD	Alive	17.753230	CENSORED		cbio_os_status	0
TCGA-V1-A9ZG	TCGA-PRAD	Alive	49.873426	CENSORED		cbio_os_status	0
TCGA-V1-A9ZI	TCGA-PRAD	Alive	53.917217	CENSORED		cbio_os_status	0
TCGA-V1-A9ZK	TCGA-PRAD	Alive	45.467995	CENSORED		cbio_os_status	0
TCGA-V1-A9ZR	TCGA-PRAD	Alive	44.744715	CENSORED		cbio_os_status	0
TCGA-V3-A9ZX	TCGA-UVM	Alive	15.451885	PROGRESSION		cbio_os_status	0
TCGA-V3-A9ZY	TCGA-UVM	Alive	15.090246	CENSORED		cbio_os_status	0
TCGA-V4-A9E5	TCGA-UVM	Alive	82.158004	CENSORED		cbio_os_status	0
TCGA-V4-A9E7	TCGA-UVM	Dead	13.643686	PROGRESSION		cbio_os_status	0
TCGA-V4-A9E8	TCGA-UVM	Dead	26.564092	PROGRESSION		cbio_os_status	0
TCGA-V4-A9E9	TCGA-UVM	Alive	40.963935	CENSORED		cbio_os_status	0
TCGA-V4-A9EA	TCGA-UVM	Alive	44.317323	CENSORED		cbio_os_status	0
TCGA-V4-A9EC	TCGA-UVM	Alive	24.427130	CENSORED		cbio_os_status	0
TCGA-V4-A9ED	TCGA-UVM	Alive	35.440707	CENSORED		cbio_os_status	0
TCGA-V4-A9EE	TCGA-UVM	Dead	13.084788	PROGRESSION		cbio_os_status	0
TCGA-V4-A9EF	TCGA-UVM	Alive	38.300950	CENSORED		cbio_os_status	0
TCGA-V4-A9EH	TCGA-UVM	Alive	22.027156	CENSORED		cbio_os_status	0
TCGA-V4-A9EI	TCGA-UVM	Dead	12.788901	PROGRESSION		cbio_os_status	0
TCGA-V4-A9EJ	TCGA-UVM	Alive	24.525759	CENSORED		cbio_os_status	0
TCGA-V4-A9EK	TCGA-UVM	Alive	33.796890	CENSORED		cbio_os_status	0
TCGA-V4-A9EL	TCGA-UVM	Alive	32.284578	PROGRESSION		cbio_os_status	0
TCGA-V4-A9EM	TCGA-UVM	Alive	31.758556	CENSORED		cbio_os_status	0
TCGA-V4-A9EO	TCGA-UVM	Alive	25.413420	CENSORED		cbio_os_status	0
TCGA-V4-A9EQ	TCGA-UVM	Dead	14.958740	PROGRESSION		cbio_os_status	0
TCGA-V4-A9ES	TCGA-UVM	Alive	49.676168	PROGRESSION		cbio_os_status	0
TCGA-V4-A9ET	TCGA-UVM	Alive	44.777591	CENSORED		cbio_os_status	0
TCGA-V4-A9EU	TCGA-UVM	Alive	23.309334	PROGRESSION		cbio_os_status	0
TCGA-V4-A9EV	TCGA-UVM	Dead	41.720091	PROGRESSION		cbio_os_status	0
TCGA-V4-A9EW	TCGA-UVM	Alive	39.813262	PROGRESSION		cbio_os_status	0
TCGA-V4-A9EX	TCGA-UVM	Dead	23.999737	PROGRESSION		cbio_os_status	0
TCGA-V4-A9EY	TCGA-UVM	Alive	27.517507	CENSORED		cbio_os_status	0
TCGA-V4-A9EZ	TCGA-UVM	Alive	19.692935	CENSORED		cbio_os_status	0
TCGA-V4-A9F0	TCGA-UVM	Dead	31.068153	PROGRESSION		cbio_os_status	0
TCGA-V4-A9F1	TCGA-UVM	Alive	30.838018	CENSORED		cbio_os_status	0
TCGA-V4-A9F2	TCGA-UVM	Alive	24.131242	CENSORED		cbio_os_status	0
TCGA-V4-A9F3	TCGA-UVM	Dead	28.701055	PROGRESSION		cbio_os_status	0
TCGA-V4-A9F4	TCGA-UVM	Alive	20.843607	CENSORED		cbio_os_status	0
TCGA-V4-A9F5	TCGA-UVM	Alive	6.673899	PROGRESSION		cbio_os_status	0
TCGA-V4-A9F7	TCGA-UVM	Alive	41.292698	CENSORED		cbio_os_status	0
TCGA-V4-A9F8	TCGA-UVM	Alive	19.627182	CENSORED		cbio_os_status	0
TCGA-V5-A7RB	TCGA-ESCA	Dead	5.293093	CENSORED		cbio_os_status	0
TCGA-V5-A7RC	TCGA-ESCA	Dead	3.419141	PROGRESSION		cbio_os_status	0
TCGA-V5-A7RE	TCGA-ESCA	Alive	16.438176	PROGRESSION		cbio_os_status	0
TCGA-V5-AASV	TCGA-ESCA	Alive	15.353256	PROGRESSION		cbio_os_status	0
TCGA-V5-AASW	TCGA-ESCA	Alive	9.271131	PROGRESSION		cbio_os_status	0
TCGA-V5-AASX	TCGA-ESCA	Alive	8.975244	PROGRESSION		cbio_os_status	0
TCGA-V9-A7HT	TCGA-KIRP	Alive	31.725680	CENSORED		cbio_os_status	0
TCGA-VB-A8QN	TCGA-DLBC	Alive	0.000000	CENSORED		cbio_os_status	0
TCGA-VD-A8K7	TCGA-UVM	Alive	47.966598	CENSORED		cbio_os_status	0
TCGA-VD-A8K8	TCGA-UVM	Dead	45.270737	PROGRESSION		cbio_os_status	0
TCGA-VD-A8K9	TCGA-UVM	Alive	46.815925	CENSORED		cbio_os_status	0
TCGA-VD-A8KA	TCGA-UVM	Alive	38.728343	PROGRESSION		cbio_os_status	0
TCGA-VD-A8KB	TCGA-UVM	Alive	44.514581	PROGRESSION		cbio_os_status	0
TCGA-VD-A8KD	TCGA-UVM	Dead	3.747904	PROGRESSION		cbio_os_status	0
TCGA-VD-A8KE	TCGA-UVM	Alive	26.991485	CENSORED		cbio_os_status	0
TCGA-VD-A8KF	TCGA-UVM	Dead	1.315054	PROGRESSION		cbio_os_status	0
TCGA-VD-A8KG	TCGA-UVM	Alive	0.624651	CENSORED		cbio_os_status	0
TCGA-VD-A8KH	TCGA-UVM	Alive	38.070816	CENSORED		cbio_os_status	0
TCGA-VD-A8KI	TCGA-UVM	Dead	36.591380	PROGRESSION		cbio_os_status	0
TCGA-VD-A8KJ	TCGA-UVM	Alive	37.807805	CENSORED		cbio_os_status	0
TCGA-VD-A8KK	TCGA-UVM	Alive	2.104087	CENSORED		cbio_os_status	0
TCGA-VD-A8KL	TCGA-UVM	Alive	20.975113	CENSORED		cbio_os_status	0
TCGA-VD-A8KM	TCGA-UVM	Alive	0.131505	CENSORED		cbio_os_status	0
TCGA-VD-A8KN	TCGA-UVM	Alive	2.235592	CENSORED		cbio_os_status	0
TCGA-VD-A8KO	TCGA-UVM	Alive	26.136700	CENSORED		cbio_os_status	0
TCGA-VD-AA8M	TCGA-UVM	Alive	0.197258	CENSORED		cbio_os_status	0
TCGA-VD-AA8N	TCGA-UVM	Alive	1.446559	CENSORED		cbio_os_status	0
TCGA-VD-AA8O	TCGA-UVM	Dead	19.923069	PROGRESSION		cbio_os_status	0
TCGA-VD-AA8P	TCGA-UVM	Alive	2.827366	CENSORED		cbio_os_status	0
TCGA-VD-AA8Q	TCGA-UVM	Dead	20.909360	CENSORED		cbio_os_status	0
TCGA-VD-AA8R	TCGA-UVM	Alive	0.197258	CENSORED		cbio_os_status	0
TCGA-VD-AA8S	TCGA-UVM	Alive	14.038202	CENSORED		cbio_os_status	0
TCGA-VD-AA8T	TCGA-UVM	Alive	1.610941	CENSORED		cbio_os_status	0
TCGA-VF-A8A8	TCGA-TGCT	Alive	37.183154	CENSORED		cbio_os_status	0
TCGA-VF-A8A9	TCGA-TGCT	Alive	36.788638	CENSORED		cbio_os_status	0
TCGA-VF-A8AA	TCGA-TGCT	Alive	37.676299	PROGRESSION		cbio_os_status	0
TCGA-VF-A8AB	TCGA-TGCT	Alive	24.986028	CENSORED		cbio_os_status	0
TCGA-VF-A8AC	TCGA-TGCT	Alive	35.605089	CENSORED		cbio_os_status	0
TCGA-VF-A8AD	TCGA-TGCT	Alive	33.073610	PROGRESSION		cbio_os_status	0
TCGA-VF-A8AE	TCGA-TGCT	Alive	23.901108	CENSORED		cbio_os_status	0
TCGA-VG-A8LO	TCGA-OV	Dead	0.789032	PROGRESSION		cbio_os_status	0
TCGA-VM-A8C8	TCGA-LGG	Alive	45.928264	PROGRESSION		cbio_os_status	0
TCGA-VM-A8C9	TCGA-LGG	Alive	43.199527	CENSORED		cbio_os_status	0
TCGA-VM-A8CA	TCGA-LGG	Alive	13.512181	CENSORED		cbio_os_status	0
TCGA-VM-A8CB	TCGA-LGG	Alive	0.098629	CENSORED		cbio_os_status	0
TCGA-VM-A8CD	TCGA-LGG	Dead	7.890324	PROGRESSION		cbio_os_status	0
TCGA-VM-A8CE	TCGA-LGG	Alive	39.155735	PROGRESSION		cbio_os_status	0
TCGA-VM-A8CF	TCGA-LGG	Alive	20.021698	CENSORED		cbio_os_status	0
TCGA-VM-A8CH	TCGA-LGG	Alive	23.473715	CENSORED		cbio_os_status	0
TCGA-VP-A872	TCGA-PRAD	Alive	119.374034	CENSORED		cbio_os_status	0
TCGA-VP-A875	TCGA-PRAD	Alive	75.911497	CENSORED		cbio_os_status	0
TCGA-VP-A876	TCGA-PRAD	Alive	109.576881	CENSORED		cbio_os_status	0
TCGA-VP-A878	TCGA-PRAD	Alive	102.902982	PROGRESSION		cbio_os_status	0
TCGA-VP-A879	TCGA-PRAD	Dead	23.933984	CENSORED		cbio_os_status	0
TCGA-VP-A87B	TCGA-PRAD	Alive	89.489430	PROGRESSION		cbio_os_status	0
TCGA-VP-A87C	TCGA-PRAD	Alive	55.561035	CENSORED		cbio_os_status	0
TCGA-VP-A87D	TCGA-PRAD	Alive	60.919880	PROGRESSION		cbio_os_status	0
TCGA-VP-A87E	TCGA-PRAD	Alive	66.969129	CENSORED		cbio_os_status	0
TCGA-VP-A87H	TCGA-PRAD	Alive	21.797021	CENSORED		cbio_os_status	0
TCGA-VP-A87J	TCGA-PRAD	Alive	58.322649	CENSORED		cbio_os_status	0
TCGA-VP-A87K	TCGA-PRAD	Alive	42.936516	PROGRESSION		cbio_os_status	0
TCGA-VP-AA1N	TCGA-PRAD	Alive	44.876221	CENSORED		cbio_os_status	0
TCGA-VQ-A8DL	TCGA-STAD	Dead	0.920538	CENSORED		cbio_os_status	0
TCGA-VQ-A8DT	TCGA-STAD	Alive	48.788506	PROGRESSION		cbio_os_status	0
TCGA-VQ-A8DU	TCGA-STAD	Dead	5.457474	PROGRESSION		cbio_os_status	0
TCGA-VQ-A8DV	TCGA-STAD	Dead	13.249170	PROGRESSION		cbio_os_status	0
TCGA-VQ-A8DZ	TCGA-STAD	Dead	13.019035	PROGRESSION		cbio_os_status	0
TCGA-VQ-A8E0	TCGA-STAD	Dead	18.476510	PROGRESSION		cbio_os_status	0
TCGA-VQ-A8E2	TCGA-STAD	Alive	43.363908	CENSORED		cbio_os_status	0
TCGA-VQ-A8E3	TCGA-STAD	Dead	21.731269	PROGRESSION		cbio_os_status	0
TCGA-VQ-A8E7	TCGA-STAD	Alive	37.413289	PROGRESSION		cbio_os_status	0
TCGA-VQ-A8P2	TCGA-STAD	Alive	38.136568	CENSORED		cbio_os_status	0
TCGA-VQ-A8P3	TCGA-STAD	Alive	37.216031	CENSORED		cbio_os_status	0
TCGA-VQ-A8P5	TCGA-STAD	Dead	7.725943	CENSORED		cbio_os_status	0
TCGA-VQ-A8P8	TCGA-STAD	Alive	30.969524	CENSORED		cbio_os_status	0
TCGA-VQ-A8PB	TCGA-STAD	Dead	34.290035	CENSORED		cbio_os_status	0
TCGA-VQ-A8PC	TCGA-STAD	Dead	46.257027	PROGRESSION		cbio_os_status	0
TCGA-VQ-A8PD	TCGA-STAD	Dead	16.306671	PROGRESSION		cbio_os_status	0
TCGA-VQ-A8PE	TCGA-STAD	Dead	22.191538	PROGRESSION		cbio_os_status	0
TCGA-VQ-A8PF	TCGA-STAD	Dead	2.498603	CENSORED		cbio_os_status	0
TCGA-VQ-A8PH	TCGA-STAD	Dead	12.788901	PROGRESSION		cbio_os_status	0
TCGA-VQ-A8PJ	TCGA-STAD	Dead	2.695861	PROGRESSION		cbio_os_status	0
TCGA-VQ-A8PK	TCGA-STAD	Dead	17.851859	PROGRESSION		cbio_os_status	0
TCGA-VQ-A8PM	TCGA-STAD	Dead	1.873952	PROGRESSION		cbio_os_status	0
TCGA-VQ-A8PO	TCGA-STAD	Dead	9.271131	PROGRESSION		cbio_os_status	0
TCGA-VQ-A8PP	TCGA-STAD	Dead	23.407963	PROGRESSION		cbio_os_status	0
TCGA-VQ-A8PQ	TCGA-STAD	Dead	15.649144	PROGRESSION		cbio_os_status	0
TCGA-VQ-A8PS	TCGA-STAD	Dead	13.347799	PROGRESSION		cbio_os_status	0
TCGA-VQ-A8PT	TCGA-STAD	Alive	29.588717	CENSORED		cbio_os_status	0
TCGA-VQ-A8PU	TCGA-STAD	Dead	27.353125	CENSORED		cbio_os_status	0
TCGA-VQ-A8PX	TCGA-STAD	Alive	64.569155	CENSORED		cbio_os_status	0
TCGA-VQ-A8PY	TCGA-STAD	Dead	14.334089	CENSORED		cbio_os_status	0
TCGA-VQ-A8PZ	TCGA-STAD	Alive	73.412894	CENSORED		cbio_os_status	0
TCGA-VQ-A91A	TCGA-STAD	Alive	39.451622	PROGRESSION		cbio_os_status	0
TCGA-VQ-A91D	TCGA-STAD	Dead	11.703981	PROGRESSION		cbio_os_status	0
TCGA-VQ-A91E	TCGA-STAD	Alive	21.829898	CENSORED		cbio_os_status	0
TCGA-VQ-A91K	TCGA-STAD	Alive	61.215767	CENSORED		cbio_os_status	0
TCGA-VQ-A91N	TCGA-STAD	Dead	18.739521	PROGRESSION		cbio_os_status	0
TCGA-VQ-A91Q	TCGA-STAD	Dead	20.810731	PROGRESSION		cbio_os_status	0
TCGA-VQ-A91S	TCGA-STAD	Alive	32.876352	CENSORED		cbio_os_status	0
TCGA-VQ-A91U	TCGA-STAD	Dead	1.709570	CENSORED		cbio_os_status	0
TCGA-VQ-A91V	TCGA-STAD	Alive	42.640629	PROGRESSION		cbio_os_status	0
TCGA-VQ-A91W	TCGA-STAD	Alive	60.854128	CENSORED		cbio_os_status	0
TCGA-VQ-A91X	TCGA-STAD	Dead	9.501266	CENSORED		cbio_os_status	0
TCGA-VQ-A91Y	TCGA-STAD	Dead	9.731400	PROGRESSION		cbio_os_status	0
TCGA-VQ-A91Z	TCGA-STAD	Alive	55.561035	PROGRESSION		cbio_os_status	0
TCGA-VQ-A922	TCGA-STAD	Dead	9.040997	PROGRESSION		cbio_os_status	0
TCGA-VQ-A923	TCGA-STAD	Dead	2.005457	CENSORED		cbio_os_status	0
TCGA-VQ-A924	TCGA-STAD	Dead	55.429530	PROGRESSION		cbio_os_status	0
TCGA-VQ-A925	TCGA-STAD	Dead	4.536937	PROGRESSION		cbio_os_status	0
TCGA-VQ-A927	TCGA-STAD	Dead	6.575270	PROGRESSION		cbio_os_status	0
TCGA-VQ-A928	TCGA-STAD	Dead	5.720485	PROGRESSION		cbio_os_status	0
TCGA-VQ-A92D	TCGA-STAD	Alive	66.804747	CENSORED		cbio_os_status	0
TCGA-VQ-A94O	TCGA-STAD	Dead	21.040865	PROGRESSION		cbio_os_status	0
TCGA-VQ-A94P	TCGA-STAD	Dead	2.662985	PROGRESSION		cbio_os_status	0
TCGA-VQ-A94R	TCGA-STAD	Dead	42.542000	PROGRESSION		cbio_os_status	0
TCGA-VQ-A94T	TCGA-STAD	Dead	11.243712	PROGRESSION		cbio_os_status	0
TCGA-VQ-A94U	TCGA-STAD	Alive	26.925732	CENSORED		cbio_os_status	0
TCGA-VQ-AA64	TCGA-STAD	Dead	18.410757	PROGRESSION		cbio_os_status	0
TCGA-VQ-AA68	TCGA-STAD	Alive	43.659796	CENSORED		cbio_os_status	0
TCGA-VQ-AA69	TCGA-STAD	Alive	28.405168	CENSORED		cbio_os_status	0
TCGA-VQ-AA6A	TCGA-STAD	Alive	38.925601	CENSORED		cbio_os_status	0
TCGA-VQ-AA6B	TCGA-STAD	Alive	32.942105	CENSORED		cbio_os_status	0
TCGA-VQ-AA6D	TCGA-STAD	Alive	17.128579	CENSORED		cbio_os_status	0
TCGA-VQ-AA6F	TCGA-STAD	Alive	54.114475	PROGRESSION		cbio_os_status	0
TCGA-VQ-AA6G	TCGA-STAD	Dead	26.038071	PROGRESSION		cbio_os_status	0
TCGA-VQ-AA6I	TCGA-STAD	Dead	16.142289	PROGRESSION		cbio_os_status	0
TCGA-VQ-AA6J	TCGA-STAD	Alive	27.550383	CENSORED		cbio_os_status	0
TCGA-VQ-AA6K	TCGA-STAD	Dead	12.427261	PROGRESSION		cbio_os_status	0
TCGA-VR-A8EO	TCGA-ESCA	Alive	25.807936	CENSORED		cbio_os_status	0
TCGA-VR-A8EP	TCGA-ESCA	Alive	27.090114	PROGRESSION		cbio_os_status	0
TCGA-VR-A8EQ	TCGA-ESCA	Dead	22.816188	PROGRESSION		cbio_os_status	0
TCGA-VR-A8ER	TCGA-ESCA	Dead	12.427261	PROGRESSION		cbio_os_status	0
TCGA-VR-A8ET	TCGA-ESCA	Dead	1.545189	CENSORED		cbio_os_status	0
TCGA-VR-A8EU	TCGA-ESCA	Dead	18.312128	PROGRESSION		cbio_os_status	0
TCGA-VR-A8EW	TCGA-ESCA	Dead	8.120459	PROGRESSION		cbio_os_status	0
TCGA-VR-A8EX	TCGA-ESCA	Dead	28.109281	PROGRESSION		cbio_os_status	0
TCGA-VR-A8EY	TCGA-ESCA	Alive	33.698261	CENSORED		cbio_os_status	0
TCGA-VR-A8EZ	TCGA-ESCA	Dead	18.180623	PROGRESSION		cbio_os_status	0
TCGA-VR-A8Q7	TCGA-ESCA	Alive	52.273400	CENSORED		cbio_os_status	0
TCGA-VR-AA4D	TCGA-ESCA	Dead	46.191275	PROGRESSION		cbio_os_status	0
TCGA-VR-AA4G	TCGA-ESCA	Alive	18.049117	CENSORED		cbio_os_status	0
TCGA-VR-AA7B	TCGA-ESCA	Alive	11.243712	PROGRESSION		cbio_os_status	0
TCGA-VR-AA7D	TCGA-ESCA	Dead	9.172502	PROGRESSION		cbio_os_status	0
TCGA-VR-AA7I	TCGA-ESCA	Dead	15.912154	PROGRESSION		cbio_os_status	0
TCGA-VS-A8EB	TCGA-CESC	Dead	10.027287	PROGRESSION		cbio_os_status	0
TCGA-VS-A8EC	TCGA-CESC	Alive	46.520038	CENSORED		cbio_os_status	0
TCGA-VS-A8EG	TCGA-CESC	Alive	45.566624	CENSORED		cbio_os_status	0
TCGA-VS-A8EH	TCGA-CESC	Alive	32.416083	CENSORED		cbio_os_status	0
TCGA-VS-A8EI	TCGA-CESC	Alive	23.966861	CENSORED		cbio_os_status	0
TCGA-VS-A8EJ	TCGA-CESC	Dead	19.955946	PROGRESSION		cbio_os_status	0
TCGA-VS-A8EK	TCGA-CESC	Dead				gdc_vital_status	0
TCGA-VS-A8EL	TCGA-CESC	Alive	65.489693	CENSORED		cbio_os_status	0
TCGA-VS-A8Q8	TCGA-CESC	Dead	32.153072	PROGRESSION		cbio_os_status	0
TCGA-VS-A8Q9	TCGA-CESC	Alive	53.588454	CENSORED		cbio_os_status	0
TCGA-VS-A8QA	TCGA-CESC	Alive	36.131111	CENSORED		cbio_os_status	0
TCGA-VS-A8QC	TCGA-CESC	Dead	11.506723	PROGRESSION		cbio_os_status	0
TCGA-VS-A8QF	TCGA-CESC	Alive	59.177434	CENSORED		cbio_os_status	0
TCGA-VS-A8QH	TCGA-CESC	Dead	39.780386	PROGRESSION		cbio_os_status	0
TCGA-VS-A8QM	TCGA-CESC	Dead	31.265411	PROGRESSION		cbio_os_status	0
TCGA-VS-A94W	TCGA-CESC	Alive	40.865306	CENSORED		cbio_os_status	0
TCGA-VS-A94X	TCGA-CESC	Dead	16.635434	PROGRESSION		cbio_os_status	0
TCGA-VS-A94Y	TCGA-CESC	Dead	4.734195	PROGRESSION		cbio_os_status	0
TCGA-VS-A94Z	TCGA-CESC	Alive	33.369497	CENSORED		cbio_os_status	0
TCGA-VS-A950	TCGA-CESC	Alive	40.142026	CENSORED		cbio_os_status	0
TCGA-VS-A952	TCGA-CESC	Alive	58.454154	CENSORED		cbio_os_status	0
TCGA-VS-A953	TCGA-CESC	Dead	15.682020	PROGRESSION		cbio_os_status	0
TCGA-VS-A954	TCGA-CESC	Alive	56.350067	CENSORED		cbio_os_status	0
TCGA-VS-A957	TCGA-CESC	Alive	55.495282	CENSORED		cbio_os_status	0
TCGA-VS-A958	TCGA-CESC	Alive	50.136437	CENSORED		cbio_os_status	0
TCGA-VS-A959	TCGA-CESC	Alive	51.319986	CENSORED		cbio_os_status	0
TCGA-VS-A9U5	TCGA-CESC	Alive	50.465200	CENSORED		cbio_os_status	0
TCGA-VS-A9U6	TCGA-CESC	Alive	43.396785	PROGRESSION		cbio_os_status	0
TCGA-VS-A9U7	TCGA-CESC	Alive	48.393990	CENSORED		cbio_os_status	0
TCGA-VS-A9UA	TCGA-CESC	Alive	28.503797	CENSORED		cbio_os_status	0
TCGA-VS-A9UB	TCGA-CESC	Alive	29.950357	CENSORED		cbio_os_status	0
TCGA-VS-A9UC	TCGA-CESC	Alive	27.122990	CENSORED		cbio_os_status	0
TCGA-VS-A9UD	TCGA-CESC	Alive	24.295624	CENSORED		cbio_os_status	0
TCGA-VS-A9UH	TCGA-CESC	Alive	46.914554	CENSORED		cbio_os_status	0
TCGA-VS-A9UI	TCGA-CESC	Dead	45.106355	CENSORED		cbio_os_status	0
TCGA-VS-A9UJ	TCGA-CESC	Dead	1.709570	PROGRESSION		cbio_os_status	0
TCGA-VS-A9UL	TCGA-CESC	Dead	14.531348	PROGRESSION		cbio_os_status	0
TCGA-VS-A9UM	TCGA-CESC	Dead	27.254496	CENSORED		cbio_os_status	0
TCGA-VS-A9UO	TCGA-CESC	Alive	47.867969	CENSORED		cbio_os_status	0
TCGA-VS-A9UP	TCGA-CESC	Alive	47.473452	PROGRESSION		cbio_os_status	0
TCGA-VS-A9UQ	TCGA-CESC	Alive	41.522833	PROGRESSION		cbio_os_status	0
TCGA-VS-A9UR	TCGA-CESC	Alive	26.070947	PROGRESSION		cbio_os_status	0
TCGA-VS-A9UT	TCGA-CESC	Alive	15.846402	CENSORED		cbio_os_status	0
TCGA-VS-A9UU	TCGA-CESC	Alive	14.531348	CENSORED		cbio_os_status	0
TCGA-VS-A9UV	TCGA-CESC	Dead	3.419141	PROGRESSION		cbio_os_status	0
TCGA-VS-A9UY	TCGA-CESC	Dead	18.246375	PROGRESSION		cbio_os_status	0
TCGA-VS-A9UZ	TCGA-CESC	Alive	67.199264	CENSORED		cbio_os_status	0
TCGA-VS-A9V0	TCGA-CESC	Alive	18.838150	PROGRESSION		cbio_os_status	0
TCGA-VS-A9V1	TCGA-CESC	Dead	5.161587	PROGRESSION		cbio_os_status	0
TCGA-VS-A9V2	TCGA-CESC	Alive	18.246375	CENSORED		cbio_os_status	0
TCGA-VS-A9V3	TCGA-CESC	Alive	17.753230	PROGRESSION		cbio_os_status	0
TCGA-VS-A9V4	TCGA-CESC	Dead	4.339678	PROGRESSION		cbio_os_status	0
TCGA-VS-A9V5	TCGA-CESC	Dead	16.240918	PROGRESSION		cbio_os_status	0
TCGA-VS-AA62	TCGA-CESC	Dead	15.419009	PROGRESSION		cbio_os_status	0
TCGA-VT-A80G	TCGA-SARC	Alive	10.717691	PROGRESSION		cbio_os_status	0
TCGA-VT-A80J	TCGA-SARC	Alive	26.169576	PROGRESSION		cbio_os_status	0
TCGA-VT-AB3D	TCGA-SARC	Alive	12.460137	CENSORED		cbio_os_status	0
TCGA-VV-A829	TCGA-LGG	Alive	37.051649	CENSORED		cbio_os_status	0
TCGA-VV-A86M	TCGA-LGG	Alive	16.010783	CENSORED		cbio_os_status	0
TCGA-W2-A7H5	TCGA-PCPG	Alive	20.087451	CENSORED		cbio_os_status	0
TCGA-W2-A7H7	TCGA-PCPG	Alive	17.161456	CENSORED		cbio_os_status	0
TCGA-W2-A7HA	TCGA-PCPG	Alive	1.183549	CENSORED		cbio_os_status	0
TCGA-W2-A7HB	TCGA-PCPG	Alive	19.857317	CENSORED		cbio_os_status	0
TCGA-W2-A7HC	TCGA-PCPG	Alive	14.432719	CENSORED		cbio_os_status	0
TCGA-W2-A7HD	TCGA-PCPG	Alive	18.443633	CENSORED		cbio_os_status	0
TCGA-W2-A7HE	TCGA-PCPG	Alive	16.602558	CENSORED		cbio_os_status	0
TCGA-W2-A7HF	TCGA-PCPG	Alive	17.687477	CENSORED		cbio_os_status	0
TCGA-W2-A7HH	TCGA-PCPG	Alive	25.610678	CENSORED		cbio_os_status	0
TCGA-W2-A7UY	TCGA-PCPG	Alive	14.794358	CENSORED		cbio_os_status	0
TCGA-W3-A824	TCGA-SKCM	Alive	228.161883	PROGRESSION		cbio_os_status	0
TCGA-W3-A825	TCGA-SKCM	Dead	63.023967	PROGRESSION		cbio_os_status	0
TCGA-W3-A828	TCGA-SKCM	Dead	121.083605	CENSORED		cbio_os_status	0
TCGA-W3-AA1O	TCGA-SKCM	Dead				gdc_vital_status	0
TCGA-W3-AA1Q	TCGA-SKCM	Dead				gdc_vital_status	0
TCGA-W3-AA1R	TCGA-SKCM	Dead				gdc_vital_status	0
TCGA-W3-AA1V	TCGA-SKCM	Dead				gdc_vital_status	0
TCGA-W3-AA1W	TCGA-SKCM	Alive				gdc_vital_status	0
TCGA-W3-AA21	TCGA-SKCM	Dead				gdc_vital_status	0
TCGA-W4-A7U2	TCGA-TGCT	Alive	41.522833	CENSORED		cbio_os_status	0
TCGA-W4-A7U3	TCGA-TGCT	Alive	4.898576	CENSORED		cbio_os_status	0
TCGA-W4-A7U4	TCGA-TGCT	Alive	24.262748	CENSORED		cbio_os_status	0
TCGA-W5-AA2G	TCGA-CHOL	Alive	64.963672	CENSORED		cbio_os_status	0
TCGA-W5-AA2H	TCGA-CHOL	Alive	35.407831	CENSORED		cbio_os_status	0
TCGA-W5-AA2I	TCGA-CHOL	Dead	63.747247	PROGRESSION		cbio_os_status	0
TCGA-W5-AA2O	TCGA-CHOL	Dead	21.040865	PROGRESSION		cbio_os_status	0
TCGA-W5-AA2Q	TCGA-CHOL	Alive	1.643818	CENSORED		cbio_os_status	0
TCGA-W5-AA2R	TCGA-CHOL	Alive	50.695335	CENSORED		cbio_os_status	0
TCGA-W5-AA2T	TCGA-CHOL	Dead	40.109149	PROGRESSION		cbio_os_status	0
TCGA-W5-AA2U	TCGA-CHOL	Dead	20.613473	PROGRESSION		cbio_os_status	0
TCGA-W5-AA2W	TCGA-CHOL	Dead	30.377749	PROGRESSION		cbio_os_status	0
TCGA-W5-AA2X	TCGA-CHOL	Dead	8.909491	CENSORED		cbio_os_status	0
TCGA-W5-AA2Z	TCGA-CHOL	Alive	53.062432	CENSORED		cbio_os_status	0
TCGA-W5-AA30	TCGA-CHOL	Alive	37.906434	CENSORED		cbio_os_status	0
TCGA-W5-AA31	TCGA-CHOL	Alive	0.328764	CENSORED		cbio_os_status	0
TCGA-W5-AA33	TCGA-CHOL	Alive	47.637834	CENSORED		cbio_os_status	0
TCGA-W5-AA34	TCGA-CHOL	Dead	18.246375	PROGRESSION		cbio_os_status	0
TCGA-W5-AA36	TCGA-CHOL	Dead	46.092646	PROGRESSION		cbio_os_status	0
TCGA-W5-AA38	TCGA-CHOL	Alive	48.361114	PROGRESSION		cbio_os_status	0
TCGA-W5-AA39	TCGA-CHOL	Dead	5.588980	PROGRESSION		cbio_os_status	0
TCGA-W6-AA0S	TCGA-CHOL	Alive	26.564092	PROGRESSION		cbio_os_status	0
TCGA-W6-AA0T	TCGA-CHOL	Alive				gdc_vital_status	0
TCGA-W8-A86G	TCGA-BRCA_OTHERS	Alive	11.408094	CENSORED		cbio_os_status	0
TCGA-W9-A837	TCGA-LGG	Alive	51.056975	CENSORED		cbio_os_status	0
TCGA-WA-A7GZ	TCGA-HNSC	Dead	20.547720	CENSORED		cbio_os_status	0
TCGA-WA-A7H4	TCGA-HNSC	Alive	14.564224	CENSORED		cbio_os_status	0
TCGA-WB-A80K	TCGA-PCPG	Alive	41.259822	PROGRESSION		cbio_os_status	0
TCGA-WB-A80L	TCGA-PCPG	Alive	34.257159	CENSORED		cbio_os_status	0
TCGA-WB-A80M	TCGA-PCPG	Alive	4.471184	CENSORED		cbio_os_status	0
TCGA-WB-A80N	TCGA-PCPG	Alive	4.734195	CENSORED		cbio_os_status	0
TCGA-WB-A80O	TCGA-PCPG	Alive	25.512049	CENSORED		cbio_os_status	0
TCGA-WB-A80P	TCGA-PCPG	Alive	316.730776	PROGRESSION		cbio_os_status	0
TCGA-WB-A80Q	TCGA-PCPG	Alive	127.560246	CENSORED		cbio_os_status	0
TCGA-WB-A80V	TCGA-PCPG	Alive	29.161324	CENSORED		cbio_os_status	0
TCGA-WB-A80Y	TCGA-PCPG	Dead	19.594306	CENSORED		cbio_os_status	0
TCGA-WB-A814	TCGA-PCPG	Alive	74.037545	CENSORED		cbio_os_status	0
TCGA-WB-A815	TCGA-PCPG	Alive	53.588454	CENSORED		cbio_os_status	0
TCGA-WB-A816	TCGA-PCPG	Alive	41.226945	CENSORED		cbio_os_status	0
TCGA-WB-A817	TCGA-PCPG	Alive	43.068021	CENSORED		cbio_os_status	0
TCGA-WB-A818	TCGA-PCPG	Alive	42.344741	CENSORED		cbio_os_status	0
TCGA-WB-A819	TCGA-PCPG	Alive	33.895519	CENSORED		cbio_os_status	0
TCGA-WB-A81A	TCGA-PCPG	Alive	24.164119	CENSORED		cbio_os_status	0
TCGA-WB-A81D	TCGA-PCPG	Alive	35.835224	CENSORED		cbio_os_status	0
TCGA-WB-A81E	TCGA-PCPG	Alive	48.525496	PROGRESSION		cbio_os_status	0
TCGA-WB-A81F	TCGA-PCPG	Alive	57.106223	CENSORED		cbio_os_status	0
TCGA-WB-A81G	TCGA-PCPG	Alive	38.761219	CENSORED		cbio_os_status	0
TCGA-WB-A81H	TCGA-PCPG	Alive	63.977381	CENSORED		cbio_os_status	0
TCGA-WB-A81I	TCGA-PCPG	Alive	22.323043	CENSORED		cbio_os_status	0
TCGA-WB-A81J	TCGA-PCPG	Alive	24.361377	CENSORED		cbio_os_status	0
TCGA-WB-A81K	TCGA-PCPG	Alive	40.043397	CENSORED		cbio_os_status	0
TCGA-WB-A81M	TCGA-PCPG	Alive	45.829635	CENSORED		cbio_os_status	0
TCGA-WB-A81N	TCGA-PCPG	Alive	62.037676	CENSORED		cbio_os_status	0
TCGA-WB-A81P	TCGA-PCPG	Alive	12.986159	CENSORED		cbio_os_status	0
TCGA-WB-A81Q	TCGA-PCPG	Dead	24.821646	PROGRESSION		cbio_os_status	0
TCGA-WB-A81R	TCGA-PCPG	Alive	1.610941	CENSORED		cbio_os_status	0
TCGA-WB-A81S	TCGA-PCPG	Alive	23.769603	CENSORED		cbio_os_status	0
TCGA-WB-A81T	TCGA-PCPG	Alive	25.512049	CENSORED		cbio_os_status	0
TCGA-WB-A81V	TCGA-PCPG	Alive	71.045797	CENSORED		cbio_os_status	0
TCGA-WB-A81W	TCGA-PCPG	Alive	78.212842	CENSORED		cbio_os_status	0
TCGA-WB-A820	TCGA-PCPG	Dead				gdc_vital_status	0
TCGA-WB-A821	TCGA-PCPG	Alive	93.105829	CENSORED		cbio_os_status	0
TCGA-WB-A822	TCGA-PCPG	Alive	103.165993	PROGRESSION		cbio_os_status	0
TCGA-WC-A87T	TCGA-UVM	Alive	85.478515	PROGRESSION		cbio_os_status	0
TCGA-WC-A87U	TCGA-UVM	Dead	51.977513	PROGRESSION		cbio_os_status	0
TCGA-WC-A87W	TCGA-UVM	Alive	55.988428	PROGRESSION		cbio_os_status	0
TCGA-WC-A87Y	TCGA-UVM	Dead	43.199527	CENSORED		cbio_os_status	0
TCGA-WC-A880	TCGA-UVM	Alive	41.358451	CENSORED		cbio_os_status	0
TCGA-WC-A881	TCGA-UVM	Alive	35.013315	CENSORED		cbio_os_status	0
TCGA-WC-A882	TCGA-UVM	Alive	36.558503	CENSORED		cbio_os_status	0
TCGA-WC-A883	TCGA-UVM	Dead	7.923201	PROGRESSION		cbio_os_status	0
TCGA-WC-A884	TCGA-UVM	Alive	0.394516	CENSORED		cbio_os_status	0
TCGA-WC-A885	TCGA-UVM	Alive	22.553177	CENSORED		cbio_os_status	0
TCGA-WC-A888	TCGA-UVM	Dead	18.903902	CENSORED		cbio_os_status	0
TCGA-WC-A88A	TCGA-UVM	Dead	2.695861	PROGRESSION		cbio_os_status	0
TCGA-WC-AA9A	TCGA-UVM	Dead	14.892987	PROGRESSION		cbio_os_status	0
TCGA-WC-AA9E	TCGA-UVM	Alive	27.550383	CENSORED		cbio_os_status	0
TCGA-WD-A7RX	TCGA-CHOL	Dead	0.690403	CENSORED		cbio_os_status	0
TCGA-WE-A8JZ	TCGA-SKCM	Alive	24.032613	CENSORED		cbio_os_status	0
TCGA-WE-A8K1	TCGA-SKCM	Alive	49.051517	CENSORED		cbio_os_status	0
TCGA-WE-A8K4	TCGA-SKCM	Alive				gdc_vital_status	0
TCGA-WE-A8K5	TCGA-SKCM	Dead	61.150015	PROGRESSION		cbio_os_status	0
TCGA-WE-A8K6	TCGA-SKCM	Alive	17.950488	PROGRESSION		cbio_os_status	0
TCGA-WE-A8ZM	TCGA-SKCM	Alive	101.324917	PROGRESSION		cbio_os_status	0
TCGA-WE-A8ZN	TCGA-SKCM	Alive	58.980176	PROGRESSION		cbio_os_status	0
TCGA-WE-A8ZO	TCGA-SKCM	Alive	70.519775	PROGRESSION		cbio_os_status	0
TCGA-WE-A8ZQ	TCGA-SKCM	Alive	63.221225	PROGRESSION		cbio_os_status	0
TCGA-WE-A8ZR	TCGA-SKCM	Dead				gdc_vital_status	0
TCGA-WE-A8ZT	TCGA-SKCM	Alive	11.802610	PROGRESSION		cbio_os_status	0
TCGA-WE-A8ZX	TCGA-SKCM	Alive	35.802347	PROGRESSION		cbio_os_status	0
TCGA-WE-A8ZY	TCGA-SKCM	Dead	49.511786	PROGRESSION		cbio_os_status	0
TCGA-WE-AA9Y	TCGA-SKCM	Alive	12.164250	CENSORED		cbio_os_status	0
TCGA-WE-AAA0	TCGA-SKCM	Alive	40.405037	PROGRESSION		cbio_os_status	0
TCGA-WE-AAA3	TCGA-SKCM	Alive	21.402505	CENSORED		cbio_os_status	0
TCGA-WE-AAA4	TCGA-SKCM	Alive				gdc_vital_status	0
TCGA-WH-A86K	TCGA-LGG	Alive	13.314923	CENSORED		cbio_os_status	0
TCGA-WJ-A86L	TCGA-LIHC	Alive	11.342341	CENSORED		cbio_os_status	0
TCGA-WK-A8XO	TCGA-SARC	Dead	11.934116	PROGRESSION		cbio_os_status	0
TCGA-WK-A8XQ	TCGA-SARC	Dead	4.799947	PROGRESSION		cbio_os_status	0
TCGA-WK-A8XS	TCGA-SARC	Alive	84.788112	CENSORED		cbio_os_status	0
TCGA-WK-A8XT	TCGA-SARC	Dead	41.489956	PROGRESSION		cbio_os_status	0
TCGA-WK-A8XX	TCGA-SARC	Dead	38.268074	PROGRESSION		cbio_os_status	0
TCGA-WK-A8XY	TCGA-SARC	Dead	65.456817	PROGRESSION		cbio_os_status	0
TCGA-WK-A8XZ	TCGA-SARC	Dead	56.613078	PROGRESSION		cbio_os_status	0
TCGA-WK-A8Y0	TCGA-SARC	Dead	22.618930	PROGRESSION		cbio_os_status	0
TCGA-WL-A834	TCGA-CESC	Alive	26.005194	CENSORED		cbio_os_status	0
TCGA-WN-A9G9	TCGA-KIRP	Alive	26.005194	PROGRESSION		cbio_os_status	0
TCGA-WN-AB4C	TCGA-KIRP	Alive	39.057106	PROGRESSION		cbio_os_status	0
TCGA-WP-A9GB	TCGA-SARC	Dead	8.580728	PROGRESSION		cbio_os_status	0
TCGA-WQ-A9G7	TCGA-LIHC	Alive	0.986291	CENSORED		cbio_os_status	0
TCGA-WQ-AB4B	TCGA-LIHC	Alive	12.986159	PROGRESSION		cbio_os_status	0
TCGA-WR-A838	TCGA-OV	Dead	9.994411	PROGRESSION		cbio_os_status	0
TCGA-WS-AB45	TCGA-COAD	Alive	70.026630	CENSORED		cbio_os_status	0
TCGA-WT-AB41	TCGA-BRCA_IDC	Alive	52.963803	CENSORED		cbio_os_status	0
TCGA-WT-AB44	TCGA-BRCA_OTHERS	Alive	29.029819	CENSORED		cbio_os_status	0
TCGA-WW-A8ZI	TCGA-PRAD	Alive	14.761482	CENSORED		cbio_os_status	0
TCGA-WX-AA44	TCGA-LIHC	Alive	20.218957	PROGRESSION		cbio_os_status	0
TCGA-WX-AA46	TCGA-LIHC	Alive	24.854522	CENSORED		cbio_os_status	0
TCGA-WX-AA47	TCGA-LIHC	Dead	18.279252	PROGRESSION		cbio_os_status	0
TCGA-WY-A858	TCGA-LGG	Alive	43.955683	CENSORED		cbio_os_status	0
TCGA-WY-A859	TCGA-LGG	Alive	39.879015	CENSORED		cbio_os_status	0
TCGA-WY-A85A	TCGA-LGG	Alive	43.396785	CENSORED		cbio_os_status	0
TCGA-WY-A85B	TCGA-LGG	Alive	45.796758	CENSORED		cbio_os_status	0
TCGA-WY-A85C	TCGA-LGG	Alive	46.881678	PROGRESSION		cbio_os_status	0
TCGA-WY-A85D	TCGA-LGG	Alive	37.709176	PROGRESSION		cbio_os_status	0
TCGA-WY-A85E	TCGA-LGG	Alive	20.810731	PROGRESSION		cbio_os_status	0
TCGA-WZ-A7V3	TCGA-TGCT	Alive	24.755893	CENSORED		cbio_os_status	0
TCGA-WZ-A7V4	TCGA-TGCT	Alive	29.391459	CENSORED		cbio_os_status	0
TCGA-WZ-A7V5	TCGA-TGCT	Alive	34.881810	CENSORED		cbio_os_status	0
TCGA-WZ-A8D5	TCGA-TGCT	Alive	25.446296	CENSORED		cbio_os_status	0
TCGA-X2-A95T	TCGA-SARC	Alive	63.352730	CENSORED		cbio_os_status	0
TCGA-X3-A8G4	TCGA-TGCT	Alive	28.142157	CENSORED		cbio_os_status	0
TCGA-X4-A8KQ	TCGA-PRAD	Alive	45.467995	CENSORED		cbio_os_status	0
TCGA-X4-A8KS	TCGA-PRAD	Alive	32.185949	CENSORED		cbio_os_status	0
TCGA-X6-A7W8	TCGA-SARC	Dead	26.432587	PROGRESSION		cbio_os_status	0
TCGA-X6-A7WA	TCGA-SARC	Alive	35.900976	CENSORED		cbio_os_status	0
TCGA-X6-A7WB	TCGA-SARC	Dead	18.081994	PROGRESSION		cbio_os_status	0
TCGA-X6-A7WC	TCGA-SARC	Alive	45.336489	PROGRESSION		cbio_os_status	0
TCGA-X6-A7WD	TCGA-SARC	Alive	30.838018	PROGRESSION		cbio_os_status	0
TCGA-X6-A8C2	TCGA-SARC	Alive	35.177697	PROGRESSION		cbio_os_status	0
TCGA-X6-A8C3	TCGA-SARC	Alive	19.166913	CENSORED		cbio_os_status	0
TCGA-X6-A8C4	TCGA-SARC	Dead	20.646349	PROGRESSION		cbio_os_status	0
TCGA-X6-A8C5	TCGA-SARC	Alive	50.859717	CENSORED		cbio_os_status	0
TCGA-X6-A8C6	TCGA-SARC	Dead	35.079068	PROGRESSION		cbio_os_status	0
TCGA-X6-A8C7	TCGA-SARC	Alive	29.457211	CENSORED		cbio_os_status	0
TCGA-X7-A8D6	TCGA-THYM	Alive	138.902587	PROGRESSION		cbio_os_status	0
TCGA-X7-A8D7	TCGA-THYM	Alive	10.684814	PROGRESSION		cbio_os_status	0
TCGA-X7-A8D8	TCGA-THYM	Alive	1.906828	CENSORED		cbio_os_status	0
TCGA-X7-A8D9	TCGA-THYM	Alive		CENSORED		cbio_os_status	0
TCGA-X7-A8DB	TCGA-THYM	Alive	65.489693	CENSORED		cbio_os_status	0
TCGA-X7-A8DC	TCGA-THYM	Alive	59.111681	CENSORED		cbio_os_status	0
TCGA-X7-A8DD	TCGA-THYM	Alive	36.624256	CENSORED		cbio_os_status	0
TCGA-X7-A8DE	TCGA-THYM	Alive	32.251701	CENSORED		cbio_os_status	0
TCGA-X7-A8DF	TCGA-THYM	Alive	29.621593	CENSORED		cbio_os_status	0
TCGA-X7-A8DG	TCGA-THYM	Alive	22.849065	CENSORED		cbio_os_status	0
TCGA-X7-A8DI	TCGA-THYM	Alive	23.177828	CENSORED		cbio_os_status	0
TCGA-X7-A8DJ	TCGA-THYM	Alive	9.501266	CENSORED		cbio_os_status	0
TCGA-X7-A8M0	TCGA-THYM	Alive	14.498471	CENSORED		cbio_os_status	0
TCGA-X7-A8M1	TCGA-THYM	Alive	42.147483	CENSORED		cbio_os_status	0
TCGA-X7-A8M3	TCGA-THYM	Alive	1.643818	CENSORED		cbio_os_status	0
TCGA-X7-A8M4	TCGA-THYM	Alive	125.193149	CENSORED		cbio_os_status	0
TCGA-X7-A8M5	TCGA-THYM	Alive	54.081599	CENSORED		cbio_os_status	0
TCGA-X7-A8M6	TCGA-THYM	Alive	150.409311	PROGRESSION		cbio_os_status	0
TCGA-X7-A8M7	TCGA-THYM	Alive	64.832166	CENSORED		cbio_os_status	0
TCGA-X7-A8M8	TCGA-THYM	Alive	83.275800	CENSORED		cbio_os_status	0
TCGA-X8-AAAR	TCGA-ESCA	Alive	18.213499	CENSORED		cbio_os_status	0
TCGA-X9-A971	TCGA-SARC	Alive	27.320249	PROGRESSION		cbio_os_status	0
TCGA-X9-A973	TCGA-SARC	Alive	36.426998	PROGRESSION		cbio_os_status	0
TCGA-XA-A8JR	TCGA-PRAD	Alive	12.361508	CENSORED		cbio_os_status	0
TCGA-XC-AA0X	TCGA-LUSC	Dead	0.197258	CENSORED		cbio_os_status	0
TCGA-XD-AAUG	TCGA-PAAD	Alive	13.808068	CENSORED		cbio_os_status	0
TCGA-XD-AAUH	TCGA-PAAD	Alive	12.986159	PROGRESSION		cbio_os_status	0
TCGA-XD-AAUI	TCGA-PAAD	Dead	12.032745	PROGRESSION		cbio_os_status	0
TCGA-XD-AAUL	TCGA-PAAD	Alive	16.372423	CENSORED		cbio_os_status	0
TCGA-XE-A8H1	TCGA-TGCT	Alive	6.871158	CENSORED		cbio_os_status	0
TCGA-XE-A8H4	TCGA-TGCT	Alive	18.377881	CENSORED		cbio_os_status	0
TCGA-XE-A8H5	TCGA-TGCT	Alive	40.010520	CENSORED		cbio_os_status	0
TCGA-XE-A9SE	TCGA-TGCT	Alive	23.276457	CENSORED		cbio_os_status	0
TCGA-XE-AANI	TCGA-TGCT	Alive	34.224282	CENSORED		cbio_os_status	0
TCGA-XE-AANJ	TCGA-TGCT	Alive	65.982839	PROGRESSION		cbio_os_status	0
TCGA-XE-AANR	TCGA-TGCT	Alive	0.460269	CENSORED		cbio_os_status	0
TCGA-XE-AANV	TCGA-TGCT	Alive	55.922675	PROGRESSION		cbio_os_status	0
TCGA-XE-AAO3	TCGA-TGCT	Alive	93.927738	CENSORED		cbio_os_status	0
TCGA-XE-AAO4	TCGA-TGCT	Alive	12.065621	CENSORED		cbio_os_status	0
TCGA-XE-AAO6	TCGA-TGCT	Alive	7.890324	CENSORED		cbio_os_status	0
TCGA-XE-AAOB	TCGA-TGCT	Dead	16.865569	PROGRESSION		cbio_os_status	0
TCGA-XE-AAOC	TCGA-TGCT	Alive	8.876615	CENSORED		cbio_os_status	0
TCGA-XE-AAOD	TCGA-TGCT	Alive	67.659532	CENSORED		cbio_os_status	0
TCGA-XE-AAOF	TCGA-TGCT	Alive	41.687214	CENSORED		cbio_os_status	0
TCGA-XE-AAOL	TCGA-TGCT	Alive	0.427393	CENSORED		cbio_os_status	0
TCGA-XF-A8HB	TCGA-BLCA	Alive	45.040602	CENSORED		cbio_os_status	0
TCGA-XF-A8HC	TCGA-BLCA	Dead	6.575270	CENSORED		cbio_os_status	0
TCGA-XF-A8HD	TCGA-BLCA	Alive	97.445507	CENSORED		cbio_os_status	0
TCGA-XF-A8HE	TCGA-BLCA	Alive	125.489036	CENSORED		cbio_os_status	0
TCGA-XF-A8HF	TCGA-BLCA	Dead	97.116744	CENSORED		cbio_os_status	0
TCGA-XF-A8HG	TCGA-BLCA	Dead	15.353256	PROGRESSION		cbio_os_status	0
TCGA-XF-A8HH	TCGA-BLCA	Dead	1.873952	PROGRESSION		cbio_os_status	0
TCGA-XF-A8HI	TCGA-BLCA	Dead	17.884736	PROGRESSION		cbio_os_status	0
TCGA-XF-A9SG	TCGA-BLCA	Alive	48.624125	CENSORED		cbio_os_status	0
TCGA-XF-A9SH	TCGA-BLCA	Dead	64.799290	PROGRESSION		cbio_os_status	0
TCGA-XF-A9SI	TCGA-BLCA	Alive	79.659401	CENSORED		cbio_os_status	0
TCGA-XF-A9SJ	TCGA-BLCA	Dead	3.221882	PROGRESSION		cbio_os_status	0
TCGA-XF-A9SK	TCGA-BLCA	Dead	15.977907	PROGRESSION		cbio_os_status	0
TCGA-XF-A9SL	TCGA-BLCA	Dead	66.410231	CENSORED		cbio_os_status	0
TCGA-XF-A9SM	TCGA-BLCA	Alive	34.454417	CENSORED		cbio_os_status	0
TCGA-XF-A9SP	TCGA-BLCA	Dead	14.925864	PROGRESSION		cbio_os_status	0
TCGA-XF-A9ST	TCGA-BLCA	Dead	4.208173	CENSORED		cbio_os_status	0
TCGA-XF-A9SU	TCGA-BLCA	Dead	5.983496	PROGRESSION		cbio_os_status	0
TCGA-XF-A9SV	TCGA-BLCA	Dead	12.756025	PROGRESSION		cbio_os_status	0
TCGA-XF-A9SW	TCGA-BLCA	Dead	11.901239	PROGRESSION		cbio_os_status	0
TCGA-XF-A9SX	TCGA-BLCA	Dead	23.638097	PROGRESSION		cbio_os_status	0
TCGA-XF-A9SY	TCGA-BLCA	Alive	21.040865	PROGRESSION		cbio_os_status	0
TCGA-XF-A9SZ	TCGA-BLCA	Dead	28.240786	PROGRESSION		cbio_os_status	0
TCGA-XF-A9T0	TCGA-BLCA	Alive	26.268205	CENSORED		cbio_os_status	0
TCGA-XF-A9T2	TCGA-BLCA	Dead	18.903902	CENSORED		cbio_os_status	0
TCGA-XF-A9T3	TCGA-BLCA	Alive	2.235592	CENSORED		cbio_os_status	0
TCGA-XF-A9T4	TCGA-BLCA	Dead	16.273794	PROGRESSION		cbio_os_status	0
TCGA-XF-A9T5	TCGA-BLCA	Alive	66.640366	PROGRESSION		cbio_os_status	0
TCGA-XF-A9T6	TCGA-BLCA	Alive	2.104087	CENSORED		cbio_os_status	0
TCGA-XF-A9T8	TCGA-BLCA	Dead	13.742315	CENSORED		cbio_os_status	0
TCGA-XF-AAME	TCGA-BLCA	Dead	92.974324	PROGRESSION		cbio_os_status	0
TCGA-XF-AAMF	TCGA-BLCA	Dead	10.816320	PROGRESSION		cbio_os_status	0
TCGA-XF-AAMG	TCGA-BLCA	Alive	110.596048	CENSORED		cbio_os_status	0
TCGA-XF-AAMH	TCGA-BLCA	Dead	11.309465	PROGRESSION		cbio_os_status	0
TCGA-XF-AAMJ	TCGA-BLCA	Dead	54.903508	CENSORED		cbio_os_status	0
TCGA-XF-AAML	TCGA-BLCA	Dead	7.627314	CENSORED		cbio_os_status	0
TCGA-XF-AAMQ	TCGA-BLCA	Alive	71.571818	CENSORED		cbio_os_status	0
TCGA-XF-AAMR	TCGA-BLCA	Alive	91.725022	CENSORED		cbio_os_status	0
TCGA-XF-AAMT	TCGA-BLCA	Dead	2.958872	PROGRESSION		cbio_os_status	0
TCGA-XF-AAMW	TCGA-BLCA	Dead	8.317717	PROGRESSION		cbio_os_status	0
TCGA-XF-AAMX	TCGA-BLCA	Dead	6.772529	CENSORED		cbio_os_status	0
TCGA-XF-AAMY	TCGA-BLCA	Alive	98.990696	PROGRESSION		cbio_os_status	0
TCGA-XF-AAMZ	TCGA-BLCA	Dead	44.317323	PROGRESSION		cbio_os_status	0
TCGA-XF-AAN0	TCGA-BLCA	Dead	56.481573	PROGRESSION		cbio_os_status	0
TCGA-XF-AAN1	TCGA-BLCA	Dead	30.936647	PROGRESSION		cbio_os_status	0
TCGA-XF-AAN2	TCGA-BLCA	Dead	61.445902	CENSORED		cbio_os_status	0
TCGA-XF-AAN3	TCGA-BLCA	Alive	86.300424	CENSORED		cbio_os_status	0
TCGA-XF-AAN4	TCGA-BLCA	Dead	27.057238	CENSORED		cbio_os_status	0
TCGA-XF-AAN5	TCGA-BLCA	Alive	75.385475	CENSORED		cbio_os_status	0
TCGA-XF-AAN7	TCGA-BLCA	Dead	18.575139	PROGRESSION		cbio_os_status	0
TCGA-XF-AAN8	TCGA-BLCA	Dead	3.879410	CENSORED		cbio_os_status	0
TCGA-XH-A853	TCGA-THYM	Alive	40.109149	PROGRESSION		cbio_os_status	0
TCGA-XJ-A83F	TCGA-PRAD	Alive	37.051649	CENSORED		cbio_os_status	0
TCGA-XJ-A83G	TCGA-PRAD	Alive	48.032350	CENSORED		cbio_os_status	0
TCGA-XJ-A83H	TCGA-PRAD	Alive	42.081731	CENSORED		cbio_os_status	0
TCGA-XJ-A9DI	TCGA-PRAD	Alive	48.032350	CENSORED		cbio_os_status	0
TCGA-XJ-A9DK	TCGA-PRAD	Alive	9.040997	CENSORED		cbio_os_status	0
TCGA-XJ-A9DQ	TCGA-PRAD	Alive	2.991748	CENSORED		cbio_os_status	0
TCGA-XJ-A9DX	TCGA-PRAD	Alive	31.988691	CENSORED		cbio_os_status	0
TCGA-XK-AAIR	TCGA-PRAD	Alive	31.955814	CENSORED		cbio_os_status	0
TCGA-XK-AAIV	TCGA-PRAD	Alive	37.248907	CENSORED		cbio_os_status	0
TCGA-XK-AAIW	TCGA-PRAD	Alive	40.043397	PROGRESSION		cbio_os_status	0
TCGA-XK-AAJ3	TCGA-PRAD	Alive				gdc_vital_status	0
TCGA-XK-AAJA	TCGA-PRAD	Alive	30.575007	CENSORED		cbio_os_status	0
TCGA-XK-AAJP	TCGA-PRAD	Alive	41.391327	CENSORED		cbio_os_status	0
TCGA-XK-AAJR	TCGA-PRAD	Alive	36.953020	PROGRESSION		cbio_os_status	0
TCGA-XK-AAJT	TCGA-PRAD	Alive	47.144689	CENSORED		cbio_os_status	0
TCGA-XK-AAJU	TCGA-PRAD	Alive	51.813131	CENSORED		cbio_os_status	0
TCGA-XK-AAK1	TCGA-PRAD	Alive				gdc_vital_status	0
TCGA-XM-A8R8	TCGA-THYM	Alive	52.536411	PROGRESSION		cbio_os_status	0
TCGA-XM-A8R9	TCGA-THYM	Alive	48.920012	CENSORED		cbio_os_status	0
TCGA-XM-A8RB	TCGA-THYM	Alive	37.610547	CENSORED		cbio_os_status	0
TCGA-XM-A8RC	TCGA-THYM	Alive	97.412631	CENSORED		cbio_os_status	0
TCGA-XM-A8RD	TCGA-THYM	Alive	50.826840	CENSORED		cbio_os_status	0
TCGA-XM-A8RE	TCGA-THYM	Alive	13.873821	CENSORED		cbio_os_status	0
TCGA-XM-A8RF	TCGA-THYM	Alive	26.202453	CENSORED		cbio_os_status	0
TCGA-XM-A8RG	TCGA-THYM	Alive	12.690272	CENSORED		cbio_os_status	0
TCGA-XM-A8RH	TCGA-THYM	Alive	11.934116	CENSORED		cbio_os_status	0
TCGA-XM-A8RI	TCGA-THYM	Alive	12.723148	CENSORED		cbio_os_status	0
TCGA-XM-A8RL	TCGA-THYM	Alive	84.229214	CENSORED		cbio_os_status	0
TCGA-XM-AAZ1	TCGA-THYM	Alive	13.051912	CENSORED		cbio_os_status	0
TCGA-XM-AAZ2	TCGA-THYM	Alive	32.251701	CENSORED		cbio_os_status	0
TCGA-XM-AAZ3	TCGA-THYM	Alive	37.807805	CENSORED		cbio_os_status	0
TCGA-XN-A8T3	TCGA-PAAD	Alive	31.265411	CENSORED		cbio_os_status	0
TCGA-XN-A8T5	TCGA-PAAD	Alive	23.670973	PROGRESSION		cbio_os_status	0
TCGA-XP-A8T6	TCGA-ESCA	Dead	25.084657	CENSORED		cbio_os_status	0
TCGA-XP-A8T7	TCGA-ESCA	Alive	41.226945	CENSORED		cbio_os_status	0
TCGA-XP-A8T8	TCGA-ESCA	Alive	14.366966	CENSORED		cbio_os_status	0
TCGA-XQ-A8TA	TCGA-PRAD	Dead	4.799947	PROGRESSION		cbio_os_status	0
TCGA-XQ-A8TB	TCGA-PRAD	Alive	25.314791	CENSORED		cbio_os_status	0
TCGA-XR-A8TC	TCGA-LIHC	Alive				gdc_vital_status	0
TCGA-XR-A8TD	TCGA-LIHC	Alive	33.862643	CENSORED		cbio_os_status	0
TCGA-XR-A8TE	TCGA-LIHC	Alive	30.410626	PROGRESSION		cbio_os_status	0
TCGA-XR-A8TF	TCGA-LIHC	Dead	22.783312	PROGRESSION		cbio_os_status	0
TCGA-XR-A8TG	TCGA-LIHC	Alive	29.522964	PROGRESSION		cbio_os_status	0
TCGA-XS-A8TJ	TCGA-CESC	Alive	29.259953	CENSORED		cbio_os_status	0
TCGA-XT-AASU	TCGA-MESO	Dead	4.668442	PROGRESSION		cbio_os_status	0
TCGA-XU-A92O	TCGA-THYM	Alive	112.108360	CENSORED		cbio_os_status	0
TCGA-XU-A92Q	TCGA-THYM	Alive	35.900976	CENSORED		cbio_os_status	0
TCGA-XU-A92R	TCGA-THYM	Alive	90.048328	CENSORED		cbio_os_status	0
TCGA-XU-A92T	TCGA-THYM	Alive	45.237860	CENSORED		cbio_os_status	0
TCGA-XU-A92U	TCGA-THYM	Alive	149.981918	CENSORED		cbio_os_status	0
TCGA-XU-A92V	TCGA-THYM	Dead	4.076668	CENSORED		cbio_os_status	0
TCGA-XU-A92W	TCGA-THYM	Alive	107.801558	CENSORED		cbio_os_status	0
TCGA-XU-A92X	TCGA-THYM	Alive	77.029293	CENSORED		cbio_os_status	0
TCGA-XU-A92Y	TCGA-THYM	Dead	114.672716	PROGRESSION		cbio_os_status	0
TCGA-XU-A92Z	TCGA-THYM	Alive	120.426078	CENSORED		cbio_os_status	0
TCGA-XU-A930	TCGA-THYM	Alive	82.651149	CENSORED		cbio_os_status	0
TCGA-XU-A931	TCGA-THYM	Dead	52.898050	PROGRESSION		cbio_os_status	0
TCGA-XU-A932	TCGA-THYM	Alive	70.651281	CENSORED		cbio_os_status	0
TCGA-XU-A933	TCGA-THYM	Alive	58.815794	CENSORED		cbio_os_status	0
TCGA-XU-A936	TCGA-THYM	Alive	21.139494	CENSORED		cbio_os_status	0
TCGA-XU-AAXV	TCGA-THYM	Alive				gdc_vital_status	0
TCGA-XU-AAXW	TCGA-THYM	Alive	123.680836	CENSORED		cbio_os_status	0
TCGA-XU-AAXX	TCGA-THYM	Alive	89.456554	CENSORED		cbio_os_status	0
TCGA-XU-AAXY	TCGA-THYM	Alive	62.169182	CENSORED		cbio_os_status	0
TCGA-XU-AAXZ	TCGA-THYM	Alive	50.530953	CENSORED		cbio_os_status	0
TCGA-XU-AAY0	TCGA-THYM	Alive	49.380281	CENSORED		cbio_os_status	0
TCGA-XU-AAY1	TCGA-THYM	Alive	107.439918	CENSORED		cbio_os_status	0
TCGA-XV-A9VZ	TCGA-SKCM	Alive				gdc_vital_status	0
TCGA-XV-A9W2	TCGA-SKCM	Alive				gdc_vital_status	0
TCGA-XV-A9W5	TCGA-SKCM	Alive				gdc_vital_status	0
TCGA-XV-AAZV	TCGA-SKCM	Alive				gdc_vital_status	0
TCGA-XV-AAZW	TCGA-SKCM	Dead				gdc_vital_status	0
TCGA-XV-AAZY	TCGA-SKCM	Alive				gdc_vital_status	0
TCGA-XV-AB01	TCGA-SKCM	Alive	13.249170	CENSORED		cbio_os_status	0
TCGA-XX-A899	TCGA-BRCA_OTHERS	Alive	15.353256	CENSORED		cbio_os_status	0
TCGA-XX-A89A	TCGA-BRCA_OTHERS	Alive	16.043660	CENSORED		cbio_os_status	0
TCGA-XY-A89B	TCGA-TGCT	Alive	15.484762	CENSORED		cbio_os_status	0
TCGA-XY-A8S2	TCGA-TGCT	Alive	22.092909	CENSORED		cbio_os_status	0
TCGA-XY-A8S3	TCGA-TGCT	Alive	27.714765	CENSORED		cbio_os_status	0
TCGA-XY-A9T9	TCGA-TGCT	Alive	9.238255	CENSORED		cbio_os_status	0
TCGA-Y6-A8TL	TCGA-PRAD	Alive	32.613341	CENSORED		cbio_os_status	0
TCGA-Y6-A9XI	TCGA-PRAD	Alive	17.292961	CENSORED		cbio_os_status	0
TCGA-Y8-A894	TCGA-KIRP	Alive	18.640892	CENSORED		cbio_os_status	0
TCGA-Y8-A895	TCGA-KIRP	Alive	15.912154	CENSORED		cbio_os_status	0
TCGA-Y8-A896	TCGA-KIRP	Alive	18.640892	CENSORED		cbio_os_status	0
TCGA-Y8-A897	TCGA-KIRP	Alive	18.049117	PROGRESSION		cbio_os_status	0
TCGA-Y8-A898	TCGA-KIRP	Alive	15.616267	CENSORED		cbio_os_status	0
TCGA-Y8-A8RY	TCGA-KIRP	Alive	25.281915	CENSORED		cbio_os_status	0
TCGA-Y8-A8RZ	TCGA-KIRP	Alive	6.739652	CENSORED		cbio_os_status	0
TCGA-Y8-A8S0	TCGA-KIRP	Alive	6.016372	CENSORED		cbio_os_status	0
TCGA-Y8-A8S1	TCGA-KIRP	Alive	13.282046	CENSORED		cbio_os_status	0
TCGA-YA-A8S7	TCGA-LIHC	Dead	13.545057	PROGRESSION		cbio_os_status	0
TCGA-YB-A89D	TCGA-PAAD	Alive	11.506723	CENSORED		cbio_os_status	0
TCGA-YC-A89H	TCGA-BLCA	Alive	18.838150	CENSORED		cbio_os_status	0
TCGA-YC-A8S6	TCGA-BLCA	Alive	9.632771	CENSORED		cbio_os_status	0
TCGA-YC-A9TC	TCGA-BLCA	Dead	0.657527	PROGRESSION		cbio_os_status	0
TCGA-YD-A89C	TCGA-SKCM	Alive	6.904034	CENSORED		cbio_os_status	0
TCGA-YD-A9TA	TCGA-SKCM	Alive				gdc_vital_status	0
TCGA-YD-A9TB	TCGA-SKCM	Alive				gdc_vital_status	0
TCGA-YF-AA3L	TCGA-BLCA	Alive	11.966992	CENSORED		cbio_os_status	0
TCGA-YF-AA3M	TCGA-BLCA	Alive	13.643686	PROGRESSION		cbio_os_status	0
TCGA-YG-AA3N	TCGA-SKCM	Alive				gdc_vital_status	0
TCGA-YG-AA3O	TCGA-SKCM	Dead				gdc_vital_status	0
TCGA-YG-AA3P	TCGA-SKCM	Alive				gdc_vital_status	0
TCGA-YL-A8HJ	TCGA-PRAD	Alive	52.963803	CENSORED		cbio_os_status	0
TCGA-YL-A8HK	TCGA-PRAD	Alive	49.018641	PROGRESSION		cbio_os_status	0
TCGA-YL-A8HL	TCGA-PRAD	Alive	51.451491	CENSORED		cbio_os_status	0
TCGA-YL-A8HM	TCGA-PRAD	Alive	48.722754	PROGRESSION		cbio_os_status	0
TCGA-YL-A8HO	TCGA-PRAD	Alive	75.747115	PROGRESSION		cbio_os_status	0
TCGA-YL-A8S8	TCGA-PRAD	Alive	62.136305	PROGRESSION		cbio_os_status	0
TCGA-YL-A8S9	TCGA-PRAD	Alive	60.558240	PROGRESSION		cbio_os_status	0
TCGA-YL-A8SA	TCGA-PRAD	Alive	16.832692	CENSORED		cbio_os_status	0
TCGA-YL-A8SB	TCGA-PRAD	Alive	56.514449	PROGRESSION		cbio_os_status	0
TCGA-YL-A8SC	TCGA-PRAD	Alive	41.457080	PROGRESSION		cbio_os_status	0
TCGA-YL-A8SF	TCGA-PRAD	Alive	45.139231	CENSORED		cbio_os_status	0
TCGA-YL-A8SH	TCGA-PRAD	Dead	28.766808	CENSORED		cbio_os_status	0
TCGA-YL-A8SI	TCGA-PRAD	Alive	53.062432	PROGRESSION		cbio_os_status	0
TCGA-YL-A8SJ	TCGA-PRAD	Alive	45.862511	PROGRESSION		cbio_os_status	0
TCGA-YL-A8SK	TCGA-PRAD	Alive	46.289904	CENSORED		cbio_os_status	0
TCGA-YL-A8SL	TCGA-PRAD	Alive	32.448959	CENSORED		cbio_os_status	0
TCGA-YL-A8SO	TCGA-PRAD	Alive	114.376829	CENSORED		cbio_os_status	0
TCGA-YL-A8SP	TCGA-PRAD	Alive	77.785449	PROGRESSION		cbio_os_status	0
TCGA-YL-A8SQ	TCGA-PRAD	Alive	68.481441	PROGRESSION		cbio_os_status	0
TCGA-YL-A8SR	TCGA-PRAD	Alive	8.975244	CENSORED		cbio_os_status	0
TCGA-YL-A9WH	TCGA-PRAD	Alive	14.038202	CENSORED		cbio_os_status	0
TCGA-YL-A9WI	TCGA-PRAD	Alive	53.358319	CENSORED		cbio_os_status	0
TCGA-YL-A9WJ	TCGA-PRAD	Dead	60.985633	PROGRESSION		cbio_os_status	0
TCGA-YL-A9WK	TCGA-PRAD	Alive	70.223888	PROGRESSION		cbio_os_status	0
TCGA-YL-A9WL	TCGA-PRAD	Alive	24.328501	PROGRESSION		cbio_os_status	0
TCGA-YL-A9WX	TCGA-PRAD	Alive	49.906302	PROGRESSION		cbio_os_status	0
TCGA-YL-A9WY	TCGA-PRAD	Alive	36.098235	PROGRESSION		cbio_os_status	0
TCGA-YR-A95A	TCGA-CHOL	Dead	0.854785	PROGRESSION		cbio_os_status	0
TCGA-YS-A95B	TCGA-MESO	Dead	1.282178	PROGRESSION		cbio_os_status	0
TCGA-YS-A95C	TCGA-MESO	Dead	4.372555	CENSORED		cbio_os_status	0
TCGA-YS-AA4M	TCGA-MESO	Dead	2.761614	PROGRESSION		cbio_os_status	0
TCGA-YT-A95D	TCGA-THYM	Alive	24.657264	PROGRESSION		cbio_os_status	0
TCGA-YT-A95E	TCGA-THYM	Alive	35.177697	CENSORED		cbio_os_status	0
TCGA-YT-A95F	TCGA-THYM	Alive	25.479173	CENSORED		cbio_os_status	0
TCGA-YT-A95G	TCGA-THYM	Alive	49.774797	CENSORED		cbio_os_status	0
TCGA-YT-A95H	TCGA-THYM	Alive	23.375086	CENSORED		cbio_os_status	0
TCGA-YU-A90P	TCGA-TGCT	Alive	68.021172	CENSORED		cbio_os_status	0
TCGA-YU-A90Q	TCGA-TGCT	Alive	64.569155	CENSORED		cbio_os_status	0
TCGA-YU-A90S	TCGA-TGCT	Alive	31.922938	CENSORED		cbio_os_status	0
TCGA-YU-A90W	TCGA-TGCT	Alive	36.591380	CENSORED		cbio_os_status	0
TCGA-YU-A90Y	TCGA-TGCT	Dead	0.558898	PROGRESSION		cbio_os_status	0
TCGA-YU-A912	TCGA-TGCT	Alive	28.470921	CENSORED		cbio_os_status	0
TCGA-YU-A94D	TCGA-TGCT	Alive	71.243055	CENSORED		cbio_os_status	0
TCGA-YU-A94I	TCGA-TGCT	Alive	17.621725	CENSORED		cbio_os_status	0
TCGA-YU-AA4L	TCGA-TGCT	Alive	51.714502	PROGRESSION		cbio_os_status	0
TCGA-YU-AA61	TCGA-TGCT	Alive	28.405168	CENSORED		cbio_os_status	0
TCGA-YY-A8LH	TCGA-PAAD	Alive	66.278726	CENSORED		cbio_os_status	0
TCGA-YZ-A980	TCGA-UVM	Alive	61.215767	PROGRESSION		cbio_os_status	0
TCGA-YZ-A982	TCGA-UVM	Alive	16.273794	CENSORED		cbio_os_status	0
TCGA-YZ-A983	TCGA-UVM	Alive	26.235329	CENSORED		cbio_os_status	0
TCGA-YZ-A984	TCGA-UVM	Dead	45.895387	PROGRESSION		cbio_os_status	0
TCGA-YZ-A985	TCGA-UVM	Alive	38.925601	CENSORED		cbio_os_status	0
TCGA-Z2-A8RT	TCGA-SKCM	Alive				gdc_vital_status	0
TCGA-Z2-AA3S	TCGA-SKCM	Alive				gdc_vital_status	0
TCGA-Z2-AA3V	TCGA-SKCM	Alive				gdc_vital_status	0
TCGA-Z4-A8JB	TCGA-SARC	Alive	4.372555	CENSORED		cbio_os_status	0
TCGA-Z4-A9VC	TCGA-SARC	Alive	13.380675	CENSORED		cbio_os_status	0
TCGA-Z4-AAPF	TCGA-SARC	Alive	15.945031	CENSORED		cbio_os_status	0
TCGA-Z4-AAPG	TCGA-SARC	Alive	15.977907	CENSORED		cbio_os_status	0
TCGA-Z5-AAPL	TCGA-PAAD	Alive	15.353256	CENSORED		cbio_os_status	0
TCGA-Z6-A8JD	TCGA-ESCA	Alive	3.419141	CENSORED		cbio_os_status	0
TCGA-Z6-A8JE	TCGA-ESCA	Alive	2.104087	CENSORED		cbio_os_status	0
TCGA-Z6-A9VB	TCGA-ESCA	Alive	1.315054	CENSORED		cbio_os_status	0
TCGA-Z6-AAPN	TCGA-ESCA	Alive	2.662985	CENSORED		cbio_os_status	0
TCGA-Z7-A8R5	TCGA-BRCA_OTHERS	Alive	108.064569	PROGRESSION		cbio_os_status	0
TCGA-Z7-A8R6	TCGA-BRCA_IDC	Alive	107.045402	CENSORED		cbio_os_status	0
TCGA-ZA-A8F6	TCGA-STAD	Alive	17.260085	CENSORED		cbio_os_status	0
TCGA-ZB-A961	TCGA-THYM	Dead	5.917743	CENSORED		cbio_os_status	0
TCGA-ZB-A962	TCGA-THYM	Alive	54.147352	PROGRESSION		cbio_os_status	0
TCGA-ZB-A963	TCGA-THYM	Alive	48.722754	CENSORED		cbio_os_status	0
TCGA-ZB-A965	TCGA-THYM	Alive	26.827103	CENSORED		cbio_os_status	0
TCGA-ZB-A966	TCGA-THYM	Dead	12.460137	PROGRESSION		cbio_os_status	0
TCGA-ZB-A969	TCGA-THYM	Alive	34.388664	CENSORED		cbio_os_status	0
TCGA-ZB-A96A	TCGA-THYM	Alive	77.390933	CENSORED		cbio_os_status	0
TCGA-ZB-A96B	TCGA-THYM	Alive	72.689614	PROGRESSION		cbio_os_status	0
TCGA-ZB-A96C	TCGA-THYM	Alive	71.111549	CENSORED		cbio_os_status	0
TCGA-ZB-A96D	TCGA-THYM	Alive	64.437650	CENSORED		cbio_os_status	0
TCGA-ZB-A96E	TCGA-THYM	Alive	59.802084	CENSORED		cbio_os_status	0
TCGA-ZB-A96F	TCGA-THYM	Alive	57.895256	CENSORED		cbio_os_status	0
TCGA-ZB-A96G	TCGA-THYM	Alive	52.799421	CENSORED		cbio_os_status	0
TCGA-ZB-A96H	TCGA-THYM	Alive	49.446033	CENSORED		cbio_os_status	0
TCGA-ZB-A96I	TCGA-THYM	Alive	54.344610	CENSORED		cbio_os_status	0
TCGA-ZB-A96K	TCGA-THYM	Alive	45.632377	CENSORED		cbio_os_status	0
TCGA-ZB-A96L	TCGA-THYM	Alive	50.267942	CENSORED		cbio_os_status	0
TCGA-ZB-A96M	TCGA-THYM	Alive	0.460269	CENSORED		cbio_os_status	0
TCGA-ZB-A96O	TCGA-THYM	Alive	34.520170	CENSORED		cbio_os_status	0
TCGA-ZB-A96P	TCGA-THYM	Alive	24.755893	CENSORED		cbio_os_status	0
TCGA-ZB-A96Q	TCGA-THYM	Alive	22.191538	CENSORED		cbio_os_status	0
TCGA-ZB-A96R	TCGA-THYM	Alive	59.308939	CENSORED		cbio_os_status	0
TCGA-ZB-A96V	TCGA-THYM	Alive	30.640760	CENSORED		cbio_os_status	0
TCGA-ZC-AAA7	TCGA-THYM	Dead	28.043528	PROGRESSION		cbio_os_status	0
TCGA-ZC-AAAA	TCGA-THYM	Alive	26.925732	PROGRESSION		cbio_os_status	0
TCGA-ZC-AAAF	TCGA-THYM	Alive	38.300950	CENSORED		cbio_os_status	0
TCGA-ZC-AAAH	TCGA-THYM	Alive	16.339547	PROGRESSION		cbio_os_status	0
TCGA-ZD-A8I3	TCGA-CHOL	Dead	5.556103	PROGRESSION		cbio_os_status	0
TCGA-ZF-A9R0	TCGA-BLCA	Dead	22.355919	PROGRESSION		cbio_os_status	0
TCGA-ZF-A9R1	TCGA-BLCA	Alive	25.413420	PROGRESSION		cbio_os_status	0
TCGA-ZF-A9R2	TCGA-BLCA	Alive	21.106618	CENSORED		cbio_os_status	0
TCGA-ZF-A9R3	TCGA-BLCA	Dead	31.199658	PROGRESSION		cbio_os_status	0
TCGA-ZF-A9R4	TCGA-BLCA	Alive	30.279120	CENSORED		cbio_os_status	0
TCGA-ZF-A9R5	TCGA-BLCA	Alive	35.835224	CENSORED		cbio_os_status	0
TCGA-ZF-A9R7	TCGA-BLCA	Alive	21.862774	CENSORED		cbio_os_status	0
TCGA-ZF-A9R9	TCGA-BLCA	Dead	28.405168	PROGRESSION		cbio_os_status	0
TCGA-ZF-A9RC	TCGA-BLCA	Alive	94.289378	CENSORED		cbio_os_status	0
TCGA-ZF-A9RD	TCGA-BLCA	Dead	13.413552	CENSORED		cbio_os_status	0
TCGA-ZF-A9RE	TCGA-BLCA	Dead	3.484893	PROGRESSION		cbio_os_status	0
TCGA-ZF-A9RF	TCGA-BLCA	Alive	64.076010	PROGRESSION		cbio_os_status	0
TCGA-ZF-A9RG	TCGA-BLCA	Alive	58.717165	PROGRESSION		cbio_os_status	0
TCGA-ZF-A9RL	TCGA-BLCA	Alive	88.864780	PROGRESSION		cbio_os_status	0
TCGA-ZF-A9RM	TCGA-BLCA	Alive	47.835092	CENSORED		cbio_os_status	0
TCGA-ZF-A9RN	TCGA-BLCA	Dead	20.218957	PROGRESSION		cbio_os_status	0
TCGA-ZF-AA4N	TCGA-BLCA	Dead	2.893119	PROGRESSION		cbio_os_status	0
TCGA-ZF-AA4R	TCGA-BLCA	Dead	34.059901	PROGRESSION		cbio_os_status	0
TCGA-ZF-AA4T	TCGA-BLCA	Dead	19.692935	PROGRESSION		cbio_os_status	0
TCGA-ZF-AA4U	TCGA-BLCA	Dead	8.613604	PROGRESSION		cbio_os_status	0
TCGA-ZF-AA4V	TCGA-BLCA	Alive	59.374692	CENSORED		cbio_os_status	0
TCGA-ZF-AA4W	TCGA-BLCA	Alive	60.163724	PROGRESSION		cbio_os_status	0
TCGA-ZF-AA4X	TCGA-BLCA	Alive	67.199264	PROGRESSION		cbio_os_status	0
TCGA-ZF-AA51	TCGA-BLCA	Alive	56.350067	CENSORED		cbio_os_status	0
TCGA-ZF-AA52	TCGA-BLCA	Dead	35.407831	CENSORED		cbio_os_status	0
TCGA-ZF-AA53	TCGA-BLCA	Alive	57.895256	CENSORED		cbio_os_status	0
TCGA-ZF-AA54	TCGA-BLCA	Dead	19.397048	CENSORED		cbio_os_status	0
TCGA-ZF-AA58	TCGA-BLCA	Alive	54.213105	CENSORED		cbio_os_status	0
TCGA-ZF-AA5H	TCGA-BLCA	Alive	29.490088	PROGRESSION		cbio_os_status	0
TCGA-ZF-AA5N	TCGA-BLCA	Dead	5.523227	PROGRESSION		cbio_os_status	0
TCGA-ZF-AA5P	TCGA-BLCA	Alive	12.230003	CENSORED		cbio_os_status	0
TCGA-ZH-A8Y1	TCGA-CHOL	Dead	12.657396	PROGRESSION		cbio_os_status	0
TCGA-ZH-A8Y2	TCGA-CHOL	Dead	23.046323	PROGRESSION		cbio_os_status	0
TCGA-ZH-A8Y3	TCGA-CHOL	Dead				gdc_vital_status	0
TCGA-ZH-A8Y4	TCGA-CHOL	Dead	24.361377	PROGRESSION		cbio_os_status	0
TCGA-ZH-A8Y5	TCGA-CHOL	Alive	40.405037	PROGRESSION		cbio_os_status	0
TCGA-ZH-A8Y6	TCGA-CHOL	Alive	17.062827	CENSORED		cbio_os_status	0
TCGA-ZH-A8Y7	TCGA-CHOL	Alive				gdc_vital_status	0
TCGA-ZH-A8Y8	TCGA-CHOL	Alive	19.791564	CENSORED		cbio_os_status	0
TCGA-ZJ-A8QO	TCGA-CESC	Alive	0.000000	CENSORED		cbio_os_status	0
TCGA-ZJ-A8QQ	TCGA-CESC	Alive	67.593780	CENSORED		cbio_os_status	0
TCGA-ZJ-A8QR	TCGA-CESC	Dead	19.134037	CENSORED		cbio_os_status	0
TCGA-ZJ-AAX4	TCGA-CESC	Alive	0.690403	CENSORED		cbio_os_status	0
TCGA-ZJ-AAX8	TCGA-CESC	Alive	0.000000	CENSORED		cbio_os_status	0
TCGA-ZJ-AAXA	TCGA-CESC	Alive	1.413683	CENSORED		cbio_os_status	0
TCGA-ZJ-AAXB	TCGA-CESC	Alive	0.000000	CENSORED		cbio_os_status	0
TCGA-ZJ-AAXD	TCGA-CESC	Alive	0.000000	CENSORED		cbio_os_status	0
TCGA-ZJ-AAXF	TCGA-CESC	Alive	0.000000	CENSORED		cbio_os_status	0
TCGA-ZJ-AAXI	TCGA-CESC	Alive	0.000000	CENSORED		cbio_os_status	0
TCGA-ZJ-AAXJ	TCGA-CESC	Alive	0.000000	CENSORED		cbio_os_status	0
TCGA-ZJ-AAXN	TCGA-CESC	Alive	0.000000	CENSORED		cbio_os_status	0
TCGA-ZJ-AAXT	TCGA-CESC	Alive	0.000000	CENSORED		cbio_os_status	0
TCGA-ZJ-AAXU	TCGA-CESC	Alive	0.164382	CENSORED		cbio_os_status	0
TCGA-ZJ-AB0H	TCGA-CESC	Alive	0.000000	CENSORED		cbio_os_status	0
TCGA-ZJ-AB0I	TCGA-CESC	Alive	0.000000	CENSORED		cbio_os_status	0
TCGA-ZL-A9V6	TCGA-THYM	Alive	68.908834	CENSORED		cbio_os_status	0
TCGA-ZM-AA05	TCGA-TGCT	Alive	37.018772	CENSORED		cbio_os_status	0
TCGA-ZM-AA06	TCGA-TGCT	Alive	49.248775	CENSORED		cbio_os_status	0
TCGA-ZM-AA0B	TCGA-TGCT	Alive	27.550383	CENSORED		cbio_os_status	0
TCGA-ZM-AA0D	TCGA-TGCT	Alive	27.879147	CENSORED		cbio_os_status	0
TCGA-ZM-AA0E	TCGA-TGCT	Alive	26.662722	CENSORED		cbio_os_status	0
TCGA-ZM-AA0F	TCGA-TGCT	Alive	22.388796	CENSORED		cbio_os_status	0
TCGA-ZM-AA0H	TCGA-TGCT	Alive	57.073347	CENSORED		cbio_os_status	0
TCGA-ZM-AA0N	TCGA-TGCT	Alive	20.843607	PROGRESSION		cbio_os_status	0
TCGA-ZN-A9VO	TCGA-MESO	Alive	8.580728	CENSORED		cbio_os_status	0
TCGA-ZN-A9VQ	TCGA-MESO	Alive	16.405300	PROGRESSION		cbio_os_status	0
TCGA-ZN-A9VU	TCGA-MESO	Alive	32.120196	PROGRESSION		cbio_os_status	0
TCGA-ZN-A9VV	TCGA-MESO	Alive	43.035145	PROGRESSION		cbio_os_status	0
TCGA-ZP-A9CV	TCGA-LIHC	Dead	35.769471	PROGRESSION		cbio_os_status	0
TCGA-ZP-A9CY	TCGA-LIHC	Alive	25.709307	CENSORED		cbio_os_status	0
TCGA-ZP-A9CZ	TCGA-LIHC	Alive	23.210705	CENSORED		cbio_os_status	0
TCGA-ZP-A9D0	TCGA-LIHC	Alive	35.868100	CENSORED		cbio_os_status	0
TCGA-ZP-A9D1	TCGA-LIHC	Alive	0.690403	CENSORED		cbio_os_status	0
TCGA-ZP-A9D2	TCGA-LIHC	Dead	25.150409	PROGRESSION		cbio_os_status	0
TCGA-ZP-A9D4	TCGA-LIHC	Alive	12.986159	CENSORED		cbio_os_status	0
TCGA-ZQ-A9CR	TCGA-STAD	Dead	0.789032	CENSORED		cbio_os_status	0
TCGA-ZR-A9CJ	TCGA-ESCA	Dead	19.725811	PROGRESSION		cbio_os_status	0
TCGA-ZS-A9CD	TCGA-LIHC	Dead	45.566624	PROGRESSION		cbio_os_status	0
TCGA-ZS-A9CE	TCGA-LIHC	Alive	40.799553	PROGRESSION		cbio_os_status	0
TCGA-ZS-A9CF	TCGA-LIHC	Alive	79.297761	PROGRESSION		cbio_os_status	0
TCGA-ZS-A9CG	TCGA-LIHC	Alive	11.210836	CENSORED		cbio_os_status	0
TCGA-ZT-A8OM	TCGA-THYM	Alive	45.961140	CENSORED		cbio_os_status	0
TCGA-ZU-A8S4	TCGA-CHOL	Dead	3.221882	PROGRESSION		cbio_os_status	0
TCGA-ZX-AA5X	TCGA-CESC	Alive	3.912286	CENSORED		cbio_os_status	0
